# File generated by ImageToStl.com - Free Image and 3D model conversion tools

o obj1
v 67.38000488 33.69000244 0.19000006
v 67.14252472 35.47294617 0
v 67.3322525 35.48305511 0.19000006
v 66.76348877 39.01863098 0
v 66.95107269 39.04885101 0.19000006
v 66.00972748 42.50393677 0
v 66.19303131 42.55392838 0.19000006
v 64.88976288 45.88938141 0
v 65.06671906 45.95857239 0.19000006
v 63.41629791 49.13660049 0
v 63.58489227 49.22420883 0.19000006
v 61.60601807 52.20880508 0
v 61.76434708 52.31383514 0.19000006
v 59.47943878 55.07118225 0
v 59.62570953 55.19244766 0.19000006
v 57.0606575 57.69130325 0
v 57.19320679 57.82743073 0.19000006
v 54.37707901 60.0394783 0
v 54.49440384 60.18892288 0.19000006
v 51.45910263 62.08910751 0
v 51.55988312 62.25017548 0.19000006
v 48.33979797 63.81695938 0
v 48.42288589 63.9878273 0.19000006
v 45.05450439 65.20346069 0
v 45.11896133 65.38219452 0.19000006
v 41.64044571 66.23290253 0
v 41.68553925 66.41747284 0.19000006
v 38.13630676 66.89362335 0
v 38.16152573 67.0819397 0.19000006
v 34.58179092 67.1781311 0
v 34.5868454 67.36806488 0.19000006
v 31.01716805 67.08319855 0
v 31.00200844 67.27259827 0.19000006
v 27.48283005 66.60991669 0
v 27.44762421 66.79663086 0.19000006
v 24.01882172 65.76364136 0
v 23.96397018 65.94554901 0.19000006
v 20.66439247 64.55395508 0
v 20.59051514 64.72900391 0.19000006
v 17.45754814 62.99456406 0
v 17.36548424 63.16077042 0.19000006
v 14.43462467 61.1031456 0
v 14.3254137 61.25862122 0.19000006
v 11.62987041 58.90112305 0
v 11.50475216 59.04411316 0.19000006
v 9.07506752 56.41344833 0
v 8.93546104 56.54232788 0.19000006
v 6.79916143 53.66830826 0
v 6.64664602 53.78161621 0.19000006
v 4.82794094 50.69680786 0
v 4.66424417 50.79326248 0.19000006
v 3.18373728 47.53260803 0
v 3.0107162 47.61111832 0.19000006
v 1.8851831 44.21157074 0
v 1.70479715 44.27124786 0.19000006
v 0.94698739 40.77132034 0
v 0.76128173 40.81148148 0.19000006
v 0.3797859 37.25083542 0
v 0.19086152 37.27103043 0.19000006
v 0.19000098 33.69000244 0
v 0 33.69000244 0.19000006
v 0.3797859 30.12916946 0
v 0.19086152 30.10897446 0.19000006
v 0.94698739 26.60868454 0
v 0.76128173 26.5685215 0.19000006
v 1.8851831 23.16843224 0
v 1.70479715 23.10875702 0.19000006
v 3.18373728 19.84739304 0
v 3.0107162 19.76888275 0.19000006
v 4.82794094 16.68319702 0
v 4.66424417 16.58674049 0.19000006
v 6.79916143 13.71169472 0
v 6.64664602 13.59838581 0.19000006
v 9.07506752 10.96655655 0
v 8.93546104 10.83767605 0.19000006
v 11.62987041 8.47888184 0
v 11.50475216 8.33589172 0.19000006
v 14.43462467 6.27685881 0
v 14.3254137 6.12138224 0.19000006
v 17.45754814 4.38543797 0
v 17.36548424 4.21923399 0.19000006
v 20.66439247 2.8260498 0
v 20.59051514 2.6510005 0.19000006
v 24.01882172 1.61636245 0
v 23.96397018 1.43445277 0.19000006
v 27.48283005 0.77008456 0
v 27.44762421 0.58337301 0.19000006
v 31.01716805 0.29680133 0
v 31.00200844 0.10740384 0.19000006
v 34.58179092 0.20187348 0
v 34.5868454 0.01193956 0.19000006
v 38.13630676 0.48638135 0
v 38.16152573 0.2980642 0.19000006
v 41.64044571 1.14709878 0
v 41.68553925 0.9625293 0.19000006
v 45.05450439 2.17654181 0
v 45.11896133 1.99780989 0.19000006
v 48.33979797 3.56304455 0
v 48.42288589 3.39217663 0.19000006
v 51.45910263 5.29089737 0
v 51.55988312 5.12982893 0.19000006
v 54.37707901 7.3405242 0
v 54.49440384 7.19108057 0.19000006
v 57.0606575 9.68870163 0
v 57.19320679 9.55257416 0.19000006
v 59.47943878 12.30882072 0
v 59.62570953 12.18755531 0.19000006
v 61.60601807 15.1711998 0
v 61.76434708 15.06616688 0.19000006
v 63.41629791 18.24340248 0
v 63.58489227 18.15579605 0.19000006
v 64.88976288 21.49062157 0
v 65.06671906 21.4214325 0.19000006
v 66.00972748 24.87606621 0
v 66.19303131 24.82607651 0.19000006
v 66.76348877 28.3613739 0
v 66.95107269 28.33115196 0.19000006
v 67.14252472 31.90705872 0
v 67.3322525 31.89694595 0.19000006
v 67.19000244 33.69000244 0
v 67.19000244 33.69000244 33.35000229
v 67.14252472 31.90705872 33.35000229
v 67.3322525 31.89694595 33.15999985
v 66.76348877 28.3613739 33.35000229
v 66.95107269 28.33115196 33.15999985
v 66.00972748 24.87606621 33.35000229
v 66.19303131 24.82607651 33.15999985
v 64.88976288 21.49062157 33.35000229
v 65.06671906 21.4214325 33.15999985
v 63.41629791 18.24340248 33.35000229
v 63.58489227 18.15579605 33.15999985
v 61.60601807 15.1711998 33.35000229
v 61.76434708 15.06616688 33.15999985
v 59.47943878 12.30882072 33.35000229
v 59.62570953 12.18755531 33.15999985
v 57.0606575 9.68870163 33.35000229
v 57.19320679 9.55257416 33.15999985
v 54.37707901 7.3405242 33.35000229
v 54.49440384 7.19108057 33.15999985
v 51.45910263 5.29089737 33.35000229
v 51.55988312 5.12982893 33.15999985
v 48.33979797 3.56304455 33.35000229
v 48.42288589 3.39217663 33.15999985
v 45.05450439 2.17654181 33.35000229
v 45.11896133 1.99780989 33.15999985
v 41.64044571 1.14709878 33.35000229
v 41.68553925 0.9625293 33.15999985
v 38.13630676 0.48638135 33.35000229
v 38.16152573 0.2980642 33.15999985
v 34.58179092 0.20187348 33.35000229
v 34.5868454 0.01193956 33.15999985
v 31.01716805 0.29680133 33.35000229
v 31.00200844 0.10740384 33.15999985
v 27.48283005 0.77008456 33.35000229
v 27.44762421 0.58337301 33.15999985
v 24.01882172 1.61636245 33.35000229
v 23.96397018 1.43445277 33.15999985
v 20.66439247 2.8260498 33.35000229
v 20.59051514 2.6510005 33.15999985
v 17.45754814 4.38543797 33.35000229
v 17.36548424 4.21923399 33.15999985
v 14.43462467 6.27685881 33.35000229
v 14.3254137 6.12138224 33.15999985
v 11.62987041 8.47888184 33.35000229
v 11.50475216 8.33589172 33.15999985
v 9.07506752 10.96655655 33.35000229
v 8.93546104 10.83767605 33.15999985
v 6.79916143 13.71169472 33.35000229
v 6.64664602 13.59838581 33.15999985
v 4.82794094 16.68319702 33.35000229
v 4.66424417 16.58674049 33.15999985
v 3.18373728 19.84739304 33.35000229
v 3.0107162 19.76888275 33.15999985
v 1.8851831 23.16843224 33.35000229
v 1.70479715 23.10875702 33.15999985
v 0.94698739 26.60868454 33.35000229
v 0.76128173 26.5685215 33.15999985
v 0.3797859 30.12916946 33.35000229
v 0.19086152 30.10897446 33.15999985
v 0.19000098 33.69000244 33.35000229
v 0 33.69000244 33.15999985
v 0.3797859 37.25083542 33.35000229
v 0.19086152 37.27103043 33.15999985
v 0.94698739 40.77132034 33.35000229
v 0.76128173 40.81148148 33.15999985
v 1.8851831 44.21157074 33.35000229
v 1.70479715 44.27124786 33.15999985
v 3.18373728 47.53260803 33.35000229
v 3.0107162 47.61111832 33.15999985
v 4.82794094 50.69680786 33.35000229
v 4.66424417 50.79326248 33.15999985
v 6.79916143 53.66830826 33.35000229
v 6.64664602 53.78161621 33.15999985
v 9.07506752 56.41344833 33.35000229
v 8.93546104 56.54232788 33.15999985
v 11.62987041 58.90112305 33.35000229
v 11.50475216 59.04411316 33.15999985
v 14.43462467 61.1031456 33.35000229
v 14.3254137 61.25862122 33.15999985
v 17.45754814 62.99456406 33.35000229
v 17.36548424 63.16077042 33.15999985
v 20.66439247 64.55395508 33.35000229
v 20.59051514 64.72900391 33.15999985
v 24.01882172 65.76364136 33.35000229
v 23.96397018 65.94554901 33.15999985
v 27.48283005 66.60991669 33.35000229
v 27.44762421 66.79663086 33.15999985
v 31.01716805 67.08319855 33.35000229
v 31.00200844 67.27259827 33.15999985
v 34.58179092 67.1781311 33.35000229
v 34.5868454 67.36806488 33.15999985
v 38.13630676 66.89362335 33.35000229
v 38.16152573 67.0819397 33.15999985
v 41.64044571 66.23290253 33.35000229
v 41.68553925 66.41747284 33.15999985
v 45.05450439 65.20346069 33.35000229
v 45.11896133 65.38219452 33.15999985
v 48.33979797 63.81695938 33.35000229
v 48.42288589 63.9878273 33.15999985
v 51.45910263 62.08910751 33.35000229
v 51.55988312 62.25017548 33.15999985
v 54.37707901 60.0394783 33.35000229
v 54.49440384 60.18892288 33.15999985
v 57.0606575 57.69130325 33.35000229
v 57.19320679 57.82743073 33.15999985
v 59.47943878 55.07118225 33.35000229
v 59.62570953 55.19244766 33.15999985
v 61.60601807 52.20880508 33.35000229
v 61.76434708 52.31383514 33.15999985
v 63.41629791 49.13660049 33.35000229
v 63.58489227 49.22420883 33.15999985
v 64.88976288 45.88938141 33.35000229
v 65.06671906 45.95857239 33.15999985
v 66.00972748 42.50393677 33.35000229
v 66.19303131 42.55392838 33.15999985
v 66.76348877 39.01863098 33.35000229
v 66.95107269 39.04885101 33.15999985
v 67.14252472 35.47294617 33.35000229
v 67.3322525 35.48305511 33.15999985
v 19.61134529 30.21992493 0.20000012
v 19.23702049 32.52323532 0.20000012
v 19.23702049 32.52323532 2
v 19.19000244 33.69000244 0.20000012
v 19.23702049 34.85676575 2
v 19.23702049 34.85676575 0.20000012
v 19.61134529 37.16007996 2
v 19.61134529 37.16007996 0.20000012
v 20.35029984 39.37351608 2
v 20.35029984 39.37351608 0.20000012
v 21.43474579 41.43975449 2
v 21.43474579 41.43975449 0.20000012
v 22.83659554 43.30527878 2
v 22.83659554 43.30527878 0.20000012
v 24.5195446 44.921772 2
v 24.5195446 44.921772 0.20000012
v 26.44000244 46.24737167 2
v 26.44000244 46.24737167 0.20000012
v 28.54823112 47.24773788 2
v 28.54823112 47.24773788 0.20000012
v 30.78962898 47.89696503 2
v 30.78962898 47.89696503 0.20000012
v 33.10614395 48.17824173 2
v 33.10614395 48.17824173 0.20000012
v 35.43778229 48.08428192 2
v 35.43778229 48.08428192 0.20000012
v 37.72415543 47.61751556 2
v 37.72415543 47.61751556 0.20000012
v 39.90604401 46.79003525 2
v 39.90604401 46.79003525 0.20000012
v 41.92694092 45.62326813 2
v 41.92694092 45.62326813 0.20000012
v 43.7345047 44.14743805 2
v 43.7345047 44.14743805 0.20000012
v 45.28192139 42.40076447 2
v 45.28192139 42.40076447 0.20000012
v 46.52911377 40.42848587 2
v 46.52911377 40.42848587 0.20000012
v 47.44377899 38.28168869 2
v 47.44377899 38.28168869 0.20000012
v 48.0022316 36.01596451 2
v 48.0022316 36.01596451 0.20000012
v 48.19000244 33.69000244 2
v 48.19000244 33.69000244 0.20000012
v 48.0022316 31.36403847 2
v 48.0022316 31.36403847 0.20000012
v 47.44377899 29.09831619 2
v 47.44377899 29.09831619 0.20000012
v 46.52911377 26.9515152 2
v 46.52911377 26.9515152 0.20000012
v 45.28192139 24.97923851 2
v 45.28192139 24.97923851 0.20000012
v 43.7345047 23.23256683 2
v 43.7345047 23.23256683 0.20000012
v 41.92694092 21.75673485 2
v 41.92694092 21.75673485 0.20000012
v 39.90604401 20.58996964 2
v 39.90604401 20.58996964 0.20000012
v 37.72415543 19.76248932 2
v 37.72415543 19.76248932 0.20000012
v 35.43778229 19.29572296 2
v 35.43778229 19.29572296 0.20000012
v 33.10614395 19.20176125 2
v 33.10614395 19.20176125 0.20000012
v 30.78962898 19.48303795 2
v 30.78962898 19.48303795 0.20000012
v 28.54823112 20.13226509 2
v 28.54823112 20.13226509 0.20000012
v 26.44000244 21.13263321 2
v 26.44000244 21.13263321 0.20000012
v 24.5195446 22.45823097 2
v 24.5195446 22.45823097 0.20000012
v 22.83659554 24.07472229 2
v 22.83659554 24.07472229 0.20000012
v 21.43474579 25.94024658 2
v 21.43474579 25.94024658 0.20000012
v 20.35029984 28.00648689 2
v 20.35029984 28.00648689 0.20000012
v 19.61134529 30.21992493 2
v 17.51622772 59.43041611 33.35000229
v 14.73591137 57.45767975 33.35000229
v 12.19395542 55.1860466 33.35000229
v 9.92232513 52.64409256 33.35000229
v 7.94958687 49.86377716 33.35000229
v 6.30054808 46.88006592 33.35000229
v 4.99594784 43.73048401 33.35000229
v 4.05219364 40.45463943 33.35000229
v 3.48115158 37.0937233 33.35000229
v 3.29000139 33.69000244 33.35000229
v 3.48115158 30.28628159 33.35000229
v 4.05219364 26.92536545 33.35000229
v 4.99594784 23.64951897 33.35000229
v 6.30054808 20.49993706 33.35000229
v 7.94958687 17.51622772 33.35000229
v 9.92232513 14.73591137 33.35000229
v 12.19395542 12.19395542 33.35000229
v 14.73591137 9.92232513 33.35000229
v 17.51622772 7.94958687 33.35000229
v 64.09000397 33.69000244 33.35000229
v 63.8988533 30.28628159 33.35000229
v 63.32780838 26.92536545 33.35000229
v 62.38405609 23.64951897 33.35000229
v 61.07945633 20.49993706 33.35000229
v 59.43041611 17.51622772 33.35000229
v 57.45767975 14.73591137 33.35000229
v 55.1860466 12.19395542 33.35000229
v 52.64409256 9.92232513 33.35000229
v 49.86377716 7.94958687 33.35000229
v 46.88006592 6.30054808 33.35000229
v 43.73048401 4.99594784 33.35000229
v 40.45463943 4.05219364 33.35000229
v 37.0937233 3.48115158 33.35000229
v 33.69000244 3.29000139 33.35000229
v 30.28628159 3.48115158 33.35000229
v 26.92536545 4.05219364 33.35000229
v 23.64951897 4.99594784 33.35000229
v 20.49993706 6.30054808 33.35000229
v 63.8988533 37.0937233 33.35000229
v 63.32780838 40.45463943 33.35000229
v 62.38405609 43.73048401 33.35000229
v 61.07945633 46.88006592 33.35000229
v 59.43041611 49.86377716 33.35000229
v 57.45767975 52.64409256 33.35000229
v 55.1860466 55.1860466 33.35000229
v 52.64409256 57.45767975 33.35000229
v 49.86377716 59.43041611 33.35000229
v 46.88006592 61.07945633 33.35000229
v 43.73048401 62.38405609 33.35000229
v 40.45463943 63.32780838 33.35000229
v 37.0937233 63.8988533 33.35000229
v 33.69000244 64.09000397 33.35000229
v 30.28628159 63.8988533 33.35000229
v 26.92536545 63.32780838 33.35000229
v 23.64951897 62.38405609 33.35000229
v 20.49993706 61.07945633 33.35000229
v 3.58793139 36.12009048 3.578125
v 3.67989397 37.07132721 33.15000153
v 3.49000096 33.69000244 33.15000153
v 3.67989397 37.07132721 3.578125
v 3.88108373 38.53442383 3.578125
v 4.24717903 40.41013336 33.15000153
v 5.04420137 43.25337601 3.578125
v 5.18472481 43.66442871 33.15000153
v 4.36755848 40.91733551 3.578125
v 4.24717903 40.41013336 3.578125
v 5.18472481 43.66442871 3.578125
v 5.90662289 45.52739334 3.578125
v 6.48074245 46.79328918 33.15000153
v 6.48074245 46.79328918 3.578125
v 6.94922924 47.72464371 3.578125
v 8.11893082 49.75737 33.15000153
v 8.11893082 49.75737 3.578125
v 10.07869053 52.51939392 33.15000153
v 8.16526031 49.83086777 3.578125
v 9.54683113 51.83242035 3.578125
v 10.07869053 52.51939392 3.578125
v 11.08497715 53.71630478 3.578125
v 12.33537674 55.04462814 33.15000153
v 14.59015179 57.08307266 3.578125
v 14.86061001 57.30131149 33.15000153
v 12.76972675 55.47031403 3.578125
v 12.33537674 55.04462814 3.578125
v 14.86061001 57.30131149 3.578125
v 16.53444672 58.54411316 3.578125
v 17.62263298 59.26107407 33.15000153
v 20.58671379 60.89926147 3.578125
v 20.58671379 60.89926147 33.15000153
v 18.59000206 59.84396744 3.578125
v 17.62263298 59.26107407 3.578125
v 20.7434864 60.97420502 3.578125
v 22.98093414 61.92749023 3.578125
v 23.71557426 62.19527817 33.15000153
v 23.71557426 62.19527817 3.578125
v 25.28783417 62.69764709 3.578125
v 26.96986961 63.13282394 33.15000153
v 30.04979324 63.66981125 3.578125
v 30.30867386 63.70011139 33.15000153
v 27.64922523 63.27967834 3.578125
v 26.96986961 63.13282394 3.578125
v 30.30867386 63.70011139 3.578125
v 32.47397232 63.86550903 3.578125
v 33.69000244 63.8900032 33.15000153
v 37.07132721 63.70011139 3.578125
v 37.07132721 63.70011139 33.15000153
v 34.90603256 63.86550903 3.578125
v 33.69000244 63.8900032 3.578125
v 37.33020782 63.66981125 3.578125
v 39.73077774 63.27967834 3.578125
v 40.41013336 63.13282394 33.15000153
v 40.41013336 63.13282394 3.578125
v 42.09217072 62.69764709 3.578125
v 43.66442871 62.19527817 33.15000153
v 46.63651657 60.97420502 3.578125
v 46.79328918 60.89926147 33.15000153
v 44.39907074 61.92749023 3.578125
v 43.66442871 62.19527817 3.578125
v 46.79328918 60.89926147 3.578125
v 48.79000092 59.84396744 3.578125
v 49.75737 59.26107407 33.15000153
v 52.51939392 57.30131149 3.578125
v 52.51939392 57.30131149 33.15000153
v 50.84555817 58.54411316 3.578125
v 49.75737 59.26107407 3.578125
v 52.78985214 57.08307266 3.578125
v 54.61027527 55.47031403 3.578125
v 55.04462814 55.04462814 33.15000153
v 55.04462814 55.04462814 3.578125
v 56.29502487 53.71630478 3.578125
v 57.30131149 52.51939392 33.15000153
v 59.21474457 49.83086777 3.578125
v 59.26107407 49.75737 33.15000153
v 57.83317184 51.83242035 3.578125
v 57.30131149 52.51939392 3.578125
v 59.26107407 49.75737 3.578125
v 60.43077469 47.72464371 3.578125
v 60.89926147 46.79328918 33.15000153
v 62.19527817 43.66442871 3.578125
v 62.19527817 43.66442871 33.15000153
v 61.47338104 45.52739334 3.578125
v 60.89926147 46.79328918 3.578125
v 62.33580399 43.25337601 3.578125
v 63.01244354 40.91733551 3.578125
v 63.13282394 40.41013336 33.15000153
v 63.13282394 40.41013336 3.578125
v 63.49892044 38.53442383 3.578125
v 63.70011139 37.07132721 33.15000153
v 63.70011139 37.07132721 3.578125
v 63.7920723 36.12009048 3.578125
v 63.8900032 33.69000244 33.15000153
v 63.8900032 33.69000244 3.578125
v 63.7920723 31.25991058 3.578125
v 63.70011139 30.30867386 33.15000153
v 63.70011139 30.30867386 3.578125
v 63.49892044 28.84558105 3.578125
v 63.13282394 26.96986961 33.15000153
v 62.33580399 24.12662888 3.578125
v 62.19527817 23.71557426 33.15000153
v 63.01244354 26.46266937 3.578125
v 63.13282394 26.96986961 3.578125
v 62.19527817 23.71557426 3.578125
v 61.47338104 21.85261154 3.578125
v 60.89926147 20.58671379 33.15000153
v 60.89926147 20.58671379 3.578125
v 60.43077469 19.65536118 3.578125
v 59.26107407 17.62263298 33.15000153
v 59.26107407 17.62263298 3.578125
v 57.30131149 14.86061001 33.15000153
v 59.21474457 17.54913521 3.578125
v 57.83317184 15.54758453 3.578125
v 57.30131149 14.86061001 3.578125
v 56.29502487 13.6636982 3.578125
v 55.04462814 12.33537674 33.15000153
v 52.78985214 10.29693127 3.578125
v 52.51939392 10.07869053 33.15000153
v 54.61027527 11.909688 3.578125
v 55.04462814 12.33537674 3.578125
v 52.51939392 10.07869053 3.578125
v 50.84555817 8.83588982 3.578125
v 49.75737 8.11893082 33.15000153
v 46.79328918 6.48074245 3.578125
v 46.79328918 6.48074245 33.15000153
v 48.79000092 7.53603506 3.578125
v 49.75737 8.11893082 3.578125
v 46.63651657 6.40579891 3.578125
v 44.39907074 5.45251179 3.578125
v 43.66442871 5.18472481 33.15000153
v 43.66442871 5.18472481 3.578125
v 42.09217072 4.68235445 3.578125
v 40.41013336 4.24717903 33.15000153
v 37.33020782 3.71019363 3.578125
v 37.07132721 3.67989397 33.15000153
v 39.73077774 4.10032463 3.578125
v 40.41013336 4.24717903 3.578125
v 37.07132721 3.67989397 3.578125
v 34.90603256 3.51449466 3.578125
v 33.69000244 3.49000096 33.15000153
v 30.30867386 3.67989397 3.578125
v 30.30867386 3.67989397 33.15000153
v 32.47397232 3.51449466 3.578125
v 33.69000244 3.49000096 3.578125
v 30.04979324 3.71019363 3.578125
v 27.64922523 4.10032463 3.578125
v 26.96986961 4.24717903 33.15000153
v 26.96986961 4.24717903 3.578125
v 25.28783417 4.68235445 3.578125
v 23.71557426 5.18472481 33.15000153
v 20.7434864 6.40579891 3.578125
v 20.58671379 6.48074245 33.15000153
v 22.98093414 5.45251179 3.578125
v 23.71557426 5.18472481 3.578125
v 20.58671379 6.48074245 3.578125
v 18.59000206 7.53603506 3.578125
v 17.62263298 8.11893082 33.15000153
v 14.86061001 10.07869053 3.578125
v 14.86061001 10.07869053 33.15000153
v 16.53444672 8.83588982 3.578125
v 17.62263298 8.11893082 3.578125
v 14.59015179 10.29693127 3.578125
v 12.76972675 11.909688 3.578125
v 12.33537674 12.33537674 33.15000153
v 12.33537674 12.33537674 3.578125
v 11.08497715 13.6636982 3.578125
v 10.07869053 14.86061001 33.15000153
v 8.16526031 17.54913521 3.578125
v 8.11893082 17.62263298 33.15000153
v 9.54683113 15.54758453 3.578125
v 10.07869053 14.86061001 3.578125
v 8.11893082 17.62263298 3.578125
v 6.94922924 19.65536118 3.578125
v 6.48074245 20.58671379 33.15000153
v 5.18472481 23.71557426 3.578125
v 5.18472481 23.71557426 33.15000153
v 5.90662289 21.85261154 3.578125
v 6.48074245 20.58671379 3.578125
v 5.04420137 24.12662888 3.578125
v 4.36755848 26.46266937 3.578125
v 4.24717903 26.96986961 33.15000153
v 4.24717903 26.96986961 3.578125
v 3.88108373 28.84558105 3.578125
v 3.67989397 30.30867386 33.15000153
v 3.67989397 30.30867386 3.578125
v 3.58793139 31.25991058 3.578125
v 3.49000096 33.69000244 3.578125
v 11.9153614 22.21185684 0
v 11.66731644 22.27832031 0
v 18.99000168 33.69000244 0
v 32.21680069 59.41500092 0
v 32.23918152 59.1591835 0
v 32.30564499 58.91113663 0
v 32.41417313 58.67840195 0
v 33.43418503 57.96418381 0
v 30.74962425 48.09292221 0
v 33.18613815 58.03064728 0
v 28.47731018 47.43474197 0
v 32.95340347 58.1391716 0
v 26.34000206 46.42057419 0
v 32.74304581 58.28646469 0
v 24.39305496 45.07669449 0
v 22.68689346 43.43790436 0
v 10.02714252 20.32363701 0
v 9.96067905 20.57168388 0
v 33.18613815 60.79935837 0
v 11.41149902 22.30070114 0
v 11.1556797 22.27832031 0
v 10.90763474 22.21185684 0
v 21.26570702 41.54664993 0
v 20.16630363 39.45191193 0
v 19.41715813 37.20794296 0
v 45.44181061 42.52091217 0
v 43.87305069 44.29167938 0
v 33.69000244 57.94180298 0
v 42.04055405 45.78786469 0
v 39.99178314 46.9707222 0
v 12.68732738 20.09090233 0
v 12.79585457 20.32363701 0
v 33.09809113 19.00192261 0
v 12.86231709 20.57168388 0
v 30.74962425 19.28707886 0
v 57.3528595 20.32363701 0
v 57.41932297 20.57168388 0
v 32.56146622 58.4680481 0
v 19.03767014 34.87285995 0
v 37.77980042 47.80961609 0
v 35.46189117 48.28282166 0
v 33.09809113 48.37807846 0
v 54.58414841 20.32363701 0
v 34.19386673 60.79935837 0
v 10.67489719 22.10333061 0
v 10.46454334 21.95603943 0
v 10.28296185 21.77445602 0
v 10.13566971 21.56410217 0
v 33.94581985 60.86582184 0
v 33.69000244 60.88820267 0
v 33.43418503 60.86582184 0
v 12.14809895 22.10333061 0
v 19.03767014 32.50714493 0
v 12.3584528 21.95603943 0
v 19.41715813 30.17206192 0
v 12.54003525 21.77445602 0
v 20.16630363 27.92809296 0
v 12.68732738 21.56410217 0
v 21.26570702 25.83335495 0
v 12.79585457 21.33136559 0
v 22.68689346 23.94209862 0
v 12.86231709 21.08332062 0
v 24.39305496 22.30330849 0
v 12.88469887 20.8275013 0
v 26.34000206 20.95942879 0
v 28.47731018 19.94526291 0
v 10.13566971 20.09090233 0
v 10.28296185 19.88054657 0
v 10.46454334 19.69896507 0
v 10.67489719 19.55167389 0
v 54.83996964 19.88054657 0
v 55.02154922 19.69896507 0
v 55.71268845 19.37668228 0
v 32.95340347 60.69083023 0
v 32.74304581 60.54353714 0
v 10.02714252 21.33136559 0
v 9.96067905 21.08332062 0
v 9.93829823 20.8275013 0
v 54.69267654 20.09090233 0
v 55.46464157 19.44314766 0
v 33.94581985 57.96418381 0
v 34.19386673 58.03064728 0
v 34.42660141 58.1391716 0
v 32.56146622 60.36195755 0
v 32.41417313 60.15159988 0
v 32.30564499 59.9188652 0
v 32.23918152 59.67082214 0
v 10.90763474 19.44314766 0
v 11.1556797 19.37668228 0
v 11.41149902 19.35430145 0
v 11.66731644 19.37668228 0
v 11.9153614 19.44314766 0
v 55.23190308 19.55167389 0
v 55.96850586 19.35430145 0
v 56.22432327 19.37668228 0
v 57.09704208 19.88054657 0
v 57.24433517 20.09090233 0
v 56.70510483 22.10333061 0
v 56.47237015 22.21185684 0
v 56.22432327 22.27832031 0
v 55.96850586 22.30070114 0
v 55.71268845 22.27832031 0
v 56.47237015 19.44314766 0
v 56.70510483 19.55167389 0
v 56.91545868 19.69896507 0
v 37.77980042 19.57038689 0
v 54.49530411 20.8275013 0
v 35.46189117 19.09718132 0
v 54.51768494 20.57168388 0
v 56.91545868 21.95603943 0
v 57.09704208 21.77445602 0
v 57.24433517 21.56410217 0
v 57.3528595 21.33136559 0
v 57.41932297 21.08332062 0
v 57.44170761 20.8275013 0
v 12.14809895 19.55167389 0
v 12.3584528 19.69896507 0
v 12.54003525 19.88054657 0
v 39.99178314 20.40928078 0
v 42.04055405 21.5921402 0
v 54.51768494 21.08332062 0
v 43.87305069 23.0883255 0
v 54.58414841 21.33136559 0
v 45.44181061 24.85909081 0
v 54.69267654 21.56410217 0
v 46.70620346 26.8585701 0
v 54.83996964 21.77445602 0
v 47.6334877 29.03498268 0
v 55.02154922 21.95603943 0
v 48.19964218 31.33195686 0
v 55.23190308 22.10333061 0
v 34.96583176 58.67840195 0
v 35.07435608 58.91113663 0
v 35.14081955 59.1591835 0
v 35.16320038 59.41500092 0
v 34.63695526 60.54353714 0
v 34.42660141 60.69083023 0
v 34.63695526 58.28646469 0
v 34.81853867 58.4680481 0
v 35.14081955 59.67082214 0
v 35.07435608 59.9188652 0
v 34.96583176 60.15159988 0
v 34.81853867 60.36195755 0
v 55.46464157 22.21185684 0
v 48.3900032 33.69000244 0
v 48.19964218 36.04804611 0
v 46.70620346 40.52143097 0
v 47.6334877 38.34502029 0
v 33.43418503 60.86582184 3.5
v 33.69000244 60.88820267 3.5
v 32.47711563 63.78744888 3.5
v 37.32079315 63.59225464 3.5
v 34.90288925 63.78744888 3.5
v 34.19386673 60.79935837 3.5
v 33.94581985 60.86582184 3.5
v 35.14081955 59.1591835 3.5
v 52.74044037 57.0225563 3.5
v 50.80117798 58.47982025 3.5
v 27.40613556 49.70103073 3.5
v 33.69000244 57.94180298 3.5
v 25.09000206 48.58563995 3.5
v 22.96597672 47.13750458 3.5
v 35.16320038 59.41500092 3.5
v 7.01840591 19.69166756 3.5
v 10.02714252 20.32363701 3.5
v 9.96067905 20.57168388 3.5
v 21.08151054 45.38897324 3.5
v 33.43418503 57.96418381 3.5
v 33.18613815 58.03064728 3.5
v 59.14871216 49.78911209 3.5
v 57.77071762 51.78548431 3.5
v 35.07435608 58.91113663 3.5
v 56.23654938 53.66450119 3.5
v 54.55615616 55.41397095 3.5
v 61.40150833 21.88323212 3.5
v 57.44170761 20.8275013 3.5
v 60.36159897 19.69166756 3.5
v 57.41932297 20.57168388 3.5
v 5.97849655 21.88323212 3.5
v 55.96850586 22.30070114 3.5
v 56.22432327 22.27832031 3.5
v 63.8118782 33.69000244 3.5
v 56.47237015 22.21185684 3.5
v 56.70510483 22.10333061 3.5
v 34.42660141 60.69083023 3.5
v 34.63695526 60.54353714 3.5
v 39.71515274 63.20313263 3.5
v 34.81853867 60.36195755 3.5
v 34.96583176 60.15159988 3.5
v 42.07043457 62.62260818 3.5
v 35.07435608 59.9188652 3.5
v 44.37136459 61.8544426 3.5
v 35.14081955 59.67082214 3.5
v 46.60302734 60.90362549 3.5
v 48.75093842 59.77630997 3.5
v 60.36159897 47.68833542 3.5
v 34.96583176 58.67840195 3.5
v 61.40150833 45.49677277 3.5
v 34.63695526 58.28646469 3.5
v 34.81853867 58.4680481 3.5
v 63.71419907 36.11380768 3.5
v 29.86264229 50.45876312 3.5
v 32.40464401 50.8419075 3.5
v 33.94581985 57.96418381 3.5
v 34.97536087 50.8419075 3.5
v 34.19386673 58.03064728 3.5
v 37.51736069 50.45876312 3.5
v 34.42660141 58.1391716 3.5
v 39.97386932 49.70103073 3.5
v 62.26169968 24.15136719 3.5
v 62.93658829 26.4813652 3.5
v 57.09704208 21.77445602 3.5
v 63.42180634 38.52188873 3.5
v 62.93658829 40.89863968 3.5
v 62.26169968 43.22863388 3.5
v 27.66485214 4.17686987 3.5
v 54.69267654 20.09090233 3.5
v 25.30957031 4.75739479 3.5
v 54.58414841 20.32363701 3.5
v 11.41149902 19.35430145 3.5
v 11.1556797 19.37668228 3.5
v 11.14345551 13.71550369 3.5
v 49.1866684 26.22720146 3.5
v 54.83996964 21.77445602 3.5
v 50.12585449 28.62021255 3.5
v 55.02154922 21.95603943 3.5
v 50.69789124 31.12647438 3.5
v 55.23190308 22.10333061 3.5
v 50.8900032 33.69000244 3.5
v 55.46464157 22.21185684 3.5
v 55.71268845 22.27832031 3.5
v 57.3528595 20.32363701 3.5
v 57.24433517 20.09090233 3.5
v 59.14871216 17.59088898 3.5
v 42.07043457 4.75739479 3.5
v 55.02154922 19.69896507 3.5
v 39.71515274 4.17686987 3.5
v 54.83996964 19.88054657 3.5
v 37.32079315 3.78774858 3.5
v 18.62906456 7.60369396 3.5
v 20.77697754 6.47637987 3.5
v 23.00863838 5.52555943 3.5
v 8.23129177 17.59088898 3.5
v 10.28296185 19.88054657 3.5
v 10.13566971 20.09090233 3.5
v 4.44341469 40.89863968 3.5
v 10.90763474 22.21185684 3.5
v 5.11830473 43.22863388 3.5
v 11.1556797 22.27832031 3.5
v 5.97849655 45.49677277 3.5
v 11.14345551 53.66450119 3.5
v 9.60928726 51.78548431 3.5
v 11.41149902 22.30070114 3.5
v 8.23129177 49.78911209 3.5
v 7.01840591 47.68833542 3.5
v 19.47869492 24.00089645 3.5
v 18.19333649 26.22720146 3.5
v 12.54003525 21.77445602 3.5
v 56.91545868 21.95603943 3.5
v 63.42180634 28.85811234 3.5
v 63.71419907 31.2661972 3.5
v 50.12585449 38.75979233 3.5
v 49.1866684 41.15280151 3.5
v 47.90130997 43.37910843 3.5
v 50.69789124 36.25352859 3.5
v 57.09704208 19.88054657 3.5
v 56.91545868 19.69896507 3.5
v 57.77071762 15.59451771 3.5
v 56.70510483 19.55167389 3.5
v 56.47237015 19.44314766 3.5
v 56.23654938 13.71550369 3.5
v 44.37136459 5.52555943 3.5
v 46.60302734 6.47637987 3.5
v 55.23190308 19.55167389 3.5
v 30.05921173 3.78774858 3.5
v 32.47711563 3.59255624 3.5
v 34.90288925 3.59255624 3.5
v 9.60928726 15.59451771 3.5
v 5.11830473 24.15136719 3.5
v 10.13566971 21.56410217 3.5
v 4.44341469 26.4813652 3.5
v 10.28296185 21.77445602 3.5
v 3.95819736 28.85811234 3.5
v 10.46454334 21.95603943 3.5
v 3.66580296 31.2661972 3.5
v 10.67489719 22.10333061 3.5
v 3.95819736 38.52188873 3.5
v 3.66580296 36.11380768 3.5
v 3.56812596 33.69000244 3.5
v 12.82384586 55.41397095 3.5
v 11.66731644 22.27832031 3.5
v 14.63956165 57.0225563 3.5
v 57.24433517 21.56410217 3.5
v 57.3528595 21.33136559 3.5
v 57.41932297 21.08332062 3.5
v 42.29000092 48.58563995 3.5
v 44.41402817 47.13750458 3.5
v 46.29849243 45.38897324 3.5
v 56.22432327 19.37668228 3.5
v 55.96850586 19.35430145 3.5
v 54.55615616 11.96603107 3.5
v 55.71268845 19.37668228 3.5
v 52.74044037 10.35744858 3.5
v 55.46464157 19.44314766 3.5
v 50.80117798 8.90018463 3.5
v 48.75093842 7.60369396 3.5
v 10.90763474 19.44314766 3.5
v 10.67489719 19.55167389 3.5
v 10.46454334 19.69896507 3.5
v 9.93829823 20.8275013 3.5
v 9.96067905 21.08332062 3.5
v 10.02714252 21.33136559 3.5
v 32.95340347 58.1391716 3.5
v 32.74304581 58.28646469 3.5
v 32.56146622 58.4680481 3.5
v 11.9153614 22.21185684 3.5
v 18.62906456 59.77630997 3.5
v 16.5788269 58.47982025 3.5
v 27.66485214 63.20313263 3.5
v 32.41417313 60.15159988 3.5
v 32.56146622 60.36195755 3.5
v 11.66731644 19.37668228 3.5
v 12.82384586 11.96603107 3.5
v 11.9153614 19.44314766 3.5
v 14.63956165 10.35744858 3.5
v 12.14809895 19.55167389 3.5
v 16.5788269 8.90018463 3.5
v 30.05921173 63.59225464 3.5
v 27.40613556 17.67897415 3.5
v 12.88469887 20.8275013 3.5
v 29.86264229 16.92124176 3.5
v 12.86231709 20.57168388 3.5
v 12.79585457 20.32363701 3.5
v 18.19333649 41.15280151 3.5
v 19.47869492 43.37910843 3.5
v 32.74304581 60.54353714 3.5
v 32.95340347 60.69083023 3.5
v 33.18613815 60.79935837 3.5
v 54.51768494 20.57168388 3.5
v 44.41402817 20.24250031 3.5
v 54.49530411 20.8275013 3.5
v 46.29849243 21.99102974 3.5
v 54.51768494 21.08332062 3.5
v 47.90130997 24.00089645 3.5
v 54.58414841 21.33136559 3.5
v 54.69267654 21.56410217 3.5
v 12.3584528 21.95603943 3.5
v 17.25415039 28.62021255 3.5
v 12.14809895 22.10333061 3.5
v 16.68210983 31.12647438 3.5
v 32.41417313 58.67840195 3.5
v 32.30564499 58.91113663 3.5
v 32.23918152 59.1591835 3.5
v 32.21680069 59.41500092 3.5
v 32.30564499 59.9188652 3.5
v 25.30957031 62.62260818 3.5
v 32.23918152 59.67082214 3.5
v 23.00863838 61.8544426 3.5
v 20.77697754 60.90362549 3.5
v 12.68732738 21.56410217 3.5
v 12.79585457 21.33136559 3.5
v 21.08151054 21.99102974 3.5
v 12.86231709 21.08332062 3.5
v 22.96597672 20.24250031 3.5
v 25.09000206 18.79436493 3.5
v 37.51736069 16.92124176 3.5
v 39.97386932 17.67897415 3.5
v 42.29000092 18.79436493 3.5
v 34.97536087 16.53809738 3.5
v 32.40464401 16.53809738 3.5
v 16.49000168 33.69000244 3.5
v 16.68210983 36.25352859 3.5
v 17.25415039 38.75979233 3.5
v 12.68732738 20.09090233 3.5
v 12.54003525 19.88054657 3.5
v 12.3584528 19.69896507 3.5
v 50.30585861 37.2835083 2.27812505
v 50.50012589 36.22372055 3.30000019
v 49.93473816 38.70084 2.27812505
v 49.93473816 38.70084 3.30000019
v 49.82976151 39.0293045 2.27812505
v 49.00647354 41.06602478 3.30000019
v 49.17079163 40.71460724 2.27812505
v 49.00647354 41.06602478 2.27812505
v 48.33642197 42.32032013 2.27812505
v 47.7360611 43.26644135 3.30000019
v 47.7360611 43.26644135 2.27812505
v 46.15188217 45.25293732 3.30000019
v 46.15188217 45.25293732 2.27812505
v 46.18116379 45.22130203 2.27812505
v 47.33610153 43.82824707 2.27812505
v 44.88469696 46.48370361 2.27812505
v 44.28932953 46.98113632 3.30000019
v 44.28932953 46.98113632 2.27812505
v 39.9007988 49.51485443 2.27812505
v 40.30001068 49.35230637 2.27812505
v 39.9007988 49.51485443 3.30000019
v 41.92736816 48.56097412 2.27812505
v 42.19000244 48.41243362 3.30000019
v 42.19000244 48.41243362 2.27812505
v 43.46138763 47.60115051 2.27812505
v 38.59776306 49.96617508 2.27812505
v 37.47285843 50.26377487 3.30000019
v 37.47285843 50.26377487 2.27812505
v 34.96041489 50.6424675 3.30000019
v 34.96041489 50.6424675 2.27812505
v 35.04636383 50.63580704 2.27812505
v 36.8399086 50.3956337 2.27812505
v 33.23745346 50.68397522 2.27812505
v 32.41959 50.6424675 3.30000019
v 32.41959 50.6424675 2.27812505
v 27.47920418 49.51485443 2.27812505
v 27.92294121 49.68190384 2.27812505
v 27.47920418 49.51485443 3.30000019
v 29.65544701 50.20431137 2.27812505
v 29.90714645 50.26377487 3.30000019
v 29.90714645 50.26377487 2.27812505
v 31.43366814 50.53960037 2.27812505
v 26.25577736 48.97830963 2.27812505
v 25.19000053 48.41243362 3.30000019
v 25.19000053 48.41243362 2.27812505
v 23.09067535 46.98113632 3.30000019
v 23.19208336 47.06137848 2.27812505
v 24.67284584 48.10148621 2.27812505
v 20.60282326 44.5401535 2.27812505
v 21.2281189 45.25293732 2.27812505
v 21.2281189 45.25293732 3.30000019
v 21.83026695 45.86976624 2.27812505
v 23.09067535 46.98113632 2.27812505
v 19.64394188 43.26644135 2.27812505
v 19.64394188 43.26644135 3.30000019
v 19.52366447 43.08760071 2.27812505
v 18.37353134 41.06602478 3.30000019
v 18.60501671 41.5285759 2.27812505
v 17.44526482 38.70084 3.30000019
v 17.85728645 39.88073349 2.27812505
v 18.37353134 41.06602478 2.27812505
v 16.87987709 36.22372055 2.27812505
v 16.90644073 36.39408112 2.27812505
v 16.87987709 36.22372055 3.30000019
v 17.28894806 38.16274643 2.27812505
v 17.44526482 38.70084 2.27812505
v 16.71409607 34.59477997 2.27812505
v 16.69000053 33.69000244 3.30000019
v 16.69000053 33.69000244 2.27812505
v 17.44526482 28.67916298 2.27812505
v 17.28894806 29.21725845 2.27812505
v 17.44526482 28.67916298 3.30000019
v 16.90644073 30.98592186 2.27812505
v 16.87987709 31.15628242 3.30000019
v 16.87987709 31.15628242 2.27812505
v 16.71409607 32.78522491 2.27812505
v 19.64394188 24.11356163 2.27812505
v 19.52366447 24.29240036 2.27812505
v 19.64394188 24.11356163 3.30000019
v 18.60501671 25.85142899 2.27812505
v 18.37353134 26.3139782 3.30000019
v 18.37353134 26.3139782 2.27812505
v 17.85728645 27.49927139 2.27812505
v 20.60282326 22.83985138 2.27812505
v 21.2281189 22.12706566 3.30000019
v 21.2281189 22.12706566 2.27812505
v 25.19000053 18.96756935 3.30000019
v 25.19000053 18.96756935 2.27812505
v 24.67284584 19.27851677 2.27812505
v 23.09067535 20.39886665 3.30000019
v 23.19208336 20.3186264 2.27812505
v 23.09067535 20.39886665 2.27812505
v 21.83026695 21.51023674 2.27812505
v 29.90714645 17.1162281 2.27812505
v 29.65544701 17.17569351 2.27812505
v 29.90714645 17.1162281 3.30000019
v 27.92294121 17.69809723 2.27812505
v 27.47920418 17.86514664 3.30000019
v 27.47920418 17.86514664 2.27812505
v 26.25577736 18.40169525 2.27812505
v 31.43366814 16.84040451 2.27812505
v 32.41959 16.73753738 3.30000019
v 32.41959 16.73753738 2.27812505
v 37.47285843 17.1162281 3.30000019
v 37.47285843 17.1162281 2.27812505
v 36.8399086 16.98437119 2.27812505
v 34.96041489 16.73753738 3.30000019
v 35.04636383 16.74419785 2.27812505
v 34.96041489 16.73753738 2.27812505
v 33.23745346 16.69602585 2.27812505
v 42.19000244 18.96756935 2.27812505
v 41.92736816 18.81902885 2.27812505
v 42.19000244 18.96756935 3.30000019
v 40.30001068 18.02769852 2.27812505
v 39.9007988 17.86514664 3.30000019
v 39.9007988 17.86514664 2.27812505
v 38.59776306 17.41382599 2.27812505
v 43.46138763 19.77885437 2.27812505
v 44.28932953 20.39886665 3.30000019
v 44.28932953 20.39886665 2.27812505
v 47.7360611 24.11356163 3.30000019
v 47.7360611 24.11356163 2.27812505
v 47.33610153 23.55175591 2.27812505
v 46.15188217 22.12706566 3.30000019
v 46.18116379 22.15870094 2.27812505
v 46.15188217 22.12706566 2.27812505
v 44.88469696 20.89629936 2.27812505
v 49.93473816 28.67916298 2.27812505
v 49.82976151 28.35069847 2.27812505
v 49.93473816 28.67916298 3.30000019
v 49.17079163 26.66539383 2.27812505
v 49.00647354 26.3139782 3.30000019
v 49.00647354 26.3139782 2.27812505
v 48.33642197 25.05968285 2.27812505
v 50.30585861 30.09649658 2.27812505
v 50.50012589 31.15628242 3.30000019
v 50.50012589 31.15628242 2.27812505
v 50.50012589 36.22372055 2.27812505
v 50.59369278 35.4969902 2.27812505
v 50.69000244 33.69000244 3.30000019
v 50.69000244 33.69000244 2.27812505
v 50.59369278 31.88301277 2.27812505
v 46.70620346 26.8585701 2.20000005
v 49.09964752 26.6976757 2.20000005
v 47.6334877 29.03498268 2.20000005
v 49.75558853 28.3752346 2.20000005
v 48.19964218 31.33195686 2.20000005
v 50.22949982 30.11301231 2.20000005
v 50.51601028 31.89131737 2.20000005
v 48.3900032 33.69000244 2.20000005
v 43.87305069 23.0883255 2.20000005
v 46.12375641 22.21169472 2.20000005
v 45.44181061 24.85909081 2.20000005
v 47.27338791 23.59834862 2.20000005
v 48.26911163 25.09934425 2.20000005
v 39.99178314 20.40928078 2.20000005
v 41.88951111 18.88736916 2.20000005
v 42.04055405 21.5921402 2.20000005
v 43.41648102 19.84278488 2.20000005
v 44.83324814 20.95509338 2.20000005
v 35.46189117 19.09718132 2.20000005
v 36.82543564 17.06114388 2.20000005
v 37.77980042 19.57038689 2.20000005
v 38.57521057 17.48862457 2.20000005
v 40.26963425 18.09967613 2.20000005
v 30.74962425 19.28707886 2.20000005
v 31.44403648 16.91783714 2.20000005
v 33.09809113 19.00192261 2.20000005
v 33.23953247 16.77412415 2.20000005
v 35.04013062 16.82207298 2.20000005
v 26.34000206 20.95942879 2.20000005
v 26.28994179 18.47195435 2.20000005
v 28.47731018 19.94526291 2.20000005
v 27.94944382 17.77158928 2.20000005
v 29.67398834 17.25158691 2.20000005
v 22.68689346 23.94209862 2.20000005
v 21.88476753 21.56620979 2.20000005
v 24.39305496 22.30330849 2.20000005
v 23.24032784 20.38007545 2.20000005
v 24.7142849 19.34474564 2.20000005
v 20.16630363 27.92809296 2.20000005
v 18.6743412 25.88745117 2.20000005
v 21.26570702 25.83335495 2.20000005
v 19.58876801 24.33558846 2.20000005
v 20.66296768 22.88971329 2.20000005
v 19.41715813 37.20794296 2.20000005
v 16.9835701 36.38165283 2.20000005
v 19.03767014 34.87285995 2.20000005
v 16.79211044 34.59062195 2.20000005
v 19.03767014 32.50714493 2.20000005
v 16.79211044 32.78938293 2.20000005
v 16.9835701 30.99834824 2.20000005
v 19.41715813 30.17206192 2.20000005
v 17.36432076 29.23781395 2.20000005
v 17.93004799 27.52772141 2.20000005
v 28.47731018 47.43474197 2.20000005
v 26.28994179 48.90805054 2.20000005
v 26.34000206 46.42057419 2.20000005
v 24.7142849 48.03525925 2.20000005
v 24.39305496 45.07669449 2.20000005
v 37.77980042 47.80961609 2.20000005
v 36.82543564 50.3188591 2.20000005
v 35.46189117 48.28282166 2.20000005
v 35.04013062 50.55792999 2.20000005
v 33.09809113 48.37807846 2.20000005
v 42.04055405 45.78786469 2.20000005
v 41.88951111 48.49263382 2.20000005
v 39.99178314 46.9707222 2.20000005
v 40.26963425 49.28032684 2.20000005
v 38.57521057 49.89138031 2.20000005
v 45.44181061 42.52091217 2.20000005
v 46.12375641 45.16830826 2.20000005
v 43.87305069 44.29167938 2.20000005
v 44.83324814 46.4249115 2.20000005
v 43.41648102 47.53722 2.20000005
v 50.61187744 33.69000244 2.20000005
v 50.51601028 35.48868561 2.20000005
v 48.19964218 36.04804611 2.20000005
v 50.22949982 37.26699066 2.20000005
v 47.6334877 38.34502029 2.20000005
v 21.26570702 41.54664993 2.20000005
v 18.6743412 41.4925499 2.20000005
v 20.16630363 39.45191193 2.20000005
v 17.93004799 39.85227966 2.20000005
v 17.36432076 38.14218903 2.20000005
v 23.24032784 46.99992752 2.20000005
v 21.88476753 45.81379318 2.20000005
v 22.68689346 43.43790436 2.20000005
v 20.66296768 44.4902916 2.20000005
v 19.58876801 43.04441452 2.20000005
v 49.75558853 39.00476837 2.20000005
v 49.09964752 40.68232727 2.20000005
v 46.70620346 40.52143097 2.20000005
v 48.26911163 42.28065872 2.20000005
v 47.27338791 43.78165436 2.20000005
v 33.23953247 50.60588074 2.20000005
v 31.44403648 50.46216583 2.20000005
v 30.74962425 48.09292221 2.20000005
v 29.67398834 50.12841797 2.20000005
v 27.94944382 49.6084137 2.20000005
v 3.88225532 28.84577179 3.56455874
v 3.58911419 31.26000786 3.56455874
v 4.36871147 26.46295166 3.56455874
v 5.04532623 24.12700462 3.56455874
v 6.95028162 19.65591431 3.56455874
v 5.90771437 21.85307503 3.56455874
v 8.16626453 17.54976845 3.56455874
v 9.54777908 15.54829788 3.56455874
v 11.08586597 13.66448402 3.56455874
v 12.77054882 11.9105444 3.56455874
v 14.59090233 10.29785156 3.56455874
v 18.59059525 7.53706312 3.56455874
v 16.53512001 8.83686543 3.56455874
v 20.74399567 6.4068718 3.56455874
v 22.98135567 5.45362186 3.56455874
v 25.28816414 4.68349457 3.56455874
v 27.64946365 4.10148668 3.56455874
v 30.04993629 3.71137261 3.56455874
v 34.90598679 3.51567936 3.56455874
v 32.4740181 3.51567936 3.56455874
v 37.33006668 3.71137261 3.56455874
v 39.73054123 4.10148668 3.56455874
v 42.09183884 4.68349457 3.56455874
v 44.39864731 5.45362186 3.56455874
v 46.63600922 6.4068718 3.56455874
v 48.78940964 7.53706312 3.56455874
v 50.84488297 8.83686543 3.56455874
v 52.78910065 10.29785156 3.56455874
v 54.60945511 11.9105444 3.56455874
v 56.29413605 13.66448402 3.56455874
v 57.8322258 15.54829788 3.56455874
v 59.21373749 17.54976845 3.56455874
v 60.42972183 19.65591431 3.56455874
v 61.47229004 21.85307503 3.56455874
v 62.33467865 24.12700462 3.56455874
v 63.0112915 26.46295166 3.56455874
v 63.49774933 28.84577179 3.56455874
v 63.79088974 31.26000786 3.56455874
v 63.88881302 33.69000244 3.56455874
v 63.79088974 36.11999512 3.56455874
v 63.49774933 38.53423309 3.56455874
v 63.0112915 40.91704941 3.56455874
v 62.33467865 43.25299835 3.56455874
v 60.42972183 47.72409058 3.56455874
v 61.47229004 45.52692795 3.56455874
v 59.21373749 49.83023453 3.56455874
v 57.8322258 51.831707 3.56455874
v 56.29413605 53.71551895 3.56455874
v 54.60945511 55.46945953 3.56455874
v 52.78910065 57.08215332 3.56455874
v 48.78940964 59.84294128 3.56455874
v 50.84488297 58.5431366 3.56455874
v 46.63600922 60.97313309 3.56455874
v 44.39864731 61.92638016 3.56455874
v 42.09183884 62.69651031 3.56455874
v 39.73054123 63.27851486 3.56455874
v 37.33006668 63.66863251 3.56455874
v 34.90598679 63.86432266 3.56455874
v 32.4740181 63.86432266 3.56455874
v 30.04993629 63.66863251 3.56455874
v 27.64946365 63.27851486 3.56455874
v 25.28816414 62.69651031 3.56455874
v 22.98135567 61.92638016 3.56455874
v 20.74399567 60.97313309 3.56455874
v 18.59059525 59.84294128 3.56455874
v 16.53512001 58.5431366 3.56455874
v 14.59090233 57.08215332 3.56455874
v 12.77054882 55.46945953 3.56455874
v 11.08586597 53.71551895 3.56455874
v 9.54777908 51.831707 3.56455874
v 8.16626453 49.83023453 3.56455874
v 6.95028162 47.72409058 3.56455874
v 5.90771437 45.52692795 3.56455874
v 5.04532623 43.25299835 3.56455874
v 4.36871147 40.91704941 3.56455874
v 3.88225532 38.53423309 3.56455874
v 3.58911419 36.11999512 3.56455874
v 3.49118924 33.69000244 3.56455874
v 3.59262705 36.11971283 3.55140471
v 3.8857348 38.53366852 3.55140471
v 4.37213278 40.91620636 3.55140471
v 5.04866982 43.25188446 3.55140471
v 5.91095734 45.52554703 3.55140471
v 6.95340157 47.72245407 3.55140471
v 8.16924286 49.82835388 3.55140471
v 9.55059719 51.82958603 3.55140471
v 11.08850384 53.71318054 3.55140471
v 12.77299023 55.46691895 3.55140471
v 14.59313202 57.079422 3.55140471
v 16.53712273 58.54023743 3.55140471
v 18.59235764 59.83988953 3.55140471
v 20.74550629 60.96994781 3.55140471
v 22.98260498 61.92308807 3.55140471
v 25.28914452 62.69312286 3.55140471
v 27.65016747 63.27506256 3.55140471
v 30.05036163 63.66513443 3.55140471
v 32.47415924 63.8608017 3.55140471
v 34.90584183 63.8608017 3.55140471
v 37.32964325 63.66513443 3.55140471
v 39.72983551 63.27506256 3.55140471
v 42.09085846 62.69312286 3.55140471
v 44.3973999 61.92308807 3.55140471
v 46.6344986 60.96994781 3.55140471
v 48.78764725 59.83988953 3.55140471
v 50.84288025 58.54023743 3.55140471
v 52.78687286 57.079422 3.55140471
v 54.6070137 55.46691895 3.55140471
v 56.29150009 53.71318054 3.55140471
v 57.82940674 51.82958603 3.55140471
v 59.21076202 49.82835388 3.55140471
v 60.42660141 47.72245407 3.55140471
v 61.46904755 45.52554703 3.55140471
v 62.33133316 43.25188446 3.55140471
v 63.00786972 40.91620636 3.55140471
v 63.49427032 38.53366852 3.55140471
v 63.7873764 36.11971283 3.55140471
v 63.88529205 33.69000244 3.55140471
v 63.7873764 31.26029015 3.55140471
v 63.49427032 28.84633636 3.55140471
v 63.00786972 26.46379662 3.55140471
v 62.33133316 24.12812042 3.55140471
v 61.46904755 21.85445595 3.55140471
v 60.42660141 19.65755081 3.55140471
v 59.21076202 17.551651 3.55140471
v 57.82940674 15.55041599 3.55140471
v 56.29150009 13.66682148 3.55140471
v 54.6070137 11.91308498 3.55140471
v 52.78687286 10.30058193 3.55140471
v 50.84288025 8.83976746 3.55140471
v 48.78764725 7.5401144 3.55140471
v 46.6344986 6.41005468 3.55140471
v 44.3973999 5.45691681 3.55140471
v 42.09085846 4.68688107 3.55140471
v 39.72983551 4.10494041 3.55140471
v 37.32964325 3.71487069 3.55140471
v 34.90584183 3.51920176 3.55140471
v 32.47415924 3.51920176 3.55140471
v 30.05036163 3.71487069 3.55140471
v 27.65016747 4.10494041 3.55140471
v 25.28914452 4.68688107 3.55140471
v 22.98260498 5.45691681 3.55140471
v 20.74550629 6.41005468 3.55140471
v 18.59235764 7.5401144 3.55140471
v 16.53712273 8.83976746 3.55140471
v 14.59313202 10.30058193 3.55140471
v 12.77299023 11.91308498 3.55140471
v 11.08850384 13.66682148 3.55140471
v 9.55059719 15.55041599 3.55140471
v 8.16924286 17.551651 3.55140471
v 6.95340157 19.65755081 3.55140471
v 5.91095734 21.85445595 3.55140471
v 5.04866982 24.12812042 3.55140471
v 4.37213278 26.46379662 3.55140471
v 3.8857348 28.84633636 3.55140471
v 3.59262705 31.26029015 3.55140471
v 3.49471354 33.69000244 3.55140471
v 3.59836411 36.11925125 3.5390625
v 3.89141583 38.53274536 3.5390625
v 4.37772083 40.91482925 3.5390625
v 5.05412912 43.25006104 3.5390625
v 5.91625261 45.52328873 3.5390625
v 6.95849752 47.71977615 3.5390625
v 8.17410851 49.82527542 3.5390625
v 9.55519867 51.82612991 3.5390625
v 11.09281158 53.70936584 3.5390625
v 12.77697659 55.46276474 3.5390625
v 14.59677124 57.07496262 3.5390625
v 16.54039192 58.53549957 3.5390625
v 18.59523582 59.83490372 3.5390625
v 20.7479744 60.96474838 3.5390625
v 22.98464584 61.91770554 3.5390625
v 25.29074669 62.68759537 3.5390625
v 27.6513195 63.26942444 3.5390625
v 30.05105591 63.65942001 3.5390625
v 32.47439194 63.85505295 3.5390625
v 34.90561295 63.85505295 3.5390625
v 37.32894897 63.65942001 3.5390625
v 39.72868347 63.26942444 3.5390625
v 42.08925629 62.68759537 3.5390625
v 44.39535904 61.91770554 3.5390625
v 46.63203049 60.96474838 3.5390625
v 48.78476715 59.83490372 3.5390625
v 50.83961105 58.53549957 3.5390625
v 52.78323364 57.07496262 3.5390625
v 54.60302734 55.46276474 3.5390625
v 56.2871933 53.70936584 3.5390625
v 57.82480621 51.82612991 3.5390625
v 59.20589447 49.82527542 3.5390625
v 60.42150497 47.71977615 3.5390625
v 61.46375275 45.52328873 3.5390625
v 62.32587433 43.25006104 3.5390625
v 63.00228119 40.91482925 3.5390625
v 63.48858643 38.53274536 3.5390625
v 63.7816391 36.11925125 3.5390625
v 63.87953568 33.69000244 3.5390625
v 63.7816391 31.26075363 3.5390625
v 63.48858643 28.84725952 3.5390625
v 63.00228119 26.46517372 3.5390625
v 62.32587433 24.12994385 3.5390625
v 61.46375275 21.85671234 3.5390625
v 60.42150497 19.66022682 3.5390625
v 59.20589447 17.55472755 3.5390625
v 57.82480621 15.55387306 3.5390625
v 56.2871933 13.67063808 3.5390625
v 54.60302734 11.91723728 3.5390625
v 52.78323364 10.30503941 3.5390625
v 50.83961105 8.84450245 3.5390625
v 48.78476715 7.54509878 3.5390625
v 46.63203049 6.41525555 3.5390625
v 44.39535904 5.46229839 3.5390625
v 42.08925629 4.69240904 3.5390625
v 39.72868347 4.11057854 3.5390625
v 37.32894897 3.72058344 3.5390625
v 34.90561295 3.5249517 3.5390625
v 32.47439194 3.5249517 3.5390625
v 30.05105591 3.72058344 3.5390625
v 27.6513195 4.11057854 3.5390625
v 25.29074669 4.69240904 3.5390625
v 22.98464584 5.46229839 3.5390625
v 20.7479744 6.41525555 3.5390625
v 18.59523582 7.54509878 3.5390625
v 16.54039192 8.84450245 3.5390625
v 14.59677124 10.30503941 3.5390625
v 12.77697659 11.91723728 3.5390625
v 11.09281158 13.67063808 3.5390625
v 9.55519867 15.55387306 3.5390625
v 8.17410851 17.55472755 3.5390625
v 6.95849752 19.66022682 3.5390625
v 5.91625261 21.85671234 3.5390625
v 5.05412912 24.12994385 3.5390625
v 4.37772083 26.46517372 3.5390625
v 3.89141583 28.84725952 3.5390625
v 3.59836411 31.26075363 3.5390625
v 3.50046897 33.69000244 3.5390625
v 3.60614991 36.11862183 3.52790737
v 3.89912534 38.53149033 3.52790737
v 4.3853054 40.91296005 3.52790737
v 5.0615387 43.2475853 3.52790737
v 5.92343712 45.52022934 3.52790737
v 6.96541357 47.71614838 3.52790737
v 8.18070984 49.82110214 3.52790737
v 9.56144142 51.82143784 3.52790737
v 11.09865856 53.70418549 3.52790737
v 12.78238773 55.45713425 3.52790737
v 14.60171127 57.06891251 3.52790737
v 16.54483032 58.52907181 3.52790737
v 18.59914017 59.82814026 3.52790737
v 20.75132179 60.95769119 3.52790737
v 22.98741531 61.91040039 3.52790737
v 25.29291916 62.68009186 3.52790737
v 27.65288162 63.26177216 3.52790737
v 30.05199623 63.65166473 3.52790737
v 32.47470474 63.84724808 3.52790737
v 34.90529633 63.84724808 3.52790737
v 37.32800674 63.65166473 3.52790737
v 39.72712326 63.26177216 3.52790737
v 42.08708191 62.68009186 3.52790737
v 44.39258575 61.91040039 3.52790737
v 46.62868118 60.95769119 3.52790737
v 48.78086472 59.82814026 3.52790737
v 50.83517456 58.52907181 3.52790737
v 52.77829361 57.06891251 3.52790737
v 54.5976181 55.45713425 3.52790737
v 56.28134537 53.70418549 3.52790737
v 57.81856155 51.82143784 3.52790737
v 59.19929504 49.82110214 3.52790737
v 60.41458893 47.71614838 3.52790737
v 61.45656586 45.52022934 3.52790737
v 62.31846619 43.2475853 3.52790737
v 62.99469757 40.91296005 3.52790737
v 63.48087692 38.53149033 3.52790737
v 63.7738533 36.11862183 3.52790737
v 63.87172318 33.69000244 3.52790737
v 63.7738533 31.26138306 3.52790737
v 63.48087692 28.84851265 3.52790737
v 62.99469757 26.46704292 3.52790737
v 62.31846619 24.13241577 3.52790737
v 61.45656586 21.85977364 3.52790737
v 60.41458893 19.66385651 3.52790737
v 59.19929504 17.55890274 3.52790737
v 57.81856155 15.55856514 3.52790737
v 56.28134537 13.67581844 3.52790737
v 54.5976181 11.92286968 3.52790737
v 52.77829361 10.31108952 3.52790737
v 50.83517456 8.85093212 3.52790737
v 48.78086472 7.55186367 3.52790737
v 46.62868118 6.42231083 3.52790737
v 44.39258575 5.46960163 3.52790737
v 42.08708191 4.69991016 3.52790737
v 39.72712326 4.11823225 3.52790737
v 37.32800674 3.72833753 3.52790737
v 34.90529633 3.53275609 3.52790737
v 32.47470474 3.53275609 3.52790737
v 30.05199623 3.72833753 3.52790737
v 27.65288162 4.11823225 3.52790737
v 25.29291916 4.69991016 3.52790737
v 22.98741531 5.46960163 3.52790737
v 20.75132179 6.42231083 3.52790737
v 18.59914017 7.55186367 3.52790737
v 16.54483032 8.85093212 3.52790737
v 14.60171127 10.31108952 3.52790737
v 12.78238773 11.92286968 3.52790737
v 11.09865856 13.67581844 3.52790737
v 9.56144142 15.55856514 3.52790737
v 8.18070984 17.55890274 3.52790737
v 6.96541357 19.66385651 3.52790737
v 5.92343712 21.85977364 3.52790737
v 5.0615387 24.13241577 3.52790737
v 4.3853054 26.46704292 3.52790737
v 3.89912534 28.84851265 3.52790737
v 3.60614991 31.26138306 3.52790737
v 3.50827909 33.69000244 3.52790737
v 3.61574817 36.11784744 3.51827788
v 3.90863037 38.52994537 3.51827788
v 4.39465618 40.91065598 3.51827788
v 5.07067156 43.24453735 3.51827788
v 5.93229771 45.51645279 3.51827788
v 6.97394085 47.71167374 3.51827788
v 8.18884754 49.81595612 3.51827788
v 9.56914043 51.81565475 3.51827788
v 11.10586548 53.69779968 3.51827788
v 12.78905773 55.4501915 3.51827788
v 14.60780239 57.06145477 3.51827788
v 16.55029869 58.52114868 3.51827788
v 18.60395622 59.81980133 3.51827788
v 20.7554493 60.94899368 3.51827788
v 22.99082947 61.90139771 3.51827788
v 25.29559898 62.67084503 3.51827788
v 27.65480804 63.25233459 3.51827788
v 30.05315781 63.6421051 3.51827788
v 32.47509384 63.8376236 3.51827788
v 34.90491104 63.8376236 3.51827788
v 37.32684708 63.6421051 3.51827788
v 39.72519684 63.25233459 3.51827788
v 42.08440399 62.67084503 3.51827788
v 44.3891716 61.90139771 3.51827788
v 46.62455368 60.94899368 3.51827788
v 48.77604675 59.81980133 3.51827788
v 50.82970428 58.52114868 3.51827788
v 52.77220154 57.06145477 3.51827788
v 54.5909462 55.4501915 3.51827788
v 56.2741394 53.69779968 3.51827788
v 57.81086349 51.81565475 3.51827788
v 59.19115448 49.81595612 3.51827788
v 60.40606308 47.71167374 3.51827788
v 61.44770432 45.51645279 3.51827788
v 62.3093338 43.24453735 3.51827788
v 62.98534775 40.91065598 3.51827788
v 63.47137451 38.52994537 3.51827788
v 63.76425552 36.11784744 3.51827788
v 63.86209488 33.69000244 3.51827788
v 63.76425552 31.26215744 3.51827788
v 63.47137451 28.8500576 3.51827788
v 62.98534775 26.469347 3.51827788
v 62.3093338 24.13546562 3.51827788
v 61.44770432 21.86354828 3.51827788
v 60.40606308 19.66833115 3.51827788
v 59.19115448 17.56404877 3.51827788
v 57.81086349 15.56435013 3.51827788
v 56.2741394 13.68220329 3.51827788
v 54.5909462 11.92981339 3.51827788
v 52.77220154 10.31854916 3.51827788
v 50.82970428 8.8588562 3.51827788
v 48.77604675 7.56020308 3.51827788
v 46.62455368 6.43101168 3.51827788
v 44.3891716 5.47860575 3.51827788
v 42.08440399 4.70915985 3.51827788
v 39.72519684 4.12766838 3.51827788
v 37.32684708 3.73789668 3.51827788
v 34.90491104 3.54237843 3.51827788
v 32.47509384 3.54237843 3.51827788
v 30.05315781 3.73789668 3.51827788
v 27.65480804 4.12766838 3.51827788
v 25.29559898 4.70915985 3.51827788
v 22.99082947 5.47860575 3.51827788
v 20.7554493 6.43101168 3.51827788
v 18.60395622 7.56020308 3.51827788
v 16.55029869 8.8588562 3.51827788
v 14.60780239 10.31854916 3.51827788
v 12.78905773 11.92981339 3.51827788
v 11.10586548 13.68220329 3.51827788
v 9.56914043 15.56435013 3.51827788
v 8.18884754 17.56404877 3.51827788
v 6.97394085 19.66833115 3.51827788
v 5.93229771 21.86354828 3.51827788
v 5.07067156 24.13546562 3.51827788
v 4.39465618 26.469347 3.51827788
v 3.90863037 28.8500576 3.51827788
v 3.61574817 31.26215744 3.51827788
v 3.51790905 33.69000244 3.51827788
v 3.62686634 36.11694717 3.51046681
v 3.91964054 38.52815628 3.51046681
v 4.40548563 40.90798569 3.51046681
v 5.08125305 43.24100494 3.51046681
v 5.94255877 45.51208115 3.51046681
v 6.98381853 47.70648956 3.51046681
v 8.19827652 49.80999374 3.51046681
v 9.57805824 51.80895233 3.51046681
v 11.11421585 53.69040298 3.51046681
v 12.79678535 55.44214249 3.51046681
v 14.61485577 57.05281448 3.51046681
v 16.55663681 58.51196671 3.51046681
v 18.60953331 59.8101387 3.51046681
v 20.76023293 60.93891525 3.51046681
v 22.99478531 61.89096832 3.51046681
v 25.29870224 62.66012955 3.51046681
v 27.65703964 63.24140549 3.51046681
v 30.05450249 63.63103104 3.51046681
v 32.47554398 63.82648087 3.51046681
v 34.90446091 63.82648087 3.51046681
v 37.32550049 63.63103104 3.51046681
v 39.72296524 63.24140549 3.51046681
v 42.08130264 62.66012955 3.51046681
v 44.38521957 61.89096832 3.51046681
v 46.61977005 60.93891525 3.51046681
v 48.77046967 59.8101387 3.51046681
v 50.82336807 58.51196671 3.51046681
v 52.76514816 57.05281448 3.51046681
v 54.58321762 55.44214249 3.51046681
v 56.26578903 53.69040298 3.51046681
v 57.80194473 51.80895233 3.51046681
v 59.18172836 49.80999374 3.51046681
v 60.39618683 47.70648956 3.51046681
v 61.43744659 45.51208115 3.51046681
v 62.29875183 43.24100494 3.51046681
v 62.97451782 40.90798569 3.51046681
v 63.46036148 38.52815628 3.51046681
v 63.75313568 36.11694717 3.51046681
v 63.8509407 33.69000244 3.51046681
v 63.75313568 31.26305389 3.51046681
v 63.46036148 28.85184669 3.51046681
v 62.97451782 26.47201729 3.51046681
v 62.29875183 24.13899803 3.51046681
v 61.43744659 21.86792183 3.51046681
v 60.39618683 19.67351532 3.51046681
v 59.18172836 17.57001114 3.51046681
v 57.80194473 15.57105255 3.51046681
v 56.26578903 13.68959999 3.51046681
v 54.58321762 11.93786049 3.51046681
v 52.76514816 10.3271904 3.51046681
v 50.82336807 8.86803722 3.51046681
v 48.77046967 7.56986427 3.51046681
v 46.61977005 6.44109011 3.51046681
v 44.38521957 5.48903465 3.51046681
v 42.08130264 4.71987581 3.51046681
v 39.72296524 4.13859653 3.51046681
v 37.32550049 3.74897194 3.51046681
v 34.90446091 3.55352449 3.51046681
v 32.47554398 3.55352449 3.51046681
v 30.05450249 3.74897194 3.51046681
v 27.65703964 4.13859653 3.51046681
v 25.29870224 4.71987581 3.51046681
v 22.99478531 5.48903465 3.51046681
v 20.76023293 6.44109011 3.51046681
v 18.60953331 7.56986427 3.51046681
v 16.55663681 8.86803722 3.51046681
v 14.61485577 10.3271904 3.51046681
v 12.79678535 11.93786049 3.51046681
v 11.11421585 13.68959999 3.51046681
v 9.57805824 15.57105255 3.51046681
v 8.19827652 17.57001114 3.51046681
v 6.98381853 19.67351532 3.51046681
v 5.94255877 21.86792183 3.51046681
v 5.08125305 24.13899803 3.51046681
v 4.40548563 26.47201729 3.51046681
v 3.91964054 28.85184669 3.51046681
v 3.62686634 31.26305389 3.51046681
v 3.52906442 33.69000244 3.51046681
v 3.63916898 36.11595535 3.50471163
v 3.9318223 38.52617645 3.50471163
v 4.4174695 40.90503311 3.50471163
v 5.09295988 43.23709488 3.50471163
v 5.95391369 45.50724411 3.50471163
v 6.99474669 47.70075226 3.50471163
v 8.20870876 49.80339432 3.50471163
v 9.58792496 51.80153656 3.50471163
v 11.12345409 53.68222046 3.50471163
v 12.80533504 55.4332428 3.50471163
v 14.62266254 57.04325104 3.50471163
v 16.56364822 58.50180817 3.50471163
v 18.61570358 59.79944992 3.50471163
v 20.76552391 60.92776489 3.50471163
v 22.99916267 61.87942886 3.50471163
v 25.30213547 62.64827347 3.50471163
v 27.65950775 63.2293129 3.50471163
v 30.05599022 63.61877823 3.50471163
v 32.47603989 63.81414795 3.50471163
v 34.903965 63.81414795 3.50471163
v 37.32401276 63.61877823 3.50471163
v 39.72049713 63.2293129 3.50471163
v 42.0778656 62.64827347 3.50471163
v 44.3808403 61.87942886 3.50471163
v 46.61447906 60.92776489 3.50471163
v 48.7643013 59.79944992 3.50471163
v 50.81635666 58.50180817 3.50471163
v 52.75734329 57.04325104 3.50471163
v 54.57466888 55.4332428 3.50471163
v 56.25654984 53.68222046 3.50471163
v 57.79207993 51.80153656 3.50471163
v 59.17129517 49.80339432 3.50471163
v 60.38525772 47.70075226 3.50471163
v 61.42609024 45.50724411 3.50471163
v 62.28704453 43.23709488 3.50471163
v 62.96253204 40.90503311 3.50471163
v 63.44818115 38.52617645 3.50471163
v 63.74083328 36.11595535 3.50471163
v 63.83859634 33.69000244 3.50471163
v 63.74083328 31.26404762 3.50471163
v 63.44818115 28.85382652 3.50471163
v 62.96253204 26.47497177 3.50471163
v 62.28704453 24.14290619 3.50471163
v 61.42609024 21.87275887 3.50471163
v 60.38525772 19.67925072 3.50471163
v 59.17129517 17.57660866 3.50471163
v 57.79207993 15.57846546 3.50471163
v 56.25654984 13.69778442 3.50471163
v 54.57466888 11.94676208 3.50471163
v 52.75734329 10.33675098 3.50471163
v 50.81635666 8.87819386 3.50471163
v 48.7643013 7.5805521 3.50471163
v 46.61447906 6.45223999 3.50471163
v 44.3808403 5.50057554 3.50471163
v 42.0778656 4.73172951 3.50471163
v 39.72049713 4.15069056 3.50471163
v 37.32401276 3.76122451 3.50471163
v 34.903965 3.56585717 3.50471163
v 32.47603989 3.56585717 3.50471163
v 30.05599022 3.76122451 3.50471163
v 27.65950775 4.15069056 3.50471163
v 25.30213547 4.73172951 3.50471163
v 22.99916267 5.50057554 3.50471163
v 20.76552391 6.45223999 3.50471163
v 18.61570358 7.5805521 3.50471163
v 16.56364822 8.87819386 3.50471163
v 14.62266254 10.33675098 3.50471163
v 12.80533504 11.94676208 3.50471163
v 11.12345409 13.69778442 3.50471163
v 9.58792496 15.57846546 3.50471163
v 8.20870876 17.57660866 3.50471163
v 6.99474669 19.67925072 3.50471163
v 5.95391369 21.87275887 3.50471163
v 5.09295988 24.14290619 3.50471163
v 4.4174695 26.47497177 3.50471163
v 3.9318223 28.85382652 3.50471163
v 3.63916898 31.26404762 3.50471163
v 3.54140615 33.69000244 3.50471163
v 3.65228009 36.11489868 3.50118709
v 3.94480681 38.52406693 3.50118709
v 4.43024206 40.90188599 3.50118709
v 5.10543776 43.23293304 3.50118709
v 5.96601534 45.50209045 3.50118709
v 7.00639391 47.69464111 3.50118709
v 8.21982479 49.79636383 3.50118709
v 9.59844112 51.79363632 3.50118709
v 11.13329983 53.67349625 3.50118709
v 12.8144474 55.42375565 3.50118709
v 14.63098049 57.03306198 3.50118709
v 16.57111931 58.49098587 3.50118709
v 18.62228012 59.78805923 3.50118709
v 20.77116203 60.9158783 3.50118709
v 23.00382614 61.86713028 3.50118709
v 25.30579567 62.63563919 3.50118709
v 27.66213989 63.21642685 3.50118709
v 30.05757523 63.60572052 3.50118709
v 32.47657013 63.8010025 3.50118709
v 34.90343475 63.8010025 3.50118709
v 37.32242966 63.60572052 3.50118709
v 39.71786499 63.21642685 3.50118709
v 42.07420731 62.63563919 3.50118709
v 44.37617493 61.86713028 3.50118709
v 46.60884094 60.9158783 3.50118709
v 48.75772095 59.78805923 3.50118709
v 50.80888367 58.49098587 3.50118709
v 52.74902344 57.03306198 3.50118709
v 54.56555557 55.42375565 3.50118709
v 56.2467041 53.67349625 3.50118709
v 57.78156281 51.79363632 3.50118709
v 59.16017914 49.79636383 3.50118709
v 60.37361145 47.69464111 3.50118709
v 61.41399002 45.50209045 3.50118709
v 62.27456665 43.23293304 3.50118709
v 62.94976044 40.90188599 3.50118709
v 63.43519592 38.52406693 3.50118709
v 63.72772217 36.11489868 3.50118709
v 63.82544327 33.69000244 3.50118709
v 63.72772217 31.2651062 3.50118709
v 63.43519592 28.85593796 3.50118709
v 62.94976044 26.4781189 3.50118709
v 62.27456665 24.14707184 3.50118709
v 61.41399002 21.87791443 3.50118709
v 60.37361145 19.68536377 3.50118709
v 59.16017914 17.58363914 3.50118709
v 57.78156281 15.58636856 3.50118709
v 56.2467041 13.70650673 3.50118709
v 54.56555557 11.95624828 3.50118709
v 52.74902344 10.34694004 3.50118709
v 50.80888367 8.88901901 3.50118709
v 48.75772095 7.59194422 3.50118709
v 46.60884094 6.46412373 3.50118709
v 44.37617493 5.5128746 3.50118709
v 42.07420731 4.74436378 3.50118709
v 39.71786499 4.16357803 3.50118709
v 37.32242966 3.7742815 3.50118709
v 34.90343475 3.579 3.50118709
v 32.47657013 3.579 3.50118709
v 30.05757523 3.7742815 3.50118709
v 27.66213989 4.16357803 3.50118709
v 25.30579567 4.74436378 3.50118709
v 23.00382614 5.5128746 3.50118709
v 20.77116203 6.46412373 3.50118709
v 18.62228012 7.59194422 3.50118709
v 16.57111931 8.88901901 3.50118709
v 14.63098049 10.34694004 3.50118709
v 12.8144474 11.95624828 3.50118709
v 11.13329983 13.70650673 3.50118709
v 9.59844112 15.58636856 3.50118709
v 8.21982479 17.58363914 3.50118709
v 7.00639391 19.68536377 3.50118709
v 5.96601534 21.87791443 3.50118709
v 5.10543776 24.14707184 3.50118709
v 4.43024206 26.4781189 3.50118709
v 3.94480681 28.85593796 3.50118709
v 3.65228009 31.2651062 3.50118709
v 3.55456018 33.69000244 3.50118709
v 33.23748398 50.68278885 2.26455879
v 43.42428207 47.54832077 2.2011869
v 44.84218216 46.43511963 2.2011869
v 44.85084534 46.44501877 2.20471168
v 50.52949905 35.49012756 2.2011869
v 46.15246201 45.19480515 2.21046686
v 46.14339066 45.1864357 2.20471168
v 46.13372421 45.17751312 2.2011869
v 47.31369781 43.81160355 2.21827793
v 47.30474472 43.80495071 2.21046686
v 47.29483795 43.79759216 2.20471168
v 47.28427887 43.78974533 2.2011869
v 50.56594467 31.8859787 2.21827793
v 50.66209412 33.69000244 2.21827793
v 50.65093994 33.69000244 2.21046686
v 48.3206749 42.31104279 2.22790742
v 48.31237793 42.30615234 2.21827793
v 48.30276871 42.30049133 2.21046686
v 48.29213333 42.29422379 2.20471168
v 48.28079987 42.28754807 2.2011869
v 49.16126251 40.71028519 2.23906255
v 49.1541481 40.70705795 2.22790742
v 49.14538193 40.70307922 2.21827793
v 49.13521957 40.69846725 2.21046686
v 49.12398148 40.693367 2.20471168
v 49.11200333 40.68793106 2.2011869
v 49.82528687 39.0278244 2.25140476
v 49.81982422 39.02602005 2.23906255
v 49.81240845 39.02356339 2.22790742
v 49.80326462 39.02054214 2.21827793
v 49.79267502 39.01703644 2.21046686
v 49.78095627 39.01316071 2.20471168
v 49.76846695 39.00902939 2.2011869
v 50.30469894 37.28325653 2.26455879
v 50.30125427 37.28250885 2.25140476
v 50.29562759 37.28129578 2.23906255
v 50.28799438 37.27964401 2.22790742
v 50.27858353 37.27760696 2.21827793
v 50.26768112 37.27524948 2.21046686
v 50.25561523 37.27264023 2.20471168
v 50.2427597 37.26985931 2.2011869
v 49.82863235 28.3510704 2.26455879
v 50.30469894 30.09674835 2.26455879
v 50.30125427 30.09749413 2.25140476
v 47.33514786 23.55246353 2.26455879
v 48.33539963 25.06028557 2.26455879
v 48.33236313 25.06207466 2.25140476
v 49.16650391 26.66734123 2.25140476
v 49.16126251 26.6697197 2.23906255
v 49.81982422 28.35398483 2.23906255
v 49.81240845 28.35643768 2.22790742
v 50.28799438 30.10036087 2.22790742
v 50.27858353 30.10239601 2.21827793
v 50.55485153 31.88716507 2.21046686
v 50.63859558 33.69000244 2.20471168
v 46.18029022 22.15950584 2.26455879
v 47.33231735 23.55456543 2.25140476
v 48.32740402 25.06499672 2.23906255
v 49.1541481 26.67294693 2.22790742
v 49.80326462 28.35946274 2.21827793
v 50.26768112 30.10475349 2.21046686
v 50.54257965 31.88847733 2.20471168
v 50.6254425 33.69000244 2.2011869
v 50.52949905 31.88987541 2.2011869
v 50.2427597 30.11014366 2.2011869
v 50.25561523 30.10736275 2.20471168
v 49.78095627 28.36684227 2.20471168
v 49.79267502 28.36296654 2.21046686
v 49.13521957 26.68153572 2.21046686
v 49.14538193 26.67692566 2.21827793
v 48.31237793 25.07385063 2.21827793
v 48.3206749 25.0689621 2.22790742
v 47.32142639 23.5626564 2.22790742
v 47.32769775 23.55799866 2.23906255
v 46.17347336 22.16580009 2.23906255
v 46.17770004 22.16189575 2.25140476
v 44.8815918 20.89984512 2.25140476
v 44.88391495 20.897192 2.26455879
v 43.4607048 19.77982521 2.26455879
v 49.76846695 28.37097359 2.2011869
v 49.11200333 26.69207191 2.2011869
v 49.12398148 26.68663597 2.20471168
v 48.29213333 25.08577919 2.20471168
v 48.30276871 25.07951355 2.21046686
v 47.30474472 23.57505226 2.21046686
v 47.31369781 23.56839943 2.21827793
v 46.16065598 22.17762947 2.21827793
v 46.16773224 22.17109871 2.22790742
v 44.87265778 20.91005516 2.22790742
v 44.8778038 20.90417671 2.23906255
v 43.45537186 19.78742027 2.23906255
v 43.4586792 19.78270912 2.25140476
v 41.92508316 18.82315063 2.25140476
v 41.92679214 18.82006836 2.26455879
v 40.29955292 18.02879143 2.26455879
v 48.28079987 25.09245682 2.2011869
v 47.29483795 23.58241272 2.20471168
v 46.15246201 22.18519783 2.21046686
v 44.86631775 20.91730118 2.21827793
v 43.45088196 19.7938118 2.22790742
v 41.92229462 18.82818604 2.23906255
v 40.29817963 18.03203773 2.25140476
v 38.59742355 17.41496277 2.26455879
v 47.28427887 23.59025764 2.2011869
v 46.13372421 22.20249176 2.2011869
v 46.14339066 22.19356918 2.20471168
v 44.85084534 20.93498421 2.20471168
v 44.85897064 20.92569542 2.21046686
v 43.43893433 19.81081963 2.21046686
v 43.44534683 19.80169106 2.21827793
v 41.91384506 18.84344101 2.21827793
v 41.91851044 18.83501816 2.22790742
v 40.29290771 18.04453659 2.22790742
v 40.29594421 18.03734207 2.23906255
v 38.59474182 17.4238472 2.23906255
v 38.59640503 17.41833878 2.25140476
v 36.83903885 16.98900223 2.25140476
v 36.83969116 16.98553658 2.26455879
v 35.04627228 16.7453804 2.26455879
v 44.84218216 20.94488335 2.2011869
v 43.43183899 19.82091904 2.20471168
v 41.90843964 18.85319901 2.21046686
v 40.28916168 18.05340958 2.21827793
v 38.59248734 17.43132591 2.22790742
v 36.83797073 16.99465752 2.23906255
v 35.04598999 16.74889374 2.25140476
v 33.23748398 16.69721222 2.26455879
v 43.42428207 19.83168411 2.2011869
v 41.89608383 18.87550354 2.2011869
v 41.90245819 18.86399651 2.20471168
v 40.28002548 18.07505798 2.20471168
v 40.28482437 18.06368637 2.21046686
v 38.58648682 17.45122719 2.21046686
v 38.58971024 17.44054604 2.21827793
v 36.83473969 17.01179504 2.21827793
v 36.83652496 17.00233269 2.22790742
v 35.04490662 16.76241684 2.22790742
v 35.04553223 16.75463104 2.23906255
v 33.23773193 16.70648956 2.23906255
v 33.23757935 16.700737 2.25140476
v 31.43429375 16.8450737 2.25140476
v 31.43382454 16.84157944 2.26455879
v 29.65572929 17.17684555 2.26455879
v 38.57912827 17.47563744 2.2011869
v 36.82794952 17.04781342 2.2011869
v 36.83038712 17.03488731 2.20471168
v 35.04226303 16.79543686 2.20471168
v 35.04324722 16.78313446 2.21046686
v 33.23849106 16.735075 2.21046686
v 33.23819733 16.72392273 2.21827793
v 31.43737221 16.86806488 2.21827793
v 31.43609428 16.85852051 2.22790742
v 29.65978622 17.19344902 2.22790742
v 29.65793228 17.18586159 2.23906255
v 27.92649269 17.70794296 2.23906255
v 27.92453957 17.70252991 2.25140476
v 26.2578373 18.40593338 2.25140476
v 26.25629616 18.40276337 2.26455879
v 24.67347527 19.27952194 2.26455879
v 35.04121399 16.80854988 2.2011869
v 33.23882294 16.74741364 2.20471168
v 31.43885231 16.87912178 2.21046686
v 29.66207123 17.20280457 2.21827793
v 27.929142 17.71529198 2.22790742
v 26.260355 18.41110802 2.23906255
v 24.67534447 19.28251076 2.25140476
v 23.19281578 20.3195591 2.26455879
v 33.23917007 16.76056099 2.2011869
v 31.44223595 16.90439224 2.2011869
v 31.44049072 16.89135361 2.20471168
v 29.66764832 17.22562981 2.20471168
v 29.66471863 17.21364021 2.21046686
v 27.93619347 17.73484421 2.21046686
v 27.93240738 17.72434998 2.21827793
v 26.26798248 18.42679214 2.21827793
v 26.26377106 18.41813278 2.22790742
v 24.68254089 19.29401207 2.22790742
v 24.67839813 19.28738976 2.23906255
v 23.19854736 20.32685852 2.23906255
v 23.19499207 20.32233047 2.25140476
v 21.83355331 21.51361275 2.25140476
v 21.83109474 21.51108742 2.26455879
v 20.60373688 22.8406086 2.26455879
v 29.67076874 17.23840904 2.2011869
v 27.94484138 17.75882721 2.2011869
v 27.9403801 17.74645424 2.20471168
v 26.27825737 18.44792366 2.20471168
v 26.27285957 18.4368248 2.21046686
v 24.69356728 19.31163025 2.21046686
v 24.68764877 19.30217361 2.21827793
v 23.20931625 20.34057617 2.21827793
v 23.20337105 20.33300209 2.22790742
v 21.84301758 21.5233326 2.22790742
v 21.83756828 21.51773643 2.23906255
v 20.61088181 22.84653091 2.23906255
v 20.60645103 22.84285736 2.25140476
v 19.52759171 24.2950058 2.25140476
v 19.52465439 24.29305649 2.26455879
v 18.60606956 25.85197639 2.26455879
v 26.28400993 18.45975494 2.2011869
v 24.7001133 19.32209396 2.20471168
v 23.2162056 20.34934998 2.21046686
v 21.84973526 21.53023148 2.21827793
v 20.61689377 22.85151672 2.22790742
v 19.53238678 24.29818726 2.23906255
v 18.60919762 25.85360146 2.25140476
v 17.85839081 27.49970436 2.26455879
v 24.70709038 19.33324432 2.2011869
v 23.23194885 20.36940384 2.2011869
v 23.22382736 20.35905838 2.20471168
v 21.86612701 21.54706573 2.20471168
v 21.85751724 21.53822327 2.21046686
v 20.63289642 22.86478233 2.21046686
v 20.62430763 22.8576622 2.21827793
v 19.54692078 24.307827 2.21827793
v 19.53889656 24.30250549 2.22790742
v 18.62123489 25.85985756 2.22790742
v 18.61430359 25.85625648 2.23906255
v 17.86703491 27.50308418 2.23906255
v 17.86167526 27.50098801 2.25140476
v 17.29349327 29.21849823 2.25140476
v 17.29009247 29.21757126 2.26455879
v 16.90761185 30.98611069 2.26455879
v 21.87530327 21.55649185 2.2011869
v 20.64239693 22.87265968 2.20471168
v 19.55621719 24.31399536 2.21046686
v 18.62977982 25.86429787 2.21827793
v 17.87430954 27.50592804 2.22790742
v 17.29904747 29.22001266 2.23906255
v 16.91109085 30.98667145 2.25140476
v 16.71528053 32.78528976 2.26455879
v 20.65252304 22.88105583 2.2011869
v 19.57746315 24.32808876 2.2011869
v 19.56650162 24.32081795 2.20471168
v 18.65063095 25.87513161 2.20471168
v 18.63967896 25.86944008 2.21046686
v 17.89366722 27.5134964 2.21046686
v 17.88327789 27.50943375 2.21827793
v 17.31587219 29.22459984 2.21827793
v 17.3065815 29.22206688 2.22790742
v 16.92448616 30.98883057 2.22790742
v 16.91677475 30.98758698 2.23906255
v 16.72454643 32.78578186 2.23906255
v 16.7188015 32.78547668 2.25140476
v 16.7188015 34.5945282 2.25140476
v 16.71528053 34.59471512 2.26455879
v 16.90761185 36.3938942 2.26455879
v 17.91741371 27.52278137 2.2011869
v 17.35123253 29.23424339 2.2011869
v 17.33854294 29.23078346 2.20471168
v 16.95718956 30.99409866 2.20471168
v 16.94500351 30.992136 2.21046686
v 16.75310326 32.78730392 2.21046686
v 16.74196243 32.78670883 2.21827793
v 16.74196243 34.59329224 2.21827793
v 16.73234749 34.59380722 2.22790742
v 16.92448616 36.39117432 2.22790742
v 16.91677475 36.39241791 2.23906255
v 17.29904747 38.15999222 2.23906255
v 17.29349327 38.16150665 2.25140476
v 17.86167526 39.87901688 2.25140476
v 17.85839081 39.88029861 2.26455879
v 18.60606956 41.52802658 2.26455879
v 16.77856445 32.78866196 2.2011869
v 16.77856445 34.59134293 2.2011869
v 16.76542854 34.59204102 2.20471168
v 16.95718956 36.38590622 2.20471168
v 16.94500351 36.38786697 2.21046686
v 17.32663345 38.15246964 2.21046686
v 17.31587219 38.15540314 2.21827793
v 17.88327789 39.87056732 2.21827793
v 17.87430954 39.87407684 2.22790742
v 18.62123489 41.52014542 2.22790742
v 18.61430359 41.52374649 2.23906255
v 19.53238678 43.08181763 2.23906255
v 19.52759171 43.08499908 2.25140476
v 20.60645103 44.53714752 2.25140476
v 20.60373688 44.53939438 2.26455879
v 21.83109474 45.86891556 2.26455879
v 16.9701767 36.38381195 2.2011869
v 17.35123253 38.14575958 2.2011869
v 17.33854294 38.14921951 2.20471168
v 17.90516281 39.86201096 2.20471168
v 17.89366722 39.86650848 2.21046686
v 18.63967896 41.5105629 2.21046686
v 18.62977982 41.51570511 2.21827793
v 19.54692078 43.07217789 2.21827793
v 19.53889656 43.07749939 2.22790742
v 20.61689377 44.52848816 2.22790742
v 20.61088181 44.53347397 2.23906255
v 21.83756828 45.86226654 2.23906255
v 21.83355331 45.86639023 2.25140476
v 23.19499207 47.05767059 2.25140476
v 23.19281578 47.06044388 2.26455879
v 24.67347527 48.10047913 2.26455879
v 17.91741371 39.85722351 2.2011869
v 18.65063095 41.50487137 2.20471168
v 19.55621719 43.06600952 2.21046686
v 20.62430763 44.52234268 2.21827793
v 21.84301758 45.85667038 2.22790742
v 23.19854736 47.05314636 2.23906255
v 24.67534447 48.09749222 2.25140476
v 26.25629616 48.97724152 2.26455879
v 18.66230202 41.498806 2.2011869
v 19.57746315 43.05191422 2.2011869
v 19.56650162 43.05918503 2.20471168
v 20.64239693 44.50734329 2.20471168
v 20.63289642 44.51522064 2.21046686
v 21.85751724 45.8417778 2.21046686
v 21.84973526 45.84977341 2.21827793
v 23.20931625 47.03942871 2.21827793
v 23.20337105 47.04700089 2.22790742
v 24.68254089 48.08599091 2.22790742
v 24.67839813 48.09261322 2.23906255
v 26.260355 48.96889496 2.23906255
v 26.2578373 48.9740715 2.25140476
v 27.92453957 49.67747498 2.25140476
v 27.92334366 49.68078995 2.26455879
v 29.65572929 50.20315933 2.26455879
v 20.65252304 44.49894714 2.2011869
v 21.86612701 45.83293915 2.20471168
v 23.2162056 47.03065491 2.21046686
v 24.68764877 48.07782745 2.21827793
v 26.26377106 48.9618721 2.22790742
v 27.92649269 49.67205811 2.23906255
v 29.65656662 50.19973373 2.25140476
v 31.43382454 50.53842545 2.26455879
v 23.23194885 47.01060104 2.2011869
v 24.70709038 48.04675674 2.2011869
v 24.7001133 48.05791092 2.20471168
v 26.27825737 48.93207932 2.20471168
v 26.27285957 48.94318008 2.21046686
v 27.93619347 49.64516068 2.21046686
v 27.93240738 49.65565491 2.21827793
v 29.66207123 50.17720032 2.21827793
v 29.65978622 50.18655396 2.22790742
v 31.43609428 50.52148438 2.22790742
v 31.43505669 50.52922821 2.23906255
v 33.23773193 50.67351532 2.23906255
v 33.23757935 50.67926788 2.25140476
v 35.04598999 50.63111115 2.25140476
v 35.04627228 50.63462067 2.26455879
v 36.83969116 50.3944664 2.26455879
v 26.28400993 48.92024994 2.2011869
v 27.9403801 49.63354874 2.20471168
v 29.66471863 50.16636276 2.21046686
v 31.43737221 50.51194 2.21827793
v 33.23793793 50.66570663 2.22790742
v 35.04553223 50.62537384 2.23906255
v 36.83903885 50.39100266 2.25140476
v 38.59742355 49.96504211 2.26455879
v 27.94484138 49.62117767 2.2011869
v 29.67076874 50.14159393 2.2011869
v 29.66764832 50.15437317 2.20471168
v 31.44049072 50.48865128 2.20471168
v 31.43885231 50.5008812 2.21046686
v 33.23849106 50.64492798 2.21046686
v 33.23819733 50.65608215 2.21827793
v 35.04413986 50.60799026 2.21827793
v 35.04490662 50.61758804 2.22790742
v 36.83652496 50.37767029 2.22790742
v 36.83797073 50.38534546 2.23906255
v 38.59474182 49.95615768 2.23906255
v 38.59640503 49.96166611 2.25140476
v 40.29817963 49.34796524 2.25140476
v 40.29955292 49.35121155 2.26455879
v 41.92679214 48.55993652 2.26455879
v 31.44223595 50.47561264 2.2011869
v 33.23882294 50.63259125 2.20471168
v 35.04324722 50.59687042 2.21046686
v 36.83473969 50.36820984 2.21827793
v 38.59248734 49.94867706 2.22790742
v 40.29594421 49.34266281 2.23906255
v 41.92508316 48.55685425 2.25140476
v 43.4607048 47.60017776 2.26455879
v 33.23917007 50.61944199 2.2011869
v 35.04121399 50.57145309 2.2011869
v 35.04226303 50.58456421 2.20471168
v 36.83038712 50.34511566 2.20471168
v 36.83267212 50.3572464 2.21046686
v 38.58648682 49.92877579 2.21046686
v 38.58971024 49.93945694 2.21827793
v 40.28916168 49.32659531 2.21827793
v 40.29290771 49.33546829 2.22790742
v 41.91851044 48.54498672 2.22790742
v 41.92229462 48.55181885 2.23906255
v 43.45537186 47.5925827 2.23906255
v 43.4586792 47.59729385 2.25140476
v 44.8815918 46.48015976 2.25140476
v 44.88391495 46.48281097 2.26455879
v 46.18029022 45.22049713 2.26455879
v 38.57912827 49.90436554 2.2011869
v 40.27490997 49.29282761 2.2011869
v 40.28002548 49.3049469 2.20471168
v 41.90245819 48.51600647 2.20471168
v 41.90843964 48.52680206 2.21046686
v 43.43893433 47.56918335 2.21046686
v 43.44534683 47.57831192 2.21827793
v 44.86631775 46.4627037 2.21827793
v 44.87265778 46.46994781 2.22790742
v 46.16773224 45.20890427 2.22790742
v 46.17347336 45.21420288 2.23906255
v 47.32769775 43.82200623 2.23906255
v 47.33231735 43.82543564 2.25140476
v 48.33236313 42.31792831 2.25140476
v 48.33539963 42.31971741 2.26455879
v 49.16971207 40.71411896 2.26455879
v 50.67172623 33.69000244 2.22790742
v 50.58328629 31.88412476 2.23906255
v 50.67953491 33.69000244 2.23906255
v 50.58900833 31.8835125 2.25140476
v 50.68529129 33.69000244 2.25140476
v 50.59251404 31.88313866 2.26455879
v 50.68881607 33.69000244 2.26455879
v 49.16971207 26.66588593 2.26455879
v 49.82528687 28.35217857 2.25140476
v 50.29562759 30.09870911 2.23906255
v 50.57551956 31.88495445 2.22790742
v 40.27490997 18.08717728 2.2011869
v 38.58292389 17.46304321 2.20471168
v 36.83267212 17.02275848 2.21046686
v 35.04413986 16.77201462 2.21827793
v 33.23793793 16.71429634 2.22790742
v 31.43505669 16.85077667 2.23906255
v 29.65656662 17.18027115 2.25140476
v 27.92334366 17.69921303 2.26455879
v 18.66230202 25.88119698 2.2011869
v 17.90516281 27.51799202 2.20471168
v 17.32663345 29.22753525 2.21046686
v 16.93399239 30.99036217 2.21827793
v 16.73234749 32.78619766 2.22790742
v 16.72454643 34.59422302 2.23906255
v 16.91109085 36.39333344 2.25140476
v 17.29009247 38.16243362 2.26455879
v 16.9701767 30.99619102 2.2011869
v 16.76542854 32.78796005 2.20471168
v 16.75310326 34.59270096 2.21046686
v 16.93399239 36.38964081 2.21827793
v 17.3065815 38.1579361 2.22790742
v 17.86703491 39.87691879 2.23906255
v 18.60919762 41.52640152 2.25140476
v 19.52465439 43.08694839 2.26455879
v 31.43429375 50.53493118 2.25140476
v 29.65793228 50.19414139 2.23906255
v 27.929142 49.664711 2.22790742
v 26.26798248 48.95321274 2.21827793
v 24.69356728 48.06837082 2.21046686
v 23.22382736 47.0209465 2.20471168
v 21.87530327 45.82351303 2.2011869
v 36.82794952 50.33219147 2.2011869
v 38.58292389 49.91696167 2.20471168
v 40.28482437 49.31631851 2.21046686
v 41.91384506 48.53656387 2.21827793
v 43.45088196 47.58619308 2.22790742
v 44.8778038 46.47582626 2.23906255
v 46.17770004 45.21810913 2.25140476
v 47.33514786 43.82753754 2.26455879
v 41.89608383 48.50450134 2.2011869
v 43.43183899 47.55908585 2.20471168
v 44.85897064 46.45430756 2.21046686
v 46.16065598 45.2023735 2.21827793
v 47.32142639 43.81734848 2.22790742
v 48.32740402 42.31500626 2.23906255
v 49.16650391 40.71266174 2.25140476
v 49.82863235 39.02893448 2.26455879
v 50.59251404 35.49686432 2.26455879
v 50.54257965 35.49152756 2.20471168
v 50.55485153 35.49283981 2.21046686
v 50.56594467 35.49402618 2.21827793
v 50.57551956 35.49504852 2.22790742
v 50.58328629 35.49588013 2.23906255
v 50.58900833 35.49649048 2.25140476
vn 0.70698 0.01883 -0.70698
vn 0.7036 0.07522 -0.7066
vn 0.7036 0.07521 -0.70661
vn 0.69161 0.14957 -0.70661
vn 0.69162 0.14958 -0.70661
vn 0.6718 0.22224 -0.70661
vn 0.6718 0.22224 -0.7066
vn 0.64437 0.29239 -0.7066
vn 0.64437 0.29239 -0.70661
vn 0.60964 0.35923 -0.70661
vn 0.60964 0.35923 -0.70661
vn 0.568 0.42199 -0.70661
vn 0.568 0.42199 -0.70661
vn 0.51993 0.47998 -0.70661
vn 0.51993 0.47998 -0.70661
vn 0.46597 0.53252 -0.70661
vn 0.46597 0.53253 -0.7066
vn 0.40673 0.57904 -0.7066
vn 0.40673 0.57904 -0.7066
vn 0.34287 0.61899 -0.7066
vn 0.34287 0.61899 -0.7066
vn 0.27514 0.65193 -0.7066
vn 0.27514 0.65193 -0.7066
vn 0.20428 0.67748 -0.7066
vn 0.20428 0.67748 -0.7066
vn 0.13111 0.69536 -0.7066
vn 0.13111 0.69536 -0.7066
vn 0.05646 0.70536 -0.7066
vn 0.05646 0.70535 -0.70661
vn -0.01884 0.70736 -0.70661
vn -0.01884 0.70735 -0.70661
vn -0.09392 0.70134 -0.70661
vn -0.09392 0.70134 -0.70661
vn -0.16793 0.68739 -0.70661
vn -0.16793 0.68739 -0.7066
vn -0.24005 0.66565 -0.7066
vn -0.24005 0.66565 -0.70661
vn -0.30944 0.63636 -0.70661
vn -0.30944 0.63636 -0.7066
vn -0.37533 0.59987 -0.7066
vn -0.37533 0.59986 -0.70661
vn -0.43697 0.55657 -0.70661
vn -0.43696 0.55657 -0.70661
vn -0.49365 0.50697 -0.70661
vn -0.49365 0.50697 -0.70661
vn -0.54474 0.45163 -0.70661
vn -0.54474 0.45163 -0.7066
vn -0.58966 0.39117 -0.7066
vn -0.58966 0.39117 -0.70661
vn -0.6279 0.32627 -0.70661
vn -0.6279 0.32627 -0.70661
vn -0.65902 0.25768 -0.70661
vn -0.65902 0.25768 -0.70661
vn -0.68268 0.18617 -0.70661
vn -0.68268 0.18617 -0.7066
vn -0.6986 0.11255 -0.7066
vn -0.6986 0.11255 -0.70661
vn -0.7066 0.03766 -0.70661
vn -0.7066 0.03766 -0.70661
vn -0.7066 -0.03766 -0.70661
vn -0.7066 -0.03766 -0.70661
vn -0.6986 -0.11255 -0.70661
vn -0.6986 -0.11256 -0.7066
vn -0.68268 -0.18617 -0.7066
vn -0.68268 -0.18617 -0.70661
vn -0.65902 -0.25768 -0.70661
vn -0.65902 -0.25768 -0.70661
vn -0.6279 -0.32627 -0.70661
vn -0.6279 -0.32627 -0.70661
vn -0.58966 -0.39117 -0.70661
vn -0.58966 -0.39117 -0.7066
vn -0.54474 -0.45163 -0.7066
vn -0.54474 -0.45163 -0.70661
vn -0.49365 -0.50697 -0.70661
vn -0.49365 -0.50697 -0.70661
vn -0.43696 -0.55657 -0.70661
vn -0.43697 -0.55657 -0.70661
vn -0.37533 -0.59986 -0.70661
vn -0.37533 -0.59987 -0.7066
vn -0.30944 -0.63636 -0.7066
vn -0.30944 -0.63636 -0.70661
vn -0.24005 -0.66565 -0.70661
vn -0.24005 -0.66565 -0.7066
vn -0.16793 -0.68739 -0.7066
vn -0.16793 -0.68739 -0.70661
vn -0.09392 -0.70134 -0.70661
vn -0.09392 -0.70134 -0.70661
vn -0.01884 -0.70735 -0.70661
vn -0.01884 -0.70736 -0.70661
vn 0.05646 -0.70535 -0.70661
vn 0.05646 -0.70536 -0.7066
vn 0.13111 -0.69536 -0.7066
vn 0.13111 -0.69536 -0.7066
vn 0.20428 -0.67748 -0.7066
vn 0.20428 -0.67748 -0.7066
vn 0.27514 -0.65193 -0.7066
vn 0.27514 -0.65193 -0.7066
vn 0.34287 -0.61899 -0.7066
vn 0.34287 -0.61899 -0.7066
vn 0.40672 -0.57904 -0.7066
vn 0.40673 -0.57904 -0.7066
vn 0.46597 -0.53253 -0.7066
vn 0.46597 -0.53252 -0.70661
vn 0.51993 -0.47998 -0.70661
vn 0.51993 -0.47998 -0.70661
vn 0.568 -0.42199 -0.70661
vn 0.568 -0.42199 -0.70661
vn 0.60964 -0.35923 -0.70661
vn 0.60964 -0.35923 -0.70661
vn 0.64437 -0.29239 -0.70661
vn 0.64437 -0.29239 -0.7066
vn 0.6718 -0.22224 -0.7066
vn 0.6718 -0.22224 -0.70661
vn 0.69162 -0.14958 -0.70661
vn 0.69161 -0.14958 -0.70661
vn 0.7036 -0.07521 -0.70661
vn 0.7036 -0.07521 -0.7066
vn 0.70698 -0.01883 -0.70698
vn 0.70698 -0.01883 -0.70698
vn 0.70698 0.01883 -0.70698
vn 0.70699 -0.01883 0.70698
vn 0.7036 -0.07522 0.7066
vn 0.7036 -0.07521 0.70661
vn 0.69162 -0.14958 0.70661
vn 0.69162 -0.14958 0.7066
vn 0.6718 -0.22224 0.7066
vn 0.6718 -0.22224 0.7066
vn 0.64438 -0.29239 0.7066
vn 0.64437 -0.29239 0.7066
vn 0.60964 -0.35923 0.7066
vn 0.60964 -0.35923 0.70661
vn 0.56801 -0.42199 0.70661
vn 0.56801 -0.42199 0.7066
vn 0.51993 -0.47998 0.7066
vn 0.51993 -0.47998 0.70661
vn 0.46597 -0.53252 0.70661
vn 0.46597 -0.53253 0.7066
vn 0.40673 -0.57904 0.7066
vn 0.40673 -0.57904 0.7066
vn 0.34287 -0.61899 0.7066
vn 0.34287 -0.61899 0.7066
vn 0.27514 -0.65193 0.7066
vn 0.27514 -0.65193 0.7066
vn 0.20428 -0.67748 0.7066
vn 0.20428 -0.67749 0.7066
vn 0.13111 -0.69536 0.7066
vn 0.13111 -0.69536 0.7066
vn 0.05646 -0.70536 0.7066
vn 0.05646 -0.70535 0.70661
vn -0.01884 -0.70736 0.70661
vn -0.01884 -0.70735 0.70661
vn -0.09392 -0.70134 0.70661
vn -0.09392 -0.70135 0.70661
vn -0.16793 -0.68739 0.70661
vn -0.16794 -0.68739 0.7066
vn -0.24005 -0.66565 0.7066
vn -0.24005 -0.66565 0.7066
vn -0.30944 -0.63636 0.7066
vn -0.30944 -0.63636 0.7066
vn -0.37533 -0.59987 0.7066
vn -0.37533 -0.59987 0.7066
vn -0.43697 -0.55657 0.7066
vn -0.43696 -0.55657 0.70661
vn -0.49365 -0.50697 0.70661
vn -0.49365 -0.50697 0.7066
vn -0.54474 -0.45163 0.7066
vn -0.54474 -0.45163 0.7066
vn -0.58966 -0.39117 0.7066
vn -0.58966 -0.39117 0.7066
vn -0.6279 -0.32627 0.7066
vn -0.6279 -0.32627 0.7066
vn -0.65902 -0.25768 0.7066
vn -0.65902 -0.25768 0.7066
vn -0.68268 -0.18617 0.7066
vn -0.68268 -0.18617 0.7066
vn -0.6986 -0.11256 0.7066
vn -0.6986 -0.11255 0.7066
vn -0.70661 -0.03766 0.7066
vn -0.70661 -0.03766 0.70661
vn -0.70661 0.03766 0.70661
vn -0.70661 0.03766 0.7066
vn -0.6986 0.11255 0.7066
vn -0.6986 0.11256 0.7066
vn -0.68268 0.18617 0.7066
vn -0.68268 0.18617 0.7066
vn -0.65902 0.25768 0.7066
vn -0.65902 0.25768 0.7066
vn -0.6279 0.32627 0.7066
vn -0.6279 0.32627 0.7066
vn -0.58966 0.39117 0.7066
vn -0.58966 0.39117 0.7066
vn -0.54474 0.45163 0.7066
vn -0.54474 0.45163 0.7066
vn -0.49365 0.50697 0.7066
vn -0.49365 0.50697 0.70661
vn -0.43697 0.55657 0.70661
vn -0.43697 0.55657 0.7066
vn -0.37533 0.59987 0.7066
vn -0.37533 0.59987 0.7066
vn -0.30944 0.63636 0.7066
vn -0.30944 0.63636 0.7066
vn -0.24005 0.66565 0.7066
vn -0.24005 0.66565 0.7066
vn -0.16793 0.68739 0.7066
vn -0.16793 0.68739 0.70661
vn -0.09392 0.70135 0.70661
vn -0.09392 0.70134 0.70661
vn -0.01884 0.70735 0.70661
vn -0.01884 0.70736 0.70661
vn 0.05646 0.70535 0.70661
vn 0.05646 0.70536 0.7066
vn 0.13111 0.69536 0.7066
vn 0.13111 0.69536 0.7066
vn 0.20428 0.67749 0.7066
vn 0.20428 0.67748 0.7066
vn 0.27514 0.65193 0.7066
vn 0.27514 0.65193 0.7066
vn 0.34287 0.61899 0.7066
vn 0.34287 0.61899 0.7066
vn 0.40673 0.57904 0.7066
vn 0.40673 0.57904 0.7066
vn 0.46597 0.53253 0.7066
vn 0.46597 0.53252 0.70661
vn 0.51993 0.47998 0.70661
vn 0.51993 0.47998 0.7066
vn 0.56801 0.42199 0.7066
vn 0.56801 0.42199 0.70661
vn 0.60964 0.35923 0.70661
vn 0.60964 0.35923 0.7066
vn 0.64437 0.29239 0.7066
vn 0.64438 0.29239 0.7066
vn 0.6718 0.22224 0.7066
vn 0.6718 0.22224 0.7066
vn 0.69162 0.14958 0.7066
vn 0.69162 0.14958 0.70661
vn 0.7036 0.07521 0.70661
vn 0.7036 0.07521 0.7066
vn 0.70699 0.01883 0.70698
vn 0.80051 0 0.59932
vn 0.98705 0.16041 0
vn 0.99919 0.04027 0
vn 0.99966 0 -0.02611
vn 0.99919 -0.04027 0
vn 0.98705 -0.16041 0
vn 0.94854 -0.31667 0
vn 0.88546 -0.46472 0
vn 0.79944 -0.60074 0
vn 0.69272 -0.7212 0
vn 0.56806 -0.82298 0
vn 0.42869 -0.90345 0
vn 0.27822 -0.96052 0
vn 0.12054 -0.99271 0
vn -0.04027 -0.99919 -0
vn -0.20003 -0.97979 -0
vn -0.3546 -0.93502 -0
vn -0.5 -0.86603 -0
vn -0.63245 -0.7746 -0
vn -0.74851 -0.66312 -0
vn -0.84519 -0.53447 -0
vn -0.91998 -0.39197 -0
vn -0.97094 -0.23932 -0
vn -0.99676 -0.08047 -0
vn -0.99676 0.08047 0
vn -0.97094 0.23932 0
vn -0.91998 0.39197 0
vn -0.84519 0.53447 0
vn -0.74851 0.66312 0
vn -0.63245 0.7746 0
vn -0.5 0.86603 0
vn -0.3546 0.93502 0
vn -0.20003 0.97979 0
vn -0.04027 0.99919 0
vn 0.12054 0.99271 0
vn 0.27822 0.96052 0
vn 0.42869 0.90345 0
vn 0.56806 0.82298 0
vn 0.69272 0.7212 0
vn 0.79944 0.60074 0
vn 0.88546 0.46472 0
vn 0.94854 0.31667 0
vn 0 0 1
vn 0.99843 -0.05607 -0.0013
vn 0.99536 -0.09623 0
vn 0.99068 -0.13623 0
vn 0.98587 -0.16751 -0.00158
vn 0.96052 -0.27822 -0.0007
vn 0.96092 -0.27684 -0.00084
vn 0.97297 -0.23092 0
vn 0.98148 -0.19156 0
vn 0.94623 -0.32348 0
vn 0.93244 -0.36132 0
vn 0.92388 -0.38268 -0.00155
vn 0.91072 -0.41303 0
vn 0.89335 -0.44937 0
vn 0.87522 -0.48372 -0.00137
vn 0.86674 -0.49875 0
vn 0.81556 -0.57867 0
vn 0.84594 -0.53324 -0.00626
vn 0.82298 -0.56806 -0.00161
vn 0.79072 -0.61218 0
vn 0.76543 -0.64352 0
vn 0.74564 -0.66635 -0.0016
vn 0.66312 -0.74851 -0.00054
vn 0.66635 -0.74564 -0.00095
vn 0.69995 -0.71419 0
vn 0.72814 -0.68543 0
vn 0.62798 -0.77823 0
vn 0.59613 -0.80289 0
vn 0.57867 -0.81556 -0.00152
vn 0.46727 -0.88412 0
vn 0.48372 -0.87522 -0.00143
vn 0.51611 -0.85652 0
vn 0.55018 -0.83505 0
vn 0.43129 -0.90221 0
vn 0.39197 -0.91998 -0.00025
vn 0.38268 -0.92388 -0.00114
vn 0.34247 -0.93953 0
vn 0.30436 -0.95256 0
vn 0.27683 -0.96092 -0.00161
vn 0.16041 -0.98705 -0.00039
vn 0.16751 -0.98587 -0.00105
vn 0.21129 -0.97742 0
vn 0.25047 -0.96812 0
vn 0.11625 -0.99322 0
vn 0.07616 -0.9971 0
vn 0.05607 -0.99843 -0.00148
vn -0.07616 -0.9971 0
vn -0.05607 -0.99843 -0.00148
vn -0.02014 -0.9998 0
vn 0.02014 -0.9998 -0
vn -0.11625 -0.99322 0
vn -0.16041 -0.98705 -0.00039
vn -0.16751 -0.98587 -0.00105
vn -0.21129 -0.97742 0
vn -0.25047 -0.96812 -0
vn -0.27683 -0.96092 -0.00161
vn -0.39197 -0.91998 -0.00025
vn -0.38268 -0.92388 -0.00114
vn -0.34247 -0.93953 0
vn -0.30436 -0.95256 0
vn -0.43129 -0.90221 0
vn -0.46727 -0.88412 -0
vn -0.48372 -0.87522 -0.00143
vn -0.59613 -0.80289 0
vn -0.57867 -0.81556 -0.00152
vn -0.55018 -0.83505 0
vn -0.51611 -0.85652 0
vn -0.62798 -0.77823 0
vn -0.66312 -0.74851 -0.00054
vn -0.66635 -0.74564 -0.00095
vn -0.69995 -0.71419 0
vn -0.72814 -0.68543 -0
vn -0.74564 -0.66635 -0.0016
vn -0.82298 -0.56806 -0.00012
vn -0.81556 -0.57867 -0.00123
vn -0.79072 -0.61218 0
vn -0.76543 -0.64352 0
vn -0.84596 -0.53325 0
vn -0.86674 -0.49875 -0
vn -0.87522 -0.48372 -0.00137
vn -0.93244 -0.36132 0
vn -0.92388 -0.38268 -0.00155
vn -0.91072 -0.41303 0
vn -0.89335 -0.44937 0
vn -0.94623 -0.32348 0
vn -0.96052 -0.27822 -0.0007
vn -0.96092 -0.27684 -0.00084
vn -0.97297 -0.23092 0
vn -0.98148 -0.19156 -0
vn -0.98587 -0.16751 -0.00158
vn -0.99068 -0.13623 0
vn -0.99536 -0.09623 -0
vn -0.99843 -0.05607 -0.0013
vn -0.99919 -0.04027 0
vn -0.99919 0.04027 0
vn -0.99843 0.05607 -0.0013
vn -0.99536 0.09623 0
vn -0.99068 0.13623 0
vn -0.98587 0.16751 -0.00158
vn -0.96052 0.27822 -0.0007
vn -0.96092 0.27684 -0.00084
vn -0.97297 0.23092 0
vn -0.98148 0.19156 0
vn -0.94623 0.32348 0
vn -0.93244 0.36132 0
vn -0.92388 0.38268 -0.00155
vn -0.91072 0.41303 0
vn -0.89335 0.44937 0
vn -0.87522 0.48372 -0.00137
vn -0.86674 0.49875 0
vn -0.81556 0.57867 0
vn -0.84594 0.53324 -0.00626
vn -0.82298 0.56806 -0.00161
vn -0.79072 0.61218 0
vn -0.76543 0.64352 0
vn -0.74564 0.66635 -0.0016
vn -0.66312 0.74851 -0.00054
vn -0.66635 0.74564 -0.00095
vn -0.69995 0.71419 0
vn -0.72814 0.68543 0
vn -0.62798 0.77823 0
vn -0.59613 0.80289 0
vn -0.57867 0.81556 -0.00152
vn -0.46727 0.88412 0
vn -0.48372 0.87522 -0.00143
vn -0.51611 0.85652 0
vn -0.55018 0.83505 0
vn -0.43129 0.90221 0
vn -0.39197 0.91998 -0.00025
vn -0.38268 0.92388 -0.00114
vn -0.34247 0.93953 0
vn -0.30436 0.95256 0
vn -0.27683 0.96092 -0.00161
vn -0.16041 0.98705 -0.00039
vn -0.16751 0.98587 -0.00105
vn -0.21129 0.97742 0
vn -0.25047 0.96812 0
vn -0.11625 0.99322 0
vn -0.07616 0.9971 0
vn -0.05607 0.99843 -0.00148
vn 0.07616 0.9971 -0
vn 0.05607 0.99843 -0.00148
vn 0.02014 0.9998 0
vn -0.02014 0.9998 0
vn 0.11625 0.99322 -0
vn 0.16041 0.98705 -0.00039
vn 0.16751 0.98587 -0.00105
vn 0.21129 0.97742 0
vn 0.25047 0.96812 0
vn 0.27683 0.96092 -0.00161
vn 0.39197 0.91998 -0.00025
vn 0.38268 0.92388 -0.00114
vn 0.34247 0.93953 0
vn 0.30436 0.95256 -0
vn 0.43129 0.90221 0
vn 0.46727 0.88412 0
vn 0.48372 0.87522 -0.00143
vn 0.59613 0.80289 -0
vn 0.57867 0.81556 -0.00152
vn 0.55018 0.83505 0
vn 0.51611 0.85652 -0
vn 0.62798 0.77823 -0
vn 0.66312 0.74851 -0.00054
vn 0.66635 0.74564 -0.00095
vn 0.69995 0.71419 0
vn 0.72814 0.68543 0
vn 0.74564 0.66635 -0.0016
vn 0.82298 0.56806 -0.00012
vn 0.81556 0.57867 -0.00123
vn 0.79072 0.61218 0
vn 0.76543 0.64352 -0
vn 0.84596 0.53325 0
vn 0.86674 0.49875 0
vn 0.87522 0.48372 -0.00137
vn 0.93244 0.36132 -0
vn 0.92388 0.38268 -0.00155
vn 0.91072 0.41303 0
vn 0.89335 0.44937 -0
vn 0.94623 0.32348 -0
vn 0.96052 0.27822 -0.0007
vn 0.96092 0.27684 -0.00084
vn 0.97297 0.23092 0
vn 0.98148 0.19156 0
vn 0.98587 0.16751 -0.00158
vn 0.99068 0.13623 0
vn 0.99536 0.09623 0
vn 0.99843 0.05607 -0.0013
vn 0.99919 0.04027 0
vn 0.99919 -0.04027 0
vn 0 0 -1
vn -0.9644 -0.25252 -0.07855
vn -0.97493 -0.22252 0
vn -0.95253 -0.30443 0
vn -0.93065 -0.36525 -0.0218
vn -0.93106 -0.36405 -0.02452
vn -0.90586 -0.42358 0
vn -0.88203 -0.47119 0
vn -0.86512 -0.49948 -0.04581
vn -0.84435 -0.53578 0
vn -0.73392 -0.67924 -0
vn -0.78183 -0.62349 -0.0031
vn -0.76889 -0.63746 -0.04952
vn -0.81464 -0.57996 -0
vn -0.69672 -0.71734 0
vn -0.67964 -0.73248 -0.03942
vn -0.64117 -0.7674 0
vn -0.37712 -0.92617 0
vn -0.43714 -0.89897 -0.02778
vn -0.4338 -0.9008 -0.01945
vn -0.49229 -0.87043 -0
vn -0.56332 -0.82624 -0
vn -0.53639 -0.84059 -0.07543
vn -0.59942 -0.80044 -0
vn -0.32729 -0.94493 0
vn -0.29444 -0.95456 -0.04614
vn -0.25576 -0.96674 0
vn -0.07726 -0.99701 -0
vn -0.14904 -0.98881 -0.00609
vn -0.13259 -0.99012 -0.04564
vn -0.20394 -0.97898 -0
vn -0.02409 -0.99971 0
vn 0 -0.99918 -0.04059
vn 0.05069 -0.99871 0
vn 0.35232 -0.93588 0
vn 0.28855 -0.95696 -0.03114
vn 0.29471 -0.95544 -0.01699
vn 0.22993 -0.97321 0
vn 0.14904 -0.98883 0
vn 0.17734 -0.98149 -0.0723
vn 0.10377 -0.9946 0
vn 0.40163 -0.9158 0
vn 0.43342 -0.9 -0.04635
vn 0.46895 -0.88323 0
vn 0.5633 -0.82621 -0.00898
vn 0.57428 -0.81759 -0.04185
vn 0.51529 -0.85701 0
vn 0.75174 -0.65946 0
vn 0.71557 -0.69854 0
vn 0.67958 -0.73242 -0.04166
vn 0.66137 -0.75006 0
vn 0.62051 -0.7842 0
vn 0.797 -0.6 -0.06917
vn 0.78183 -0.62349 0
vn 0.82979 -0.55807 0
vn 0.86594 -0.49995 -0.01443
vn 0.86104 -0.50736 -0.03461
vn 0.92987 -0.36495 -0.04645
vn 0.91682 -0.39931 0
vn 0.89426 -0.44754 0
vn 0.98806 -0.15406 0
vn 0.97736 -0.21137 -0.00983
vn 0.97443 -0.22241 -0.03194
vn 0.9603 -0.27897 0
vn 0.94409 -0.32968 0
vn 0.99486 -0.10125 0
vn 0.9963 -0.07466 -0.04261
vn 0.99965 -0.02662 0
vn 0.9603 0.27897 -0
vn 0.97669 0.21123 -0.03818
vn 0.97486 0.22251 -0.01175
vn 0.98806 0.15406 0
vn 0.9972 0.07473 0
vn 0.99269 0.10103 -0.06604
vn 0.99965 0.02662 0
vn 0.82979 0.55807 -0
vn 0.86149 0.50763 -0.01256
vn 0.86563 0.49977 -0.03013
vn 0.89426 0.44754 0
vn 0.93087 0.36534 0
vn 0.91301 0.39765 -0.09102
vn 0.94409 0.32968 0
vn 0.79892 0.60144 -0
vn 0.78109 0.6229 -0.04347
vn 0.75174 0.65946 0
vn 0.51529 0.85701 0
vn 0.563 0.82577 -0.03365
vn 0.57477 0.81828 -0.00722
vn 0.62051 0.7842 0
vn 0.68017 0.73305 0
vn 0.66006 0.74857 -0.06291
vn 0.71557 0.69854 0
vn 0.22993 0.97321 -0
vn 0.28866 0.95731 -0.01539
vn 0.29464 0.95519 -0.02821
vn 0.35232 0.93588 0
vn 0.43388 0.90097 0
vn 0.40008 0.91225 -0.0879
vn 0.46895 0.88323 0
vn 0.17781 0.98407 -0
vn 0.1489 0.98786 -0.04422
vn 0.10377 0.9946 0
vn -0.20394 0.97898 0
vn -0.14895 0.98822 -0.03525
vn -0.13272 0.99114 -0.0047
vn -0.07726 0.99701 0
vn 0 1 0
vn -0.02404 0.99792 -0.05978
vn 0.05069 0.99871 0
vn -0.49229 0.87043 0
vn -0.43723 0.89916 -0.01833
vn -0.43374 0.90066 -0.02618
vn -0.37712 0.92617 0
vn -0.29475 0.95557 0
vn -0.32611 0.94152 -0.08479
vn -0.25576 0.96674 0
vn -0.53792 0.84299 0
vn -0.56275 0.82541 -0.04486
vn -0.59942 0.80044 0
vn -0.81464 0.57996 0
vn -0.7813 0.62307 -0.03675
vn -0.76983 0.63824 -0.0023
vn -0.73392 0.67924 0
vn -0.68017 0.73305 0
vn -0.6956 0.71619 -0.05665
vn -0.64117 0.7674 0
vn -0.95253 0.30443 0
vn -0.93112 0.36408 -0.02137
vn -0.9306 0.36524 -0.02404
vn -0.90586 0.42358 0
vn -0.86603 0.5 0
vn -0.87909 0.46961 -0.08167
vn -0.84435 0.53578 0
vn -0.96739 0.2533 0
vn -0.97392 0.22229 -0.04539
vn -0.98361 0.1803 0
vn -0.98361 -0.1803 0
vn -0.99181 -0.1277 -0
vn -0.99648 -0.07468 -0.03813
vn -0.99858 -0.05322 -0
vn -0.9972 0.07473 0
vn -0.99715 0.05315 -0.05351
vn -0.99181 0.1277 0
vn 0.99619 -0.08716 0
vn 0.96593 -0.25882 0
vn 0.90631 -0.42262 0
vn 0.81915 -0.57357 0
vn 0.70711 -0.70711 0
vn 0.57357 -0.81915 0
vn 0.42262 -0.90631 0
vn 0.25882 -0.96592 0
vn 0.08715 -0.9962 0
vn -0.08715 -0.9962 -0
vn -0.25882 -0.96592 -0
vn -0.42262 -0.90631 -0
vn -0.57357 -0.81915 -0
vn -0.70711 -0.70711 -0
vn -0.81915 -0.57357 -0
vn -0.90631 -0.42262 -0
vn -0.96593 -0.25882 -0
vn -0.99619 -0.08716 -0
vn -0.99619 0.08716 0
vn -0.96593 0.25882 0
vn -0.90631 0.42262 0
vn -0.81915 0.57358 0
vn -0.70711 0.70711 0
vn -0.57358 0.81915 0
vn -0.42262 0.90631 0
vn -0.25882 0.96593 0
vn -0.08716 0.99619 0
vn 0.08716 0.99619 0
vn 0.25882 0.96593 0
vn 0.42262 0.90631 0
vn 0.57358 0.81915 0
vn 0.70711 0.70711 0
vn 0.81915 0.57358 0
vn 0.90631 0.42262 0
vn 0.96593 0.25882 0
vn 0.99619 0.08716 0
vn 0.99619 -0.08716 0
vn 0.96593 -0.25882 0
vn 0.90631 -0.42262 0
vn 0.81915 -0.57358 0
vn 0.70711 -0.70711 0
vn 0.57358 -0.81915 0
vn 0.42262 -0.90631 0
vn 0.25882 -0.96593 0
vn 0.08715 -0.99619 0
vn -0.08715 -0.99619 -0
vn -0.25882 -0.96593 -0
vn -0.42262 -0.90631 -0
vn -0.57358 -0.81915 -0
vn -0.70711 -0.70711 -0
vn -0.81915 -0.57358 -0
vn -0.90631 -0.42262 -0
vn -0.96593 -0.25882 -0
vn -0.99619 -0.08716 -0
vn -0.99619 0.08716 0
vn -0.96593 0.25882 0
vn -0.90631 0.42262 0
vn -0.81915 0.57358 0
vn -0.70711 0.70711 0
vn -0.57358 0.81915 0
vn -0.42261 0.90631 0
vn -0.25882 0.96593 0
vn -0.08716 0.99619 0
vn 0.08716 0.99619 0
vn 0.25882 0.96593 0
vn 0.42261 0.90631 0
vn 0.57358 0.81915 0
vn 0.70711 0.70711 0
vn 0.81915 0.57358 0
vn 0.90631 0.42262 0
vn 0.96593 0.25882 0
vn 0.99619 0.08716 0
vn 0.08715 -0.99619 0
vn -0.08715 -0.99619 -0
vn -0.08716 0.99619 0
vn 0.08716 0.99619 0
vn 0.4801 0.05829 0.87528
vn 0.98691 0.13571 0.08714
vn 0.97775 0.19083 0.08712
vn 0.59647 0.12177 0.79335
vn 0.96927 0.23005 0.08719
vn 0.95687 0.27716 0.08713
vn 0.42854 0.20334 0.88034
vn 0.95687 0.27716 0.08704
vn 0.94264 0.32225 0.08711
vn 0.61456 0.23307 0.75365
vn 0.9289 0.35995 0.08707
vn 0.90725 0.41147 0.08709
vn 0.88994 0.44766 0.08726
vn 0.86344 0.49685 0.08721
vn 0.8209 0.47395 0.31859
vn 0.84274 0.53122 0.08716
vn 0.81986 0.56591 0.08709
vn 0.81986 0.56591 0.08706
vn 0.78771 0.60985 0.08712
vn 0.38507 0.3144 0.86768
vn 0.76252 0.64108 0.08708
vn 0.72538 0.68282 0.08707
vn 0.41109 0.39486 0.82164
vn 0.69729 0.71147 0.08716
vn 0.6606 0.74567 0.08709
vn 0.25062 0.39632 0.88324
vn 0.6606 0.74566 0.08713
vn 0.62559 0.77527 0.0872
vn 0.43085 0.57336 0.69687
vn 0.59387 0.79984 0.08706
vn 0.54809 0.83188 0.08709
vn 0.51414 0.85326 0.08719
vn 0.46549 0.88075 0.08714
vn 0.40437 0.77047 0.49281
vn 0.42965 0.89878 0.08718
vn 0.39048 0.91648 0.08712
vn 0.39048 0.91648 0.08711
vn 0.34117 0.93595 0.08718
vn 0.16322 0.48891 0.85693
vn 0.3032 0.94893 0.08713
vn 0.24952 0.96444 0.08712
vn 0.12909 0.52372 0.84205
vn 0.21048 0.97371 0.08711
vn 0.1598 0.9833 0.08704
vn 0 0.46713 0.88419
vn 0.1598 0.9833 0.08714
vn 0.1158 0.98944 0.08721
vn 0.0635 0.78665 0.61413
vn 0.07588 0.99331 0.08701
vn 0.02006 0.996 0.08704
vn -0.02006 0.996 0.08704
vn -0.07588 0.99331 0.08701
vn -0.0635 0.78665 0.61413
vn -0.1158 0.98944 0.08721
vn -0.1598 0.9833 0.08714
vn -0.1598 0.9833 0.08704
vn -0.21048 0.97371 0.08711
vn -0.12909 0.52372 0.84205
vn -0.24952 0.96444 0.08712
vn -0.3032 0.94893 0.08713
vn -0.16322 0.48891 0.85693
vn -0.34117 0.93595 0.08718
vn -0.39048 0.91648 0.08711
vn -0.39048 0.91648 0.08712
vn -0.42965 0.89878 0.08718
vn -0.40437 0.77047 0.49281
vn -0.46549 0.88075 0.08714
vn -0.51414 0.85326 0.08719
vn -0.25062 0.39632 0.88324
vn -0.54809 0.83188 0.08709
vn -0.59387 0.79984 0.08706
vn -0.43085 0.57336 0.69687
vn -0.62559 0.77527 0.0872
vn -0.6606 0.74566 0.08713
vn -0.6606 0.74567 0.08709
vn -0.69729 0.71147 0.08716
vn -0.41109 0.39486 0.82164
vn -0.72538 0.68282 0.08707
vn -0.76252 0.64108 0.08708
vn -0.38507 0.3144 0.86768
vn -0.78771 0.60985 0.08712
vn -0.81986 0.56591 0.08706
vn -0.81986 0.56591 0.08709
vn -0.84274 0.53122 0.08716
vn -0.8209 0.47395 0.31859
vn -0.86344 0.49685 0.08721
vn -0.88994 0.44766 0.08726
vn -0.42854 0.20334 0.88034
vn -0.90725 0.41147 0.08709
vn -0.9289 0.35995 0.08707
vn -0.61456 0.23307 0.75365
vn -0.94264 0.32225 0.08711
vn -0.95687 0.27716 0.08704
vn -0.95687 0.27716 0.08713
vn -0.96927 0.23005 0.08719
vn -0.59647 0.12177 0.79335
vn -0.97775 0.19083 0.08712
vn -0.98691 0.13571 0.08714
vn -0.4801 0.05829 0.87528
vn -0.99157 0.09586 0.08713
vn -0.99539 0.04011 0.08707
vn -0.99538 0.04011 0.08719
vn -0.99538 -0.04011 0.08719
vn -0.99539 -0.04011 0.08707
vn -0.99157 -0.09586 0.08713
vn -0.4801 -0.05829 0.87528
vn -0.98691 -0.13571 0.08714
vn -0.97775 -0.19083 0.08712
vn -0.59647 -0.12177 0.79335
vn -0.96927 -0.23005 0.08719
vn -0.95687 -0.27716 0.08713
vn -0.42854 -0.20334 0.88034
vn -0.95687 -0.27716 0.08704
vn -0.94264 -0.32225 0.08711
vn -0.61456 -0.23307 0.75365
vn -0.9289 -0.35995 0.08707
vn -0.90725 -0.41147 0.08709
vn -0.88994 -0.44766 0.08726
vn -0.86344 -0.49685 0.08721
vn -0.8209 -0.47395 0.31859
vn -0.84274 -0.53122 0.08716
vn -0.81986 -0.56591 0.08709
vn -0.81986 -0.56591 0.08706
vn -0.78771 -0.60985 0.08712
vn -0.38507 -0.3144 0.86768
vn -0.76252 -0.64108 0.08708
vn -0.72538 -0.68282 0.08707
vn -0.41109 -0.39486 0.82164
vn -0.69729 -0.71147 0.08716
vn -0.6606 -0.74567 0.08709
vn -0.25062 -0.39632 0.88324
vn -0.6606 -0.74566 0.08713
vn -0.62559 -0.77527 0.0872
vn -0.43085 -0.57336 0.69687
vn -0.59387 -0.79984 0.08706
vn -0.54809 -0.83188 0.08709
vn -0.51414 -0.85326 0.08719
vn -0.46549 -0.88075 0.08714
vn -0.40437 -0.77047 0.49281
vn -0.42965 -0.89878 0.08718
vn -0.39048 -0.91648 0.08712
vn -0.39048 -0.91648 0.08711
vn -0.34117 -0.93595 0.08718
vn -0.16322 -0.48891 0.85693
vn -0.3032 -0.94893 0.08713
vn -0.24952 -0.96444 0.08712
vn -0.12909 -0.52372 0.84205
vn -0.21048 -0.97371 0.08711
vn -0.1598 -0.9833 0.08704
vn -0.1598 -0.9833 0.08714
vn -0.1158 -0.98944 0.08721
vn -0.0635 -0.78665 0.61413
vn -0.07588 -0.99331 0.08701
vn -0.02006 -0.996 0.08704
vn 0 -0.46713 0.88419
vn 0.02006 -0.996 0.08704
vn 0.07588 -0.99331 0.08701
vn 0.0635 -0.78665 0.61413
vn 0.1158 -0.98944 0.08721
vn 0.1598 -0.9833 0.08714
vn 0.1598 -0.9833 0.08704
vn 0.21048 -0.97371 0.08711
vn 0.12909 -0.52372 0.84205
vn 0.24952 -0.96444 0.08712
vn 0.3032 -0.94893 0.08713
vn 0.16322 -0.48891 0.85693
vn 0.34117 -0.93595 0.08718
vn 0.39048 -0.91648 0.08711
vn 0.39048 -0.91648 0.08712
vn 0.42965 -0.89878 0.08718
vn 0.40437 -0.77047 0.49281
vn 0.46549 -0.88075 0.08714
vn 0.51414 -0.85326 0.08719
vn 0.25062 -0.39632 0.88324
vn 0.54809 -0.83188 0.08709
vn 0.59387 -0.79984 0.08706
vn 0.43085 -0.57336 0.69687
vn 0.62559 -0.77527 0.0872
vn 0.6606 -0.74566 0.08713
vn 0.6606 -0.74567 0.08709
vn 0.69729 -0.71147 0.08716
vn 0.41109 -0.39486 0.82164
vn 0.72538 -0.68282 0.08707
vn 0.76252 -0.64108 0.08708
vn 0.38507 -0.3144 0.86768
vn 0.78771 -0.60985 0.08712
vn 0.81986 -0.56591 0.08706
vn 0.81986 -0.56591 0.08709
vn 0.84274 -0.53122 0.08716
vn 0.8209 -0.47395 0.31859
vn 0.86344 -0.49685 0.08721
vn 0.88994 -0.44766 0.08726
vn 0.42854 -0.20334 0.88034
vn 0.90725 -0.41147 0.08709
vn 0.9289 -0.35995 0.08707
vn 0.61456 -0.23307 0.75365
vn 0.94264 -0.32225 0.08711
vn 0.95687 -0.27716 0.08704
vn 0.95687 -0.27716 0.08713
vn 0.96927 -0.23005 0.08719
vn 0.59647 -0.12177 0.79335
vn 0.97775 -0.19083 0.08712
vn 0.98691 -0.13571 0.08714
vn 0.4801 -0.05829 0.87528
vn 0.99157 -0.09586 0.08713
vn 0.99539 -0.04011 0.08707
vn 0.99538 -0.04011 0.08719
vn 0.99538 0.04011 0.08719
vn 0.99539 0.04011 0.08707
vn 0.99157 0.09586 0.08713
vn 0.95894 -0.11644 0.25861
vn 0.95893 -0.11644 0.25865
vn 0.94645 -0.19322 0.25865
vn 0.94646 -0.19322 0.25859
vn 0.92785 -0.26875 0.25859
vn 0.92784 -0.26875 0.25863
vn 0.9032 -0.34254 0.25863
vn 0.9032 -0.34254 0.25863
vn 0.87271 -0.41411 0.25863
vn 0.87273 -0.41412 0.25854
vn 0.83658 -0.483 0.25854
vn 0.83658 -0.483 0.25856
vn 0.795 -0.54875 0.25856
vn 0.79497 -0.54873 0.25867
vn 0.74824 -0.61092 0.25867
vn 0.74826 -0.61093 0.2586
vn 0.69667 -0.66916 0.25861
vn 0.69667 -0.66917 0.25858
vn 0.64057 -0.72306 0.25857
vn 0.64055 -0.72304 0.25867
vn 0.5803 -0.77223 0.25867
vn 0.58029 -0.77223 0.2587
vn 0.51627 -0.81642 0.2587
vn 0.5163 -0.81646 0.25853
vn 0.44892 -0.85535 0.25853
vn 0.44892 -0.85534 0.25858
vn 0.37864 -0.88869 0.25857
vn 0.37863 -0.88869 0.25859
vn 0.3059 -0.91627 0.25859
vn 0.30589 -0.91625 0.25868
vn 0.23117 -0.93789 0.25868
vn 0.23117 -0.93791 0.25862
vn 0.15495 -0.95347 0.25862
vn 0.15496 -0.95348 0.25856
vn 0.07773 -0.96286 0.25856
vn 0.07773 -0.96284 0.25866
vn 0 -0.96597 0.25866
vn -0.07773 -0.96284 0.25866
vn -0.07773 -0.96286 0.25856
vn -0.15496 -0.95348 0.25856
vn -0.15495 -0.95347 0.25862
vn -0.23117 -0.93791 0.25862
vn -0.23117 -0.93789 0.25868
vn -0.30589 -0.91625 0.25868
vn -0.3059 -0.91627 0.25859
vn -0.37863 -0.88869 0.25859
vn -0.37864 -0.88869 0.25857
vn -0.44892 -0.85534 0.25858
vn -0.44892 -0.85535 0.25853
vn -0.51629 -0.81646 0.25853
vn -0.51627 -0.81642 0.2587
vn -0.58029 -0.77223 0.2587
vn -0.5803 -0.77223 0.25867
vn -0.64055 -0.72304 0.25867
vn -0.64057 -0.72306 0.25857
vn -0.69667 -0.66917 0.25858
vn -0.69667 -0.66916 0.25861
vn -0.74826 -0.61093 0.2586
vn -0.74824 -0.61092 0.25867
vn -0.79498 -0.54873 0.25867
vn -0.795 -0.54875 0.25856
vn -0.83658 -0.483 0.25856
vn -0.83658 -0.483 0.25854
vn -0.87273 -0.41412 0.25854
vn -0.87271 -0.41411 0.25863
vn -0.9032 -0.34254 0.25863
vn -0.9032 -0.34254 0.25863
vn -0.92784 -0.26875 0.25863
vn -0.92785 -0.26875 0.25859
vn -0.94646 -0.19322 0.25859
vn -0.94645 -0.19322 0.25865
vn -0.95893 -0.11643 0.25865
vn -0.95894 -0.11644 0.25861
vn -0.9652 -0.0389 0.25861
vn -0.9652 -0.0389 0.25859
vn -0.9652 0.0389 0.25859
vn -0.9652 0.0389 0.25861
vn -0.95894 0.11644 0.25861
vn -0.95893 0.11644 0.25865
vn -0.94645 0.19322 0.25865
vn -0.94646 0.19322 0.25859
vn -0.92785 0.26875 0.25859
vn -0.92784 0.26875 0.25863
vn -0.9032 0.34254 0.25863
vn -0.9032 0.34254 0.25863
vn -0.87271 0.41411 0.25863
vn -0.87273 0.41412 0.25854
vn -0.83658 0.483 0.25854
vn -0.83658 0.483 0.25856
vn -0.795 0.54875 0.25856
vn -0.79497 0.54873 0.25867
vn -0.74824 0.61092 0.25867
vn -0.74826 0.61093 0.2586
vn -0.69667 0.66916 0.25861
vn -0.69667 0.66917 0.25858
vn -0.64057 0.72306 0.25857
vn -0.64055 0.72304 0.25867
vn -0.5803 0.77223 0.25867
vn -0.58029 0.77223 0.2587
vn -0.51627 0.81642 0.2587
vn -0.5163 0.81646 0.25853
vn -0.44892 0.85535 0.25853
vn -0.44892 0.85534 0.25858
vn -0.37864 0.88869 0.25857
vn -0.37863 0.88869 0.25859
vn -0.3059 0.91627 0.25859
vn -0.30589 0.91625 0.25868
vn -0.23117 0.93789 0.25868
vn -0.23117 0.93791 0.25862
vn -0.15495 0.95347 0.25862
vn -0.15496 0.95348 0.25856
vn -0.07773 0.96286 0.25856
vn -0.07773 0.96284 0.25866
vn 0 0.96597 0.25866
vn 0.07773 0.96284 0.25866
vn 0.07773 0.96286 0.25856
vn 0.15496 0.95348 0.25856
vn 0.15495 0.95347 0.25862
vn 0.23117 0.93791 0.25862
vn 0.23117 0.93789 0.25868
vn 0.30589 0.91625 0.25868
vn 0.3059 0.91627 0.25859
vn 0.37863 0.88869 0.25859
vn 0.37864 0.88869 0.25857
vn 0.44892 0.85534 0.25858
vn 0.44892 0.85535 0.25853
vn 0.51629 0.81646 0.25853
vn 0.51627 0.81642 0.2587
vn 0.58029 0.77223 0.2587
vn 0.5803 0.77223 0.25867
vn 0.64055 0.72304 0.25867
vn 0.64057 0.72306 0.25857
vn 0.69667 0.66917 0.25858
vn 0.69667 0.66916 0.25861
vn 0.74826 0.61093 0.2586
vn 0.74824 0.61092 0.25867
vn 0.79498 0.54873 0.25867
vn 0.795 0.54875 0.25856
vn 0.83658 0.483 0.25856
vn 0.83658 0.483 0.25854
vn 0.87273 0.41412 0.25854
vn 0.87271 0.41411 0.25863
vn 0.9032 0.34254 0.25863
vn 0.9032 0.34254 0.25863
vn 0.92784 0.26875 0.25863
vn 0.92785 0.26875 0.25859
vn 0.94646 0.19322 0.25859
vn 0.94645 0.19322 0.25865
vn 0.95893 0.11643 0.25865
vn 0.95894 0.11644 0.25861
vn 0.9652 0.0389 0.25861
vn 0.9652 0.0389 0.25859
vn 0.9652 -0.0389 0.25859
vn 0.9652 -0.0389 0.25861
vn 0.89982 -0.10926 0.42236
vn 0.89982 -0.10926 0.42236
vn 0.88811 -0.18131 0.42235
vn 0.88812 -0.18131 0.42233
vn 0.87065 -0.25219 0.42233
vn 0.87064 -0.25218 0.42236
vn 0.84753 -0.32142 0.42236
vn 0.84751 -0.32142 0.4224
vn 0.8189 -0.38857 0.4224
vn 0.81892 -0.38858 0.42235
vn 0.78499 -0.45322 0.42235
vn 0.78497 -0.4532 0.42242
vn 0.74595 -0.51489 0.42242
vn 0.74599 -0.51492 0.42231
vn 0.70214 -0.57328 0.42231
vn 0.70212 -0.57327 0.42236
vn 0.65372 -0.6279 0.42236
vn 0.65372 -0.62791 0.42235
vn 0.60107 -0.67847 0.42236
vn 0.60109 -0.67849 0.42229
vn 0.54455 -0.72466 0.42229
vn 0.54456 -0.72468 0.42224
vn 0.48449 -0.76615 0.42224
vn 0.48446 -0.76611 0.42235
vn 0.42124 -0.8026 0.42235
vn 0.42123 -0.80259 0.42238
vn 0.35528 -0.83389 0.42238
vn 0.3553 -0.83391 0.42233
vn 0.28704 -0.85979 0.42233
vn 0.28704 -0.85979 0.42235
vn 0.21692 -0.88009 0.42235
vn 0.21693 -0.88012 0.42229
vn 0.14541 -0.89472 0.42229
vn 0.14541 -0.89472 0.4223
vn 0.07294 -0.90352 0.4223
vn 0.07294 -0.90352 0.4223
vn 0 -0.90646 0.4223
vn -0.07294 -0.90352 0.4223
vn -0.07294 -0.90352 0.4223
vn -0.14541 -0.89472 0.4223
vn -0.14541 -0.89472 0.42229
vn -0.21693 -0.88012 0.42229
vn -0.21692 -0.88009 0.42235
vn -0.28704 -0.85978 0.42235
vn -0.28704 -0.85979 0.42233
vn -0.3553 -0.83391 0.42233
vn -0.35529 -0.83388 0.42238
vn -0.42123 -0.80259 0.42238
vn -0.42124 -0.8026 0.42235
vn -0.48446 -0.76611 0.42235
vn -0.48448 -0.76615 0.42224
vn -0.54456 -0.72468 0.42224
vn -0.54455 -0.72466 0.42229
vn -0.60109 -0.6785 0.42229
vn -0.60107 -0.67847 0.42236
vn -0.65372 -0.62791 0.42235
vn -0.65372 -0.6279 0.42236
vn -0.70212 -0.57327 0.42236
vn -0.70214 -0.57328 0.42231
vn -0.74599 -0.51492 0.42231
vn -0.74595 -0.51489 0.42242
vn -0.78497 -0.4532 0.42242
vn -0.78499 -0.45322 0.42235
vn -0.81892 -0.38858 0.42235
vn -0.8189 -0.38857 0.4224
vn -0.84751 -0.32142 0.4224
vn -0.84753 -0.32142 0.42236
vn -0.87064 -0.25218 0.42236
vn -0.87065 -0.25219 0.42233
vn -0.88812 -0.18131 0.42233
vn -0.88811 -0.18131 0.42235
vn -0.89982 -0.10926 0.42236
vn -0.89982 -0.10926 0.42236
vn -0.90569 -0.0365 0.42236
vn -0.90569 -0.0365 0.42236
vn -0.90569 0.0365 0.42236
vn -0.90569 0.0365 0.42236
vn -0.89982 0.10926 0.42236
vn -0.89982 0.10926 0.42236
vn -0.88811 0.18131 0.42235
vn -0.88812 0.18131 0.42233
vn -0.87065 0.25219 0.42233
vn -0.87064 0.25218 0.42236
vn -0.84753 0.32142 0.42236
vn -0.84751 0.32142 0.4224
vn -0.8189 0.38857 0.4224
vn -0.81892 0.38858 0.42235
vn -0.78499 0.45322 0.42235
vn -0.78497 0.4532 0.42242
vn -0.74595 0.51489 0.42242
vn -0.74599 0.51492 0.42231
vn -0.70214 0.57328 0.42231
vn -0.70212 0.57327 0.42236
vn -0.65372 0.6279 0.42236
vn -0.65372 0.62791 0.42235
vn -0.60107 0.67847 0.42236
vn -0.60109 0.67849 0.42229
vn -0.54455 0.72466 0.42229
vn -0.54456 0.72468 0.42224
vn -0.48449 0.76615 0.42224
vn -0.48446 0.76611 0.42235
vn -0.42124 0.8026 0.42235
vn -0.42123 0.80259 0.42238
vn -0.35528 0.83389 0.42238
vn -0.3553 0.83391 0.42233
vn -0.28704 0.85979 0.42233
vn -0.28704 0.85979 0.42235
vn -0.21692 0.88009 0.42235
vn -0.21693 0.88012 0.42229
vn -0.14541 0.89472 0.42229
vn -0.14541 0.89472 0.4223
vn -0.07294 0.90352 0.4223
vn -0.07294 0.90352 0.4223
vn 0 0.90646 0.4223
vn 0.07294 0.90352 0.4223
vn 0.07294 0.90352 0.4223
vn 0.14541 0.89472 0.4223
vn 0.14541 0.89472 0.42229
vn 0.21693 0.88012 0.42229
vn 0.21692 0.88009 0.42235
vn 0.28704 0.85978 0.42235
vn 0.28704 0.85979 0.42233
vn 0.3553 0.83391 0.42233
vn 0.35529 0.83388 0.42238
vn 0.42123 0.80259 0.42238
vn 0.42124 0.8026 0.42235
vn 0.48446 0.76611 0.42235
vn 0.48448 0.76615 0.42224
vn 0.54456 0.72468 0.42224
vn 0.54455 0.72466 0.42229
vn 0.60109 0.6785 0.42229
vn 0.60107 0.67847 0.42236
vn 0.65372 0.62791 0.42235
vn 0.65372 0.6279 0.42236
vn 0.70212 0.57327 0.42236
vn 0.70214 0.57328 0.42231
vn 0.74599 0.51492 0.42231
vn 0.74595 0.51489 0.42242
vn 0.78497 0.4532 0.42242
vn 0.78499 0.45322 0.42235
vn 0.81892 0.38858 0.42235
vn 0.8189 0.38857 0.4224
vn 0.84751 0.32142 0.4224
vn 0.84753 0.32142 0.42236
vn 0.87064 0.25218 0.42236
vn 0.87065 0.25219 0.42233
vn 0.88812 0.18131 0.42233
vn 0.88811 0.18131 0.42235
vn 0.89982 0.10926 0.42236
vn 0.89982 0.10926 0.42236
vn 0.90569 0.0365 0.42236
vn 0.90569 0.0365 0.42236
vn 0.90569 -0.0365 0.42236
vn 0.90569 -0.0365 0.42236
vn 0.81339 -0.09876 0.57327
vn 0.81341 -0.09877 0.57325
vn 0.80282 -0.1639 0.57325
vn 0.80279 -0.16389 0.57329
vn 0.787 -0.22796 0.57329
vn 0.787 -0.22796 0.57329
vn 0.76611 -0.29055 0.57329
vn 0.76618 -0.29057 0.57318
vn 0.74032 -0.35128 0.57318
vn 0.74026 -0.35126 0.57326
vn 0.7096 -0.40969 0.57326
vn 0.70962 -0.4097 0.57323
vn 0.67435 -0.46547 0.57323
vn 0.67436 -0.46547 0.57322
vn 0.63471 -0.51823 0.57322
vn 0.63468 -0.5182 0.57328
vn 0.59092 -0.56759 0.57328
vn 0.59094 -0.56761 0.57324
vn 0.54335 -0.61332 0.57324
vn 0.54336 -0.61332 0.57323
vn 0.49224 -0.65506 0.57323
vn 0.49219 -0.65498 0.57337
vn 0.43789 -0.69246 0.57337
vn 0.43792 -0.69252 0.57328
vn 0.38078 -0.72551 0.57328
vn 0.3808 -0.72555 0.5732
vn 0.32118 -0.75384 0.5732
vn 0.32116 -0.75379 0.57328
vn 0.25947 -0.77719 0.57328
vn 0.25949 -0.77725 0.57319
vn 0.1961 -0.79561 0.57319
vn 0.19608 -0.79554 0.57329
vn 0.13143 -0.80874 0.57329
vn 0.13144 -0.80876 0.57327
vn 0.06593 -0.81671 0.57327
vn 0.06593 -0.81672 0.57325
vn 0 -0.81938 0.57325
vn -0.06593 -0.81672 0.57325
vn -0.06593 -0.81671 0.57327
vn -0.13144 -0.80876 0.57327
vn -0.13143 -0.80874 0.57329
vn -0.19608 -0.79554 0.57329
vn -0.1961 -0.79561 0.57319
vn -0.25948 -0.77725 0.57319
vn -0.25947 -0.77719 0.57328
vn -0.32116 -0.75379 0.57328
vn -0.32118 -0.75384 0.5732
vn -0.3808 -0.72555 0.5732
vn -0.38078 -0.72551 0.57328
vn -0.43792 -0.69252 0.57328
vn -0.43789 -0.69246 0.57337
vn -0.49219 -0.65498 0.57337
vn -0.49224 -0.65506 0.57323
vn -0.54336 -0.61332 0.57323
vn -0.54335 -0.61332 0.57324
vn -0.59094 -0.56761 0.57324
vn -0.59092 -0.56759 0.57328
vn -0.63468 -0.5182 0.57328
vn -0.63471 -0.51823 0.57322
vn -0.67436 -0.46547 0.57322
vn -0.67435 -0.46547 0.57323
vn -0.70962 -0.4097 0.57323
vn -0.7096 -0.40969 0.57326
vn -0.74027 -0.35126 0.57326
vn -0.74032 -0.35128 0.57318
vn -0.76618 -0.29057 0.57318
vn -0.76611 -0.29055 0.57329
vn -0.787 -0.22796 0.57329
vn -0.787 -0.22796 0.57329
vn -0.80279 -0.16389 0.57329
vn -0.80282 -0.1639 0.57325
vn -0.81341 -0.09877 0.57325
vn -0.81339 -0.09876 0.57327
vn -0.8187 -0.03299 0.57327
vn -0.81874 -0.03299 0.57322
vn -0.81874 0.03299 0.57322
vn -0.8187 0.03299 0.57327
vn -0.81339 0.09876 0.57327
vn -0.81341 0.09877 0.57325
vn -0.80282 0.1639 0.57325
vn -0.80279 0.16389 0.57329
vn -0.787 0.22796 0.57329
vn -0.787 0.22796 0.57329
vn -0.76611 0.29055 0.57329
vn -0.76618 0.29057 0.57318
vn -0.74032 0.35128 0.57318
vn -0.74026 0.35126 0.57326
vn -0.7096 0.40969 0.57326
vn -0.70962 0.4097 0.57323
vn -0.67435 0.46547 0.57323
vn -0.67436 0.46547 0.57322
vn -0.63471 0.51823 0.57322
vn -0.63468 0.5182 0.57328
vn -0.59092 0.56759 0.57328
vn -0.59094 0.56761 0.57324
vn -0.54335 0.61332 0.57324
vn -0.54336 0.61332 0.57323
vn -0.49224 0.65506 0.57323
vn -0.49219 0.65498 0.57337
vn -0.43789 0.69246 0.57337
vn -0.43792 0.69252 0.57328
vn -0.38078 0.72551 0.57328
vn -0.3808 0.72555 0.5732
vn -0.32118 0.75384 0.5732
vn -0.32116 0.75379 0.57328
vn -0.25947 0.77719 0.57328
vn -0.25949 0.77725 0.57319
vn -0.1961 0.79561 0.57319
vn -0.19608 0.79554 0.57329
vn -0.13143 0.80874 0.57329
vn -0.13144 0.80876 0.57327
vn -0.06593 0.81671 0.57327
vn -0.06593 0.81672 0.57325
vn 0 0.81938 0.57325
vn 0.06593 0.81672 0.57325
vn 0.06593 0.81671 0.57327
vn 0.13144 0.80876 0.57327
vn 0.13143 0.80874 0.57329
vn 0.19608 0.79554 0.57329
vn 0.1961 0.79561 0.57319
vn 0.25948 0.77725 0.57319
vn 0.25947 0.77719 0.57328
vn 0.32116 0.75379 0.57328
vn 0.32118 0.75384 0.5732
vn 0.3808 0.72555 0.5732
vn 0.38078 0.72551 0.57328
vn 0.43792 0.69252 0.57328
vn 0.43789 0.69246 0.57337
vn 0.49219 0.65498 0.57337
vn 0.49224 0.65506 0.57323
vn 0.54336 0.61332 0.57323
vn 0.54335 0.61332 0.57324
vn 0.59094 0.56761 0.57324
vn 0.59092 0.56759 0.57328
vn 0.63468 0.5182 0.57328
vn 0.63471 0.51823 0.57322
vn 0.67436 0.46547 0.57322
vn 0.67435 0.46547 0.57323
vn 0.70962 0.4097 0.57323
vn 0.7096 0.40969 0.57326
vn 0.74027 0.35126 0.57326
vn 0.74032 0.35128 0.57318
vn 0.76618 0.29057 0.57318
vn 0.76611 0.29055 0.57329
vn 0.787 0.22796 0.57329
vn 0.787 0.22796 0.57329
vn 0.80279 0.16389 0.57329
vn 0.80282 0.1639 0.57325
vn 0.81341 0.09877 0.57325
vn 0.81339 0.09876 0.57327
vn 0.8187 0.03299 0.57327
vn 0.81874 0.03299 0.57322
vn 0.81874 -0.03299 0.57322
vn 0.8187 -0.03299 0.57327
vn 0.70224 -0.08527 0.70682
vn 0.70222 -0.08527 0.70683
vn 0.69309 -0.14149 0.70683
vn 0.69307 -0.14149 0.70685
vn 0.67943 -0.1968 0.70685
vn 0.67951 -0.19682 0.70677
vn 0.66147 -0.25086 0.70677
vn 0.66137 -0.25082 0.70688
vn 0.63904 -0.30323 0.70688
vn 0.63907 -0.30324 0.70684
vn 0.6126 -0.35369 0.70684
vn 0.61265 -0.35371 0.70679
vn 0.5822 -0.40186 0.70679
vn 0.58216 -0.40184 0.70684
vn 0.54794 -0.44738 0.70684
vn 0.54798 -0.44741 0.70678
vn 0.5102 -0.49006 0.70678
vn 0.5102 -0.49005 0.70679
vn 0.46911 -0.52952 0.70679
vn 0.46906 -0.52946 0.70686
vn 0.42494 -0.56549 0.70686
vn 0.425 -0.56557 0.70675
vn 0.37811 -0.59794 0.70676
vn 0.37808 -0.59789 0.70682
vn 0.32874 -0.62637 0.70681
vn 0.32873 -0.62634 0.70685
vn 0.27726 -0.65076 0.70685
vn 0.27727 -0.65078 0.70683
vn 0.22401 -0.67098 0.70683
vn 0.224 -0.67097 0.70684
vn 0.16929 -0.68682 0.70684
vn 0.16928 -0.68679 0.70687
vn 0.11347 -0.69819 0.70687
vn 0.11348 -0.69824 0.70681
vn 0.05692 -0.7051 0.70681
vn 0.05692 -0.70507 0.70685
vn 0 -0.70736 0.70685
vn -0.05692 -0.70507 0.70685
vn -0.05692 -0.7051 0.70681
vn -0.11347 -0.69824 0.70681
vn -0.11347 -0.69819 0.70687
vn -0.16928 -0.68679 0.70687
vn -0.16929 -0.68682 0.70684
vn -0.224 -0.67097 0.70684
vn -0.22401 -0.67098 0.70683
vn -0.27727 -0.65078 0.70683
vn -0.27726 -0.65076 0.70685
vn -0.32873 -0.62634 0.70685
vn -0.32874 -0.62637 0.70681
vn -0.37808 -0.59789 0.70682
vn -0.37811 -0.59794 0.70676
vn -0.425 -0.56557 0.70675
vn -0.42494 -0.56549 0.70686
vn -0.46906 -0.52946 0.70686
vn -0.46911 -0.52952 0.70679
vn -0.5102 -0.49005 0.70679
vn -0.5102 -0.49006 0.70678
vn -0.54798 -0.44741 0.70678
vn -0.54794 -0.44738 0.70684
vn -0.58216 -0.40184 0.70684
vn -0.5822 -0.40186 0.70679
vn -0.61264 -0.35371 0.70679
vn -0.6126 -0.35368 0.70684
vn -0.63907 -0.30324 0.70684
vn -0.63904 -0.30323 0.70688
vn -0.66137 -0.25082 0.70688
vn -0.66147 -0.25086 0.70677
vn -0.67951 -0.19682 0.70677
vn -0.67943 -0.1968 0.70685
vn -0.69307 -0.14149 0.70685
vn -0.69309 -0.14149 0.70683
vn -0.70222 -0.08527 0.70683
vn -0.70224 -0.08527 0.70682
vn -0.70682 -0.02848 0.70682
vn -0.7068 -0.02848 0.70684
vn -0.7068 0.02848 0.70684
vn -0.70682 0.02848 0.70682
vn -0.70224 0.08527 0.70682
vn -0.70222 0.08527 0.70683
vn -0.69309 0.14149 0.70683
vn -0.69307 0.14149 0.70685
vn -0.67943 0.1968 0.70685
vn -0.67951 0.19682 0.70677
vn -0.66147 0.25086 0.70677
vn -0.66137 0.25082 0.70688
vn -0.63904 0.30323 0.70688
vn -0.63907 0.30324 0.70684
vn -0.6126 0.35369 0.70684
vn -0.61265 0.35371 0.70679
vn -0.5822 0.40186 0.70679
vn -0.58216 0.40184 0.70684
vn -0.54794 0.44738 0.70684
vn -0.54798 0.44741 0.70678
vn -0.5102 0.49006 0.70678
vn -0.5102 0.49005 0.70679
vn -0.46911 0.52952 0.70679
vn -0.46906 0.52946 0.70686
vn -0.42494 0.56549 0.70686
vn -0.425 0.56557 0.70675
vn -0.37811 0.59794 0.70676
vn -0.37808 0.59789 0.70682
vn -0.32874 0.62637 0.70681
vn -0.32873 0.62634 0.70685
vn -0.27726 0.65076 0.70685
vn -0.27727 0.65078 0.70683
vn -0.22401 0.67098 0.70683
vn -0.224 0.67097 0.70684
vn -0.16929 0.68682 0.70684
vn -0.16928 0.68679 0.70687
vn -0.11347 0.69819 0.70687
vn -0.11348 0.69824 0.70681
vn -0.05692 0.7051 0.70681
vn -0.05692 0.70507 0.70685
vn 0 0.70736 0.70685
vn 0.05692 0.70507 0.70685
vn 0.05692 0.7051 0.70681
vn 0.11347 0.69824 0.70681
vn 0.11347 0.69819 0.70687
vn 0.16928 0.68679 0.70687
vn 0.16929 0.68682 0.70684
vn 0.224 0.67097 0.70684
vn 0.22401 0.67098 0.70683
vn 0.27727 0.65078 0.70683
vn 0.27726 0.65076 0.70685
vn 0.32873 0.62634 0.70685
vn 0.32874 0.62637 0.70681
vn 0.37808 0.59789 0.70682
vn 0.37811 0.59794 0.70676
vn 0.425 0.56557 0.70675
vn 0.42494 0.56549 0.70686
vn 0.46906 0.52946 0.70686
vn 0.46911 0.52952 0.70679
vn 0.5102 0.49005 0.70679
vn 0.5102 0.49006 0.70678
vn 0.54798 0.44741 0.70678
vn 0.54794 0.44738 0.70684
vn 0.58216 0.40184 0.70684
vn 0.5822 0.40186 0.70679
vn 0.61264 0.35371 0.70679
vn 0.6126 0.35368 0.70684
vn 0.63907 0.30324 0.70684
vn 0.63904 0.30323 0.70688
vn 0.66137 0.25082 0.70688
vn 0.66147 0.25086 0.70677
vn 0.67951 0.19682 0.70677
vn 0.67943 0.1968 0.70685
vn 0.69307 0.14149 0.70685
vn 0.69309 0.14149 0.70683
vn 0.70222 0.08527 0.70683
vn 0.70224 0.08527 0.70682
vn 0.70682 0.02848 0.70682
vn 0.7068 0.02848 0.70684
vn 0.7068 -0.02848 0.70684
vn 0.70682 -0.02848 0.70682
vn 0.56974 -0.06918 0.81891
vn 0.56973 -0.06918 0.81892
vn 0.56231 -0.1148 0.81892
vn 0.56235 -0.1148 0.81889
vn 0.55129 -0.15968 0.81889
vn 0.55121 -0.15966 0.81894
vn 0.53658 -0.2035 0.81894
vn 0.53663 -0.20352 0.8189
vn 0.51852 -0.24604 0.81891
vn 0.51848 -0.24602 0.81893
vn 0.49701 -0.28695 0.81893
vn 0.49699 -0.28694 0.81894
vn 0.47229 -0.326 0.81894
vn 0.47229 -0.326 0.81894
vn 0.44452 -0.36294 0.81894
vn 0.44454 -0.36296 0.81893
vn 0.4139 -0.39755 0.81893
vn 0.41386 -0.39751 0.81897
vn 0.38053 -0.42952 0.81897
vn 0.38058 -0.42959 0.81891
vn 0.34478 -0.45881 0.81891
vn 0.34473 -0.45876 0.81896
vn 0.3067 -0.48501 0.81896
vn 0.30671 -0.48503 0.81895
vn 0.26669 -0.50813 0.81895
vn 0.26669 -0.50814 0.81895
vn 0.22494 -0.52795 0.81895
vn 0.22497 -0.52801 0.8189
vn 0.18175 -0.5444 0.8189
vn 0.18172 -0.54432 0.81896
vn 0.13733 -0.55718 0.81896
vn 0.13735 -0.55727 0.81889
vn 0.09207 -0.56651 0.81889
vn 0.09205 -0.56641 0.81897
vn 0.04617 -0.57198 0.81897
vn 0.04618 -0.57203 0.81893
vn 0 -0.57389 0.81893
vn -0.04618 -0.57203 0.81893
vn -0.04618 -0.57198 0.81897
vn -0.09205 -0.56641 0.81897
vn -0.09207 -0.56651 0.81889
vn -0.13735 -0.55727 0.81889
vn -0.13733 -0.55718 0.81896
vn -0.18172 -0.54432 0.81896
vn -0.18175 -0.5444 0.8189
vn -0.22496 -0.52801 0.8189
vn -0.22494 -0.52795 0.81895
vn -0.26669 -0.50814 0.81895
vn -0.26669 -0.50813 0.81895
vn -0.30671 -0.48503 0.81895
vn -0.3067 -0.48501 0.81896
vn -0.34473 -0.45876 0.81896
vn -0.34478 -0.45882 0.81891
vn -0.38058 -0.42959 0.81891
vn -0.38053 -0.42952 0.81897
vn -0.41386 -0.39751 0.81897
vn -0.4139 -0.39755 0.81893
vn -0.44454 -0.36296 0.81893
vn -0.44452 -0.36294 0.81894
vn -0.47229 -0.326 0.81894
vn -0.47229 -0.326 0.81894
vn -0.49699 -0.28694 0.81894
vn -0.49701 -0.28695 0.81893
vn -0.51848 -0.24602 0.81893
vn -0.51852 -0.24604 0.81891
vn -0.53663 -0.20352 0.8189
vn -0.53658 -0.2035 0.81894
vn -0.55121 -0.15966 0.81894
vn -0.55128 -0.15968 0.81889
vn -0.56235 -0.1148 0.81889
vn -0.56231 -0.1148 0.81892
vn -0.56973 -0.06918 0.81892
vn -0.56974 -0.06918 0.81891
vn -0.57346 -0.02311 0.81891
vn -0.57342 -0.02311 0.81894
vn -0.57342 0.02311 0.81894
vn -0.57346 0.02311 0.81891
vn -0.56974 0.06918 0.81891
vn -0.56973 0.06918 0.81892
vn -0.56231 0.1148 0.81892
vn -0.56235 0.1148 0.81889
vn -0.55129 0.15968 0.81889
vn -0.55121 0.15966 0.81894
vn -0.53658 0.2035 0.81894
vn -0.53663 0.20352 0.8189
vn -0.51852 0.24604 0.81891
vn -0.51848 0.24602 0.81893
vn -0.49701 0.28695 0.81893
vn -0.49699 0.28694 0.81894
vn -0.47229 0.326 0.81894
vn -0.47229 0.326 0.81894
vn -0.44452 0.36294 0.81894
vn -0.44454 0.36296 0.81893
vn -0.4139 0.39755 0.81893
vn -0.41386 0.39751 0.81897
vn -0.38053 0.42952 0.81897
vn -0.38058 0.42959 0.81891
vn -0.34478 0.45881 0.81891
vn -0.34473 0.45876 0.81896
vn -0.3067 0.48501 0.81896
vn -0.30671 0.48503 0.81895
vn -0.26669 0.50813 0.81895
vn -0.26669 0.50814 0.81895
vn -0.22494 0.52795 0.81895
vn -0.22497 0.52801 0.8189
vn -0.18175 0.5444 0.8189
vn -0.18172 0.54432 0.81896
vn -0.13733 0.55718 0.81896
vn -0.13735 0.55727 0.81889
vn -0.09207 0.56651 0.81889
vn -0.09205 0.56641 0.81897
vn -0.04617 0.57198 0.81897
vn -0.04618 0.57203 0.81893
vn 0 0.57389 0.81893
vn 0.04618 0.57203 0.81893
vn 0.04618 0.57198 0.81897
vn 0.09205 0.56641 0.81897
vn 0.09207 0.56651 0.81889
vn 0.13735 0.55727 0.81889
vn 0.13733 0.55718 0.81896
vn 0.18172 0.54432 0.81896
vn 0.18175 0.5444 0.8189
vn 0.22496 0.52801 0.8189
vn 0.22494 0.52795 0.81895
vn 0.26669 0.50814 0.81895
vn 0.26669 0.50813 0.81895
vn 0.30671 0.48503 0.81895
vn 0.3067 0.48501 0.81896
vn 0.34473 0.45876 0.81896
vn 0.34478 0.45882 0.81891
vn 0.38058 0.42959 0.81891
vn 0.38053 0.42952 0.81897
vn 0.41386 0.39751 0.81897
vn 0.4139 0.39755 0.81893
vn 0.44454 0.36296 0.81893
vn 0.44452 0.36294 0.81894
vn 0.47229 0.326 0.81894
vn 0.47229 0.326 0.81894
vn 0.49699 0.28694 0.81894
vn 0.49701 0.28695 0.81893
vn 0.51848 0.24602 0.81893
vn 0.51852 0.24604 0.81891
vn 0.53663 0.20352 0.8189
vn 0.53658 0.2035 0.81894
vn 0.55121 0.15966 0.81894
vn 0.55128 0.15968 0.81889
vn 0.56235 0.1148 0.81889
vn 0.56231 0.1148 0.81892
vn 0.56973 0.06918 0.81892
vn 0.56974 0.06918 0.81891
vn 0.57346 0.02311 0.81891
vn 0.57342 0.02311 0.81894
vn 0.57342 -0.02311 0.81894
vn 0.57346 -0.02311 0.81891
vn 0.4198 -0.05097 0.90618
vn 0.41983 -0.05098 0.90617
vn 0.41437 -0.08459 0.90617
vn 0.41433 -0.08459 0.90619
vn 0.40618 -0.11765 0.90619
vn 0.40621 -0.11766 0.90617
vn 0.39542 -0.14996 0.90617
vn 0.39542 -0.14996 0.90618
vn 0.38207 -0.18129 0.90618
vn 0.38207 -0.1813 0.90617
vn 0.36624 -0.21145 0.90617
vn 0.3662 -0.21143 0.9062
vn 0.348 -0.24021 0.9062
vn 0.34806 -0.24025 0.90616
vn 0.3276 -0.26748 0.90616
vn 0.32757 -0.26745 0.90618
vn 0.30499 -0.29295 0.90618
vn 0.30499 -0.29295 0.90618
vn 0.28043 -0.31654 0.90618
vn 0.28042 -0.31653 0.90619
vn 0.25404 -0.33806 0.90619
vn 0.25406 -0.33809 0.90617
vn 0.22603 -0.35744 0.90617
vn 0.22604 -0.35745 0.90617
vn 0.19654 -0.37448 0.90617
vn 0.19654 -0.37448 0.90617
vn 0.16577 -0.38908 0.90617
vn 0.16575 -0.38903 0.90619
vn 0.13391 -0.40111 0.90619
vn 0.13393 -0.40116 0.90616
vn 0.10121 -0.41064 0.90616
vn 0.1012 -0.41058 0.90619
vn 0.06783 -0.41739 0.90619
vn 0.06784 -0.41742 0.90618
vn 0.03403 -0.42152 0.90618
vn 0.03403 -0.42152 0.90618
vn 0 -0.42289 0.90618
vn -0.03403 -0.42152 0.90618
vn -0.03403 -0.42152 0.90618
vn -0.06784 -0.41742 0.90618
vn -0.06783 -0.41739 0.90619
vn -0.1012 -0.41058 0.90619
vn -0.10121 -0.41064 0.90616
vn -0.13393 -0.40116 0.90616
vn -0.13391 -0.40111 0.90619
vn -0.16575 -0.38903 0.90619
vn -0.16577 -0.38908 0.90617
vn -0.19654 -0.37448 0.90617
vn -0.19654 -0.37448 0.90617
vn -0.22604 -0.35745 0.90617
vn -0.22603 -0.35744 0.90617
vn -0.25406 -0.33809 0.90617
vn -0.25404 -0.33806 0.90619
vn -0.28042 -0.31653 0.90619
vn -0.28043 -0.31654 0.90618
vn -0.30499 -0.29295 0.90618
vn -0.30499 -0.29295 0.90618
vn -0.32757 -0.26745 0.90618
vn -0.3276 -0.26748 0.90616
vn -0.34806 -0.24025 0.90616
vn -0.348 -0.24021 0.9062
vn -0.3662 -0.21143 0.9062
vn -0.36624 -0.21145 0.90617
vn -0.38207 -0.1813 0.90617
vn -0.38207 -0.18129 0.90618
vn -0.39542 -0.14996 0.90618
vn -0.39542 -0.14996 0.90617
vn -0.40621 -0.11766 0.90617
vn -0.40618 -0.11765 0.90619
vn -0.41433 -0.08459 0.90619
vn -0.41437 -0.08459 0.90617
vn -0.41983 -0.05098 0.90617
vn -0.4198 -0.05097 0.90618
vn -0.42254 -0.01703 0.90618
vn -0.42257 -0.01703 0.90617
vn -0.42257 0.01703 0.90617
vn -0.42254 0.01703 0.90618
vn -0.4198 0.05097 0.90618
vn -0.41983 0.05098 0.90617
vn -0.41437 0.08459 0.90617
vn -0.41433 0.08459 0.90619
vn -0.40618 0.11765 0.90619
vn -0.40621 0.11766 0.90617
vn -0.39542 0.14996 0.90617
vn -0.39542 0.14996 0.90618
vn -0.38207 0.18129 0.90618
vn -0.38207 0.1813 0.90617
vn -0.36624 0.21145 0.90617
vn -0.3662 0.21143 0.9062
vn -0.348 0.24021 0.9062
vn -0.34806 0.24025 0.90616
vn -0.3276 0.26748 0.90616
vn -0.32757 0.26745 0.90618
vn -0.30499 0.29295 0.90618
vn -0.30499 0.29295 0.90618
vn -0.28043 0.31654 0.90618
vn -0.28042 0.31653 0.90619
vn -0.25404 0.33806 0.90619
vn -0.25406 0.33809 0.90617
vn -0.22603 0.35744 0.90617
vn -0.22604 0.35745 0.90617
vn -0.19654 0.37448 0.90617
vn -0.19654 0.37448 0.90617
vn -0.16577 0.38908 0.90617
vn -0.16575 0.38903 0.90619
vn -0.13391 0.40111 0.90619
vn -0.13393 0.40116 0.90616
vn -0.10121 0.41064 0.90616
vn -0.1012 0.41058 0.90619
vn -0.06783 0.41739 0.90619
vn -0.06784 0.41742 0.90618
vn -0.03403 0.42152 0.90618
vn -0.03403 0.42152 0.90618
vn 0 0.42289 0.90618
vn 0.03403 0.42152 0.90618
vn 0.03403 0.42152 0.90618
vn 0.06784 0.41742 0.90618
vn 0.06783 0.41739 0.90619
vn 0.1012 0.41058 0.90619
vn 0.10121 0.41064 0.90616
vn 0.13393 0.40116 0.90616
vn 0.13391 0.40111 0.90619
vn 0.16575 0.38903 0.90619
vn 0.16577 0.38908 0.90617
vn 0.19654 0.37448 0.90617
vn 0.19654 0.37448 0.90617
vn 0.22604 0.35745 0.90617
vn 0.22603 0.35744 0.90617
vn 0.25406 0.33809 0.90617
vn 0.25404 0.33806 0.90619
vn 0.28042 0.31653 0.90619
vn 0.28043 0.31654 0.90618
vn 0.30499 0.29295 0.90618
vn 0.30499 0.29295 0.90618
vn 0.32757 0.26745 0.90618
vn 0.3276 0.26748 0.90616
vn 0.34806 0.24025 0.90616
vn 0.348 0.24021 0.9062
vn 0.3662 0.21143 0.9062
vn 0.36624 0.21145 0.90617
vn 0.38207 0.1813 0.90617
vn 0.38207 0.18129 0.90618
vn 0.39542 0.14996 0.90618
vn 0.39542 0.14996 0.90617
vn 0.40621 0.11766 0.90617
vn 0.40618 0.11765 0.90619
vn 0.41433 0.08459 0.90619
vn 0.41437 0.08459 0.90617
vn 0.41983 0.05098 0.90617
vn 0.4198 0.05097 0.90618
vn 0.42254 0.01703 0.90618
vn 0.42257 0.01703 0.90617
vn 0.42257 -0.01703 0.90617
vn 0.42254 -0.01703 0.90618
vn 0.25713 -0.03122 0.96587
vn 0.25711 -0.03122 0.96588
vn 0.25377 -0.05181 0.96588
vn 0.25378 -0.05181 0.96587
vn 0.24878 -0.07206 0.96587
vn 0.24878 -0.07206 0.96588
vn 0.24217 -0.09184 0.96588
vn 0.24218 -0.09185 0.96587
vn 0.23401 -0.11104 0.96587
vn 0.23401 -0.11104 0.96587
vn 0.22431 -0.12951 0.96587
vn 0.22434 -0.12952 0.96587
vn 0.21319 -0.14715 0.96587
vn 0.21315 -0.14713 0.96588
vn 0.20062 -0.1638 0.96588
vn 0.20063 -0.16381 0.96587
vn 0.1868 -0.17943 0.96587
vn 0.18681 -0.17943 0.96587
vn 0.17176 -0.19388 0.96587
vn 0.17177 -0.19389 0.96587
vn 0.15561 -0.20708 0.96587
vn 0.15561 -0.20708 0.96587
vn 0.13844 -0.21893 0.96587
vn 0.13843 -0.21891 0.96587
vn 0.12037 -0.22934 0.96587
vn 0.12037 -0.22935 0.96587
vn 0.10153 -0.23829 0.96587
vn 0.10153 -0.23829 0.96587
vn 0.08202 -0.24569 0.96587
vn 0.08202 -0.24569 0.96587
vn 0.06199 -0.2515 0.96587
vn 0.06199 -0.2515 0.96587
vn 0.04155 -0.25567 0.96587
vn 0.04155 -0.25568 0.96587
vn 0.02084 -0.25819 0.96587
vn 0.02084 -0.25819 0.96587
vn 0 -0.25903 0.96587
vn -0.02084 -0.25819 0.96587
vn -0.02084 -0.25819 0.96587
vn -0.04155 -0.25568 0.96587
vn -0.04155 -0.25567 0.96587
vn -0.06199 -0.2515 0.96587
vn -0.06199 -0.2515 0.96587
vn -0.08202 -0.24569 0.96587
vn -0.08202 -0.24569 0.96587
vn -0.10153 -0.23829 0.96587
vn -0.10153 -0.23829 0.96587
vn -0.12037 -0.22935 0.96587
vn -0.12037 -0.22934 0.96587
vn -0.13843 -0.21891 0.96587
vn -0.13844 -0.21893 0.96587
vn -0.15561 -0.20708 0.96587
vn -0.15561 -0.20708 0.96587
vn -0.17177 -0.19389 0.96587
vn -0.17176 -0.19388 0.96587
vn -0.18681 -0.17943 0.96587
vn -0.1868 -0.17943 0.96587
vn -0.20063 -0.16381 0.96587
vn -0.20062 -0.1638 0.96588
vn -0.21315 -0.14713 0.96588
vn -0.21319 -0.14715 0.96587
vn -0.22434 -0.12952 0.96587
vn -0.22432 -0.12951 0.96587
vn -0.23401 -0.11104 0.96587
vn -0.23401 -0.11104 0.96587
vn -0.24218 -0.09185 0.96587
vn -0.24217 -0.09184 0.96588
vn -0.24878 -0.07206 0.96588
vn -0.24878 -0.07206 0.96587
vn -0.25378 -0.05181 0.96587
vn -0.25377 -0.05181 0.96588
vn -0.25711 -0.03122 0.96588
vn -0.25713 -0.03122 0.96587
vn -0.25881 -0.01043 0.96587
vn -0.25881 -0.01043 0.96587
vn -0.25881 0.01043 0.96587
vn -0.25881 0.01043 0.96587
vn -0.25713 0.03122 0.96587
vn -0.25711 0.03122 0.96588
vn -0.25377 0.05181 0.96588
vn -0.25378 0.05181 0.96587
vn -0.24878 0.07206 0.96587
vn -0.24878 0.07206 0.96588
vn -0.24217 0.09184 0.96588
vn -0.24218 0.09185 0.96587
vn -0.23401 0.11104 0.96587
vn -0.23401 0.11104 0.96587
vn -0.22431 0.12951 0.96587
vn -0.22434 0.12952 0.96587
vn -0.21319 0.14715 0.96587
vn -0.21315 0.14713 0.96588
vn -0.20062 0.1638 0.96588
vn -0.20063 0.16381 0.96587
vn -0.1868 0.17943 0.96587
vn -0.18681 0.17943 0.96587
vn -0.17176 0.19388 0.96587
vn -0.17177 0.19389 0.96587
vn -0.15561 0.20708 0.96587
vn -0.15561 0.20708 0.96587
vn -0.13844 0.21893 0.96587
vn -0.13843 0.21891 0.96587
vn -0.12037 0.22934 0.96587
vn -0.12037 0.22935 0.96587
vn -0.10153 0.23829 0.96587
vn -0.10153 0.23829 0.96587
vn -0.08202 0.24569 0.96587
vn -0.08202 0.24569 0.96587
vn -0.06199 0.2515 0.96587
vn -0.06199 0.2515 0.96587
vn -0.04155 0.25567 0.96587
vn -0.04155 0.25568 0.96587
vn -0.02084 0.25819 0.96587
vn -0.02084 0.25819 0.96587
vn 0 0.25903 0.96587
vn 0.02084 0.25819 0.96587
vn 0.02084 0.25819 0.96587
vn 0.04155 0.25568 0.96587
vn 0.04155 0.25567 0.96587
vn 0.06199 0.2515 0.96587
vn 0.06199 0.2515 0.96587
vn 0.08202 0.24569 0.96587
vn 0.08202 0.24569 0.96587
vn 0.10153 0.23829 0.96587
vn 0.10153 0.23829 0.96587
vn 0.12037 0.22935 0.96587
vn 0.12037 0.22934 0.96587
vn 0.13843 0.21891 0.96587
vn 0.13844 0.21893 0.96587
vn 0.15561 0.20708 0.96587
vn 0.15561 0.20708 0.96587
vn 0.17177 0.19389 0.96587
vn 0.17176 0.19388 0.96587
vn 0.18681 0.17943 0.96587
vn 0.1868 0.17943 0.96587
vn 0.20063 0.16381 0.96587
vn 0.20062 0.1638 0.96588
vn 0.21315 0.14713 0.96588
vn 0.21319 0.14715 0.96587
vn 0.22434 0.12952 0.96587
vn 0.22432 0.12951 0.96587
vn 0.23401 0.11104 0.96587
vn 0.23401 0.11104 0.96587
vn 0.24218 0.09185 0.96587
vn 0.24217 0.09184 0.96588
vn 0.24878 0.07206 0.96588
vn 0.24878 0.07206 0.96587
vn 0.25378 0.05181 0.96587
vn 0.25377 0.05181 0.96588
vn 0.25711 0.03122 0.96588
vn 0.25713 0.03122 0.96587
vn 0.25881 0.01043 0.96587
vn 0.25881 0.01043 0.96587
vn 0.25881 -0.01043 0.96587
vn 0.25881 -0.01043 0.96587
vn 0.08659 -0.01051 0.99619
vn 0.08659 -0.01051 0.99619
vn 0.08546 -0.01745 0.99619
vn 0.08546 -0.01745 0.99619
vn 0.08378 -0.02427 0.99619
vn 0.08379 -0.02427 0.99619
vn 0.08156 -0.03093 0.99619
vn 0.08155 -0.03093 0.99619
vn 0.0788 -0.03739 0.99619
vn 0.07881 -0.03739 0.99619
vn 0.07554 -0.04361 0.99619
vn 0.07554 -0.04361 0.99619
vn 0.07178 -0.04955 0.99619
vn 0.07178 -0.04955 0.99619
vn 0.06757 -0.05517 0.99619
vn 0.06756 -0.05516 0.99619
vn 0.0629 -0.06042 0.99619
vn 0.06291 -0.06042 0.99619
vn 0.05784 -0.06529 0.99619
vn 0.05784 -0.06528 0.99619
vn 0.0524 -0.06973 0.99619
vn 0.0524 -0.06973 0.99619
vn 0.04662 -0.07372 0.99619
vn 0.04662 -0.07372 0.99619
vn 0.04053 -0.07723 0.99619
vn 0.04054 -0.07724 0.99619
vn 0.03419 -0.08025 0.99619
vn 0.03419 -0.08025 0.99619
vn 0.02762 -0.08274 0.99619
vn 0.02762 -0.08273 0.99619
vn 0.02087 -0.08469 0.99619
vn 0.02087 -0.08469 0.99619
vn 0.01399 -0.0861 0.99619
vn 0.01399 -0.0861 0.99619
vn 0.00702 -0.08695 0.99619
vn 0.00702 -0.08694 0.99619
vn 0 -0.08722 0.99619
vn -0.00702 -0.08694 0.99619
vn -0.00702 -0.08695 0.99619
vn -0.01399 -0.0861 0.99619
vn -0.01399 -0.0861 0.99619
vn -0.02087 -0.08469 0.99619
vn -0.02087 -0.08469 0.99619
vn -0.02762 -0.08273 0.99619
vn -0.02762 -0.08274 0.99619
vn -0.03419 -0.08025 0.99619
vn -0.03419 -0.08025 0.99619
vn -0.04054 -0.07724 0.99619
vn -0.04053 -0.07723 0.99619
vn -0.04662 -0.07372 0.99619
vn -0.04662 -0.07372 0.99619
vn -0.0524 -0.06973 0.99619
vn -0.0524 -0.06973 0.99619
vn -0.05784 -0.06528 0.99619
vn -0.05784 -0.06529 0.99619
vn -0.06291 -0.06042 0.99619
vn -0.0629 -0.06042 0.99619
vn -0.06756 -0.05516 0.99619
vn -0.06757 -0.05517 0.99619
vn -0.07178 -0.04955 0.99619
vn -0.07178 -0.04955 0.99619
vn -0.07554 -0.04361 0.99619
vn -0.07554 -0.04361 0.99619
vn -0.07881 -0.03739 0.99619
vn -0.0788 -0.03739 0.99619
vn -0.08155 -0.03093 0.99619
vn -0.08156 -0.03093 0.99619
vn -0.08379 -0.02427 0.99619
vn -0.08378 -0.02427 0.99619
vn -0.08546 -0.01745 0.99619
vn -0.08546 -0.01745 0.99619
vn -0.08659 -0.01051 0.99619
vn -0.08659 -0.01051 0.99619
vn -0.08715 -0.00351 0.99619
vn -0.08716 -0.00351 0.99619
vn -0.08716 0.00351 0.99619
vn -0.08715 0.00351 0.99619
vn -0.08659 0.01051 0.99619
vn -0.08659 0.01051 0.99619
vn -0.08546 0.01745 0.99619
vn -0.08546 0.01745 0.99619
vn -0.08378 0.02427 0.99619
vn -0.08379 0.02427 0.99619
vn -0.08156 0.03093 0.99619
vn -0.08155 0.03093 0.99619
vn -0.0788 0.03739 0.99619
vn -0.07881 0.03739 0.99619
vn -0.07554 0.04361 0.99619
vn -0.07554 0.04361 0.99619
vn -0.07178 0.04955 0.99619
vn -0.07178 0.04955 0.99619
vn -0.06757 0.05517 0.99619
vn -0.06756 0.05516 0.99619
vn -0.0629 0.06042 0.99619
vn -0.06291 0.06042 0.99619
vn -0.05784 0.06529 0.99619
vn -0.05784 0.06528 0.99619
vn -0.0524 0.06973 0.99619
vn -0.0524 0.06973 0.99619
vn -0.04662 0.07372 0.99619
vn -0.04662 0.07372 0.99619
vn -0.04053 0.07723 0.99619
vn -0.04054 0.07724 0.99619
vn -0.03419 0.08025 0.99619
vn -0.03419 0.08025 0.99619
vn -0.02762 0.08274 0.99619
vn -0.02762 0.08273 0.99619
vn -0.02087 0.08469 0.99619
vn -0.02087 0.08469 0.99619
vn -0.01399 0.0861 0.99619
vn -0.01399 0.0861 0.99619
vn -0.00702 0.08695 0.99619
vn -0.00702 0.08694 0.99619
vn 0 0.08722 0.99619
vn 0.00702 0.08694 0.99619
vn 0.00702 0.08695 0.99619
vn 0.01399 0.0861 0.99619
vn 0.01399 0.0861 0.99619
vn 0.02087 0.08469 0.99619
vn 0.02087 0.08469 0.99619
vn 0.02762 0.08273 0.99619
vn 0.02762 0.08274 0.99619
vn 0.03419 0.08025 0.99619
vn 0.03419 0.08025 0.99619
vn 0.04054 0.07724 0.99619
vn 0.04053 0.07723 0.99619
vn 0.04662 0.07372 0.99619
vn 0.04662 0.07372 0.99619
vn 0.0524 0.06973 0.99619
vn 0.0524 0.06973 0.99619
vn 0.05784 0.06528 0.99619
vn 0.05784 0.06529 0.99619
vn 0.06291 0.06042 0.99619
vn 0.0629 0.06042 0.99619
vn 0.06756 0.05516 0.99619
vn 0.06757 0.05517 0.99619
vn 0.07178 0.04955 0.99619
vn 0.07178 0.04955 0.99619
vn 0.07554 0.04361 0.99619
vn 0.07554 0.04361 0.99619
vn 0.07881 0.03739 0.99619
vn 0.0788 0.03739 0.99619
vn 0.08155 0.03093 0.99619
vn 0.08156 0.03093 0.99619
vn 0.08379 0.02427 0.99619
vn 0.08378 0.02427 0.99619
vn 0.08546 0.01745 0.99619
vn 0.08546 0.01745 0.99619
vn 0.08659 0.01051 0.99619
vn 0.08659 0.01051 0.99619
vn 0.08715 0.00351 0.99619
vn 0.08716 0.00351 0.99619
vn 0.08716 -0.00351 0.99619
vn 0.08715 -0.00351 0.99619
vn -0.02399 -0.99592 0.08705
vn -0.16004 -0.20384 0.96584
vn -0.08617 -0.01388 0.99618
vn -0.0539 -0.06865 0.99618
vn -0.05389 -0.06865 0.99618
vn -0.04629 -0.07399 0.99618
vn -0.29517 -0.30313 0.90608
vn -0.1808 -0.18568 0.96583
vn -0.1808 -0.18568 0.96583
vn -0.06089 -0.06253 0.99618
vn -0.06089 -0.06253 0.99618
vn -0.44196 -0.36642 0.81878
vn -0.32572 -0.27004 0.90608
vn -0.32572 -0.27005 0.90608
vn -0.19951 -0.16541 0.96583
vn -0.19951 -0.16541 0.96583
vn -0.06719 -0.0557 0.99618
vn -0.06719 -0.05571 0.99618
vn -0.5733 0.03056 0.81877
vn -0.58964 -0.39115 0.70663
vn -0.47841 -0.31736 0.81878
vn -0.47843 -0.31738 0.81876
vn -0.35258 -0.23389 0.90608
vn -0.35257 -0.23389 0.90608
vn -0.21596 -0.14327 0.96583
vn -0.21598 -0.14327 0.96583
vn -0.07273 -0.04825 0.99618
vn -0.07273 -0.04825 0.99618
vn -0.7272 -0.37787 0.57305
vn -0.62787 -0.32626 0.70663
vn -0.62791 -0.32628 0.70659
vn -0.50946 -0.26473 0.81876
vn -0.50943 -0.26472 0.81878
vn -0.37544 -0.19509 0.90608
vn -0.37545 -0.19509 0.90608
vn -0.22998 -0.11951 0.96583
vn -0.22997 -0.1195 0.96583
vn -0.07744 -0.04024 0.99618
vn -0.07744 -0.04024 0.99618
vn -0.84427 -0.33012 0.42217
vn -0.76325 -0.29844 0.57305
vn -0.76327 -0.29845 0.57301
vn -0.65903 -0.25769 0.70659
vn -0.65903 -0.25769 0.70659
vn -0.53469 -0.20907 0.81878
vn -0.53469 -0.20907 0.81877
vn -0.39406 -0.15408 0.90608
vn -0.39405 -0.15408 0.90608
vn -0.24137 -0.09438 0.96583
vn -0.24136 -0.09437 0.96584
vn -0.08128 -0.03178 0.99618
vn -0.08129 -0.03179 0.99618
vn -0.93197 -0.25416 0.25854
vn -0.87458 -0.23851 0.42218
vn -0.8746 -0.23851 0.42212
vn -0.79068 -0.21563 0.57301
vn -0.79071 -0.21563 0.57296
vn -0.68269 -0.18618 0.70659
vn -0.68267 -0.18617 0.70661
vn -0.55389 -0.15105 0.81877
vn -0.55387 -0.15105 0.81879
vn -0.40819 -0.11132 0.90608
vn -0.40822 -0.11133 0.90607
vn -0.25003 -0.06819 0.96584
vn -0.25002 -0.06818 0.96584
vn -0.08421 -0.02296 0.99618
vn -0.0842 -0.02296 0.99618
vn -0.93197 0.25416 0.25854
vn -0.805 0.53402 0.25844
vn -0.85721 0.44543 0.25844
vn -0.80443 0.418 0.4221
vn -0.8443 0.33013 0.4221
vn -0.76327 0.29845 0.57301
vn -0.79067 0.21563 0.57301
vn -0.68267 0.18617 0.70661
vn -0.69859 0.11255 0.70661
vn -0.56681 0.09132 0.81877
vn -0.57331 0.03056 0.81877
vn -0.42252 0.02252 0.90607
vn -0.73113 0.67665 0.08716
vn -0.76691 0.63582 0.08704
vn -0.74367 0.61655 0.25848
vn -0.80499 0.53401 0.25848
vn -0.75542 0.50113 0.42216
vn -0.8044 0.41799 0.42216
vn -0.7272 0.37788 0.57305
vn -0.76325 0.29844 0.57305
vn -0.65903 0.25769 0.70659
vn -0.68269 0.18618 0.70659
vn -0.55387 0.15105 0.81879
vn -0.56679 0.09132 0.81879
vn -0.4177 0.0673 0.90609
vn -0.42249 0.02252 0.90609
vn -0.2588 0.01379 0.96583
vn -0.08715 0.00464 0.99618
vn -0.08617 0.01388 0.99618
vn -0.25585 0.04122 0.96584
vn -0.25002 0.06818 0.96584
vn -0.40819 0.11132 0.90608
vn -0.39405 0.15408 0.90608
vn -0.53469 0.20907 0.81878
vn -0.50943 0.26472 0.81878
vn -0.62787 0.32626 0.70663
vn -0.58964 0.39115 0.70663
vn -0.68293 0.45304 0.57304
vn -0.6309 0.52306 0.57303
vn -0.69789 0.5786 0.42211
vn -0.63243 0.6495 0.42211
vn -0.67393 0.69211 0.25846
vn -0.59654 0.75982 0.25847
vn -0.08421 0.02296 0.99618
vn -0.08129 0.03179 0.99618
vn -0.24137 0.09438 0.96583
vn -0.22997 0.1195 0.96583
vn -0.37544 0.19509 0.90608
vn -0.35257 0.23389 0.90608
vn -0.47841 0.31736 0.81878
vn -0.44196 0.36642 0.81878
vn -0.54475 0.45164 0.70659
vn -0.49366 0.50698 0.70659
vn -0.57173 0.58716 0.57304
vn -0.50608 0.6446 0.57304
vn -0.55981 0.71304 0.42213
vn -0.48084 0.7685 0.42213
vn -0.5124 0.81893 0.25845
vn -0.42245 0.86876 0.25845
vn -0.08128 0.03178 0.99618
vn -0.07744 0.04024 0.99618
vn -0.22998 0.11951 0.96583
vn -0.21598 0.14327 0.96583
vn -0.35258 0.23389 0.90608
vn -0.32572 0.27005 0.90608
vn -0.44198 0.36643 0.81877
vn -0.40052 0.41133 0.81877
vn -0.49365 0.50697 0.70661
vn -0.43696 0.55657 0.70661
vn -0.50608 0.6446 0.57303
vn -0.4347 0.69475 0.57303
vn -0.48084 0.76849 0.42216
vn -0.39643 0.81525 0.42215
vn -0.42245 0.86876 0.25844
vn -0.32772 0.90874 0.25843
vn -0.07273 0.04825 0.99618
vn -0.06719 0.05571 0.99618
vn -0.19951 0.16541 0.96583
vn -0.1808 0.18568 0.96583
vn -0.29518 0.30314 0.90608
vn -0.26128 0.3328 0.90608
vn -0.35452 0.45156 0.81878
vn -0.30452 0.48669 0.81878
vn -0.37534 0.59988 0.70659
vn -0.30945 0.63638 0.70659
vn -0.3584 0.73704 0.57299
vn -0.27803 0.77097 0.57298
vn -0.30754 0.85279 0.4221
vn -0.21515 0.88065 0.42209
vn -0.22926 0.9384 0.25854
vn -0.12821 0.95745 0.25854
vn -0.06719 0.0557 0.99618
vn -0.06089 0.06253 0.99618
vn -0.1808 0.18568 0.96583
vn -0.16004 0.20384 0.96584
vn -0.26129 0.33281 0.90607
vn -0.22443 0.35869 0.90607
vn -0.30453 0.48671 0.81876
vn -0.25107 0.51632 0.81876
vn -0.30944 0.63635 0.70661
vn -0.24005 0.66564 0.70661
vn -0.27802 0.77094 0.57303
vn -0.1945 0.79612 0.57303
vn -0.21515 0.88065 0.42209
vn -0.12032 0.89853 0.42209
vn -0.12822 0.95748 0.25845
vn -0.02572 0.96568 0.25845
vn -0.05389 0.06865 0.99618
vn -0.04629 0.07399 0.99618
vn -0.13747 0.21971 0.96583
vn -0.11334 0.23307 0.96583
vn -0.18502 0.38049 0.90609
vn -0.14353 0.39801 0.90609
vn -0.19476 0.54007 0.81877
vn -0.13625 0.55772 0.81877
vn -0.16794 0.6874 0.70659
vn -0.09392 0.70136 0.70659
vn -0.10877 0.81229 0.57302
vn -0.02182 0.81925 0.57302
vn -0.02413 0.90625 0.42204
vn 0.07233 0.90369 0.42204
vn 0.07707 0.96292 0.25854
vn 0.17899 0.94927 0.25854
vn -0.02961 0.0821 0.99618
vn -0.02071 0.08479 0.99618
vn -0.06151 0.25176 0.96583
vn -0.0344 0.25687 0.96583
vn -0.05616 0.41937 0.90608
vn -0.01126 0.42296 0.90608
vn -0.01528 0.57391 0.81878
vn 0.04581 0.57228 0.81878
vn 0.05646 0.70535 0.7066
vn 0.13111 0.69536 0.7066
vn 0.15185 0.80532 0.57306
vn 0.23659 0.78462 0.57306
vn 0.2617 0.86792 0.42217
vn 0.35248 0.83519 0.42217
vn 0.37561 0.89 0.25851
vn 0.46808 0.84503 0.25851
vn -0.02071 0.08478 0.99618
vn -0.01158 0.08651 0.99618
vn -0.0344 0.25686 0.96584
vn -0.0069 0.25906 0.96584
vn -0.01126 0.42295 0.90608
vn 0.03376 0.42175 0.90608
vn 0.04581 0.57229 0.81877
vn 0.10638 0.56418 0.81877
vn 0.13111 0.69536 0.7066
vn 0.20428 0.67748 0.7066
vn 0.23659 0.78463 0.57304
vn 0.31865 0.75504 0.57304
vn 0.35249 0.83521 0.4221
vn 0.43927 0.79301 0.42211
vn 0.46809 0.84504 0.25845
vn 0.55526 0.7905 0.25845
vn 0.57261 0.8152 0.08701
vn 0.61815 0.78122 0.08713
vn -0.00232 0.08724 0.99618
vn 0.00696 0.08699 0.99618
vn 0.02068 0.25833 0.96584
vn 0.04802 0.25467 0.96584
vn 0.0784 0.41578 0.90608
vn 0.12215 0.40509 0.90608
vn 0.16574 0.54966 0.81878
vn 0.22323 0.52893 0.81878
vn 0.27514 0.65193 0.7066
vn 0.34287 0.61899 0.7066
vn 0.3971 0.71689 0.57304
vn 0.47105 0.67062 0.57304
vn 0.52106 0.74182 0.42214
vn 0.59696 0.68223 0.42214
vn 0.63613 0.72699 0.2585
vn 0.7098 0.65526 0.25849
vn 0.01617 0.08577 0.99618
vn 0.0252 0.08356 0.99618
vn 0.07482 0.24814 0.96583
vn 0.10077 0.23878 0.96583
vn 0.16452 0.38982 0.90608
vn 0.20502 0.37012 0.90608
vn 0.27819 0.50221 0.81878
vn 0.32999 0.4698 0.81878
vn 0.40672 0.57903 0.70662
vn 0.46596 0.53251 0.70662
vn 0.53967 0.61676 0.57303
vn 0.60217 0.5559 0.57303
vn 0.66609 0.61491 0.42215
vn 0.72768 0.54062 0.42215
vn 0.77543 0.5761 0.25849
vn 0.83227 0.49041 0.25849
vn 0.0252 0.08356 0.99618
vn 0.03394 0.08041 0.99618
vn 0.10077 0.23877 0.96583
vn 0.12558 0.22671 0.96583
vn 0.20501 0.37011 0.90608
vn 0.24319 0.34623 0.90608
vn 0.33 0.46981 0.81877
vn 0.37806 0.43207 0.81877
vn 0.46597 0.53252 0.70661
vn 0.51993 0.47998 0.70661
vn 0.60218 0.55591 0.57301
vn 0.65786 0.48875 0.57301
vn 0.7277 0.54064 0.42209
vn 0.78104 0.46023 0.42209
vn 0.83228 0.49042 0.25847
vn 0.87969 0.39917 0.25847
vn 0.04229 0.07635 0.99618
vn 0.05016 0.07142 0.99618
vn 0.14897 0.21208 0.96583
vn 0.17067 0.19504 0.96583
vn 0.27862 0.31842 0.90608
vn 0.31089 0.287 0.90608
vn 0.42185 0.38943 0.81877
vn 0.46085 0.34239 0.81877
vn 0.56802 0.422 0.70659
vn 0.60965 0.35924 0.70659
vn 0.70608 0.41605 0.57302
vn 0.7463 0.33865 0.57302
vn 0.82556 0.37461 0.42205
vn 0.8607 0.28473 0.42205
vn 0.91712 0.3034 0.25852
vn 0.94418 0.2042 0.25853
vn 0.05016 0.07141 0.99618
vn 0.05747 0.06568 0.99618
vn 0.17066 0.19504 0.96583
vn 0.19043 0.17579 0.96583
vn 0.31089 0.287 0.90608
vn 0.33964 0.25233 0.90608
vn 0.46083 0.34237 0.81879
vn 0.49461 0.29145 0.81879
vn 0.60963 0.35922 0.70662
vn 0.64436 0.29239 0.70662
vn 0.74627 0.33863 0.57307
vn 0.77804 0.25739 0.57307
vn 0.86066 0.28472 0.42213
vn 0.88605 0.19163 0.42213
vn 0.94419 0.2042 0.25846
vn 0.96055 0.10268 0.25846
vn 0.06413 0.0592 0.99618
vn 0.07006 0.05205 0.99618
vn 0.20804 0.15456 0.96583
vn 0.22329 0.13157 0.96583
vn 0.36454 0.2148 0.90608
vn 0.3853 0.17484 0.90608
vn 0.52285 0.23725 0.81874
vn 0.54511 0.18033 0.81874
vn 0.67178 0.22223 0.70663
vn 0.69159 0.14957 0.70663
vn 0.80102 0.17324 0.57302
vn 0.8149 0.08711 0.57302
vn 0.90143 0.09636 0.42207
vn 0.90656 -0 0.42207
vn 0.966 -0 0.25853
vn 0.96053 -0.10268 0.25853
vn 0.07948 0.03606 0.99618
vn 0.08286 0.02741 0.99618
vn 0.24606 0.0814 0.96583
vn 0.25332 0.05478 0.96583
vn 0.41354 0.08944 0.90608
vn 0.4207 0.04497 0.90608
vn 0.57083 0.06102 0.81879
vn 0.57409 -0 0.81879
vn 0.70764 -0 0.70658
vn 0.70363 -0.07522 0.70658
vn 0.8149 -0.08711 0.57302
vn 0.80102 -0.17324 0.57302
vn 0.88605 -0.19163 0.42213
vn 0.86066 -0.28472 0.42213
vn 0.91711 -0.3034 0.25856
vn 0.87967 -0.39916 0.25856
vn 0.08678 0.00928 0.99618
vn 0.08728 -0 0.99618
vn 0.25917 -0 0.96583
vn 0.2577 -0.02755 0.96583
vn 0.4207 -0.04497 0.90608
vn 0.41354 -0.08944 0.90608
vn 0.56114 -0.12136 0.81877
vn 0.54507 -0.18032 0.81877
vn 0.67179 -0.22224 0.70662
vn 0.64436 -0.29239 0.70662
vn 0.7463 -0.33864 0.57302
vn 0.70608 -0.41605 0.57302
vn 0.78104 -0.46023 0.42209
vn 0.7277 -0.54064 0.42209
vn 0.77543 -0.5761 0.25847
vn 0.7098 -0.65526 0.25848
vn 0.08678 -0.00928 0.99618
vn 0.0853 -0.01845 0.99618
vn 0.25332 -0.05478 0.96583
vn 0.24606 -0.0814 0.96583
vn 0.40166 -0.13288 0.9061
vn 0.38526 -0.17482 0.9061
vn 0.52282 -0.23723 0.81877
vn 0.49464 -0.29146 0.81877
vn 0.60965 -0.35923 0.70659
vn 0.56802 -0.422 0.70659
vn 0.65786 -0.48875 0.57301
vn 0.60218 -0.55591 0.57301
vn 0.66611 -0.61492 0.4221
vn 0.59697 -0.68224 0.4221
vn 0.63613 -0.72699 0.25849
vn 0.55525 -0.79049 0.25849
vn 0.0853 -0.01845 0.99618
vn 0.08286 -0.02741 0.99618
vn 0.24606 -0.0814 0.96583
vn 0.23601 -0.10709 0.96583
vn 0.3853 -0.17484 0.90608
vn 0.36454 -0.2148 0.90608
vn 0.49461 -0.29145 0.81879
vn 0.46083 -0.34237 0.81879
vn 0.568 -0.42199 0.70661
vn 0.51993 -0.47998 0.70661
vn 0.60217 -0.5559 0.57303
vn 0.53967 -0.61676 0.57303
vn 0.59696 -0.68223 0.42214
vn 0.52106 -0.74182 0.42214
vn 0.55526 -0.7905 0.25845
vn 0.46809 -0.84504 0.25845
vn 0.07948 -0.03606 0.99618
vn 0.07519 -0.04431 0.99618
vn 0.22329 -0.13157 0.96583
vn 0.20804 -0.15456 0.96583
vn 0.33964 -0.25233 0.90608
vn 0.31089 -0.287 0.90608
vn 0.42185 -0.38943 0.81877
vn 0.37806 -0.43206 0.81877
vn 0.46596 -0.53251 0.70662
vn 0.40672 -0.57903 0.70662
vn 0.47105 -0.67062 0.57304
vn 0.3971 -0.71689 0.57304
vn 0.43927 -0.79301 0.42211
vn 0.35249 -0.83521 0.4221
vn 0.37561 -0.89 0.25847
vn 0.27888 -0.92489 0.25847
vn 0.07519 -0.04431 0.99618
vn 0.07006 -0.05205 0.99618
vn 0.20804 -0.15456 0.96583
vn 0.19043 -0.17579 0.96583
vn 0.31089 -0.287 0.90608
vn 0.27862 -0.31842 0.90608
vn 0.37806 -0.43207 0.81877
vn 0.33 -0.46981 0.81877
vn 0.40673 -0.57905 0.7066
vn 0.34288 -0.619 0.7066
vn 0.3971 -0.71689 0.57305
vn 0.31865 -0.75504 0.57305
vn 0.35248 -0.83519 0.42217
vn 0.2617 -0.86792 0.42217
vn 0.27887 -0.92486 0.25858
vn 0.17899 -0.94926 0.25858
vn 0.05747 -0.06568 0.99618
vn 0.05016 -0.07141 0.99618
vn 0.14897 -0.21208 0.96583
vn 0.12558 -0.22671 0.96583
vn 0.20502 -0.37012 0.90608
vn 0.16452 -0.38982 0.90608
vn 0.22323 -0.52893 0.81878
vn 0.16574 -0.54966 0.81878
vn 0.20428 -0.67748 0.7066
vn 0.13111 -0.69536 0.7066
vn 0.15184 -0.80531 0.57309
vn 0.06538 -0.81688 0.57309
vn 0.07233 -0.90369 0.42204
vn -0.02413 -0.90625 0.42204
vn -0.02572 -0.96568 0.25845
vn -0.12822 -0.95748 0.25845
vn 0.05016 -0.07142 0.99618
vn 0.04229 -0.07635 0.99618
vn 0.12558 -0.22671 0.96583
vn 0.10077 -0.23877 0.96583
vn 0.16452 -0.38983 0.90607
vn 0.12215 -0.40511 0.90607
vn 0.16574 -0.54967 0.81878
vn 0.10638 -0.56417 0.81878
vn 0.13111 -0.69536 0.7066
vn 0.05646 -0.70535 0.7066
vn 0.06539 -0.81692 0.57303
vn -0.02182 -0.81924 0.57303
vn -0.02413 -0.90622 0.42213
vn -0.12032 -0.89852 0.42213
vn -0.12821 -0.95745 0.25854
vn -0.22926 -0.9384 0.25854
vn 0.03394 -0.08041 0.99618
vn 0.0252 -0.08356 0.99618
vn 0.07482 -0.24814 0.96583
vn 0.04802 -0.25469 0.96583
vn 0.0784 -0.41581 0.90607
vn 0.03376 -0.42179 0.90607
vn 0.04581 -0.57228 0.81878
vn -0.01528 -0.57391 0.81878
vn -0.01884 -0.70738 0.70659
vn -0.09392 -0.70137 0.70659
vn -0.10877 -0.81228 0.57304
vn -0.1945 -0.79611 0.57304
vn -0.21515 -0.88065 0.42209
vn -0.30754 -0.85279 0.4221
vn -0.32771 -0.90874 0.25843
vn -0.42245 -0.86876 0.25844
vn 0.0252 -0.08356 0.99618
vn 0.01617 -0.08577 0.99618
vn 0.04802 -0.25467 0.96584
vn 0.02068 -0.25833 0.96584
vn 0.03376 -0.42175 0.90608
vn -0.01126 -0.42295 0.90608
vn -0.01528 -0.57391 0.81878
vn -0.0762 -0.56903 0.81878
vn -0.09392 -0.70136 0.70659
vn -0.16794 -0.6874 0.70659
vn -0.1945 -0.79612 0.57303
vn -0.27802 -0.77094 0.57303
vn -0.30753 -0.85277 0.42215
vn -0.39643 -0.81525 0.42215
vn -0.42245 -0.86876 0.25845
vn -0.5124 -0.81893 0.25845
vn 0.00696 -0.08699 0.99618
vn -0.00232 -0.08724 0.99618
vn -0.0069 -0.25906 0.96584
vn -0.0344 -0.25686 0.96584
vn -0.05616 -0.41939 0.90607
vn -0.10042 -0.41104 0.90607
vn -0.13625 -0.55772 0.81877
vn -0.19476 -0.54007 0.81877
vn -0.24005 -0.66564 0.70661
vn -0.30944 -0.63635 0.70661
vn -0.35838 -0.73701 0.57305
vn -0.43469 -0.69474 0.57305
vn -0.48084 -0.7685 0.42213
vn -0.55981 -0.71304 0.42213
vn -0.59654 -0.75982 0.25847
vn -0.67393 -0.69211 0.25846
vn -0.02071 -0.08479 0.99618
vn -0.02961 -0.0821 0.99618
vn -0.08792 -0.24381 0.96583
vn -0.11334 -0.23308 0.96583
vn -0.18502 -0.38049 0.90609
vn -0.22442 -0.35867 0.90609
vn -0.30452 -0.48669 0.81878
vn -0.35452 -0.45156 0.81878
vn -0.43696 -0.55657 0.70661
vn -0.49365 -0.50697 0.70661
vn -0.57173 -0.58715 0.57305
vn -0.6309 -0.52306 0.57305
vn -0.69788 -0.57859 0.42213
vn -0.75543 -0.50113 0.42212
vn -0.805 -0.53402 0.25844
vn -0.85721 -0.44543 0.25844
vn -0.8184 0.04362 0.57298
vn -0.90527 0.04825 0.42209
vn -0.90524 0.04825 0.42214
vn -0.96463 0.05141 0.25854
vn -0.96466 0.05141 0.25844
vn -0.9948 0.05302 0.08695
vn -0.99478 0.05302 0.08714
vn -0.89501 0.1442 0.42209
vn -0.9537 0.15366 0.25854
vn -0.9537 0.15366 0.25853
vn -0.47967 0.07728 0.87404
vn -0.98805 0.12721 0.08705
vn -0.9278 0.36278 0.08703
vn -0.94891 0.30327 0.08715
vn -0.62291 0.16988 0.76362
vn -0.96371 0.25234 0.0871
vn -0.97987 0.17962 0.08714
vn -0.90241 0.42196 0.08718
vn -0.9278 0.36278 0.08706
vn -0.8997 0.35179 0.25843
vn -0.932 0.25417 0.25842
vn -0.8746 0.23851 0.42212
vn -0.895 0.1442 0.42212
vn -0.80908 0.13036 0.57305
vn -0.81836 0.04362 0.57305
vn -0.70659 0.03766 0.70662
vn -0.70664 0.03766 0.70657
vn -0.69863 0.11256 0.70657
vn -0.80915 0.13037 0.57296
vn -0.79071 0.21563 0.57296
vn -0.87458 0.23851 0.42218
vn -0.84427 0.33012 0.42217
vn -0.89969 0.35179 0.25846
vn -0.8572 0.44542 0.25846
vn -0.5454 0.2834 0.78881
vn -0.76691 0.63582 0.08703
vn -0.81154 0.57776 0.08714
vn -0.41119 0.27278 0.86978
vn -0.84115 0.53375 0.08711
vn -0.87868 0.4694 0.08708
vn -0.08714 -0.00464 0.99618
vn -0.08714 0.00464 0.99618
vn -0.2588 0.01379 0.96583
vn -0.25587 0.04122 0.96583
vn -0.41774 0.0673 0.90607
vn -0.40822 0.11133 0.90607
vn -0.55389 0.15105 0.81877
vn -0.53469 0.20907 0.81877
vn -0.65904 0.25769 0.70659
vn -0.62791 0.32628 0.70659
vn -0.72723 0.37789 0.573
vn -0.68295 0.45305 0.573
vn -0.75543 0.50113 0.42212
vn -0.69788 0.57859 0.42213
vn -0.74367 0.61655 0.25849
vn -0.67392 0.69211 0.25848
vn -0.6764 0.69466 0.2448
vn -0.53588 0.83979 0.0871
vn -0.59714 0.79739 0.08714
vn -0.29647 0.37762 0.87721
vn -0.63873 0.76448 0.08716
vn -0.69408 0.71462 0.08707
vn -0.08616 0.01388 0.99618
vn -0.0842 0.02296 0.99618
vn -0.25003 0.06819 0.96584
vn -0.24136 0.09437 0.96584
vn -0.39406 0.15408 0.90608
vn -0.37545 0.19509 0.90608
vn -0.50946 0.26473 0.81876
vn -0.47843 0.31738 0.81876
vn -0.58968 0.39118 0.70658
vn -0.54476 0.45164 0.70659
vn -0.6309 0.52306 0.57305
vn -0.57173 0.58715 0.57305
vn -0.63243 0.6495 0.42212
vn -0.55981 0.71304 0.42213
vn -0.59654 0.75982 0.25847
vn -0.5124 0.81893 0.25847
vn -0.36146 0.57769 0.73186
vn -0.25478 0.96307 0.0871
vn -0.32604 0.94134 0.08708
vn -0.19943 0.55301 0.80895
vn -0.37568 0.92264 0.08714
vn -0.43565 0.8959 0.08702
vn -0.43565 0.8959 0.08703
vn -0.49042 0.86712 0.08715
vn -0.07744 0.04024 0.99618
vn -0.07273 0.04825 0.99618
vn -0.21596 0.14327 0.96583
vn -0.19951 0.16541 0.96583
vn -0.32572 0.27004 0.90608
vn -0.29517 0.30313 0.90608
vn -0.40054 0.41135 0.81876
vn -0.35454 0.45159 0.81876
vn -0.43696 0.55657 0.70661
vn -0.37533 0.59986 0.70661
vn -0.43469 0.69474 0.57305
vn -0.35838 0.73701 0.57305
vn -0.39643 0.81525 0.42215
vn -0.30753 0.85277 0.42215
vn -0.32771 0.90872 0.25851
vn -0.22926 0.93841 0.25851
vn -0.11937 0.48863 0.86429
vn 0.0505 0.99492 0.08713
vn -0.02399 0.99592 0.08705
vn -0.02464 0.92509 0.37895
vn -0.07697 0.99322 0.08713
vn -0.13222 0.98739 0.08701
vn -0.13222 0.98739 0.08701
vn -0.20317 0.97526 0.08711
vn -0.06089 0.06253 0.99618
vn -0.0539 0.06865 0.99618
vn -0.16004 0.20385 0.96583
vn -0.13747 0.21971 0.96583
vn -0.22442 0.35867 0.90609
vn -0.18502 0.38049 0.90609
vn -0.25106 0.5163 0.81878
vn -0.19476 0.54006 0.81878
vn -0.24004 0.66562 0.70663
vn -0.16793 0.68737 0.70663
vn -0.1945 0.79611 0.57304
vn -0.10877 0.81228 0.57304
vn -0.12032 0.89852 0.42213
vn -0.02413 0.90622 0.42213
vn -0.02571 0.96566 0.25853
vn 0.07707 0.96292 0.25853
vn 0.03798 0.47455 0.87941
vn 0.2876 0.95379 0.08703
vn 0.22905 0.96951 0.08715
vn 0.13386 0.70994 0.69142
vn 0.17713 0.98033 0.08699
vn 0.10338 0.99083 0.08704
vn -0.04629 0.07399 0.99618
vn -0.03817 0.07849 0.99618
vn -0.11334 0.23308 0.96583
vn -0.08792 0.24381 0.96583
vn -0.14354 0.39802 0.90608
vn -0.10042 0.41102 0.90608
vn -0.13624 0.55767 0.8188
vn -0.07619 0.569 0.8188
vn -0.09392 0.70137 0.70659
vn -0.01884 0.70738 0.70659
vn -0.02182 0.81924 0.57303
vn 0.06539 0.81692 0.57303
vn 0.07233 0.90367 0.42207
vn 0.16798 0.89086 0.42207
vn 0.17899 0.94926 0.25858
vn 0.27887 0.92486 0.25858
vn 0.2876 0.95379 0.08698
vn 0.35098 0.93232 0.0871
vn -0.03817 0.07849 0.99618
vn -0.02961 0.0821 0.99618
vn -0.08792 0.24381 0.96583
vn -0.06151 0.25177 0.96583
vn -0.10042 0.41104 0.90607
vn -0.05616 0.41939 0.90607
vn -0.0762 0.56903 0.81878
vn -0.01528 0.57391 0.81878
vn -0.01884 0.70735 0.70661
vn 0.05646 0.70535 0.70661
vn 0.06538 0.81688 0.57309
vn 0.15184 0.80531 0.57309
vn 0.16798 0.89087 0.42206
vn 0.26172 0.86797 0.42206
vn 0.27888 0.92489 0.25847
vn 0.37561 0.89 0.25847
vn 0.21966 0.52047 0.82514
vn 0.57261 0.8152 0.08701
vn 0.51333 0.85376 0.08712
vn 0.24937 0.45019 0.85741
vn 0.46717 0.87987 0.08708
vn 0.40011 0.91232 0.08707
vn -0.01158 0.0865 0.99618
vn -0.00232 0.08725 0.99618
vn -0.0069 0.25909 0.96583
vn 0.02068 0.25836 0.96583
vn 0.03376 0.42179 0.90607
vn 0.0784 0.41581 0.90607
vn 0.10638 0.56417 0.81878
vn 0.16574 0.54967 0.81878
vn 0.20428 0.67749 0.70659
vn 0.27514 0.65194 0.70659
vn 0.31865 0.75504 0.57305
vn 0.3971 0.71689 0.57305
vn 0.43926 0.793 0.42214
vn 0.52106 0.74181 0.42214
vn 0.55525 0.79049 0.25849
vn 0.63613 0.72699 0.25849
vn 0.57493 0.65705 0.48758
vn 0.79588 0.59916 0.08704
vn 0.74888 0.65696 0.0871
vn 0.34803 0.32129 0.88071
vn 0.71285 0.69588 0.08712
vn 0.65886 0.74721 0.08704
vn 0.00696 0.087 0.99618
vn 0.01617 0.08576 0.99618
vn 0.04802 0.25469 0.96583
vn 0.07482 0.24814 0.96583
vn 0.12215 0.40511 0.90607
vn 0.16452 0.38983 0.90607
vn 0.22323 0.52894 0.81877
vn 0.27819 0.50222 0.81877
vn 0.34288 0.619 0.7066
vn 0.40673 0.57905 0.7066
vn 0.47107 0.67065 0.573
vn 0.53969 0.61677 0.573
vn 0.59697 0.68224 0.4221
vn 0.66611 0.61492 0.4221
vn 0.7098 0.65526 0.25848
vn 0.77543 0.5761 0.25847
vn 0.61698 0.45838 0.63971
vn 0.94051 0.32843 0.08704
vn 0.91334 0.3978 0.08703
vn 0.4966 0.22534 0.83822
vn 0.89086 0.44584 0.08713
vn 0.85829 0.50574 0.08702
vn 0.85829 0.50574 0.08702
vn 0.82664 0.55595 0.08714
vn 0.03393 0.08041 0.99618
vn 0.04229 0.07634 0.99618
vn 0.12558 0.22671 0.96583
vn 0.14897 0.21208 0.96583
vn 0.2432 0.34623 0.90608
vn 0.27862 0.31842 0.90608
vn 0.37806 0.43206 0.81877
vn 0.42185 0.38943 0.81877
vn 0.51993 0.47998 0.70661
vn 0.568 0.42199 0.70661
vn 0.65784 0.48874 0.57305
vn 0.70606 0.41604 0.57305
vn 0.78102 0.46021 0.42216
vn 0.82551 0.37458 0.42216
vn 0.87967 0.39916 0.25856
vn 0.91711 0.3034 0.25856
vn 0.50192 0.16605 0.84882
vn 0.99585 0.02652 0.08708
vn 0.99109 0.10087 0.08701
vn 0.81479 0.0871 0.57318
vn 0.9843 0.15348 0.08714
vn 0.9737 0.21058 0.08702
vn 0.97369 0.21058 0.08707
vn 0.95664 0.27791 0.08718
vn 0.05747 0.06568 0.99618
vn 0.06413 0.0592 0.99618
vn 0.19043 0.17579 0.96583
vn 0.20804 0.15456 0.96583
vn 0.33964 0.25233 0.90608
vn 0.36454 0.2148 0.90608
vn 0.49464 0.29146 0.81877
vn 0.52282 0.23723 0.81877
vn 0.64436 0.29239 0.70662
vn 0.67179 0.22224 0.70662
vn 0.77811 0.25741 0.57296
vn 0.80106 0.17325 0.57296
vn 0.88603 0.19162 0.42218
vn 0.90138 0.09636 0.42218
vn 0.96053 0.10268 0.25853
vn 0.47286 -0 0.88114
vn 0.9737 -0.21058 0.08702
vn 0.9843 -0.15348 0.08714
vn 0.81479 -0.0871 0.57318
vn 0.99109 -0.10087 0.08701
vn 0.99585 -0.02652 0.08708
vn 0.07006 0.05205 0.99618
vn 0.07519 0.04431 0.99618
vn 0.22329 0.13157 0.96583
vn 0.23601 0.10709 0.96583
vn 0.38526 0.17482 0.9061
vn 0.40166 0.13288 0.9061
vn 0.54507 0.18032 0.81877
vn 0.56114 0.12136 0.81877
vn 0.69161 0.14957 0.70661
vn 0.70359 0.07521 0.70661
vn 0.81486 0.08711 0.57307
vn 0.81951 -0 0.57307
vn 0.90143 -0.09636 0.42207
vn 0.96055 -0.10268 0.25846
vn 0.94419 -0.2042 0.25846
vn 0.97369 -0.21058 0.08707
vn 0.95664 -0.27791 0.08718
vn 0.07519 0.04431 0.99618
vn 0.07948 0.03606 0.99618
vn 0.23601 0.10709 0.96583
vn 0.24606 0.0814 0.96583
vn 0.40169 0.13288 0.90608
vn 0.41353 0.08944 0.90609
vn 0.56119 0.12137 0.81874
vn 0.57091 0.06103 0.81874
vn 0.70363 0.07522 0.70658
vn 0.81486 -0.08711 0.57307
vn 0.90138 -0.09636 0.42218
vn 0.88603 -0.19162 0.42218
vn 0.94418 -0.2042 0.25853
vn 0.91712 -0.3034 0.25852
vn 0.50192 -0.16605 0.84882
vn 0.85829 -0.50574 0.08702
vn 0.89086 -0.44584 0.08713
vn 0.4966 -0.22534 0.83822
vn 0.91334 -0.3978 0.08703
vn 0.94051 -0.32843 0.08704
vn 0.08286 0.02741 0.99618
vn 0.0853 0.01845 0.99618
vn 0.25332 0.05478 0.96583
vn 0.2577 0.02755 0.96583
vn 0.4207 0.04497 0.90608
vn 0.4231 -0 0.90608
vn 0.57083 -0.06102 0.81879
vn 0.70359 -0.07521 0.70661
vn 0.69161 -0.14957 0.70661
vn 0.80106 -0.17324 0.57296
vn 0.77811 -0.25741 0.57296
vn 0.8607 -0.28473 0.42205
vn 0.82556 -0.37461 0.42205
vn 0.87969 -0.39917 0.25846
vn 0.83228 -0.49042 0.25847
vn 0.85829 -0.50574 0.08702
vn 0.82664 -0.55595 0.08714
vn 0.0853 0.01845 0.99618
vn 0.08678 0.00928 0.99618
vn 0.2577 0.02755 0.96583
vn 0.4207 -0.04497 0.90608
vn 0.57091 -0.06103 0.81874
vn 0.56119 -0.12137 0.81874
vn 0.69159 -0.14957 0.70663
vn 0.67178 -0.22224 0.70663
vn 0.77804 -0.25739 0.57307
vn 0.74627 -0.33863 0.57307
vn 0.82551 -0.37459 0.42216
vn 0.78102 -0.46021 0.42216
vn 0.83227 -0.49041 0.25849
vn 0.77543 -0.5761 0.25849
vn 0.61698 -0.45838 0.63971
vn 0.65886 -0.74721 0.08704
vn 0.71285 -0.69588 0.08712
vn 0.34803 -0.32129 0.88071
vn 0.74888 -0.65696 0.0871
vn 0.79588 -0.59916 0.08704
vn 0.08678 -0.00928 0.99618
vn 0.2577 -0.02755 0.96583
vn 0.25332 -0.05478 0.96583
vn 0.41353 -0.08944 0.90609
vn 0.40169 -0.13288 0.90608
vn 0.54511 -0.18033 0.81874
vn 0.52285 -0.23725 0.81874
vn 0.64436 -0.29239 0.70662
vn 0.60963 -0.35922 0.70662
vn 0.70606 -0.41604 0.57305
vn 0.65784 -0.48874 0.57305
vn 0.72768 -0.54062 0.42215
vn 0.66609 -0.61491 0.42215
vn 0.7098 -0.65526 0.25849
vn 0.63613 -0.72699 0.2585
vn 0.57493 -0.65705 0.48758
vn 0.40011 -0.91232 0.08707
vn 0.46717 -0.87987 0.08708
vn 0.24937 -0.45019 0.85741
vn 0.51333 -0.85376 0.08712
vn 0.57261 -0.8152 0.08701
vn 0.57261 -0.8152 0.08701
vn 0.61815 -0.78122 0.08713
vn 0.08286 -0.02741 0.99618
vn 0.07948 -0.03606 0.99618
vn 0.23601 -0.10709 0.96583
vn 0.22329 -0.13157 0.96583
vn 0.36454 -0.2148 0.90608
vn 0.33964 -0.25233 0.90608
vn 0.46085 -0.34239 0.81877
vn 0.42185 -0.38943 0.81877
vn 0.51993 -0.47998 0.70661
vn 0.46597 -0.53252 0.70661
vn 0.53969 -0.61677 0.573
vn 0.47107 -0.67065 0.573
vn 0.52106 -0.74181 0.42214
vn 0.43926 -0.793 0.42214
vn 0.46808 -0.84503 0.25851
vn 0.37561 -0.89 0.25851
vn 0.21966 -0.52047 0.82514
vn 0.10338 -0.99083 0.08704
vn 0.17713 -0.98033 0.08699
vn 0.13386 -0.70994 0.69142
vn 0.22905 -0.96951 0.08715
vn 0.2876 -0.95379 0.08703
vn 0.2876 -0.95379 0.08698
vn 0.35098 -0.93232 0.0871
vn 0.0505 -0.99492 0.08713
vn 0.03798 -0.47455 0.87941
vn 0.07707 -0.96292 0.25854
vn 0.17899 -0.94927 0.25854
vn 0.16798 -0.89087 0.42206
vn 0.26172 -0.86797 0.42206
vn 0.23659 -0.78463 0.57304
vn 0.31865 -0.75504 0.57304
vn 0.27514 -0.65193 0.7066
vn 0.34287 -0.61899 0.7066
vn 0.27819 -0.50221 0.81878
vn 0.32999 -0.4698 0.81878
vn 0.2432 -0.34623 0.90608
vn 0.27862 -0.31842 0.90608
vn 0.17066 -0.19504 0.96583
vn 0.19043 -0.17579 0.96583
vn 0.06413 -0.0592 0.99618
vn 0.07006 -0.05205 0.99618
vn 0.06413 -0.0592 0.99618
vn 0.05747 -0.06568 0.99618
vn 0.17067 -0.19504 0.96583
vn 0.14897 -0.21208 0.96583
vn 0.24319 -0.34623 0.90608
vn 0.20501 -0.37011 0.90608
vn 0.27819 -0.50222 0.81877
vn 0.22323 -0.52894 0.81877
vn 0.27514 -0.65194 0.70659
vn 0.20428 -0.67749 0.70659
vn 0.23659 -0.78462 0.57306
vn 0.15185 -0.80532 0.57306
vn 0.16798 -0.89086 0.42207
vn 0.07233 -0.90367 0.42207
vn 0.07707 -0.96292 0.25853
vn -0.02572 -0.96566 0.25853
vn -0.02464 -0.92509 0.37895
vn -0.32604 -0.94134 0.08708
vn -0.25478 -0.96307 0.0871
vn -0.11937 -0.48863 0.86429
vn -0.20317 -0.97526 0.08711
vn -0.13222 -0.98739 0.08701
vn -0.13222 -0.98739 0.08701
vn -0.07697 -0.99322 0.08713
vn 0.04229 -0.07634 0.99618
vn 0.03393 -0.08041 0.99618
vn 0.10077 -0.23878 0.96583
vn 0.07482 -0.24814 0.96583
vn 0.12215 -0.40509 0.90608
vn 0.0784 -0.41578 0.90608
vn 0.10638 -0.56418 0.81877
vn 0.04581 -0.57229 0.81877
vn 0.05646 -0.70535 0.70661
vn -0.01884 -0.70735 0.70661
vn -0.02182 -0.81925 0.57302
vn -0.10877 -0.81229 0.57302
vn -0.12032 -0.89853 0.42209
vn -0.21515 -0.88065 0.42209
vn -0.22926 -0.93841 0.25851
vn -0.32771 -0.90872 0.25851
vn -0.19943 -0.55301 0.80895
vn -0.59714 -0.79739 0.08714
vn -0.53588 -0.83979 0.0871
vn -0.36146 -0.57769 0.73186
vn -0.49042 -0.86712 0.08715
vn -0.43565 -0.8959 0.08703
vn -0.43565 -0.8959 0.08702
vn -0.37568 -0.92264 0.08714
vn 0.01617 -0.08576 0.99618
vn 0.00696 -0.087 0.99618
vn 0.02068 -0.25836 0.96583
vn -0.0069 -0.25909 0.96583
vn -0.01126 -0.42296 0.90608
vn -0.05616 -0.41937 0.90608
vn -0.07619 -0.56899 0.8188
vn -0.13624 -0.55767 0.8188
vn -0.16793 -0.68737 0.70663
vn -0.24004 -0.66562 0.70663
vn -0.27803 -0.77097 0.57298
vn -0.3584 -0.73704 0.57299
vn -0.39643 -0.81525 0.42215
vn -0.48084 -0.76849 0.42216
vn -0.5124 -0.81893 0.25847
vn -0.59654 -0.75982 0.25847
vn -0.29647 -0.37762 0.87721
vn -0.76691 -0.63582 0.08704
vn -0.73113 -0.67665 0.08716
vn -0.6764 -0.69466 0.2448
vn -0.69408 -0.71462 0.08707
vn -0.63873 -0.76448 0.08716
vn -0.00232 -0.08725 0.99618
vn -0.01158 -0.0865 0.99618
vn -0.0344 -0.25687 0.96583
vn -0.06151 -0.25176 0.96583
vn -0.10042 -0.41102 0.90608
vn -0.14353 -0.39802 0.90608
vn -0.19476 -0.54006 0.81878
vn -0.25106 -0.5163 0.81878
vn -0.30945 -0.63638 0.70659
vn -0.37534 -0.59988 0.70659
vn -0.4347 -0.69475 0.57303
vn -0.50608 -0.6446 0.57303
vn -0.55981 -0.71304 0.42213
vn -0.63243 -0.6495 0.42212
vn -0.67392 -0.69211 0.25848
vn -0.74367 -0.61655 0.25849
vn -0.76691 -0.63582 0.08703
vn -0.81154 -0.57776 0.08714
vn -0.01158 -0.08651 0.99618
vn -0.02071 -0.08478 0.99618
vn -0.06151 -0.25177 0.96583
vn -0.08792 -0.24381 0.96583
vn -0.14353 -0.39801 0.90609
vn -0.18502 -0.38049 0.90609
vn -0.25107 -0.51632 0.81876
vn -0.30453 -0.48671 0.81876
vn -0.37533 -0.59986 0.70661
vn -0.43696 -0.55657 0.70661
vn -0.50608 -0.6446 0.57304
vn -0.57173 -0.58716 0.57304
vn -0.63243 -0.6495 0.42211
vn -0.69789 -0.5786 0.42211
vn -0.74367 -0.61655 0.25848
vn -0.80499 -0.53401 0.25848
vn -0.41119 -0.27278 0.86978
vn -0.9278 -0.36278 0.08706
vn -0.90241 -0.42196 0.08718
vn -0.5454 -0.2834 0.78881
vn -0.87868 -0.4694 0.08708
vn -0.84115 -0.53375 0.08711
vn -0.02961 -0.0821 0.99618
vn -0.03817 -0.07849 0.99618
vn -0.11334 -0.23307 0.96583
vn -0.13747 -0.21971 0.96583
vn -0.22443 -0.35869 0.90607
vn -0.26129 -0.33281 0.90607
vn -0.35454 -0.45159 0.81876
vn -0.40054 -0.41135 0.81876
vn -0.49366 -0.50698 0.70659
vn -0.54475 -0.45164 0.70659
vn -0.6309 -0.52306 0.57303
vn -0.68293 -0.45304 0.57304
vn -0.75542 -0.50112 0.42216
vn -0.8044 -0.41799 0.42216
vn -0.8572 -0.44542 0.25846
vn -0.89969 -0.35179 0.25846
vn -0.9278 -0.36278 0.08703
vn -0.94891 -0.30327 0.08715
vn -0.03817 -0.07849 0.99618
vn -0.04629 -0.07399 0.99618
vn -0.13747 -0.21971 0.96583
vn -0.16004 -0.20385 0.96583
vn -0.26128 -0.3328 0.90608
vn -0.29518 -0.30314 0.90608
vn -0.40052 -0.41133 0.81877
vn -0.44198 -0.36643 0.81877
vn -0.54476 -0.45164 0.70659
vn -0.58968 -0.39118 0.70658
vn -0.68294 -0.45305 0.573
vn -0.72723 -0.37789 0.573
vn -0.80443 -0.418 0.4221
vn -0.8443 -0.33013 0.4221
vn -0.8997 -0.35179 0.25843
vn -0.932 -0.25417 0.25842
vn -0.62291 -0.16988 0.76362
vn -0.96371 -0.25234 0.0871
vn -0.98805 -0.12721 0.08705
vn -0.08616 -0.01388 0.99618
vn -0.25587 -0.04122 0.96583
vn -0.25585 -0.04122 0.96584
vn -0.4177 -0.0673 0.90609
vn -0.41774 -0.0673 0.90607
vn -0.56681 -0.09132 0.81877
vn -0.56679 -0.09132 0.81879
vn -0.69863 -0.11256 0.70657
vn -0.69859 -0.11255 0.70661
vn -0.80908 -0.13035 0.57305
vn -0.80915 -0.13037 0.57296
vn -0.89501 -0.1442 0.42209
vn -0.895 -0.1442 0.42212
vn -0.9537 -0.15366 0.25853
vn -0.9537 -0.15366 0.25854
vn -0.47967 -0.07728 0.87404
vn -0.97987 -0.17962 0.08714
vn -0.08715 -0.00465 0.99618
vn -0.2588 -0.01379 0.96583
vn -0.2588 -0.01379 0.96583
vn -0.42252 -0.02252 0.90607
vn -0.42249 -0.02252 0.90609
vn -0.5733 -0.03056 0.81877
vn -0.57331 -0.03056 0.81877
vn -0.70659 -0.03766 0.70662
vn -0.70664 -0.03766 0.70657
vn -0.8184 -0.04362 0.57298
vn -0.81836 -0.04362 0.57305
vn -0.90524 -0.04825 0.42214
vn -0.90527 -0.04825 0.42209
vn -0.96466 -0.05141 0.25844
vn -0.96463 -0.05141 0.25854
vn -0.99478 -0.05302 0.08714
vn -0.9948 -0.05302 0.08695
vn 0.69908 -0.11361 -0.70596
vn 0.69908 -0.11361 -0.70596
vn 0.67181 -0.22428 -0.70596
vn 0.67181 -0.22428 -0.70596
vn 0.62713 -0.32914 -0.70596
vn 0.62713 -0.32914 -0.70596
vn 0.56621 -0.42548 -0.70596
vn 0.56621 -0.42548 -0.70596
vn 0.49063 -0.5108 -0.70596
vn 0.49062 -0.51079 -0.70596
vn 0.40233 -0.58288 -0.70596
vn 0.40233 -0.58288 -0.70596
vn 0.30362 -0.63987 -0.70596
vn 0.30362 -0.63987 -0.70596
vn 0.19705 -0.68029 -0.70596
vn 0.19705 -0.68029 -0.70596
vn 0.08537 -0.70309 -0.70596
vn 0.08537 -0.70309 -0.70596
vn -0.02852 -0.70768 -0.70596
vn -0.02852 -0.70768 -0.70596
vn -0.14167 -0.69394 -0.70596
vn -0.14167 -0.69394 -0.70596
vn -0.25115 -0.66223 -0.70596
vn -0.25115 -0.66223 -0.70596
vn -0.35413 -0.61337 -0.70596
vn -0.35413 -0.61337 -0.70596
vn -0.44793 -0.54862 -0.70596
vn -0.44793 -0.54862 -0.70596
vn -0.53014 -0.46966 -0.70596
vn -0.53014 -0.46966 -0.70596
vn -0.59861 -0.37854 -0.70596
vn -0.59861 -0.37854 -0.70596
vn -0.65158 -0.27761 -0.70596
vn -0.65158 -0.27761 -0.70596
vn -0.68767 -0.1695 -0.70596
vn -0.68767 -0.1695 -0.70596
vn -0.70596 -0.05699 -0.70596
vn -0.70596 -0.05699 -0.70596
vn -0.70596 0.05699 -0.70596
vn -0.70596 0.05699 -0.70596
vn -0.68767 0.1695 -0.70596
vn -0.68767 0.1695 -0.70596
vn -0.65158 0.27761 -0.70596
vn -0.65158 0.27761 -0.70596
vn -0.59861 0.37854 -0.70596
vn -0.59861 0.37854 -0.70596
vn -0.53014 0.46966 -0.70596
vn -0.53014 0.46966 -0.70596
vn -0.44793 0.54862 -0.70596
vn -0.44793 0.54862 -0.70596
vn -0.35413 0.61337 -0.70596
vn -0.35413 0.61337 -0.70596
vn -0.25115 0.66223 -0.70596
vn -0.25115 0.66223 -0.70596
vn -0.14167 0.69394 -0.70596
vn -0.14167 0.69394 -0.70596
vn -0.02852 0.70768 -0.70596
vn -0.02852 0.70768 -0.70596
vn 0.08537 0.70309 -0.70596
vn 0.08537 0.70309 -0.70596
vn 0.19705 0.68029 -0.70596
vn 0.19705 0.68029 -0.70596
vn 0.30362 0.63987 -0.70596
vn 0.30362 0.63987 -0.70596
vn 0.40233 0.58288 -0.70596
vn 0.40233 0.58288 -0.70596
vn 0.49062 0.51079 -0.70596
vn 0.49063 0.5108 -0.70596
vn 0.56621 0.42548 -0.70596
vn 0.56621 0.42548 -0.70596
vn 0.62713 0.32914 -0.70596
vn 0.62713 0.32914 -0.70596
vn 0.67181 0.22428 -0.70596
vn 0.67181 0.22428 -0.70596
vn 0.69908 0.11361 -0.70596
vn 0.69908 0.11361 -0.70596
vn 0.70682 0.02848 -0.70682
vn 0.70682 0.02848 -0.70682
vn 0.70682 -0.02848 -0.70682
vn 0.70682 -0.02848 -0.70682
vn -0.68767 -0.1695 0.70596
vn -0.68767 -0.1695 0.70596
vn -0.65158 -0.27761 0.70596
vn -0.65158 -0.27761 0.70596
vn -0.59861 -0.37854 0.70596
vn -0.59861 -0.37854 0.70596
vn -0.53014 -0.46966 0.70596
vn -0.53014 -0.46966 0.70596
vn -0.44793 -0.54862 0.70596
vn -0.44793 -0.54862 0.70596
vn -0.35413 -0.61337 0.70596
vn -0.35413 -0.61337 0.70596
vn -0.25115 -0.66223 0.70596
vn -0.25115 -0.66223 0.70596
vn -0.14167 -0.69394 0.70596
vn -0.14167 -0.69394 0.70596
vn -0.02852 -0.70768 0.70596
vn -0.02852 -0.70768 0.70596
vn 0.08537 -0.70309 0.70596
vn 0.08537 -0.70309 0.70596
vn 0.19705 -0.68029 0.70596
vn 0.19705 -0.68029 0.70596
vn 0.30362 -0.63987 0.70596
vn 0.30362 -0.63987 0.70596
vn 0.40233 -0.58288 0.70596
vn 0.40233 -0.58288 0.70596
vn 0.49062 -0.51079 0.70596
vn 0.49063 -0.5108 0.70596
vn 0.56621 -0.42548 0.70596
vn 0.56621 -0.42548 0.70596
vn 0.62713 -0.32914 0.70596
vn 0.62713 -0.32914 0.70596
vn 0.6718 -0.22428 0.70596
vn 0.67181 -0.22428 0.70596
vn 0.69908 -0.11361 0.70596
vn 0.69908 -0.11361 0.70596
vn 0.70825 0 0.70596
vn 0.69908 0.11361 0.70596
vn 0.69908 0.11361 0.70596
vn 0.67181 0.22428 0.70596
vn 0.6718 0.22428 0.70596
vn 0.62713 0.32914 0.70596
vn 0.62713 0.32914 0.70596
vn 0.56621 0.42548 0.70596
vn 0.56621 0.42548 0.70596
vn 0.49063 0.5108 0.70596
vn 0.49062 0.51079 0.70596
vn 0.40233 0.58288 0.70596
vn 0.40233 0.58288 0.70596
vn 0.30362 0.63987 0.70596
vn 0.30362 0.63987 0.70596
vn 0.19705 0.68029 0.70596
vn 0.19705 0.68029 0.70596
vn 0.08537 0.70309 0.70596
vn 0.08537 0.70309 0.70596
vn -0.02852 0.70768 0.70596
vn -0.02852 0.70768 0.70596
vn -0.14167 0.69394 0.70596
vn -0.14167 0.69394 0.70596
vn -0.25115 0.66223 0.70596
vn -0.25115 0.66223 0.70596
vn -0.35413 0.61337 0.70596
vn -0.35413 0.61337 0.70596
vn -0.44793 0.54862 0.70596
vn -0.44793 0.54862 0.70596
vn -0.53014 0.46966 0.70596
vn -0.53014 0.46966 0.70596
vn -0.59861 0.37854 0.70596
vn -0.59861 0.37854 0.70596
vn -0.65158 0.27761 0.70596
vn -0.65158 0.27761 0.70596
vn -0.68767 0.1695 0.70596
vn -0.68767 0.1695 0.70596
vn -0.70596 0.05699 0.70596
vn -0.70596 0.05699 0.70596
vn -0.70596 -0.05699 0.70596
vn -0.70596 -0.05699 0.70596
vn -0.69034 -0.15757 0.70612
vn -0.69034 -0.15757 0.70612
vn -0.65915 -0.2587 0.70612
vn -0.65915 -0.2587 0.70612
vn -0.61323 -0.35405 0.70612
vn -0.61323 -0.35405 0.70612
vn -0.55361 -0.44149 0.70612
vn -0.55361 -0.44149 0.70612
vn -0.48163 -0.51907 0.70612
vn -0.48163 -0.51907 0.70612
vn -0.39888 -0.58506 0.70612
vn -0.39889 -0.58506 0.70612
vn -0.30723 -0.63797 0.70612
vn -0.30723 -0.63797 0.70611
vn -0.20872 -0.67664 0.70611
vn -0.20871 -0.67663 0.70612
vn -0.10554 -0.70018 0.70612
vn -0.10554 -0.70019 0.70612
vn 0 -0.7081 0.70612
vn 0.10554 -0.70019 0.70612
vn 0.10554 -0.70018 0.70612
vn 0.20871 -0.67663 0.70612
vn 0.20872 -0.67664 0.70611
vn 0.30723 -0.63797 0.70611
vn 0.30723 -0.63797 0.70612
vn 0.39889 -0.58506 0.70612
vn 0.39888 -0.58506 0.70612
vn 0.48163 -0.51907 0.70612
vn 0.48163 -0.51907 0.70612
vn 0.55361 -0.44149 0.70612
vn 0.55361 -0.44149 0.70612
vn 0.61323 -0.35405 0.70612
vn 0.61323 -0.35405 0.70612
vn 0.65915 -0.2587 0.70612
vn 0.65915 -0.2587 0.70612
vn 0.69034 -0.15757 0.70612
vn 0.69034 -0.15757 0.70612
vn 0.70612 -0.05292 0.70612
vn 0.70612 -0.05292 0.70612
vn 0.70612 0.05292 0.70612
vn 0.70612 0.05292 0.70612
vn 0.69034 0.15757 0.70612
vn 0.69034 0.15757 0.70612
vn 0.65915 0.2587 0.70612
vn 0.65915 0.2587 0.70612
vn 0.61323 0.35405 0.70612
vn 0.61323 0.35405 0.70612
vn 0.55361 0.44149 0.70612
vn 0.55361 0.44149 0.70612
vn 0.48163 0.51907 0.70612
vn 0.48163 0.51907 0.70612
vn 0.39888 0.58506 0.70612
vn 0.39889 0.58506 0.70612
vn 0.30723 0.63797 0.70612
vn 0.30723 0.63797 0.70611
vn 0.20872 0.67664 0.70611
vn 0.20871 0.67663 0.70612
vn 0.10554 0.70018 0.70612
vn 0.10554 0.70019 0.70612
vn -0 0.7081 0.70612
vn -0.10554 0.70019 0.70612
vn -0.10554 0.70018 0.70612
vn -0.20871 0.67663 0.70612
vn -0.20872 0.67664 0.70611
vn -0.30723 0.63797 0.70611
vn -0.30723 0.63797 0.70612
vn -0.39889 0.58506 0.70612
vn -0.39888 0.58506 0.70612
vn -0.48163 0.51907 0.70612
vn -0.48163 0.51907 0.70612
vn -0.55361 0.44149 0.70612
vn -0.55361 0.44149 0.70612
vn -0.61323 0.35405 0.70612
vn -0.61323 0.35405 0.70612
vn -0.65915 0.2587 0.70612
vn -0.65915 0.2587 0.70612
vn -0.69034 0.15757 0.70612
vn -0.69034 0.15757 0.70612
vn -0.70612 0.05292 0.70612
vn -0.70612 0.05292 0.70612
vn -0.70612 -0.05292 0.70612
vn -0.70612 -0.05292 0.70612
vn -0.69766 -0.11854 0.70655
vn -0.69766 -0.11854 0.70655
vn -0.68001 -0.19591 0.70655
vn -0.68 -0.19591 0.70655
vn -0.65379 -0.27081 0.70655
vn -0.65379 -0.27081 0.70655
vn -0.61936 -0.34231 0.70655
vn -0.61936 -0.34231 0.70655
vn -0.57714 -0.40951 0.70655
vn -0.57714 -0.4095 0.70655
vn -0.52766 -0.47155 0.70655
vn -0.52766 -0.47155 0.70655
vn -0.47155 -0.52766 0.70655
vn -0.47155 -0.52766 0.70655
vn -0.4095 -0.57714 0.70655
vn -0.4095 -0.57714 0.70655
vn -0.34231 -0.61936 0.70655
vn -0.34231 -0.61936 0.70655
vn -0.27081 -0.65379 0.70655
vn -0.27081 -0.65379 0.70655
vn -0.19591 -0.68 0.70655
vn -0.19591 -0.68001 0.70655
vn -0.11854 -0.69766 0.70655
vn -0.11854 -0.69766 0.70655
vn -0.03968 -0.70655 0.70655
vn -0.03968 -0.70655 0.70655
vn 0.03968 -0.70655 0.70655
vn 0.03968 -0.70655 0.70655
vn 0.11854 -0.69766 0.70655
vn 0.11854 -0.69766 0.70655
vn 0.19591 -0.68001 0.70655
vn 0.19591 -0.68 0.70655
vn 0.27081 -0.65379 0.70655
vn 0.27081 -0.65379 0.70655
vn 0.34231 -0.61936 0.70655
vn 0.34231 -0.61936 0.70655
vn 0.40951 -0.57714 0.70655
vn 0.4095 -0.57714 0.70655
vn 0.47155 -0.52766 0.70655
vn 0.47155 -0.52766 0.70655
vn 0.52766 -0.47155 0.70655
vn 0.52766 -0.47155 0.70655
vn 0.57714 -0.4095 0.70655
vn 0.57714 -0.4095 0.70655
vn 0.61936 -0.34231 0.70655
vn 0.61936 -0.34231 0.70655
vn 0.65379 -0.27081 0.70655
vn 0.65379 -0.27081 0.70655
vn 0.68 -0.19591 0.70655
vn 0.68001 -0.19591 0.70655
vn 0.69766 -0.11854 0.70655
vn 0.69766 -0.11854 0.70655
vn 0.70655 -0.03968 0.70655
vn 0.70655 -0.03968 0.70655
vn 0.70655 0.03968 0.70655
vn 0.70655 0.03968 0.70655
vn 0.69766 0.11854 0.70655
vn 0.69766 0.11854 0.70655
vn 0.68001 0.19591 0.70655
vn 0.68 0.19591 0.70655
vn 0.65379 0.27081 0.70655
vn 0.65379 0.27081 0.70655
vn 0.61936 0.34231 0.70655
vn 0.61936 0.34231 0.70655
vn 0.57714 0.40951 0.70655
vn 0.57714 0.4095 0.70655
vn 0.52766 0.47155 0.70655
vn 0.52766 0.47155 0.70655
vn 0.47155 0.52766 0.70655
vn 0.47155 0.52766 0.70655
vn 0.4095 0.57714 0.70655
vn 0.4095 0.57714 0.70655
vn 0.34231 0.61936 0.70655
vn 0.34231 0.61936 0.70655
vn 0.27081 0.65379 0.70655
vn 0.27081 0.65379 0.70655
vn 0.19591 0.68 0.70655
vn 0.19591 0.68001 0.70655
vn 0.11854 0.69766 0.70655
vn 0.11854 0.69766 0.70655
vn 0.03968 0.70655 0.70655
vn 0.03968 0.70655 0.70655
vn -0.03968 0.70655 0.70655
vn -0.03968 0.70655 0.70655
vn -0.11854 0.69766 0.70655
vn -0.11854 0.69766 0.70655
vn -0.19591 0.68001 0.70655
vn -0.19591 0.68 0.70655
vn -0.27081 0.65379 0.70655
vn -0.27081 0.65379 0.70655
vn -0.34231 0.61936 0.70655
vn -0.34231 0.61936 0.70655
vn -0.40951 0.57714 0.70655
vn -0.4095 0.57714 0.70655
vn -0.47155 0.52766 0.70655
vn -0.47155 0.52766 0.70655
vn -0.52766 0.47155 0.70655
vn -0.52766 0.47155 0.70655
vn -0.57714 0.4095 0.70655
vn -0.57714 0.4095 0.70655
vn -0.61936 0.34231 0.70655
vn -0.61936 0.34231 0.70655
vn -0.65379 0.27081 0.70655
vn -0.65379 0.27081 0.70655
vn -0.68 0.19591 0.70655
vn -0.68001 0.19591 0.70655
vn -0.69766 0.11854 0.70655
vn -0.69766 0.11854 0.70655
vn -0.70655 0.03968 0.70655
vn -0.70655 0.03968 0.70655
vn -0.70655 -0.03968 0.70655
vn -0.70655 -0.03968 0.70655
vn 0.99965 0.02662 0
vn 0.99433 0.10629 0
vn 0.9774 0.21138 0
vn 0.9494 0.31408 0
vn 0.91063 0.41321 0
vn 0.86155 0.50767 0
vn 0.80271 0.59637 0
vn 0.73477 0.67831 0
vn 0.65851 0.75257 0
vn 0.57479 0.8183 0
vn 0.48455 0.87476 0
vn 0.38882 0.92131 0
vn 0.28869 0.95742 0
vn 0.18529 0.98268 0
vn 0.07979 0.99681 0
vn -0.02662 0.99965 0
vn -0.13273 0.99115 0
vn -0.23733 0.97143 0
vn -0.33924 0.9407 0
vn -0.43731 0.89931 0
vn -0.53042 0.84773 0
vn -0.61752 0.78655 0
vn -0.69763 0.71646 0
vn -0.76983 0.63824 0
vn -0.83331 0.5528 0
vn -0.88735 0.46109 0
vn -0.93134 0.36416 0
vn -0.96477 0.2631 0
vn -0.98727 0.15906 0
vn -0.99858 0.05322 0
vn -0.99858 -0.05322 -0
vn -0.98727 -0.15906 -0
vn -0.96477 -0.2631 -0
vn -0.93134 -0.36416 -0
vn -0.88735 -0.46109 -0
vn -0.83331 -0.5528 -0
vn -0.76983 -0.63824 -0
vn -0.69763 -0.71646 -0
vn -0.61752 -0.78655 -0
vn -0.53042 -0.84773 -0
vn -0.43731 -0.89931 -0
vn -0.33924 -0.9407 -0
vn -0.23733 -0.97143 -0
vn -0.13273 -0.99115 -0
vn -0.02662 -0.99965 -0
vn 0.07979 -0.99681 0
vn 0.18529 -0.98268 0
vn 0.28869 -0.95742 0
vn 0.38882 -0.92131 0
vn 0.48455 -0.87476 0
vn 0.57479 -0.8183 0
vn 0.65851 -0.75257 0
vn 0.73477 -0.67831 0
vn 0.80271 -0.59637 0
vn 0.86155 -0.50767 0
vn 0.91063 -0.41321 0
vn 0.9494 -0.31408 0
vn 0.9774 -0.21138 0
vn 0.99433 -0.10629 0
vn 0.99965 -0.02662 0
vn 1 -0 0.00145
f 1//1 2//1 3//1
f 3//2 2//2 4//2
f 3//3 4//3 5//3
f 5//4 4//4 6//4
f 5//5 6//5 7//5
f 7//6 6//6 8//6
f 7//7 8//7 9//7
f 9//8 8//8 10//8
f 9//9 10//9 11//9
f 11//10 10//10 12//10
f 11//11 12//11 13//11
f 13//12 12//12 14//12
f 13//13 14//13 15//13
f 15//14 14//14 16//14
f 15//15 16//15 17//15
f 17//16 16//16 18//16
f 17//17 18//17 19//17
f 19//18 18//18 20//18
f 19//19 20//19 21//19
f 21//20 20//20 22//20
f 21//21 22//21 23//21
f 23//22 22//22 24//22
f 23//23 24//23 25//23
f 25//24 24//24 26//24
f 25//25 26//25 27//25
f 27//26 26//26 28//26
f 27//27 28//27 29//27
f 29//28 28//28 30//28
f 29//29 30//29 31//29
f 31//30 30//30 32//30
f 31//31 32//31 33//31
f 33//32 32//32 34//32
f 33//33 34//33 35//33
f 35//34 34//34 36//34
f 35//35 36//35 37//35
f 37//36 36//36 38//36
f 37//37 38//37 39//37
f 39//38 38//38 40//38
f 39//39 40//39 41//39
f 41//40 40//40 42//40
f 41//41 42//41 43//41
f 43//42 42//42 44//42
f 43//43 44//43 45//43
f 45//44 44//44 46//44
f 45//45 46//45 47//45
f 47//46 46//46 48//46
f 47//47 48//47 49//47
f 49//48 48//48 50//48
f 49//49 50//49 51//49
f 51//50 50//50 52//50
f 51//51 52//51 53//51
f 53//52 52//52 54//52
f 53//53 54//53 55//53
f 55//54 54//54 56//54
f 55//55 56//55 57//55
f 57//56 56//56 58//56
f 57//57 58//57 59//57
f 59//58 58//58 60//58
f 59//59 60//59 61//59
f 61//60 60//60 62//60
f 61//61 62//61 63//61
f 63//62 62//62 64//62
f 63//63 64//63 65//63
f 65//64 64//64 66//64
f 65//65 66//65 67//65
f 67//66 66//66 68//66
f 67//67 68//67 69//67
f 69//68 68//68 70//68
f 69//69 70//69 71//69
f 71//70 70//70 72//70
f 71//71 72//71 73//71
f 73//72 72//72 74//72
f 73//73 74//73 75//73
f 75//74 74//74 76//74
f 75//75 76//75 77//75
f 77//76 76//76 78//76
f 77//77 78//77 79//77
f 79//78 78//78 80//78
f 79//79 80//79 81//79
f 81//80 80//80 82//80
f 81//81 82//81 83//81
f 83//82 82//82 84//82
f 83//83 84//83 85//83
f 85//84 84//84 86//84
f 85//85 86//85 87//85
f 87//86 86//86 88//86
f 87//87 88//87 89//87
f 89//88 88//88 90//88
f 89//89 90//89 91//89
f 91//90 90//90 92//90
f 91//91 92//91 93//91
f 93//92 92//92 94//92
f 93//93 94//93 95//93
f 95//94 94//94 96//94
f 95//95 96//95 97//95
f 97//96 96//96 98//96
f 97//97 98//97 99//97
f 99//98 98//98 100//98
f 99//99 100//99 101//99
f 101//100 100//100 102//100
f 101//101 102//101 103//101
f 103//102 102//102 104//102
f 103//103 104//103 105//103
f 105//104 104//104 106//104
f 105//105 106//105 107//105
f 107//106 106//106 108//106
f 107//107 108//107 109//107
f 109//108 108//108 110//108
f 109//109 110//109 111//109
f 111//110 110//110 112//110
f 111//111 112//111 113//111
f 113//112 112//112 114//112
f 113//113 114//113 115//113
f 115//114 114//114 116//114
f 115//115 116//115 117//115
f 117//116 116//116 118//116
f 117//117 118//117 119//117
f 119//118 118//118 120//118
f 119//119 120//119 1//119
f 1//120 120//120 2//120
f 121//121 122//121 123//121
f 123//122 122//122 124//122
f 123//123 124//123 125//123
f 125//124 124//124 126//124
f 125//125 126//125 127//125
f 127//126 126//126 128//126
f 127//127 128//127 129//127
f 129//128 128//128 130//128
f 129//129 130//129 131//129
f 131//130 130//130 132//130
f 131//131 132//131 133//131
f 133//132 132//132 134//132
f 133//133 134//133 135//133
f 135//134 134//134 136//134
f 135//135 136//135 137//135
f 137//136 136//136 138//136
f 137//137 138//137 139//137
f 139//138 138//138 140//138
f 139//139 140//139 141//139
f 141//140 140//140 142//140
f 141//141 142//141 143//141
f 143//142 142//142 144//142
f 143//143 144//143 145//143
f 145//144 144//144 146//144
f 145//145 146//145 147//145
f 147//146 146//146 148//146
f 147//147 148//147 149//147
f 149//148 148//148 150//148
f 149//149 150//149 151//149
f 151//150 150//150 152//150
f 151//151 152//151 153//151
f 153//152 152//152 154//152
f 153//153 154//153 155//153
f 155//154 154//154 156//154
f 155//155 156//155 157//155
f 157//156 156//156 158//156
f 157//157 158//157 159//157
f 159//158 158//158 160//158
f 159//159 160//159 161//159
f 161//160 160//160 162//160
f 161//161 162//161 163//161
f 163//162 162//162 164//162
f 163//163 164//163 165//163
f 165//164 164//164 166//164
f 165//165 166//165 167//165
f 167//166 166//166 168//166
f 167//167 168//167 169//167
f 169//168 168//168 170//168
f 169//169 170//169 171//169
f 171//170 170//170 172//170
f 171//171 172//171 173//171
f 173//172 172//172 174//172
f 173//173 174//173 175//173
f 175//174 174//174 176//174
f 175//175 176//175 177//175
f 177//176 176//176 178//176
f 177//177 178//177 179//177
f 179//178 178//178 180//178
f 179//179 180//179 181//179
f 181//180 180//180 182//180
f 181//181 182//181 183//181
f 183//182 182//182 184//182
f 183//183 184//183 185//183
f 185//184 184//184 186//184
f 185//185 186//185 187//185
f 187//186 186//186 188//186
f 187//187 188//187 189//187
f 189//188 188//188 190//188
f 189//189 190//189 191//189
f 191//190 190//190 192//190
f 191//191 192//191 193//191
f 193//192 192//192 194//192
f 193//193 194//193 195//193
f 195//194 194//194 196//194
f 195//195 196//195 197//195
f 197//196 196//196 198//196
f 197//197 198//197 199//197
f 199//198 198//198 200//198
f 199//199 200//199 201//199
f 201//200 200//200 202//200
f 201//201 202//201 203//201
f 203//202 202//202 204//202
f 203//203 204//203 205//203
f 205//204 204//204 206//204
f 205//205 206//205 207//205
f 207//206 206//206 208//206
f 207//207 208//207 209//207
f 209//208 208//208 210//208
f 209//209 210//209 211//209
f 211//210 210//210 212//210
f 211//211 212//211 213//211
f 213//212 212//212 214//212
f 213//213 214//213 215//213
f 215//214 214//214 216//214
f 215//215 216//215 217//215
f 217//216 216//216 218//216
f 217//217 218//217 219//217
f 219//218 218//218 220//218
f 219//219 220//219 221//219
f 221//220 220//220 222//220
f 221//221 222//221 223//221
f 223//222 222//222 224//222
f 223//223 224//223 225//223
f 225//224 224//224 226//224
f 225//225 226//225 227//225
f 227//226 226//226 228//226
f 227//227 228//227 229//227
f 229//228 228//228 230//228
f 229//229 230//229 231//229
f 231//230 230//230 232//230
f 231//231 232//231 233//231
f 233//232 232//232 234//232
f 233//233 234//233 235//233
f 235//234 234//234 236//234
f 235//235 236//235 237//235
f 237//236 236//236 238//236
f 237//237 238//237 239//237
f 239//238 238//238 121//238
f 239//239 121//239 123//239
f 240//240 241//240 242//240
f 242//241 241//241 243//241
f 242//242 243//242 244//242
f 244//243 243//243 245//243
f 244//244 245//244 246//244
f 246//244 245//244 247//244
f 246//245 247//245 248//245
f 248//245 247//245 249//245
f 248//246 249//246 250//246
f 250//246 249//246 251//246
f 250//247 251//247 252//247
f 252//247 251//247 253//247
f 252//248 253//248 254//248
f 254//248 253//248 255//248
f 254//249 255//249 256//249
f 256//249 255//249 257//249
f 256//250 257//250 258//250
f 258//250 257//250 259//250
f 258//251 259//251 260//251
f 260//251 259//251 261//251
f 260//252 261//252 262//252
f 262//252 261//252 263//252
f 262//253 263//253 264//253
f 264//253 263//253 265//253
f 264//254 265//254 266//254
f 266//254 265//254 267//254
f 266//255 267//255 268//255
f 268//255 267//255 269//255
f 268//256 269//256 270//256
f 270//256 269//256 271//256
f 270//257 271//257 272//257
f 272//257 271//257 273//257
f 272//258 273//258 274//258
f 274//258 273//258 275//258
f 274//259 275//259 276//259
f 276//259 275//259 277//259
f 276//260 277//260 278//260
f 278//260 277//260 279//260
f 278//261 279//261 280//261
f 280//261 279//261 281//261
f 280//262 281//262 282//262
f 282//262 281//262 283//262
f 282//263 283//263 284//263
f 284//263 283//263 285//263
f 284//264 285//264 286//264
f 286//264 285//264 287//264
f 286//265 287//265 288//265
f 288//265 287//265 289//265
f 288//266 289//266 290//266
f 290//266 289//266 291//266
f 290//267 291//267 292//267
f 292//267 291//267 293//267
f 292//268 293//268 294//268
f 294//268 293//268 295//268
f 294//269 295//269 296//269
f 296//269 295//269 297//269
f 296//270 297//270 298//270
f 298//270 297//270 299//270
f 298//271 299//271 300//271
f 300//271 299//271 301//271
f 300//272 301//272 302//272
f 302//272 301//272 303//272
f 302//273 303//273 304//273
f 304//273 303//273 305//273
f 304//274 305//274 306//274
f 306//274 305//274 307//274
f 306//275 307//275 308//275
f 308//275 307//275 309//275
f 308//276 309//276 310//276
f 310//276 309//276 311//276
f 310//277 311//277 312//277
f 312//277 311//277 313//277
f 312//278 313//278 314//278
f 314//278 313//278 315//278
f 314//279 315//279 316//279
f 316//279 315//279 317//279
f 316//280 317//280 318//280
f 318//280 317//280 240//280
f 318//240 240//240 242//240
f 319//281 198//281 320//281
f 320//281 198//281 196//281
f 320//281 196//281 321//281
f 321//281 196//281 194//281
f 321//281 194//281 322//281
f 322//281 194//281 192//281
f 322//281 192//281 323//281
f 323//281 192//281 190//281
f 323//281 190//281 324//281
f 324//281 190//281 188//281
f 324//281 188//281 325//281
f 325//281 188//281 186//281
f 325//281 186//281 326//281
f 326//281 186//281 184//281
f 326//281 184//281 327//281
f 327//281 184//281 182//281
f 327//281 182//281 328//281
f 328//281 182//281 180//281
f 328//281 180//281 329//281
f 329//281 180//281 178//281
f 329//281 178//281 330//281
f 330//281 178//281 176//281
f 330//281 176//281 331//281
f 331//281 176//281 174//281
f 331//281 174//281 332//281
f 332//281 174//281 172//281
f 332//281 172//281 333//281
f 333//281 172//281 170//281
f 333//281 170//281 334//281
f 334//281 170//281 168//281
f 334//281 168//281 335//281
f 335//281 168//281 166//281
f 335//281 166//281 336//281
f 336//281 166//281 164//281
f 336//281 164//281 337//281
f 122//281 338//281 124//281
f 124//281 338//281 339//281
f 124//281 339//281 126//281
f 126//281 339//281 340//281
f 126//281 340//281 128//281
f 128//281 340//281 341//281
f 128//281 341//281 130//281
f 130//281 341//281 342//281
f 130//281 342//281 132//281
f 132//281 342//281 343//281
f 132//281 343//281 134//281
f 134//281 343//281 344//281
f 134//281 344//281 136//281
f 136//281 344//281 345//281
f 136//281 345//281 138//281
f 138//281 345//281 346//281
f 138//281 346//281 140//281
f 140//281 346//281 347//281
f 140//281 347//281 142//281
f 142//281 347//281 348//281
f 142//281 348//281 144//281
f 144//281 348//281 349//281
f 144//281 349//281 146//281
f 146//281 349//281 350//281
f 146//281 350//281 148//281
f 148//281 350//281 351//281
f 148//281 351//281 150//281
f 150//281 351//281 352//281
f 150//281 352//281 152//281
f 152//281 352//281 353//281
f 152//281 353//281 154//281
f 154//281 353//281 354//281
f 154//281 354//281 156//281
f 156//281 354//281 355//281
f 156//281 355//281 158//281
f 158//281 355//281 356//281
f 158//281 356//281 160//281
f 160//281 356//281 337//281
f 160//281 337//281 162//281
f 162//281 337//281 164//281
f 122//281 121//281 338//281
f 338//281 121//281 238//281
f 338//281 238//281 357//281
f 357//281 238//281 236//281
f 357//281 236//281 358//281
f 358//281 236//281 234//281
f 358//281 234//281 359//281
f 359//281 234//281 232//281
f 359//281 232//281 360//281
f 360//281 232//281 230//281
f 360//281 230//281 361//281
f 361//281 230//281 228//281
f 361//281 228//281 362//281
f 362//281 228//281 226//281
f 362//281 226//281 363//281
f 363//281 226//281 224//281
f 363//281 224//281 364//281
f 364//281 224//281 222//281
f 364//281 222//281 365//281
f 365//281 222//281 220//281
f 365//281 220//281 366//281
f 366//281 220//281 218//281
f 366//281 218//281 367//281
f 367//281 218//281 216//281
f 367//281 216//281 368//281
f 368//281 216//281 214//281
f 368//281 214//281 369//281
f 369//281 214//281 212//281
f 369//281 212//281 370//281
f 370//281 212//281 210//281
f 370//281 210//281 371//281
f 371//281 210//281 208//281
f 371//281 208//281 372//281
f 372//281 208//281 206//281
f 372//281 206//281 373//281
f 373//281 206//281 204//281
f 373//281 204//281 374//281
f 374//281 204//281 202//281
f 374//281 202//281 319//281
f 319//281 202//281 200//281
f 319//281 200//281 198//281
f 375//282 376//282 377//282
f 375//283 378//283 376//283
f 376//284 378//284 379//284
f 376//285 379//285 380//285
f 381//286 382//286 383//286
f 383//287 382//287 380//287
f 383//288 380//288 384//288
f 384//289 380//289 379//289
f 381//290 385//290 382//290
f 382//291 385//291 386//291
f 382//292 386//292 387//292
f 386//293 388//293 387//293
f 387//294 388//294 389//294
f 387//295 389//295 390//295
f 390//296 389//296 391//296
f 390//297 391//297 392//297
f 392//298 391//298 393//298
f 392//299 393//299 394//299
f 394//300 395//300 392//300
f 392//301 395//301 396//301
f 392//302 396//302 397//302
f 398//303 399//303 400//303
f 400//304 399//304 397//304
f 400//305 397//305 401//305
f 401//306 397//306 396//306
f 398//307 402//307 399//307
f 399//308 402//308 403//308
f 399//309 403//309 404//309
f 405//310 406//310 407//310
f 407//311 406//311 404//311
f 407//312 404//312 408//312
f 408//313 404//313 403//313
f 405//314 409//314 406//314
f 406//315 409//315 410//315
f 406//316 410//316 411//316
f 410//317 412//317 411//317
f 411//318 412//318 413//318
f 411//319 413//319 414//319
f 415//320 416//320 417//320
f 417//321 416//321 414//321
f 417//322 414//322 418//322
f 418//323 414//323 413//323
f 415//324 419//324 416//324
f 416//325 419//325 420//325
f 416//326 420//326 421//326
f 422//327 423//327 424//327
f 424//328 423//328 421//328
f 424//329 421//329 425//329
f 425//330 421//330 420//330
f 422//331 426//331 423//331
f 423//332 426//332 427//332
f 423//333 427//333 428//333
f 427//334 429//334 428//334
f 428//335 429//335 430//335
f 428//336 430//336 431//336
f 432//337 433//337 434//337
f 434//338 433//338 431//338
f 434//339 431//339 435//339
f 435//340 431//340 430//340
f 432//341 436//341 433//341
f 433//342 436//342 437//342
f 433//343 437//343 438//343
f 439//344 440//344 441//344
f 441//345 440//345 438//345
f 441//346 438//346 442//346
f 442//347 438//347 437//347
f 439//348 443//348 440//348
f 440//349 443//349 444//349
f 440//350 444//350 445//350
f 444//351 446//351 445//351
f 445//352 446//352 447//352
f 445//353 447//353 448//353
f 449//354 450//354 451//354
f 451//355 450//355 448//355
f 451//356 448//356 452//356
f 452//357 448//357 447//357
f 449//358 453//358 450//358
f 450//359 453//359 454//359
f 450//360 454//360 455//360
f 456//361 457//361 458//361
f 458//362 457//362 455//362
f 458//363 455//363 459//363
f 459//364 455//364 454//364
f 456//365 460//365 457//365
f 457//366 460//366 461//366
f 457//367 461//367 462//367
f 461//368 463//368 462//368
f 462//369 463//369 464//369
f 462//370 464//370 465//370
f 464//371 466//371 465//371
f 465//372 466//372 467//372
f 465//373 467//373 468//373
f 467//374 469//374 468//374
f 468//375 469//375 470//375
f 468//376 470//376 471//376
f 470//377 472//377 471//377
f 471//378 472//378 473//378
f 471//379 473//379 474//379
f 475//380 476//380 477//380
f 477//381 476//381 474//381
f 477//382 474//382 478//382
f 478//383 474//383 473//383
f 475//384 479//384 476//384
f 476//385 479//385 480//385
f 476//386 480//386 481//386
f 480//387 482//387 481//387
f 481//388 482//388 483//388
f 481//389 483//389 484//389
f 484//390 483//390 485//390
f 484//391 485//391 486//391
f 486//392 485//392 487//392
f 486//393 487//393 488//393
f 488//394 489//394 486//394
f 486//395 489//395 490//395
f 486//396 490//396 491//396
f 492//397 493//397 494//397
f 494//398 493//398 491//398
f 494//399 491//399 495//399
f 495//400 491//400 490//400
f 492//401 496//401 493//401
f 493//402 496//402 497//402
f 493//403 497//403 498//403
f 499//404 500//404 501//404
f 501//405 500//405 498//405
f 501//406 498//406 502//406
f 502//407 498//407 497//407
f 499//408 503//408 500//408
f 500//409 503//409 504//409
f 500//410 504//410 505//410
f 504//411 506//411 505//411
f 505//412 506//412 507//412
f 505//413 507//413 508//413
f 509//414 510//414 511//414
f 511//415 510//415 508//415
f 511//416 508//416 512//416
f 512//417 508//417 507//417
f 509//418 513//418 510//418
f 510//419 513//419 514//419
f 510//420 514//420 515//420
f 516//421 517//421 518//421
f 518//422 517//422 515//422
f 518//423 515//423 519//423
f 519//424 515//424 514//424
f 516//425 520//425 517//425
f 517//426 520//426 521//426
f 517//427 521//427 522//427
f 521//428 523//428 522//428
f 522//429 523//429 524//429
f 522//430 524//430 525//430
f 526//431 527//431 528//431
f 528//432 527//432 525//432
f 528//433 525//433 529//433
f 529//434 525//434 524//434
f 526//435 530//435 527//435
f 527//436 530//436 531//436
f 527//437 531//437 532//437
f 533//438 534//438 535//438
f 535//439 534//439 532//439
f 535//440 532//440 536//440
f 536//441 532//441 531//441
f 533//442 537//442 534//442
f 534//443 537//443 538//443
f 534//444 538//444 539//444
f 538//445 540//445 539//445
f 539//446 540//446 541//446
f 539//447 541//447 542//447
f 543//448 544//448 545//448
f 545//449 544//449 542//449
f 545//450 542//450 546//450
f 546//451 542//451 541//451
f 543//452 547//452 544//452
f 544//453 547//453 548//453
f 544//454 548//454 549//454
f 550//455 551//455 552//455
f 552//456 551//456 549//456
f 552//457 549//457 553//457
f 553//458 549//458 548//458
f 550//459 554//459 551//459
f 551//460 554//460 555//460
f 551//461 555//461 556//461
f 555//462 557//462 556//462
f 556//463 557//463 558//463
f 556//464 558//464 559//464
f 558//465 560//465 559//465
f 559//466 560//466 561//466
f 559//467 561//467 377//467
f 377//468 561//468 562//468
f 377//469 562//469 375//469
f 563//470 564//470 565//470
f 566//470 567//470 46//470
f 568//470 50//470 567//470
f 567//470 50//470 48//470
f 567//470 48//470 46//470
f 569//470 54//470 568//470
f 568//470 54//470 52//470
f 568//470 52//470 50//470
f 570//470 571//470 572//470
f 572//470 571//470 573//470
f 572//470 573//470 574//470
f 574//470 573//470 575//470
f 574//470 575//470 576//470
f 576//470 575//470 577//470
f 576//470 577//470 578//470
f 579//470 70//470 580//470
f 580//470 70//470 68//470
f 34//470 32//470 581//470
f 582//470 583//470 60//470
f 60//470 583//470 584//470
f 585//470 586//470 60//470
f 60//470 586//470 587//470
f 588//470 589//470 590//470
f 590//470 589//470 591//470
f 590//470 591//470 592//470
f 593//470 594//470 595//470
f 595//470 594//470 596//470
f 595//470 596//470 597//470
f 110//470 598//470 599//470
f 578//470 585//470 576//470
f 576//470 585//470 60//470
f 576//470 60//470 600//470
f 600//470 60//470 58//470
f 600//470 58//470 569//470
f 569//470 58//470 56//470
f 569//470 56//470 54//470
f 564//470 582//470 565//470
f 565//470 582//470 60//470
f 565//470 60//470 601//470
f 601//470 60//470 587//470
f 592//470 602//470 590//470
f 590//470 602//470 603//470
f 590//470 603//470 570//470
f 570//470 603//470 604//470
f 570//470 604//470 571//470
f 80//470 78//470 605//470
f 110//470 599//470 112//470
f 30//470 28//470 606//470
f 584//470 607//470 60//470
f 60//470 607//470 608//470
f 60//470 608//470 62//470
f 62//470 608//470 609//470
f 62//470 609//470 64//470
f 64//470 609//470 610//470
f 64//470 610//470 66//470
f 606//470 611//470 30//470
f 30//470 611//470 612//470
f 30//470 612//470 32//470
f 32//470 612//470 613//470
f 32//470 613//470 581//470
f 563//470 565//470 614//470
f 614//470 565//470 615//470
f 614//470 615//470 616//470
f 616//470 615//470 617//470
f 616//470 617//470 618//470
f 618//470 617//470 619//470
f 618//470 619//470 620//470
f 620//470 619//470 621//470
f 620//470 621//470 622//470
f 622//470 621//470 623//470
f 622//470 623//470 624//470
f 624//470 623//470 625//470
f 624//470 625//470 626//470
f 626//470 625//470 627//470
f 626//470 627//470 596//470
f 596//470 627//470 628//470
f 596//470 628//470 597//470
f 579//470 629//470 70//470
f 70//470 629//470 630//470
f 70//470 630//470 72//470
f 630//470 631//470 72//470
f 72//470 631//470 632//470
f 72//470 632//470 74//470
f 633//470 634//470 92//470
f 104//470 102//470 635//470
f 581//470 636//470 34//470
f 34//470 636//470 637//470
f 34//470 637//470 36//470
f 610//470 638//470 66//470
f 66//470 638//470 639//470
f 66//470 639//470 68//470
f 68//470 639//470 640//470
f 68//470 640//470 580//470
f 641//470 84//470 605//470
f 605//470 84//470 82//470
f 605//470 82//470 80//470
f 92//470 90//470 633//470
f 633//470 90//470 88//470
f 633//470 88//470 641//470
f 641//470 88//470 86//470
f 641//470 86//470 84//470
f 635//470 102//470 642//470
f 590//470 643//470 588//470
f 588//470 643//470 644//470
f 588//470 644//470 645//470
f 637//470 646//470 36//470
f 36//470 646//470 647//470
f 36//470 647//470 38//470
f 38//470 647//470 648//470
f 38//470 648//470 40//470
f 40//470 648//470 649//470
f 40//470 649//470 42//470
f 42//470 649//470 566//470
f 42//470 566//470 44//470
f 44//470 566//470 46//470
f 632//470 650//470 74//470
f 74//470 650//470 651//470
f 74//470 651//470 76//470
f 76//470 651//470 652//470
f 76//470 652//470 78//470
f 78//470 652//470 653//470
f 78//470 653//470 654//470
f 102//470 100//470 642//470
f 642//470 100//470 98//470
f 642//470 98//470 655//470
f 655//470 98//470 96//470
f 655//470 96//470 634//470
f 634//470 96//470 94//470
f 634//470 94//470 92//470
f 635//470 656//470 104//470
f 104//470 656//470 657//470
f 104//470 657//470 106//470
f 108//470 658//470 110//470
f 110//470 658//470 659//470
f 110//470 659//470 598//470
f 660//470 661//470 6//470
f 662//470 10//470 661//470
f 661//470 10//470 8//470
f 661//470 8//470 6//470
f 663//470 14//470 662//470
f 662//470 14//470 12//470
f 662//470 12//470 10//470
f 664//470 18//470 663//470
f 663//470 18//470 16//470
f 663//470 16//470 14//470
f 657//470 665//470 106//470
f 106//470 665//470 666//470
f 106//470 666//470 108//470
f 108//470 666//470 667//470
f 108//470 667//470 658//470
f 668//470 669//470 670//470
f 670//470 669//470 671//470
f 6//470 4//470 660//470
f 660//470 4//470 2//470
f 660//470 2//470 672//470
f 672//470 2//470 120//470
f 672//470 120//470 673//470
f 673//470 120//470 118//470
f 673//470 118//470 674//470
f 674//470 118//470 116//470
f 674//470 116//470 675//470
f 675//470 116//470 114//470
f 675//470 114//470 676//470
f 676//470 114//470 112//470
f 676//470 112//470 677//470
f 677//470 112//470 599//470
f 654//470 678//470 78//470
f 78//470 678//470 679//470
f 78//470 679//470 680//470
f 668//470 681//470 669//470
f 669//470 681//470 682//470
f 669//470 682//470 683//470
f 683//470 682//470 684//470
f 683//470 684//470 685//470
f 685//470 684//470 686//470
f 685//470 686//470 687//470
f 687//470 686//470 688//470
f 687//470 688//470 689//470
f 689//470 688//470 690//470
f 689//470 690//470 691//470
f 691//470 690//470 692//470
f 691//470 692//470 693//470
f 671//470 605//470 670//470
f 670//470 605//470 78//470
f 670//470 78//470 595//470
f 595//470 78//470 680//470
f 595//470 680//470 593//470
f 588//470 694//470 695//470
f 22//470 696//470 697//470
f 26//470 698//470 28//470
f 28//470 698//470 699//470
f 28//470 699//470 606//470
f 645//470 700//470 588//470
f 588//470 700//470 701//470
f 588//470 701//470 694//470
f 697//470 702//470 22//470
f 22//470 702//470 703//470
f 22//470 703//470 24//470
f 24//470 703//470 704//470
f 24//470 704//470 26//470
f 26//470 704//470 705//470
f 26//470 705//470 698//470
f 706//470 22//470 664//470
f 664//470 22//470 20//470
f 664//470 20//470 18//470
f 692//470 707//470 693//470
f 693//470 707//470 708//470
f 693//470 708//470 706//470
f 695//470 696//470 588//470
f 588//470 696//470 22//470
f 588//470 22//470 709//470
f 709//470 22//470 706//470
f 709//470 706//470 710//470
f 710//470 706//470 708//470
f 711//281 712//281 713//281
f 714//281 715//281 716//281
f 713//281 712//281 715//281
f 715//281 712//281 717//281
f 715//281 717//281 716//281
f 718//281 719//281 720//281
f 721//281 722//281 723//281
f 723//281 722//281 724//281
f 718//281 720//281 725//281
f 726//281 727//281 728//281
f 724//281 722//281 729//281
f 729//281 722//281 730//281
f 729//281 730//281 731//281
f 732//281 733//281 734//281
f 734//281 733//281 735//281
f 734//281 735//281 718//281
f 718//281 735//281 736//281
f 718//281 736//281 719//281
f 737//281 738//281 739//281
f 739//281 738//281 740//281
f 726//281 728//281 741//281
f 742//281 743//281 744//281
f 744//281 743//281 745//281
f 744//281 745//281 746//281
f 716//281 747//281 714//281
f 714//281 747//281 748//281
f 714//281 748//281 749//281
f 748//281 750//281 749//281
f 749//281 750//281 751//281
f 749//281 751//281 752//281
f 752//281 751//281 753//281
f 752//281 753//281 754//281
f 754//281 753//281 755//281
f 754//281 755//281 756//281
f 756//281 755//281 725//281
f 756//281 725//281 757//281
f 757//281 725//281 720//281
f 732//281 734//281 758//281
f 758//281 734//281 759//281
f 758//281 759//281 760//281
f 761//281 744//281 762//281
f 762//281 744//281 763//281
f 721//281 764//281 722//281
f 722//281 764//281 765//281
f 722//281 765//281 766//281
f 766//281 765//281 767//281
f 766//281 767//281 768//281
f 768//281 767//281 769//281
f 768//281 769//281 770//281
f 770//281 769//281 771//281
f 770//281 771//281 761//281
f 772//281 773//281 774//281
f 763//281 775//281 762//281
f 762//281 775//281 776//281
f 762//281 776//281 759//281
f 759//281 776//281 777//281
f 759//281 777//281 760//281
f 778//281 779//281 780//281
f 780//281 779//281 781//281
f 782//281 783//281 784//281
f 785//281 786//281 787//281
f 787//281 786//281 788//281
f 787//281 788//281 789//281
f 789//281 788//281 790//281
f 789//281 790//281 791//281
f 791//281 790//281 792//281
f 791//281 792//281 793//281
f 740//281 794//281 739//281
f 739//281 794//281 795//281
f 739//281 795//281 796//281
f 797//281 798//281 799//281
f 799//281 798//281 800//281
f 799//281 800//281 801//281
f 802//281 803//281 781//281
f 781//281 803//281 804//281
f 781//281 804//281 780//281
f 805//281 806//281 726//281
f 726//281 806//281 807//281
f 726//281 807//281 727//281
f 808//281 809//281 810//281
f 810//281 809//281 811//281
f 810//281 811//281 812//281
f 813//281 814//281 815//281
f 815//281 814//281 816//281
f 815//281 816//281 811//281
f 811//281 816//281 817//281
f 811//281 817//281 812//281
f 818//281 819//281 820//281
f 774//281 773//281 821//281
f 821//281 773//281 822//281
f 821//281 822//281 746//281
f 746//281 822//281 823//281
f 746//281 823//281 744//281
f 824//281 744//281 825//281
f 825//281 744//281 826//281
f 793//281 742//281 791//281
f 791//281 742//281 744//281
f 791//281 744//281 827//281
f 827//281 744//281 824//281
f 795//281 828//281 796//281
f 796//281 828//281 829//281
f 796//281 829//281 830//281
f 829//281 831//281 830//281
f 830//281 831//281 832//281
f 830//281 832//281 833//281
f 797//281 834//281 798//281
f 798//281 834//281 835//281
f 798//281 835//281 836//281
f 778//281 837//281 779//281
f 779//281 837//281 838//281
f 779//281 838//281 800//281
f 800//281 838//281 839//281
f 800//281 839//281 801//281
f 784//281 783//281 840//281
f 841//281 842//281 843//281
f 843//281 842//281 844//281
f 843//281 844//281 845//281
f 845//281 844//281 846//281
f 845//281 846//281 847//281
f 847//281 846//281 848//281
f 808//281 849//281 809//281
f 809//281 849//281 850//281
f 809//281 850//281 848//281
f 848//281 850//281 851//281
f 848//281 851//281 847//281
f 813//281 815//281 852//281
f 852//281 815//281 853//281
f 852//281 853//281 854//281
f 774//281 855//281 772//281
f 772//281 855//281 856//281
f 772//281 856//281 737//281
f 737//281 856//281 857//281
f 737//281 857//281 738//281
f 771//281 858//281 761//281
f 761//281 858//281 859//281
f 761//281 859//281 744//281
f 744//281 859//281 860//281
f 744//281 860//281 826//281
f 832//281 861//281 833//281
f 833//281 861//281 862//281
f 833//281 862//281 863//281
f 863//281 862//281 864//281
f 863//281 864//281 865//281
f 865//281 864//281 866//281
f 865//281 866//281 867//281
f 867//281 866//281 836//281
f 867//281 836//281 868//281
f 868//281 836//281 835//281
f 783//281 869//281 840//281
f 840//281 869//281 870//281
f 840//281 870//281 805//281
f 805//281 870//281 871//281
f 805//281 871//281 806//281
f 728//281 872//281 741//281
f 741//281 872//281 873//281
f 741//281 873//281 841//281
f 841//281 873//281 874//281
f 841//281 874//281 842//281
f 731//281 875//281 729//281
f 729//281 875//281 876//281
f 729//281 876//281 877//281
f 878//281 879//281 853//281
f 853//281 879//281 880//281
f 853//281 880//281 854//281
f 881//281 882//281 883//281
f 782//281 784//281 884//281
f 884//281 784//281 885//281
f 884//281 885//281 886//281
f 886//281 885//281 887//281
f 886//281 887//281 888//281
f 888//281 887//281 889//281
f 888//281 889//281 802//281
f 881//281 883//281 890//281
f 891//281 892//281 893//281
f 893//281 892//281 894//281
f 893//281 894//281 895//281
f 896//281 897//281 879//281
f 879//281 897//281 729//281
f 883//281 898//281 890//281
f 890//281 898//281 899//281
f 890//281 899//281 713//281
f 713//281 899//281 900//281
f 713//281 900//281 711//281
f 781//281 901//281 902//281
f 902//281 901//281 903//281
f 902//281 903//281 904//281
f 904//281 903//281 905//281
f 904//281 905//281 906//281
f 906//281 905//281 907//281
f 906//281 907//281 785//281
f 785//281 907//281 908//281
f 785//281 908//281 786//281
f 820//281 819//281 909//281
f 909//281 819//281 910//281
f 909//281 910//281 911//281
f 911//281 910//281 912//281
f 911//281 912//281 878//281
f 877//281 913//281 729//281
f 729//281 913//281 914//281
f 729//281 914//281 879//281
f 879//281 914//281 915//281
f 879//281 915//281 916//281
f 882//281 881//281 917//281
f 917//281 881//281 918//281
f 917//281 918//281 919//281
f 919//281 918//281 920//281
f 919//281 920//281 916//281
f 916//281 920//281 921//281
f 916//281 921//281 879//281
f 820//281 922//281 818//281
f 818//281 922//281 923//281
f 818//281 923//281 924//281
f 924//281 923//281 925//281
f 924//281 925//281 926//281
f 926//281 925//281 892//281
f 926//281 892//281 927//281
f 927//281 892//281 891//281
f 928//281 802//281 929//281
f 929//281 802//281 781//281
f 929//281 781//281 930//281
f 930//281 781//281 902//281
f 928//281 931//281 802//281
f 802//281 931//281 932//281
f 802//281 932//281 893//281
f 912//281 933//281 878//281
f 878//281 933//281 934//281
f 878//281 934//281 879//281
f 879//281 934//281 935//281
f 879//281 935//281 896//281
f 895//281 936//281 893//281
f 893//281 936//281 937//281
f 893//281 937//281 802//281
f 802//281 937//281 938//281
f 802//281 938//281 888//281
f 939//471 940//471 941//471
f 941//472 940//472 942//472
f 941//473 942//473 943//473
f 943//474 942//474 944//474
f 943//475 944//475 945//475
f 945//476 944//476 946//476
f 946//477 944//477 947//477
f 947//478 944//478 948//478
f 947//479 948//479 949//479
f 950//480 951//480 952//480
f 950//481 952//481 948//481
f 948//482 952//482 953//482
f 948//483 953//483 949//483
f 951//484 950//484 954//484
f 954//485 950//485 955//485
f 954//486 955//486 956//486
f 957//487 958//487 959//487
f 959//488 958//488 960//488
f 959//489 960//489 961//489
f 961//490 960//490 962//490
f 961//491 962//491 955//491
f 955//492 962//492 963//492
f 955//493 963//493 956//493
f 957//494 959//494 964//494
f 964//495 959//495 965//495
f 964//496 965//496 966//496
f 967//497 968//497 969//497
f 967//498 969//498 965//498
f 965//499 969//499 970//499
f 965//500 970//500 966//500
f 968//501 967//501 971//501
f 971//502 967//502 972//502
f 971//503 972//503 973//503
f 974//504 975//504 976//504
f 976//505 975//505 977//505
f 976//506 977//506 978//506
f 978//507 977//507 979//507
f 978//508 979//508 972//508
f 972//509 979//509 980//509
f 972//510 980//510 973//510
f 974//511 976//511 981//511
f 981//512 976//512 982//512
f 981//513 982//513 983//513
f 984//514 985//514 982//514
f 982//515 985//515 986//515
f 982//516 986//516 983//516
f 987//517 988//517 989//517
f 989//518 988//518 990//518
f 989//519 990//519 984//519
f 984//520 990//520 991//520
f 984//521 991//521 985//521
f 987//522 989//522 992//522
f 992//523 989//523 993//523
f 992//524 993//524 994//524
f 994//525 993//525 995//525
f 994//526 995//526 996//526
f 997//527 998//527 995//527
f 995//528 998//528 999//528
f 995//529 999//529 996//529
f 1000//530 1001//530 1002//530
f 1002//531 1001//531 1003//531
f 1002//532 1003//532 997//532
f 997//533 1003//533 1004//533
f 997//534 1004//534 998//534
f 1000//535 1002//535 1005//535
f 1005//536 1002//536 1006//536
f 1005//537 1006//537 1007//537
f 1008//538 1009//538 1010//538
f 1010//539 1009//539 1011//539
f 1010//540 1011//540 1012//540
f 1012//541 1011//541 1013//541
f 1012//542 1013//542 1006//542
f 1006//543 1013//543 1014//543
f 1006//544 1014//544 1007//544
f 1015//545 1016//545 1017//545
f 1017//546 1016//546 1018//546
f 1017//547 1018//547 1019//547
f 1019//548 1018//548 1020//548
f 1019//549 1020//549 1010//549
f 1010//550 1020//550 1021//550
f 1010//551 1021//551 1008//551
f 1015//552 1017//552 1022//552
f 1022//553 1017//553 1023//553
f 1022//554 1023//554 1024//554
f 1025//555 1026//555 1027//555
f 1025//556 1027//556 1028//556
f 1027//557 1029//557 1028//557
f 1028//558 1029//558 1030//558
f 1028//559 1030//559 1023//559
f 1023//560 1030//560 1031//560
f 1023//561 1031//561 1024//561
f 1032//562 1033//562 1034//562
f 1034//563 1033//563 1035//563
f 1034//564 1035//564 1036//564
f 1036//565 1035//565 1037//565
f 1036//566 1037//566 1025//566
f 1025//567 1037//567 1038//567
f 1025//568 1038//568 1026//568
f 1032//569 1034//569 1039//569
f 1039//570 1034//570 1040//570
f 1039//571 1040//571 1041//571
f 1042//572 1043//572 1044//572
f 1042//573 1044//573 1045//573
f 1044//574 1046//574 1045//574
f 1045//575 1046//575 1047//575
f 1045//576 1047//576 1040//576
f 1040//577 1047//577 1048//577
f 1040//578 1048//578 1041//578
f 1049//579 1050//579 1051//579
f 1051//580 1050//580 1052//580
f 1051//581 1052//581 1053//581
f 1053//582 1052//582 1054//582
f 1053//583 1054//583 1042//583
f 1042//584 1054//584 1055//584
f 1042//585 1055//585 1043//585
f 1049//586 1051//586 1056//586
f 1056//587 1051//587 1057//587
f 1056//588 1057//588 1058//588
f 1059//589 1060//589 1061//589
f 1059//590 1061//590 1062//590
f 1061//591 1063//591 1062//591
f 1062//592 1063//592 1064//592
f 1062//593 1064//593 1057//593
f 1057//594 1064//594 1065//594
f 1057//595 1065//595 1058//595
f 1066//596 1067//596 1068//596
f 1068//597 1067//597 1069//597
f 1068//598 1069//598 1070//598
f 1070//599 1069//599 1071//599
f 1070//600 1071//600 1059//600
f 1059//601 1071//601 1072//601
f 1059//602 1072//602 1060//602
f 1066//603 1068//603 1073//603
f 1073//604 1068//604 1074//604
f 1073//605 1074//605 1075//605
f 939//606 1076//606 940//606
f 940//607 1076//607 1077//607
f 940//608 1077//608 1078//608
f 1078//609 1077//609 1079//609
f 1078//610 1079//610 1074//610
f 1074//611 1079//611 1080//611
f 1074//612 1080//612 1075//612
f 1081//281 1082//281 1083//281
f 1083//281 1082//281 1084//281
f 1083//281 1084//281 1085//281
f 1084//281 1086//281 1085//281
f 1085//281 1086//281 1087//281
f 1085//281 1087//281 1088//281
f 1089//281 1090//281 1091//281
f 1091//281 1090//281 1092//281
f 1091//281 1092//281 1081//281
f 1081//281 1092//281 1093//281
f 1081//281 1093//281 1082//281
f 1094//281 1095//281 1096//281
f 1096//281 1095//281 1097//281
f 1096//281 1097//281 1089//281
f 1089//281 1097//281 1098//281
f 1089//281 1098//281 1090//281
f 1099//281 1100//281 1101//281
f 1101//281 1100//281 1102//281
f 1101//281 1102//281 1094//281
f 1094//281 1102//281 1103//281
f 1094//281 1103//281 1095//281
f 1104//281 1105//281 1106//281
f 1106//281 1105//281 1107//281
f 1106//281 1107//281 1099//281
f 1099//281 1107//281 1108//281
f 1099//281 1108//281 1100//281
f 1109//281 1110//281 1111//281
f 1111//281 1110//281 1112//281
f 1111//281 1112//281 1104//281
f 1104//281 1112//281 1113//281
f 1104//281 1113//281 1105//281
f 1114//281 1115//281 1116//281
f 1116//281 1115//281 1117//281
f 1116//281 1117//281 1109//281
f 1109//281 1117//281 1118//281
f 1109//281 1118//281 1110//281
f 1119//281 1120//281 1121//281
f 1121//281 1120//281 1122//281
f 1121//281 1122//281 1114//281
f 1114//281 1122//281 1123//281
f 1114//281 1123//281 1115//281
f 1124//281 1125//281 1126//281
f 1126//281 1125//281 1127//281
f 1126//281 1127//281 1128//281
f 1127//281 1129//281 1128//281
f 1128//281 1129//281 1130//281
f 1128//281 1130//281 1131//281
f 1131//281 1130//281 1132//281
f 1131//281 1132//281 1119//281
f 1119//281 1132//281 1133//281
f 1119//281 1133//281 1120//281
f 1134//281 1135//281 1136//281
f 1136//281 1135//281 1137//281
f 1136//281 1137//281 1138//281
f 1139//281 1140//281 1141//281
f 1141//281 1140//281 1142//281
f 1141//281 1142//281 1143//281
f 1144//281 1145//281 1146//281
f 1146//281 1145//281 1147//281
f 1146//281 1147//281 1139//281
f 1139//281 1147//281 1148//281
f 1139//281 1148//281 1140//281
f 1149//281 1150//281 1151//281
f 1151//281 1150//281 1152//281
f 1151//281 1152//281 1144//281
f 1144//281 1152//281 1153//281
f 1144//281 1153//281 1145//281
f 1087//281 1154//281 1088//281
f 1088//281 1154//281 1155//281
f 1088//281 1155//281 1156//281
f 1156//281 1155//281 1157//281
f 1156//281 1157//281 1158//281
f 1159//281 1160//281 1161//281
f 1161//281 1160//281 1162//281
f 1161//281 1162//281 1124//281
f 1124//281 1162//281 1163//281
f 1124//281 1163//281 1125//281
f 1137//281 1164//281 1138//281
f 1138//281 1164//281 1165//281
f 1138//281 1165//281 1166//281
f 1166//281 1165//281 1167//281
f 1166//281 1167//281 1159//281
f 1159//281 1167//281 1168//281
f 1159//281 1168//281 1160//281
f 1157//281 1169//281 1158//281
f 1158//281 1169//281 1170//281
f 1158//281 1170//281 1171//281
f 1171//281 1170//281 1172//281
f 1171//281 1172//281 1149//281
f 1149//281 1172//281 1173//281
f 1149//281 1173//281 1150//281
f 1142//281 1174//281 1143//281
f 1143//281 1174//281 1175//281
f 1143//281 1175//281 1176//281
f 1176//281 1175//281 1177//281
f 1176//281 1177//281 1134//281
f 1134//281 1177//281 1178//281
f 1134//281 1178//281 1135//281
f 916//613 566//613 919//613
f 919//613 566//613 649//613
f 919//614 649//614 917//614
f 917//614 649//614 648//614
f 917//615 648//615 882//615
f 882//615 648//615 647//615
f 882//616 647//616 883//616
f 883//616 647//616 646//616
f 883//617 646//617 898//617
f 898//617 646//617 637//617
f 898//618 637//618 899//618
f 899//618 637//618 636//618
f 899//619 636//619 900//619
f 900//619 636//619 581//619
f 900//620 581//620 711//620
f 711//620 581//620 613//620
f 711//621 613//621 712//621
f 712//621 613//621 612//621
f 712//622 612//622 717//622
f 717//622 612//622 611//622
f 717//623 611//623 716//623
f 716//623 611//623 606//623
f 716//624 606//624 747//624
f 747//624 606//624 699//624
f 747//625 699//625 748//625
f 748//625 699//625 698//625
f 748//626 698//626 750//626
f 750//626 698//626 705//626
f 750//627 705//627 751//627
f 751//627 705//627 704//627
f 751//628 704//628 753//628
f 753//628 704//628 703//628
f 753//629 703//629 755//629
f 755//629 703//629 702//629
f 755//630 702//630 725//630
f 725//630 702//630 697//630
f 725//631 697//631 718//631
f 718//631 697//631 696//631
f 718//632 696//632 734//632
f 734//632 696//632 695//632
f 734//633 695//633 759//633
f 759//633 695//633 694//633
f 759//634 694//634 762//634
f 762//634 694//634 701//634
f 762//635 701//635 761//635
f 761//635 701//635 700//635
f 761//636 700//636 770//636
f 770//636 700//636 645//636
f 770//637 645//637 768//637
f 768//637 645//637 644//637
f 768//638 644//638 766//638
f 766//638 644//638 643//638
f 766//639 643//639 722//639
f 722//639 643//639 590//639
f 722//640 590//640 730//640
f 730//640 590//640 570//640
f 730//641 570//641 731//641
f 731//641 570//641 572//641
f 731//642 572//642 875//642
f 875//642 572//642 574//642
f 875//643 574//643 876//643
f 876//643 574//643 576//643
f 876//644 576//644 877//644
f 877//644 576//644 600//644
f 877//645 600//645 913//645
f 913//645 600//645 569//645
f 913//646 569//646 914//646
f 914//646 569//646 568//646
f 914//647 568//647 915//647
f 915//647 568//647 567//647
f 915//648 567//648 916//648
f 916//648 567//648 566//648
f 872//649 640//649 873//649
f 873//649 640//649 639//649
f 873//650 639//650 874//650
f 874//650 639//650 638//650
f 874//651 638//651 842//651
f 842//651 638//651 610//651
f 842//652 610//652 844//652
f 844//652 610//652 609//652
f 844//653 609//653 846//653
f 846//653 609//653 608//653
f 846//654 608//654 848//654
f 848//654 608//654 607//654
f 848//655 607//655 809//655
f 809//655 607//655 584//655
f 809//656 584//656 811//656
f 811//656 584//656 583//656
f 811//657 583//657 815//657
f 815//657 583//657 582//657
f 815//658 582//658 853//658
f 853//658 582//658 564//658
f 853//659 564//659 878//659
f 878//659 564//659 563//659
f 878//660 563//660 911//660
f 911//660 563//660 614//660
f 911//661 614//661 909//661
f 909//661 614//661 616//661
f 909//662 616//662 820//662
f 820//662 616//662 618//662
f 820//663 618//663 922//663
f 922//663 618//663 620//663
f 922//664 620//664 923//664
f 923//664 620//664 622//664
f 923//665 622//665 925//665
f 925//665 622//665 624//665
f 925//666 624//666 892//666
f 892//666 624//666 626//666
f 892//667 626//667 894//667
f 894//667 626//667 596//667
f 894//668 596//668 895//668
f 895//668 596//668 594//668
f 895//669 594//669 936//669
f 936//669 594//669 593//669
f 936//670 593//670 937//670
f 937//670 593//670 680//670
f 937//671 680//671 938//671
f 938//671 680//671 679//671
f 938//672 679//672 888//672
f 888//672 679//672 678//672
f 888//673 678//673 886//673
f 886//673 678//673 654//673
f 886//674 654//674 884//674
f 884//674 654//674 653//674
f 884//675 653//675 782//675
f 782//675 653//675 652//675
f 782//676 652//676 783//676
f 783//676 652//676 651//676
f 783//677 651//677 869//677
f 869//677 651//677 650//677
f 869//678 650//678 870//678
f 870//678 650//678 632//678
f 870//679 632//679 871//679
f 871//679 632//679 631//679
f 871//680 631//680 806//680
f 806//680 631//680 630//680
f 806//681 630//681 807//681
f 807//681 630//681 629//681
f 807//682 629//682 727//682
f 727//682 629//682 579//682
f 727//683 579//683 728//683
f 728//683 579//683 580//683
f 728//684 580//684 872//684
f 872//684 580//684 640//684
f 903//649 669//649 905//649
f 905//649 669//649 683//649
f 905//650 683//650 907//650
f 907//650 683//650 685//650
f 907//651 685//651 908//651
f 908//651 685//651 687//651
f 908//652 687//652 786//652
f 786//652 687//652 689//652
f 786//653 689//653 788//653
f 788//653 689//653 691//653
f 788//654 691//654 790//654
f 790//654 691//654 693//654
f 790//655 693//655 792//655
f 792//655 693//655 706//655
f 792//656 706//656 793//656
f 793//656 706//656 664//656
f 793//685 664//685 742//685
f 742//685 664//685 663//685
f 742//686 663//686 743//686
f 743//686 663//686 662//686
f 743//659 662//659 745//659
f 745//659 662//659 661//659
f 745//660 661//660 746//660
f 746//660 661//660 660//660
f 746//661 660//661 821//661
f 821//661 660//661 672//661
f 821//662 672//662 774//662
f 774//662 672//662 673//662
f 774//663 673//663 855//663
f 855//663 673//663 674//663
f 855//664 674//664 856//664
f 856//664 674//664 675//664
f 856//665 675//665 857//665
f 857//665 675//665 676//665
f 857//666 676//666 738//666
f 738//666 676//666 677//666
f 738//667 677//667 740//667
f 740//667 677//667 599//667
f 740//668 599//668 794//668
f 794//668 599//668 598//668
f 794//669 598//669 795//669
f 795//669 598//669 659//669
f 795//670 659//670 828//670
f 828//670 659//670 658//670
f 828//671 658//671 829//671
f 829//671 658//671 667//671
f 829//672 667//672 831//672
f 831//672 667//672 666//672
f 831//673 666//673 832//673
f 832//673 666//673 665//673
f 832//674 665//674 861//674
f 861//674 665//674 657//674
f 861//687 657//687 862//687
f 862//687 657//687 656//687
f 862//688 656//688 864//688
f 864//688 656//688 635//688
f 864//677 635//677 866//677
f 866//677 635//677 642//677
f 866//678 642//678 836//678
f 836//678 642//678 655//678
f 836//679 655//679 798//679
f 798//679 655//679 634//679
f 798//680 634//680 800//680
f 800//680 634//680 633//680
f 800//681 633//681 779//681
f 779//681 633//681 641//681
f 779//682 641//682 781//682
f 781//682 641//682 605//682
f 781//683 605//683 901//683
f 901//683 605//683 671//683
f 901//684 671//684 903//684
f 903//684 671//684 669//684
f 1179//689 1180//689 560//689
f 560//690 558//690 1179//690
f 1179//691 558//691 557//691
f 1179//692 557//692 1181//692
f 1181//693 557//693 555//693
f 1181//694 555//694 1182//694
f 553//695 1183//695 1184//695
f 555//696 554//696 1182//696
f 1182//697 554//697 550//697
f 1182//698 550//698 1184//698
f 1184//699 550//699 552//699
f 1184//700 552//700 553//700
f 553//701 548//701 1183//701
f 1183//702 548//702 547//702
f 1183//703 547//703 1185//703
f 1185//704 547//704 543//704
f 1185//705 543//705 1186//705
f 543//706 545//706 1186//706
f 1186//707 545//707 546//707
f 1186//708 546//708 1187//708
f 546//709 541//709 1187//709
f 1187//710 541//710 540//710
f 1187//711 540//711 1188//711
f 1188//712 540//712 538//712
f 1188//713 538//713 1189//713
f 536//714 1190//714 1191//714
f 538//715 537//715 1189//715
f 1189//716 537//716 533//716
f 1189//717 533//717 1191//717
f 1191//718 533//718 535//718
f 1191//719 535//719 536//719
f 536//720 531//720 1190//720
f 1190//721 531//721 530//721
f 1190//722 530//722 1192//722
f 1192//723 530//723 526//723
f 1192//724 526//724 1193//724
f 526//725 528//725 1193//725
f 1193//726 528//726 529//726
f 1193//727 529//727 1194//727
f 529//728 524//728 1194//728
f 1194//729 524//729 523//729
f 1194//730 523//730 1195//730
f 1195//731 523//731 521//731
f 1195//732 521//732 1196//732
f 519//733 1197//733 1198//733
f 521//734 520//734 1196//734
f 1196//735 520//735 516//735
f 1196//736 516//736 1198//736
f 1198//737 516//737 518//737
f 1198//738 518//738 519//738
f 519//739 514//739 1197//739
f 1197//740 514//740 513//740
f 1197//741 513//741 1199//741
f 1199//742 513//742 509//742
f 1199//743 509//743 1200//743
f 509//744 511//744 1200//744
f 1200//745 511//745 512//745
f 1200//746 512//746 1201//746
f 512//747 507//747 1201//747
f 1201//748 507//748 506//748
f 1201//749 506//749 1202//749
f 1202//750 506//750 504//750
f 1202//751 504//751 1203//751
f 504//752 503//752 1203//752
f 1203//753 503//753 499//753
f 1203//754 499//754 1204//754
f 499//755 501//755 1204//755
f 1204//756 501//756 502//756
f 1204//757 502//757 1205//757
f 502//758 497//758 1205//758
f 1205//759 497//759 496//759
f 1205//760 496//760 1206//760
f 1206//761 496//761 492//761
f 1206//762 492//762 1207//762
f 492//763 494//763 1207//763
f 1207//764 494//764 495//764
f 1207//765 495//765 1208//765
f 495//766 490//766 1208//766
f 1208//767 490//767 489//767
f 1208//768 489//768 1209//768
f 1209//769 489//769 488//769
f 1209//770 488//770 1210//770
f 488//771 487//771 1210//771
f 1210//772 487//772 485//772
f 1210//773 485//773 1211//773
f 485//774 483//774 1211//774
f 1211//775 483//775 482//775
f 1211//776 482//776 1212//776
f 482//777 480//777 1212//777
f 1212//778 480//778 479//778
f 1212//779 479//779 1213//779
f 1213//780 479//780 475//780
f 1213//781 475//781 1214//781
f 475//782 477//782 1214//782
f 1214//783 477//783 478//783
f 1214//784 478//784 1215//784
f 478//785 473//785 1215//785
f 1215//786 473//786 472//786
f 1215//787 472//787 1216//787
f 1216//788 472//788 470//788
f 1216//789 470//789 1217//789
f 1217//790 470//790 469//790
f 1217//791 469//791 1218//791
f 469//792 467//792 1218//792
f 1218//793 467//793 466//793
f 1218//794 466//794 1219//794
f 466//795 464//795 1219//795
f 1219//796 464//796 463//796
f 1219//797 463//797 1220//797
f 1220//798 463//798 461//798
f 1220//799 461//799 1221//799
f 459//800 1222//800 1223//800
f 461//801 460//801 1221//801
f 1221//802 460//802 456//802
f 1221//803 456//803 1223//803
f 1223//804 456//804 458//804
f 1223//805 458//805 459//805
f 459//806 454//806 1222//806
f 1222//807 454//807 453//807
f 1222//808 453//808 1224//808
f 1224//809 453//809 449//809
f 1224//810 449//810 1225//810
f 449//811 451//811 1225//811
f 1225//812 451//812 452//812
f 1225//813 452//813 1226//813
f 452//814 447//814 1226//814
f 1226//815 447//815 446//815
f 1226//816 446//816 1227//816
f 1227//817 446//817 444//817
f 1227//818 444//818 1228//818
f 442//819 1229//819 1230//819
f 444//820 443//820 1228//820
f 1228//821 443//821 439//821
f 1228//822 439//822 1230//822
f 1230//823 439//823 441//823
f 1230//824 441//824 442//824
f 442//825 437//825 1229//825
f 1229//826 437//826 436//826
f 1229//827 436//827 1231//827
f 1231//828 436//828 432//828
f 1231//829 432//829 1232//829
f 432//830 434//830 1232//830
f 1232//831 434//831 435//831
f 1232//832 435//832 1233//832
f 435//833 430//833 1233//833
f 1233//834 430//834 429//834
f 1233//835 429//835 1234//835
f 1234//836 429//836 427//836
f 1234//837 427//837 1235//837
f 427//838 426//838 1235//838
f 1235//839 426//839 422//839
f 1235//840 422//840 1236//840
f 422//841 424//841 1236//841
f 1236//842 424//842 425//842
f 1236//843 425//843 1237//843
f 425//844 420//844 1237//844
f 1237//845 420//845 419//845
f 1237//846 419//846 1238//846
f 1238//847 419//847 415//847
f 1238//848 415//848 1239//848
f 415//849 417//849 1239//849
f 1239//850 417//850 418//850
f 1239//851 418//851 1240//851
f 418//852 413//852 1240//852
f 1240//853 413//853 412//853
f 1240//854 412//854 1241//854
f 1241//855 412//855 410//855
f 1241//856 410//856 1242//856
f 410//857 409//857 1242//857
f 1242//858 409//858 405//858
f 1242//859 405//859 1243//859
f 405//860 407//860 1243//860
f 1243//861 407//861 408//861
f 1243//862 408//862 1244//862
f 408//863 403//863 1244//863
f 1244//864 403//864 402//864
f 1244//865 402//865 1245//865
f 1245//866 402//866 398//866
f 1245//867 398//867 1246//867
f 398//868 400//868 1246//868
f 1246//869 400//869 401//869
f 1246//870 401//870 1247//870
f 401//871 396//871 1247//871
f 1247//872 396//872 395//872
f 1247//873 395//873 1248//873
f 1248//874 395//874 394//874
f 1248//875 394//875 1249//875
f 394//876 393//876 1249//876
f 1249//877 393//877 391//877
f 1249//878 391//878 1250//878
f 391//879 389//879 1250//879
f 1250//880 389//880 388//880
f 1250//881 388//881 1251//881
f 388//882 386//882 1251//882
f 1251//883 386//883 385//883
f 1251//884 385//884 1252//884
f 1252//885 385//885 381//885
f 1252//886 381//886 1253//886
f 381//887 383//887 1253//887
f 1253//888 383//888 384//888
f 1253//889 384//889 1254//889
f 384//890 379//890 1254//890
f 1254//891 379//891 378//891
f 1254//892 378//892 1255//892
f 1255//893 378//893 375//893
f 1255//894 375//894 1256//894
f 1256//895 375//895 562//895
f 1256//896 562//896 1180//896
f 1180//897 562//897 561//897
f 1180//898 561//898 560//898
f 1255//899 1257//899 1254//899
f 1254//900 1257//900 1258//900
f 1254//901 1258//901 1253//901
f 1253//902 1258//902 1259//902
f 1253//903 1259//903 1252//903
f 1252//904 1259//904 1260//904
f 1252//905 1260//905 1251//905
f 1251//906 1260//906 1261//906
f 1251//907 1261//907 1250//907
f 1250//908 1261//908 1262//908
f 1250//909 1262//909 1249//909
f 1249//910 1262//910 1263//910
f 1249//911 1263//911 1248//911
f 1248//912 1263//912 1264//912
f 1248//913 1264//913 1247//913
f 1247//914 1264//914 1265//914
f 1247//915 1265//915 1246//915
f 1246//916 1265//916 1266//916
f 1246//917 1266//917 1245//917
f 1245//918 1266//918 1267//918
f 1245//919 1267//919 1244//919
f 1244//920 1267//920 1268//920
f 1244//921 1268//921 1243//921
f 1243//922 1268//922 1269//922
f 1243//923 1269//923 1242//923
f 1242//924 1269//924 1270//924
f 1242//925 1270//925 1241//925
f 1241//926 1270//926 1271//926
f 1241//927 1271//927 1240//927
f 1240//928 1271//928 1272//928
f 1240//929 1272//929 1239//929
f 1239//930 1272//930 1273//930
f 1239//931 1273//931 1238//931
f 1238//932 1273//932 1274//932
f 1238//933 1274//933 1237//933
f 1237//934 1274//934 1275//934
f 1237//935 1275//935 1236//935
f 1236//935 1275//935 1276//935
f 1236//936 1276//936 1235//936
f 1235//937 1276//937 1277//937
f 1235//938 1277//938 1234//938
f 1234//939 1277//939 1278//939
f 1234//940 1278//940 1233//940
f 1233//941 1278//941 1279//941
f 1233//942 1279//942 1232//942
f 1232//943 1279//943 1280//943
f 1232//944 1280//944 1231//944
f 1231//945 1280//945 1281//945
f 1231//946 1281//946 1229//946
f 1229//947 1281//947 1282//947
f 1229//948 1282//948 1230//948
f 1230//949 1282//949 1283//949
f 1230//950 1283//950 1228//950
f 1228//951 1283//951 1284//951
f 1228//952 1284//952 1227//952
f 1227//953 1284//953 1285//953
f 1227//954 1285//954 1226//954
f 1226//955 1285//955 1286//955
f 1226//956 1286//956 1225//956
f 1225//957 1286//957 1287//957
f 1225//958 1287//958 1224//958
f 1224//959 1287//959 1288//959
f 1224//960 1288//960 1222//960
f 1222//961 1288//961 1289//961
f 1222//962 1289//962 1223//962
f 1223//963 1289//963 1290//963
f 1223//964 1290//964 1221//964
f 1221//965 1290//965 1291//965
f 1221//966 1291//966 1220//966
f 1220//967 1291//967 1292//967
f 1220//968 1292//968 1219//968
f 1219//969 1292//969 1293//969
f 1219//970 1293//970 1218//970
f 1218//971 1293//971 1294//971
f 1218//972 1294//972 1217//972
f 1217//973 1294//973 1295//973
f 1217//974 1295//974 1216//974
f 1216//975 1295//975 1296//975
f 1216//976 1296//976 1215//976
f 1215//977 1296//977 1297//977
f 1215//978 1297//978 1214//978
f 1214//979 1297//979 1298//979
f 1214//980 1298//980 1213//980
f 1213//981 1298//981 1299//981
f 1213//982 1299//982 1212//982
f 1212//983 1299//983 1300//983
f 1212//984 1300//984 1211//984
f 1211//985 1300//985 1301//985
f 1211//986 1301//986 1210//986
f 1210//987 1301//987 1302//987
f 1210//988 1302//988 1209//988
f 1209//989 1302//989 1303//989
f 1209//990 1303//990 1208//990
f 1208//991 1303//991 1304//991
f 1208//992 1304//992 1207//992
f 1207//993 1304//993 1305//993
f 1207//994 1305//994 1206//994
f 1206//995 1305//995 1306//995
f 1206//996 1306//996 1205//996
f 1205//997 1306//997 1307//997
f 1205//998 1307//998 1204//998
f 1204//999 1307//999 1308//999
f 1204//1000 1308//1000 1203//1000
f 1203//1001 1308//1001 1309//1001
f 1203//1002 1309//1002 1202//1002
f 1202//1003 1309//1003 1310//1003
f 1202//1004 1310//1004 1201//1004
f 1201//1005 1310//1005 1311//1005
f 1201//1006 1311//1006 1200//1006
f 1200//1007 1311//1007 1312//1007
f 1200//1008 1312//1008 1199//1008
f 1199//1009 1312//1009 1313//1009
f 1199//1010 1313//1010 1197//1010
f 1197//1011 1313//1011 1314//1011
f 1197//1012 1314//1012 1198//1012
f 1198//1012 1314//1012 1315//1012
f 1198//1013 1315//1013 1196//1013
f 1196//1014 1315//1014 1316//1014
f 1196//1015 1316//1015 1195//1015
f 1195//1016 1316//1016 1317//1016
f 1195//1017 1317//1017 1194//1017
f 1194//1018 1317//1018 1318//1018
f 1194//1019 1318//1019 1193//1019
f 1193//1020 1318//1020 1319//1020
f 1193//1021 1319//1021 1192//1021
f 1192//1022 1319//1022 1320//1022
f 1192//1023 1320//1023 1190//1023
f 1190//1024 1320//1024 1321//1024
f 1190//1025 1321//1025 1191//1025
f 1191//1026 1321//1026 1322//1026
f 1191//1027 1322//1027 1189//1027
f 1189//1028 1322//1028 1323//1028
f 1189//1029 1323//1029 1188//1029
f 1188//1030 1323//1030 1324//1030
f 1188//1031 1324//1031 1187//1031
f 1187//1032 1324//1032 1325//1032
f 1187//1033 1325//1033 1186//1033
f 1186//1034 1325//1034 1326//1034
f 1186//1035 1326//1035 1185//1035
f 1185//1036 1326//1036 1327//1036
f 1185//1037 1327//1037 1183//1037
f 1183//1038 1327//1038 1328//1038
f 1183//1039 1328//1039 1184//1039
f 1184//1040 1328//1040 1329//1040
f 1184//1041 1329//1041 1182//1041
f 1182//1042 1329//1042 1330//1042
f 1182//1043 1330//1043 1181//1043
f 1181//1044 1330//1044 1331//1044
f 1181//1045 1331//1045 1179//1045
f 1179//1046 1331//1046 1332//1046
f 1179//1047 1332//1047 1180//1047
f 1180//1048 1332//1048 1333//1048
f 1180//1049 1333//1049 1256//1049
f 1256//1050 1333//1050 1334//1050
f 1256//1051 1334//1051 1255//1051
f 1255//1052 1334//1052 1257//1052
f 1257//1053 1335//1053 1258//1053
f 1258//1054 1335//1054 1336//1054
f 1258//1055 1336//1055 1259//1055
f 1259//1056 1336//1056 1337//1056
f 1259//1057 1337//1057 1260//1057
f 1260//1058 1337//1058 1338//1058
f 1260//1059 1338//1059 1261//1059
f 1261//1060 1338//1060 1339//1060
f 1261//1061 1339//1061 1262//1061
f 1262//1062 1339//1062 1340//1062
f 1262//1063 1340//1063 1263//1063
f 1263//1064 1340//1064 1341//1064
f 1263//1065 1341//1065 1264//1065
f 1264//1066 1341//1066 1342//1066
f 1264//1067 1342//1067 1265//1067
f 1265//1068 1342//1068 1343//1068
f 1265//1069 1343//1069 1266//1069
f 1266//1070 1343//1070 1344//1070
f 1266//1071 1344//1071 1267//1071
f 1267//1072 1344//1072 1345//1072
f 1267//1073 1345//1073 1268//1073
f 1268//1074 1345//1074 1346//1074
f 1268//1075 1346//1075 1269//1075
f 1269//1076 1346//1076 1347//1076
f 1269//1077 1347//1077 1270//1077
f 1270//1078 1347//1078 1348//1078
f 1270//1079 1348//1079 1271//1079
f 1271//1080 1348//1080 1349//1080
f 1271//1081 1349//1081 1272//1081
f 1272//1082 1349//1082 1350//1082
f 1272//1083 1350//1083 1273//1083
f 1273//1084 1350//1084 1351//1084
f 1273//1085 1351//1085 1274//1085
f 1274//1086 1351//1086 1352//1086
f 1274//1087 1352//1087 1275//1087
f 1275//1088 1352//1088 1353//1088
f 1275//1089 1353//1089 1276//1089
f 1276//1089 1353//1089 1354//1089
f 1276//1090 1354//1090 1277//1090
f 1277//1091 1354//1091 1355//1091
f 1277//1092 1355//1092 1278//1092
f 1278//1093 1355//1093 1356//1093
f 1278//1094 1356//1094 1279//1094
f 1279//1095 1356//1095 1357//1095
f 1279//1096 1357//1096 1280//1096
f 1280//1097 1357//1097 1358//1097
f 1280//1098 1358//1098 1281//1098
f 1281//1099 1358//1099 1359//1099
f 1281//1100 1359//1100 1282//1100
f 1282//1101 1359//1101 1360//1101
f 1282//1102 1360//1102 1283//1102
f 1283//1103 1360//1103 1361//1103
f 1283//1104 1361//1104 1284//1104
f 1284//1105 1361//1105 1362//1105
f 1284//1106 1362//1106 1285//1106
f 1285//1107 1362//1107 1363//1107
f 1285//1108 1363//1108 1286//1108
f 1286//1109 1363//1109 1364//1109
f 1286//1110 1364//1110 1287//1110
f 1287//1111 1364//1111 1365//1111
f 1287//1112 1365//1112 1288//1112
f 1288//1113 1365//1113 1366//1113
f 1288//1114 1366//1114 1289//1114
f 1289//1115 1366//1115 1367//1115
f 1289//1116 1367//1116 1290//1116
f 1290//1117 1367//1117 1368//1117
f 1290//1118 1368//1118 1291//1118
f 1291//1119 1368//1119 1369//1119
f 1291//1120 1369//1120 1292//1120
f 1292//1121 1369//1121 1370//1121
f 1292//1122 1370//1122 1293//1122
f 1293//1123 1370//1123 1371//1123
f 1293//1124 1371//1124 1294//1124
f 1294//1125 1371//1125 1372//1125
f 1294//1126 1372//1126 1295//1126
f 1295//1127 1372//1127 1373//1127
f 1295//1128 1373//1128 1296//1128
f 1296//1129 1373//1129 1374//1129
f 1296//1130 1374//1130 1297//1130
f 1297//1131 1374//1131 1375//1131
f 1297//1132 1375//1132 1298//1132
f 1298//1133 1375//1133 1376//1133
f 1298//1134 1376//1134 1299//1134
f 1299//1135 1376//1135 1377//1135
f 1299//1136 1377//1136 1300//1136
f 1300//1137 1377//1137 1378//1137
f 1300//1138 1378//1138 1301//1138
f 1301//1139 1378//1139 1379//1139
f 1301//1140 1379//1140 1302//1140
f 1302//1141 1379//1141 1380//1141
f 1302//1142 1380//1142 1303//1142
f 1303//1143 1380//1143 1381//1143
f 1303//1144 1381//1144 1304//1144
f 1304//1145 1381//1145 1382//1145
f 1304//1146 1382//1146 1305//1146
f 1305//1147 1382//1147 1383//1147
f 1305//1148 1383//1148 1306//1148
f 1306//1149 1383//1149 1384//1149
f 1306//1150 1384//1150 1307//1150
f 1307//1151 1384//1151 1385//1151
f 1307//1152 1385//1152 1308//1152
f 1308//1153 1385//1153 1386//1153
f 1308//1154 1386//1154 1309//1154
f 1309//1155 1386//1155 1387//1155
f 1309//1156 1387//1156 1310//1156
f 1310//1157 1387//1157 1388//1157
f 1310//1158 1388//1158 1311//1158
f 1311//1159 1388//1159 1389//1159
f 1311//1160 1389//1160 1312//1160
f 1312//1161 1389//1161 1390//1161
f 1312//1162 1390//1162 1313//1162
f 1313//1163 1390//1163 1391//1163
f 1313//1164 1391//1164 1314//1164
f 1314//1165 1391//1165 1392//1165
f 1314//1166 1392//1166 1315//1166
f 1315//1166 1392//1166 1393//1166
f 1315//1167 1393//1167 1316//1167
f 1316//1168 1393//1168 1394//1168
f 1316//1169 1394//1169 1317//1169
f 1317//1170 1394//1170 1395//1170
f 1317//1171 1395//1171 1318//1171
f 1318//1172 1395//1172 1396//1172
f 1318//1173 1396//1173 1319//1173
f 1319//1174 1396//1174 1397//1174
f 1319//1175 1397//1175 1320//1175
f 1320//1176 1397//1176 1398//1176
f 1320//1177 1398//1177 1321//1177
f 1321//1178 1398//1178 1399//1178
f 1321//1179 1399//1179 1322//1179
f 1322//1180 1399//1180 1400//1180
f 1322//1181 1400//1181 1323//1181
f 1323//1182 1400//1182 1401//1182
f 1323//1183 1401//1183 1324//1183
f 1324//1184 1401//1184 1402//1184
f 1324//1185 1402//1185 1325//1185
f 1325//1186 1402//1186 1403//1186
f 1325//1187 1403//1187 1326//1187
f 1326//1188 1403//1188 1404//1188
f 1326//1189 1404//1189 1327//1189
f 1327//1190 1404//1190 1405//1190
f 1327//1191 1405//1191 1328//1191
f 1328//1192 1405//1192 1406//1192
f 1328//1193 1406//1193 1329//1193
f 1329//1194 1406//1194 1407//1194
f 1329//1195 1407//1195 1330//1195
f 1330//1196 1407//1196 1408//1196
f 1330//1197 1408//1197 1331//1197
f 1331//1198 1408//1198 1409//1198
f 1331//1199 1409//1199 1332//1199
f 1332//1200 1409//1200 1410//1200
f 1332//1201 1410//1201 1333//1201
f 1333//1202 1410//1202 1411//1202
f 1333//1203 1411//1203 1334//1203
f 1334//1204 1411//1204 1412//1204
f 1334//1205 1412//1205 1257//1205
f 1257//1206 1412//1206 1335//1206
f 1335//1207 1413//1207 1336//1207
f 1336//1208 1413//1208 1414//1208
f 1336//1209 1414//1209 1337//1209
f 1337//1210 1414//1210 1415//1210
f 1337//1211 1415//1211 1338//1211
f 1338//1212 1415//1212 1416//1212
f 1338//1213 1416//1213 1339//1213
f 1339//1214 1416//1214 1417//1214
f 1339//1215 1417//1215 1340//1215
f 1340//1216 1417//1216 1418//1216
f 1340//1217 1418//1217 1341//1217
f 1341//1218 1418//1218 1419//1218
f 1341//1219 1419//1219 1342//1219
f 1342//1220 1419//1220 1420//1220
f 1342//1221 1420//1221 1343//1221
f 1343//1222 1420//1222 1421//1222
f 1343//1223 1421//1223 1344//1223
f 1344//1224 1421//1224 1422//1224
f 1344//1225 1422//1225 1345//1225
f 1345//1226 1422//1226 1423//1226
f 1345//1227 1423//1227 1346//1227
f 1346//1228 1423//1228 1424//1228
f 1346//1229 1424//1229 1347//1229
f 1347//1230 1424//1230 1425//1230
f 1347//1231 1425//1231 1348//1231
f 1348//1232 1425//1232 1426//1232
f 1348//1233 1426//1233 1349//1233
f 1349//1234 1426//1234 1427//1234
f 1349//1235 1427//1235 1350//1235
f 1350//1236 1427//1236 1428//1236
f 1350//1237 1428//1237 1351//1237
f 1351//1238 1428//1238 1429//1238
f 1351//1239 1429//1239 1352//1239
f 1352//1240 1429//1240 1430//1240
f 1352//1241 1430//1241 1353//1241
f 1353//1242 1430//1242 1431//1242
f 1353//1243 1431//1243 1354//1243
f 1354//1243 1431//1243 1432//1243
f 1354//1244 1432//1244 1355//1244
f 1355//1245 1432//1245 1433//1245
f 1355//1246 1433//1246 1356//1246
f 1356//1247 1433//1247 1434//1247
f 1356//1248 1434//1248 1357//1248
f 1357//1249 1434//1249 1435//1249
f 1357//1250 1435//1250 1358//1250
f 1358//1251 1435//1251 1436//1251
f 1358//1252 1436//1252 1359//1252
f 1359//1253 1436//1253 1437//1253
f 1359//1254 1437//1254 1360//1254
f 1360//1255 1437//1255 1438//1255
f 1360//1256 1438//1256 1361//1256
f 1361//1257 1438//1257 1439//1257
f 1361//1258 1439//1258 1362//1258
f 1362//1259 1439//1259 1440//1259
f 1362//1260 1440//1260 1363//1260
f 1363//1261 1440//1261 1441//1261
f 1363//1262 1441//1262 1364//1262
f 1364//1263 1441//1263 1442//1263
f 1364//1264 1442//1264 1365//1264
f 1365//1265 1442//1265 1443//1265
f 1365//1266 1443//1266 1366//1266
f 1366//1267 1443//1267 1444//1267
f 1366//1268 1444//1268 1367//1268
f 1367//1269 1444//1269 1445//1269
f 1367//1270 1445//1270 1368//1270
f 1368//1271 1445//1271 1446//1271
f 1368//1272 1446//1272 1369//1272
f 1369//1273 1446//1273 1447//1273
f 1369//1274 1447//1274 1370//1274
f 1370//1275 1447//1275 1448//1275
f 1370//1276 1448//1276 1371//1276
f 1371//1277 1448//1277 1449//1277
f 1371//1278 1449//1278 1372//1278
f 1372//1279 1449//1279 1450//1279
f 1372//1280 1450//1280 1373//1280
f 1373//1281 1450//1281 1451//1281
f 1373//1282 1451//1282 1374//1282
f 1374//1283 1451//1283 1452//1283
f 1374//1284 1452//1284 1375//1284
f 1375//1285 1452//1285 1453//1285
f 1375//1286 1453//1286 1376//1286
f 1376//1287 1453//1287 1454//1287
f 1376//1288 1454//1288 1377//1288
f 1377//1289 1454//1289 1455//1289
f 1377//1290 1455//1290 1378//1290
f 1378//1291 1455//1291 1456//1291
f 1378//1292 1456//1292 1379//1292
f 1379//1293 1456//1293 1457//1293
f 1379//1294 1457//1294 1380//1294
f 1380//1295 1457//1295 1458//1295
f 1380//1296 1458//1296 1381//1296
f 1381//1297 1458//1297 1459//1297
f 1381//1298 1459//1298 1382//1298
f 1382//1299 1459//1299 1460//1299
f 1382//1300 1460//1300 1383//1300
f 1383//1301 1460//1301 1461//1301
f 1383//1302 1461//1302 1384//1302
f 1384//1303 1461//1303 1462//1303
f 1384//1304 1462//1304 1385//1304
f 1385//1305 1462//1305 1463//1305
f 1385//1306 1463//1306 1386//1306
f 1386//1307 1463//1307 1464//1307
f 1386//1308 1464//1308 1387//1308
f 1387//1309 1464//1309 1465//1309
f 1387//1310 1465//1310 1388//1310
f 1388//1311 1465//1311 1466//1311
f 1388//1312 1466//1312 1389//1312
f 1389//1313 1466//1313 1467//1313
f 1389//1314 1467//1314 1390//1314
f 1390//1315 1467//1315 1468//1315
f 1390//1316 1468//1316 1391//1316
f 1391//1317 1468//1317 1469//1317
f 1391//1318 1469//1318 1392//1318
f 1392//1319 1469//1319 1470//1319
f 1392//1320 1470//1320 1393//1320
f 1393//1320 1470//1320 1471//1320
f 1393//1321 1471//1321 1394//1321
f 1394//1322 1471//1322 1472//1322
f 1394//1323 1472//1323 1395//1323
f 1395//1324 1472//1324 1473//1324
f 1395//1325 1473//1325 1396//1325
f 1396//1326 1473//1326 1474//1326
f 1396//1327 1474//1327 1397//1327
f 1397//1328 1474//1328 1475//1328
f 1397//1329 1475//1329 1398//1329
f 1398//1330 1475//1330 1476//1330
f 1398//1331 1476//1331 1399//1331
f 1399//1332 1476//1332 1477//1332
f 1399//1333 1477//1333 1400//1333
f 1400//1334 1477//1334 1478//1334
f 1400//1335 1478//1335 1401//1335
f 1401//1336 1478//1336 1479//1336
f 1401//1337 1479//1337 1402//1337
f 1402//1338 1479//1338 1480//1338
f 1402//1339 1480//1339 1403//1339
f 1403//1340 1480//1340 1481//1340
f 1403//1341 1481//1341 1404//1341
f 1404//1342 1481//1342 1482//1342
f 1404//1343 1482//1343 1405//1343
f 1405//1344 1482//1344 1483//1344
f 1405//1345 1483//1345 1406//1345
f 1406//1346 1483//1346 1484//1346
f 1406//1347 1484//1347 1407//1347
f 1407//1348 1484//1348 1485//1348
f 1407//1349 1485//1349 1408//1349
f 1408//1350 1485//1350 1486//1350
f 1408//1351 1486//1351 1409//1351
f 1409//1352 1486//1352 1487//1352
f 1409//1353 1487//1353 1410//1353
f 1410//1354 1487//1354 1488//1354
f 1410//1355 1488//1355 1411//1355
f 1411//1356 1488//1356 1489//1356
f 1411//1357 1489//1357 1412//1357
f 1412//1358 1489//1358 1490//1358
f 1412//1359 1490//1359 1335//1359
f 1335//1360 1490//1360 1413//1360
f 1413//1361 1491//1361 1414//1361
f 1414//1362 1491//1362 1492//1362
f 1414//1363 1492//1363 1415//1363
f 1415//1364 1492//1364 1493//1364
f 1415//1365 1493//1365 1416//1365
f 1416//1366 1493//1366 1494//1366
f 1416//1367 1494//1367 1417//1367
f 1417//1368 1494//1368 1495//1368
f 1417//1369 1495//1369 1418//1369
f 1418//1370 1495//1370 1496//1370
f 1418//1371 1496//1371 1419//1371
f 1419//1372 1496//1372 1497//1372
f 1419//1373 1497//1373 1420//1373
f 1420//1374 1497//1374 1498//1374
f 1420//1375 1498//1375 1421//1375
f 1421//1376 1498//1376 1499//1376
f 1421//1377 1499//1377 1422//1377
f 1422//1378 1499//1378 1500//1378
f 1422//1379 1500//1379 1423//1379
f 1423//1380 1500//1380 1501//1380
f 1423//1381 1501//1381 1424//1381
f 1424//1382 1501//1382 1502//1382
f 1424//1383 1502//1383 1425//1383
f 1425//1384 1502//1384 1503//1384
f 1425//1385 1503//1385 1426//1385
f 1426//1386 1503//1386 1504//1386
f 1426//1387 1504//1387 1427//1387
f 1427//1388 1504//1388 1505//1388
f 1427//1389 1505//1389 1428//1389
f 1428//1390 1505//1390 1506//1390
f 1428//1391 1506//1391 1429//1391
f 1429//1392 1506//1392 1507//1392
f 1429//1393 1507//1393 1430//1393
f 1430//1394 1507//1394 1508//1394
f 1430//1395 1508//1395 1431//1395
f 1431//1396 1508//1396 1509//1396
f 1431//1397 1509//1397 1432//1397
f 1432//1397 1509//1397 1510//1397
f 1432//1398 1510//1398 1433//1398
f 1433//1399 1510//1399 1511//1399
f 1433//1400 1511//1400 1434//1400
f 1434//1401 1511//1401 1512//1401
f 1434//1402 1512//1402 1435//1402
f 1435//1403 1512//1403 1513//1403
f 1435//1404 1513//1404 1436//1404
f 1436//1405 1513//1405 1514//1405
f 1436//1406 1514//1406 1437//1406
f 1437//1407 1514//1407 1515//1407
f 1437//1408 1515//1408 1438//1408
f 1438//1409 1515//1409 1516//1409
f 1438//1410 1516//1410 1439//1410
f 1439//1411 1516//1411 1517//1411
f 1439//1412 1517//1412 1440//1412
f 1440//1413 1517//1413 1518//1413
f 1440//1414 1518//1414 1441//1414
f 1441//1415 1518//1415 1519//1415
f 1441//1416 1519//1416 1442//1416
f 1442//1417 1519//1417 1520//1417
f 1442//1418 1520//1418 1443//1418
f 1443//1419 1520//1419 1521//1419
f 1443//1420 1521//1420 1444//1420
f 1444//1421 1521//1421 1522//1421
f 1444//1422 1522//1422 1445//1422
f 1445//1423 1522//1423 1523//1423
f 1445//1424 1523//1424 1446//1424
f 1446//1425 1523//1425 1524//1425
f 1446//1426 1524//1426 1447//1426
f 1447//1427 1524//1427 1525//1427
f 1447//1428 1525//1428 1448//1428
f 1448//1429 1525//1429 1526//1429
f 1448//1430 1526//1430 1449//1430
f 1449//1431 1526//1431 1527//1431
f 1449//1432 1527//1432 1450//1432
f 1450//1433 1527//1433 1528//1433
f 1450//1434 1528//1434 1451//1434
f 1451//1435 1528//1435 1529//1435
f 1451//1436 1529//1436 1452//1436
f 1452//1437 1529//1437 1530//1437
f 1452//1438 1530//1438 1453//1438
f 1453//1439 1530//1439 1531//1439
f 1453//1440 1531//1440 1454//1440
f 1454//1441 1531//1441 1532//1441
f 1454//1442 1532//1442 1455//1442
f 1455//1443 1532//1443 1533//1443
f 1455//1444 1533//1444 1456//1444
f 1456//1445 1533//1445 1534//1445
f 1456//1446 1534//1446 1457//1446
f 1457//1447 1534//1447 1535//1447
f 1457//1448 1535//1448 1458//1448
f 1458//1449 1535//1449 1536//1449
f 1458//1450 1536//1450 1459//1450
f 1459//1451 1536//1451 1537//1451
f 1459//1452 1537//1452 1460//1452
f 1460//1453 1537//1453 1538//1453
f 1460//1454 1538//1454 1461//1454
f 1461//1455 1538//1455 1539//1455
f 1461//1456 1539//1456 1462//1456
f 1462//1457 1539//1457 1540//1457
f 1462//1458 1540//1458 1463//1458
f 1463//1459 1540//1459 1541//1459
f 1463//1460 1541//1460 1464//1460
f 1464//1461 1541//1461 1542//1461
f 1464//1462 1542//1462 1465//1462
f 1465//1463 1542//1463 1543//1463
f 1465//1464 1543//1464 1466//1464
f 1466//1465 1543//1465 1544//1465
f 1466//1466 1544//1466 1467//1466
f 1467//1467 1544//1467 1545//1467
f 1467//1468 1545//1468 1468//1468
f 1468//1469 1545//1469 1546//1469
f 1468//1470 1546//1470 1469//1470
f 1469//1471 1546//1471 1547//1471
f 1469//1472 1547//1472 1470//1472
f 1470//1473 1547//1473 1548//1473
f 1470//1474 1548//1474 1471//1474
f 1471//1474 1548//1474 1549//1474
f 1471//1475 1549//1475 1472//1475
f 1472//1476 1549//1476 1550//1476
f 1472//1477 1550//1477 1473//1477
f 1473//1478 1550//1478 1551//1478
f 1473//1479 1551//1479 1474//1479
f 1474//1480 1551//1480 1552//1480
f 1474//1481 1552//1481 1475//1481
f 1475//1482 1552//1482 1553//1482
f 1475//1483 1553//1483 1476//1483
f 1476//1484 1553//1484 1554//1484
f 1476//1485 1554//1485 1477//1485
f 1477//1486 1554//1486 1555//1486
f 1477//1487 1555//1487 1478//1487
f 1478//1488 1555//1488 1556//1488
f 1478//1489 1556//1489 1479//1489
f 1479//1490 1556//1490 1557//1490
f 1479//1491 1557//1491 1480//1491
f 1480//1492 1557//1492 1558//1492
f 1480//1493 1558//1493 1481//1493
f 1481//1494 1558//1494 1559//1494
f 1481//1495 1559//1495 1482//1495
f 1482//1496 1559//1496 1560//1496
f 1482//1497 1560//1497 1483//1497
f 1483//1498 1560//1498 1561//1498
f 1483//1499 1561//1499 1484//1499
f 1484//1500 1561//1500 1562//1500
f 1484//1501 1562//1501 1485//1501
f 1485//1502 1562//1502 1563//1502
f 1485//1503 1563//1503 1486//1503
f 1486//1504 1563//1504 1564//1504
f 1486//1505 1564//1505 1487//1505
f 1487//1506 1564//1506 1565//1506
f 1487//1507 1565//1507 1488//1507
f 1488//1508 1565//1508 1566//1508
f 1488//1509 1566//1509 1489//1509
f 1489//1510 1566//1510 1567//1510
f 1489//1511 1567//1511 1490//1511
f 1490//1512 1567//1512 1568//1512
f 1490//1513 1568//1513 1413//1513
f 1413//1514 1568//1514 1491//1514
f 1491//1515 1569//1515 1492//1515
f 1492//1516 1569//1516 1570//1516
f 1492//1517 1570//1517 1493//1517
f 1493//1518 1570//1518 1571//1518
f 1493//1519 1571//1519 1494//1519
f 1494//1520 1571//1520 1572//1520
f 1494//1521 1572//1521 1495//1521
f 1495//1522 1572//1522 1573//1522
f 1495//1523 1573//1523 1496//1523
f 1496//1524 1573//1524 1574//1524
f 1496//1525 1574//1525 1497//1525
f 1497//1526 1574//1526 1575//1526
f 1497//1527 1575//1527 1498//1527
f 1498//1528 1575//1528 1576//1528
f 1498//1529 1576//1529 1499//1529
f 1499//1530 1576//1530 1577//1530
f 1499//1531 1577//1531 1500//1531
f 1500//1532 1577//1532 1578//1532
f 1500//1533 1578//1533 1501//1533
f 1501//1534 1578//1534 1579//1534
f 1501//1535 1579//1535 1502//1535
f 1502//1536 1579//1536 1580//1536
f 1502//1537 1580//1537 1503//1537
f 1503//1538 1580//1538 1581//1538
f 1503//1539 1581//1539 1504//1539
f 1504//1540 1581//1540 1582//1540
f 1504//1541 1582//1541 1505//1541
f 1505//1542 1582//1542 1583//1542
f 1505//1543 1583//1543 1506//1543
f 1506//1544 1583//1544 1584//1544
f 1506//1545 1584//1545 1507//1545
f 1507//1546 1584//1546 1585//1546
f 1507//1547 1585//1547 1508//1547
f 1508//1548 1585//1548 1586//1548
f 1508//1549 1586//1549 1509//1549
f 1509//1550 1586//1550 1587//1550
f 1509//1551 1587//1551 1510//1551
f 1510//1551 1587//1551 1588//1551
f 1510//1552 1588//1552 1511//1552
f 1511//1553 1588//1553 1589//1553
f 1511//1554 1589//1554 1512//1554
f 1512//1555 1589//1555 1590//1555
f 1512//1556 1590//1556 1513//1556
f 1513//1557 1590//1557 1591//1557
f 1513//1558 1591//1558 1514//1558
f 1514//1559 1591//1559 1592//1559
f 1514//1560 1592//1560 1515//1560
f 1515//1561 1592//1561 1593//1561
f 1515//1562 1593//1562 1516//1562
f 1516//1563 1593//1563 1594//1563
f 1516//1564 1594//1564 1517//1564
f 1517//1565 1594//1565 1595//1565
f 1517//1566 1595//1566 1518//1566
f 1518//1567 1595//1567 1596//1567
f 1518//1568 1596//1568 1519//1568
f 1519//1569 1596//1569 1597//1569
f 1519//1570 1597//1570 1520//1570
f 1520//1571 1597//1571 1598//1571
f 1520//1572 1598//1572 1521//1572
f 1521//1573 1598//1573 1599//1573
f 1521//1574 1599//1574 1522//1574
f 1522//1575 1599//1575 1600//1575
f 1522//1576 1600//1576 1523//1576
f 1523//1577 1600//1577 1601//1577
f 1523//1578 1601//1578 1524//1578
f 1524//1579 1601//1579 1602//1579
f 1524//1580 1602//1580 1525//1580
f 1525//1581 1602//1581 1603//1581
f 1525//1582 1603//1582 1526//1582
f 1526//1583 1603//1583 1604//1583
f 1526//1584 1604//1584 1527//1584
f 1527//1585 1604//1585 1605//1585
f 1527//1586 1605//1586 1528//1586
f 1528//1587 1605//1587 1606//1587
f 1528//1588 1606//1588 1529//1588
f 1529//1589 1606//1589 1607//1589
f 1529//1590 1607//1590 1530//1590
f 1530//1591 1607//1591 1608//1591
f 1530//1592 1608//1592 1531//1592
f 1531//1593 1608//1593 1609//1593
f 1531//1594 1609//1594 1532//1594
f 1532//1595 1609//1595 1610//1595
f 1532//1596 1610//1596 1533//1596
f 1533//1597 1610//1597 1611//1597
f 1533//1598 1611//1598 1534//1598
f 1534//1599 1611//1599 1612//1599
f 1534//1600 1612//1600 1535//1600
f 1535//1601 1612//1601 1613//1601
f 1535//1602 1613//1602 1536//1602
f 1536//1603 1613//1603 1614//1603
f 1536//1604 1614//1604 1537//1604
f 1537//1605 1614//1605 1615//1605
f 1537//1606 1615//1606 1538//1606
f 1538//1607 1615//1607 1616//1607
f 1538//1608 1616//1608 1539//1608
f 1539//1609 1616//1609 1617//1609
f 1539//1610 1617//1610 1540//1610
f 1540//1611 1617//1611 1618//1611
f 1540//1612 1618//1612 1541//1612
f 1541//1613 1618//1613 1619//1613
f 1541//1614 1619//1614 1542//1614
f 1542//1615 1619//1615 1620//1615
f 1542//1616 1620//1616 1543//1616
f 1543//1617 1620//1617 1621//1617
f 1543//1618 1621//1618 1544//1618
f 1544//1619 1621//1619 1622//1619
f 1544//1620 1622//1620 1545//1620
f 1545//1621 1622//1621 1623//1621
f 1545//1622 1623//1622 1546//1622
f 1546//1623 1623//1623 1624//1623
f 1546//1624 1624//1624 1547//1624
f 1547//1625 1624//1625 1625//1625
f 1547//1626 1625//1626 1548//1626
f 1548//1627 1625//1627 1626//1627
f 1548//1628 1626//1628 1549//1628
f 1549//1628 1626//1628 1627//1628
f 1549//1629 1627//1629 1550//1629
f 1550//1630 1627//1630 1628//1630
f 1550//1631 1628//1631 1551//1631
f 1551//1632 1628//1632 1629//1632
f 1551//1633 1629//1633 1552//1633
f 1552//1634 1629//1634 1630//1634
f 1552//1635 1630//1635 1553//1635
f 1553//1636 1630//1636 1631//1636
f 1553//1637 1631//1637 1554//1637
f 1554//1638 1631//1638 1632//1638
f 1554//1639 1632//1639 1555//1639
f 1555//1640 1632//1640 1633//1640
f 1555//1641 1633//1641 1556//1641
f 1556//1642 1633//1642 1634//1642
f 1556//1643 1634//1643 1557//1643
f 1557//1644 1634//1644 1635//1644
f 1557//1645 1635//1645 1558//1645
f 1558//1646 1635//1646 1636//1646
f 1558//1647 1636//1647 1559//1647
f 1559//1648 1636//1648 1637//1648
f 1559//1649 1637//1649 1560//1649
f 1560//1650 1637//1650 1638//1650
f 1560//1651 1638//1651 1561//1651
f 1561//1652 1638//1652 1639//1652
f 1561//1653 1639//1653 1562//1653
f 1562//1654 1639//1654 1640//1654
f 1562//1655 1640//1655 1563//1655
f 1563//1656 1640//1656 1641//1656
f 1563//1657 1641//1657 1564//1657
f 1564//1658 1641//1658 1642//1658
f 1564//1659 1642//1659 1565//1659
f 1565//1660 1642//1660 1643//1660
f 1565//1661 1643//1661 1566//1661
f 1566//1662 1643//1662 1644//1662
f 1566//1663 1644//1663 1567//1663
f 1567//1664 1644//1664 1645//1664
f 1567//1665 1645//1665 1568//1665
f 1568//1666 1645//1666 1646//1666
f 1568//1667 1646//1667 1491//1667
f 1491//1668 1646//1668 1569//1668
f 1569//1669 1647//1669 1570//1669
f 1570//1670 1647//1670 1648//1670
f 1570//1671 1648//1671 1571//1671
f 1571//1672 1648//1672 1649//1672
f 1571//1673 1649//1673 1572//1673
f 1572//1674 1649//1674 1650//1674
f 1572//1675 1650//1675 1573//1675
f 1573//1676 1650//1676 1651//1676
f 1573//1677 1651//1677 1574//1677
f 1574//1678 1651//1678 1652//1678
f 1574//1679 1652//1679 1575//1679
f 1575//1680 1652//1680 1653//1680
f 1575//1681 1653//1681 1576//1681
f 1576//1682 1653//1682 1654//1682
f 1576//1683 1654//1683 1577//1683
f 1577//1684 1654//1684 1655//1684
f 1577//1685 1655//1685 1578//1685
f 1578//1686 1655//1686 1656//1686
f 1578//1687 1656//1687 1579//1687
f 1579//1688 1656//1688 1657//1688
f 1579//1689 1657//1689 1580//1689
f 1580//1690 1657//1690 1658//1690
f 1580//1691 1658//1691 1581//1691
f 1581//1692 1658//1692 1659//1692
f 1581//1693 1659//1693 1582//1693
f 1582//1694 1659//1694 1660//1694
f 1582//1695 1660//1695 1583//1695
f 1583//1696 1660//1696 1661//1696
f 1583//1697 1661//1697 1584//1697
f 1584//1698 1661//1698 1662//1698
f 1584//1699 1662//1699 1585//1699
f 1585//1700 1662//1700 1663//1700
f 1585//1701 1663//1701 1586//1701
f 1586//1702 1663//1702 1664//1702
f 1586//1703 1664//1703 1587//1703
f 1587//1704 1664//1704 1665//1704
f 1587//1705 1665//1705 1588//1705
f 1588//1705 1665//1705 1666//1705
f 1588//1706 1666//1706 1589//1706
f 1589//1707 1666//1707 1667//1707
f 1589//1708 1667//1708 1590//1708
f 1590//1709 1667//1709 1668//1709
f 1590//1710 1668//1710 1591//1710
f 1591//1711 1668//1711 1669//1711
f 1591//1712 1669//1712 1592//1712
f 1592//1713 1669//1713 1670//1713
f 1592//1714 1670//1714 1593//1714
f 1593//1715 1670//1715 1671//1715
f 1593//1716 1671//1716 1594//1716
f 1594//1717 1671//1717 1672//1717
f 1594//1718 1672//1718 1595//1718
f 1595//1719 1672//1719 1673//1719
f 1595//1720 1673//1720 1596//1720
f 1596//1721 1673//1721 1674//1721
f 1596//1722 1674//1722 1597//1722
f 1597//1723 1674//1723 1675//1723
f 1597//1724 1675//1724 1598//1724
f 1598//1725 1675//1725 1676//1725
f 1598//1726 1676//1726 1599//1726
f 1599//1727 1676//1727 1677//1727
f 1599//1728 1677//1728 1600//1728
f 1600//1729 1677//1729 1678//1729
f 1600//1730 1678//1730 1601//1730
f 1601//1731 1678//1731 1679//1731
f 1601//1732 1679//1732 1602//1732
f 1602//1733 1679//1733 1680//1733
f 1602//1734 1680//1734 1603//1734
f 1603//1735 1680//1735 1681//1735
f 1603//1736 1681//1736 1604//1736
f 1604//1737 1681//1737 1682//1737
f 1604//1738 1682//1738 1605//1738
f 1605//1739 1682//1739 1683//1739
f 1605//1740 1683//1740 1606//1740
f 1606//1741 1683//1741 1684//1741
f 1606//1742 1684//1742 1607//1742
f 1607//1743 1684//1743 1685//1743
f 1607//1744 1685//1744 1608//1744
f 1608//1745 1685//1745 1686//1745
f 1608//1746 1686//1746 1609//1746
f 1609//1747 1686//1747 1687//1747
f 1609//1748 1687//1748 1610//1748
f 1610//1749 1687//1749 1688//1749
f 1610//1750 1688//1750 1611//1750
f 1611//1751 1688//1751 1689//1751
f 1611//1752 1689//1752 1612//1752
f 1612//1753 1689//1753 1690//1753
f 1612//1754 1690//1754 1613//1754
f 1613//1755 1690//1755 1691//1755
f 1613//1756 1691//1756 1614//1756
f 1614//1757 1691//1757 1692//1757
f 1614//1758 1692//1758 1615//1758
f 1615//1759 1692//1759 1693//1759
f 1615//1760 1693//1760 1616//1760
f 1616//1761 1693//1761 1694//1761
f 1616//1762 1694//1762 1617//1762
f 1617//1763 1694//1763 1695//1763
f 1617//1764 1695//1764 1618//1764
f 1618//1765 1695//1765 1696//1765
f 1618//1766 1696//1766 1619//1766
f 1619//1767 1696//1767 1697//1767
f 1619//1768 1697//1768 1620//1768
f 1620//1769 1697//1769 1698//1769
f 1620//1770 1698//1770 1621//1770
f 1621//1771 1698//1771 1699//1771
f 1621//1772 1699//1772 1622//1772
f 1622//1773 1699//1773 1700//1773
f 1622//1774 1700//1774 1623//1774
f 1623//1775 1700//1775 1701//1775
f 1623//1776 1701//1776 1624//1776
f 1624//1777 1701//1777 1702//1777
f 1624//1778 1702//1778 1625//1778
f 1625//1779 1702//1779 1703//1779
f 1625//1780 1703//1780 1626//1780
f 1626//1781 1703//1781 1704//1781
f 1626//1782 1704//1782 1627//1782
f 1627//1782 1704//1782 1705//1782
f 1627//1783 1705//1783 1628//1783
f 1628//1784 1705//1784 1706//1784
f 1628//1785 1706//1785 1629//1785
f 1629//1786 1706//1786 1707//1786
f 1629//1787 1707//1787 1630//1787
f 1630//1788 1707//1788 1708//1788
f 1630//1789 1708//1789 1631//1789
f 1631//1790 1708//1790 1709//1790
f 1631//1791 1709//1791 1632//1791
f 1632//1792 1709//1792 1710//1792
f 1632//1793 1710//1793 1633//1793
f 1633//1794 1710//1794 1711//1794
f 1633//1795 1711//1795 1634//1795
f 1634//1796 1711//1796 1712//1796
f 1634//1797 1712//1797 1635//1797
f 1635//1798 1712//1798 1713//1798
f 1635//1799 1713//1799 1636//1799
f 1636//1800 1713//1800 1714//1800
f 1636//1801 1714//1801 1637//1801
f 1637//1802 1714//1802 1715//1802
f 1637//1803 1715//1803 1638//1803
f 1638//1804 1715//1804 1716//1804
f 1638//1805 1716//1805 1639//1805
f 1639//1806 1716//1806 1717//1806
f 1639//1807 1717//1807 1640//1807
f 1640//1808 1717//1808 1718//1808
f 1640//1809 1718//1809 1641//1809
f 1641//1810 1718//1810 1719//1810
f 1641//1811 1719//1811 1642//1811
f 1642//1812 1719//1812 1720//1812
f 1642//1813 1720//1813 1643//1813
f 1643//1814 1720//1814 1721//1814
f 1643//1815 1721//1815 1644//1815
f 1644//1816 1721//1816 1722//1816
f 1644//1817 1722//1817 1645//1817
f 1645//1818 1722//1818 1723//1818
f 1645//1819 1723//1819 1646//1819
f 1646//1820 1723//1820 1724//1820
f 1646//1821 1724//1821 1569//1821
f 1569//1822 1724//1822 1647//1822
f 1647//1823 1725//1823 1648//1823
f 1648//1824 1725//1824 1726//1824
f 1648//1825 1726//1825 1649//1825
f 1649//1826 1726//1826 1727//1826
f 1649//1827 1727//1827 1650//1827
f 1650//1828 1727//1828 1728//1828
f 1650//1829 1728//1829 1651//1829
f 1651//1830 1728//1830 1729//1830
f 1651//1831 1729//1831 1652//1831
f 1652//1832 1729//1832 1730//1832
f 1652//1833 1730//1833 1653//1833
f 1653//1834 1730//1834 1731//1834
f 1653//1835 1731//1835 1654//1835
f 1654//1836 1731//1836 1732//1836
f 1654//1837 1732//1837 1655//1837
f 1655//1838 1732//1838 1733//1838
f 1655//1839 1733//1839 1656//1839
f 1656//1840 1733//1840 1734//1840
f 1656//1841 1734//1841 1657//1841
f 1657//1842 1734//1842 1735//1842
f 1657//1843 1735//1843 1658//1843
f 1658//1844 1735//1844 1736//1844
f 1658//1845 1736//1845 1659//1845
f 1659//1846 1736//1846 1737//1846
f 1659//1847 1737//1847 1660//1847
f 1660//1848 1737//1848 1738//1848
f 1660//1849 1738//1849 1661//1849
f 1661//1850 1738//1850 1739//1850
f 1661//1851 1739//1851 1662//1851
f 1662//1852 1739//1852 1740//1852
f 1662//1853 1740//1853 1663//1853
f 1663//1854 1740//1854 1741//1854
f 1663//1855 1741//1855 1664//1855
f 1664//1856 1741//1856 1742//1856
f 1664//1857 1742//1857 1665//1857
f 1665//1858 1742//1858 1743//1858
f 1665//1859 1743//1859 1666//1859
f 1666//1859 1743//1859 1744//1859
f 1666//1860 1744//1860 1667//1860
f 1667//1861 1744//1861 1745//1861
f 1667//1862 1745//1862 1668//1862
f 1668//1863 1745//1863 1746//1863
f 1668//1864 1746//1864 1669//1864
f 1669//1865 1746//1865 1747//1865
f 1669//1866 1747//1866 1670//1866
f 1670//1867 1747//1867 1748//1867
f 1670//1868 1748//1868 1671//1868
f 1671//1869 1748//1869 1749//1869
f 1671//1870 1749//1870 1672//1870
f 1672//1871 1749//1871 1750//1871
f 1672//1872 1750//1872 1673//1872
f 1673//1873 1750//1873 1751//1873
f 1673//1874 1751//1874 1674//1874
f 1674//1875 1751//1875 1752//1875
f 1674//1876 1752//1876 1675//1876
f 1675//1877 1752//1877 1753//1877
f 1675//1878 1753//1878 1676//1878
f 1676//1879 1753//1879 1754//1879
f 1676//1880 1754//1880 1677//1880
f 1677//1881 1754//1881 1755//1881
f 1677//1882 1755//1882 1678//1882
f 1678//1883 1755//1883 1756//1883
f 1678//1884 1756//1884 1679//1884
f 1679//1885 1756//1885 1757//1885
f 1679//1886 1757//1886 1680//1886
f 1680//1887 1757//1887 1758//1887
f 1680//1888 1758//1888 1681//1888
f 1681//1889 1758//1889 1759//1889
f 1681//1890 1759//1890 1682//1890
f 1682//1891 1759//1891 1760//1891
f 1682//1892 1760//1892 1683//1892
f 1683//1893 1760//1893 1761//1893
f 1683//1894 1761//1894 1684//1894
f 1684//1895 1761//1895 1762//1895
f 1684//1896 1762//1896 1685//1896
f 1685//1897 1762//1897 1763//1897
f 1685//1898 1763//1898 1686//1898
f 1686//1899 1763//1899 1764//1899
f 1686//1900 1764//1900 1687//1900
f 1687//1901 1764//1901 1765//1901
f 1687//1902 1765//1902 1688//1902
f 1688//1903 1765//1903 1766//1903
f 1688//1904 1766//1904 1689//1904
f 1689//1905 1766//1905 1767//1905
f 1689//1906 1767//1906 1690//1906
f 1690//1907 1767//1907 1768//1907
f 1690//1908 1768//1908 1691//1908
f 1691//1909 1768//1909 1769//1909
f 1691//1910 1769//1910 1692//1910
f 1692//1911 1769//1911 1770//1911
f 1692//1912 1770//1912 1693//1912
f 1693//1913 1770//1913 1771//1913
f 1693//1914 1771//1914 1694//1914
f 1694//1915 1771//1915 1772//1915
f 1694//1916 1772//1916 1695//1916
f 1695//1917 1772//1917 1773//1917
f 1695//1918 1773//1918 1696//1918
f 1696//1919 1773//1919 1774//1919
f 1696//1920 1774//1920 1697//1920
f 1697//1921 1774//1921 1775//1921
f 1697//1922 1775//1922 1698//1922
f 1698//1923 1775//1923 1776//1923
f 1698//1924 1776//1924 1699//1924
f 1699//1925 1776//1925 1777//1925
f 1699//1926 1777//1926 1700//1926
f 1700//1927 1777//1927 1778//1927
f 1700//1928 1778//1928 1701//1928
f 1701//1929 1778//1929 1779//1929
f 1701//1930 1779//1930 1702//1930
f 1702//1931 1779//1931 1780//1931
f 1702//1932 1780//1932 1703//1932
f 1703//1933 1780//1933 1781//1933
f 1703//1934 1781//1934 1704//1934
f 1704//1935 1781//1935 1782//1935
f 1704//1936 1782//1936 1705//1936
f 1705//1936 1782//1936 1783//1936
f 1705//1937 1783//1937 1706//1937
f 1706//1938 1783//1938 1784//1938
f 1706//1939 1784//1939 1707//1939
f 1707//1940 1784//1940 1785//1940
f 1707//1941 1785//1941 1708//1941
f 1708//1942 1785//1942 1786//1942
f 1708//1943 1786//1943 1709//1943
f 1709//1944 1786//1944 1787//1944
f 1709//1945 1787//1945 1710//1945
f 1710//1946 1787//1946 1788//1946
f 1710//1947 1788//1947 1711//1947
f 1711//1948 1788//1948 1789//1948
f 1711//1949 1789//1949 1712//1949
f 1712//1950 1789//1950 1790//1950
f 1712//1951 1790//1951 1713//1951
f 1713//1952 1790//1952 1791//1952
f 1713//1953 1791//1953 1714//1953
f 1714//1954 1791//1954 1792//1954
f 1714//1955 1792//1955 1715//1955
f 1715//1956 1792//1956 1793//1956
f 1715//1957 1793//1957 1716//1957
f 1716//1958 1793//1958 1794//1958
f 1716//1959 1794//1959 1717//1959
f 1717//1960 1794//1960 1795//1960
f 1717//1961 1795//1961 1718//1961
f 1718//1962 1795//1962 1796//1962
f 1718//1963 1796//1963 1719//1963
f 1719//1964 1796//1964 1797//1964
f 1719//1965 1797//1965 1720//1965
f 1720//1966 1797//1966 1798//1966
f 1720//1967 1798//1967 1721//1967
f 1721//1968 1798//1968 1799//1968
f 1721//1969 1799//1969 1722//1969
f 1722//1970 1799//1970 1800//1970
f 1722//1971 1800//1971 1723//1971
f 1723//1972 1800//1972 1801//1972
f 1723//1973 1801//1973 1724//1973
f 1724//1974 1801//1974 1802//1974
f 1724//1975 1802//1975 1647//1975
f 1647//1976 1802//1976 1725//1976
f 1725//1977 850//1977 1726//1977
f 1726//1978 850//1978 849//1978
f 1726//1979 849//1979 1727//1979
f 1727//1980 849//1980 808//1980
f 1727//1981 808//1981 1728//1981
f 1728//1982 808//1982 810//1982
f 1728//1983 810//1983 1729//1983
f 1729//1984 810//1984 812//1984
f 1729//1985 812//1985 1730//1985
f 1730//1986 812//1986 817//1986
f 1730//1987 817//1987 1731//1987
f 1731//1988 817//1988 816//1988
f 1731//1989 816//1989 1732//1989
f 1732//1990 816//1990 814//1990
f 1732//1991 814//1991 1733//1991
f 1733//1992 814//1992 813//1992
f 1733//1993 813//1993 1734//1993
f 1734//1994 813//1994 852//1994
f 1734//1995 852//1995 1735//1995
f 1735//1996 852//1996 854//1996
f 1735//1997 854//1997 1736//1997
f 1736//1998 854//1998 880//1998
f 1736//1999 880//1999 1737//1999
f 1737//2000 880//2000 879//2000
f 1737//2001 879//2001 1738//2001
f 1738//2002 879//2002 921//2002
f 1738//2003 921//2003 1739//2003
f 1739//2004 921//2004 920//2004
f 1739//2005 920//2005 1740//2005
f 1740//2006 920//2006 918//2006
f 1740//2007 918//2007 1741//2007
f 1741//2008 918//2008 881//2008
f 1741//2009 881//2009 1742//2009
f 1742//2010 881//2010 890//2010
f 1742//2011 890//2011 1743//2011
f 1743//2012 890//2012 713//2012
f 1743//2013 713//2013 1744//2013
f 1744//2013 713//2013 715//2013
f 1744//2014 715//2014 1745//2014
f 1745//2015 715//2015 714//2015
f 1745//2016 714//2016 1746//2016
f 1746//2017 714//2017 749//2017
f 1746//2018 749//2018 1747//2018
f 1747//2019 749//2019 752//2019
f 1747//2020 752//2020 1748//2020
f 1748//2021 752//2021 754//2021
f 1748//2022 754//2022 1749//2022
f 1749//2023 754//2023 756//2023
f 1749//2024 756//2024 1750//2024
f 1750//2025 756//2025 757//2025
f 1750//2026 757//2026 1751//2026
f 1751//2027 757//2027 720//2027
f 1751//2028 720//2028 1752//2028
f 1752//2029 720//2029 719//2029
f 1752//2030 719//2030 1753//2030
f 1753//2031 719//2031 736//2031
f 1753//2032 736//2032 1754//2032
f 1754//2033 736//2033 735//2033
f 1754//2034 735//2034 1755//2034
f 1755//2035 735//2035 733//2035
f 1755//2036 733//2036 1756//2036
f 1756//2037 733//2037 732//2037
f 1756//2038 732//2038 1757//2038
f 1757//2039 732//2039 758//2039
f 1757//2040 758//2040 1758//2040
f 1758//2041 758//2041 760//2041
f 1758//2042 760//2042 1759//2042
f 1759//2043 760//2043 777//2043
f 1759//2044 777//2044 1760//2044
f 1760//2045 777//2045 776//2045
f 1760//2046 776//2046 1761//2046
f 1761//2047 776//2047 775//2047
f 1761//2048 775//2048 1762//2048
f 1762//2049 775//2049 763//2049
f 1762//2050 763//2050 1763//2050
f 1763//2051 763//2051 744//2051
f 1763//2052 744//2052 1764//2052
f 1764//2053 744//2053 823//2053
f 1764//2054 823//2054 1765//2054
f 1765//2055 823//2055 822//2055
f 1765//2056 822//2056 1766//2056
f 1766//2057 822//2057 773//2057
f 1766//2058 773//2058 1767//2058
f 1767//2059 773//2059 772//2059
f 1767//2060 772//2060 1768//2060
f 1768//2061 772//2061 737//2061
f 1768//2062 737//2062 1769//2062
f 1769//2063 737//2063 739//2063
f 1769//2064 739//2064 1770//2064
f 1770//2065 739//2065 796//2065
f 1770//2066 796//2066 1771//2066
f 1771//2067 796//2067 830//2067
f 1771//2068 830//2068 1772//2068
f 1772//2069 830//2069 833//2069
f 1772//2070 833//2070 1773//2070
f 1773//2071 833//2071 863//2071
f 1773//2072 863//2072 1774//2072
f 1774//2073 863//2073 865//2073
f 1774//2074 865//2074 1775//2074
f 1775//2075 865//2075 867//2075
f 1775//2076 867//2076 1776//2076
f 1776//2077 867//2077 868//2077
f 1776//2078 868//2078 1777//2078
f 1777//2079 868//2079 835//2079
f 1777//2080 835//2080 1778//2080
f 1778//2081 835//2081 834//2081
f 1778//2082 834//2082 1779//2082
f 1779//2083 834//2083 797//2083
f 1779//2084 797//2084 1780//2084
f 1780//2085 797//2085 799//2085
f 1780//2086 799//2086 1781//2086
f 1781//2087 799//2087 801//2087
f 1781//2088 801//2088 1782//2088
f 1782//2089 801//2089 839//2089
f 1782//2090 839//2090 1783//2090
f 1783//2090 839//2090 838//2090
f 1783//2091 838//2091 1784//2091
f 1784//2092 838//2092 837//2092
f 1784//2093 837//2093 1785//2093
f 1785//2094 837//2094 778//2094
f 1785//2095 778//2095 1786//2095
f 1786//2096 778//2096 780//2096
f 1786//2097 780//2097 1787//2097
f 1787//2098 780//2098 804//2098
f 1787//2099 804//2099 1788//2099
f 1788//2100 804//2100 803//2100
f 1788//2101 803//2101 1789//2101
f 1789//2102 803//2102 802//2102
f 1789//2103 802//2103 1790//2103
f 1790//2104 802//2104 889//2104
f 1790//2105 889//2105 1791//2105
f 1791//2106 889//2106 887//2106
f 1791//2107 887//2107 1792//2107
f 1792//2108 887//2108 885//2108
f 1792//2109 885//2109 1793//2109
f 1793//2110 885//2110 784//2110
f 1793//2111 784//2111 1794//2111
f 1794//2112 784//2112 840//2112
f 1794//2113 840//2113 1795//2113
f 1795//2114 840//2114 805//2114
f 1795//2115 805//2115 1796//2115
f 1796//2116 805//2116 726//2116
f 1796//2117 726//2117 1797//2117
f 1797//2118 726//2118 741//2118
f 1797//2119 741//2119 1798//2119
f 1798//2120 741//2120 841//2120
f 1798//2121 841//2121 1799//2121
f 1799//2122 841//2122 843//2122
f 1799//2123 843//2123 1800//2123
f 1800//2124 843//2124 845//2124
f 1800//2125 845//2125 1801//2125
f 1801//2126 845//2126 847//2126
f 1801//2127 847//2127 1802//2127
f 1802//2128 847//2128 851//2128
f 1802//2129 851//2129 1725//2129
f 1725//2130 851//2130 850//2130
f 968//2131 971//2131 1803//2131
f 1804//2132 1805//2132 1806//2132
f 1157//2133 1155//2133 1807//2133
f 1152//2134 1805//2134 1153//2134
f 1153//2135 1805//2135 1804//2135
f 1153//2136 1804//2136 1145//2136
f 1808//2137 1806//2137 1809//2137
f 1809//2138 1806//2138 1805//2138
f 1809//2139 1805//2139 1810//2139
f 1810//2140 1805//2140 1152//2140
f 1810//2141 1152//2141 1150//2141
f 1811//2142 1808//2142 1812//2142
f 1812//2143 1808//2143 1809//2143
f 1812//2144 1809//2144 1813//2144
f 1813//2145 1809//2145 1810//2145
f 1813//2146 1810//2146 1814//2146
f 1814//2147 1810//2147 1150//2147
f 1814//2148 1150//2148 1173//2148
f 1815//2149 1816//2149 1817//2149
f 1818//2150 1811//2150 1819//2150
f 1819//2151 1811//2151 1812//2151
f 1819//2152 1812//2152 1820//2152
f 1820//2153 1812//2153 1813//2153
f 1820//2154 1813//2154 1821//2154
f 1821//2155 1813//2155 1814//2155
f 1821//2156 1814//2156 1822//2156
f 1822//2157 1814//2157 1173//2157
f 1822//2158 1173//2158 1172//2158
f 1823//2159 1818//2159 1824//2159
f 1824//2160 1818//2160 1819//2160
f 1824//2161 1819//2161 1825//2161
f 1825//2162 1819//2162 1820//2162
f 1825//2163 1820//2163 1826//2163
f 1826//2164 1820//2164 1821//2164
f 1826//2165 1821//2165 1827//2165
f 1827//2166 1821//2166 1822//2166
f 1827//2167 1822//2167 1828//2167
f 1828//2168 1822//2168 1172//2168
f 1828//2169 1172//2169 1170//2169
f 1829//2170 1823//2170 1830//2170
f 1830//2171 1823//2171 1824//2171
f 1830//2172 1824//2172 1831//2172
f 1831//2173 1824//2173 1825//2173
f 1831//2174 1825//2174 1832//2174
f 1832//2175 1825//2175 1826//2175
f 1832//2176 1826//2176 1833//2176
f 1833//2177 1826//2177 1827//2177
f 1833//2178 1827//2178 1834//2178
f 1834//2179 1827//2179 1828//2179
f 1834//2180 1828//2180 1835//2180
f 1835//2181 1828//2181 1170//2181
f 1835//2182 1170//2182 1169//2182
f 1836//2183 1829//2183 1837//2183
f 1837//2184 1829//2184 1830//2184
f 1837//2185 1830//2185 1838//2185
f 1838//2186 1830//2186 1831//2186
f 1838//2187 1831//2187 1839//2187
f 1839//2188 1831//2188 1832//2188
f 1839//2189 1832//2189 1840//2189
f 1840//2190 1832//2190 1833//2190
f 1840//2191 1833//2191 1841//2191
f 1841//2192 1833//2192 1834//2192
f 1841//2193 1834//2193 1842//2193
f 1842//2194 1834//2194 1835//2194
f 1842//2195 1835//2195 1843//2195
f 1843//2196 1835//2196 1169//2196
f 1843//2197 1169//2197 1157//2197
f 1844//2198 1845//2198 1846//2198
f 1847//2199 1848//2199 1849//2199
f 1849//2200 1848//2200 1850//2200
f 1849//2201 1850//2201 1851//2201
f 1851//2202 1850//2202 1852//2202
f 1851//2203 1852//2203 1853//2203
f 1853//2204 1852//2204 1854//2204
f 1853//2205 1854//2205 1855//2205
f 1855//2206 1854//2206 1815//2206
f 1855//2207 1815//2207 1856//2207
f 1856//2208 1815//2208 1817//2208
f 1856//2209 1817//2209 1857//2209
f 1064//2210 1063//2210 1858//2210
f 1858//2211 1063//2211 1847//2211
f 1858//2212 1847//2212 1859//2212
f 1859//2213 1847//2213 1849//2213
f 1859//2214 1849//2214 1860//2214
f 1860//2215 1849//2215 1851//2215
f 1860//2216 1851//2216 1861//2216
f 1861//2217 1851//2217 1853//2217
f 1861//2218 1853//2218 1862//2218
f 1862//2219 1853//2219 1855//2219
f 1862//2220 1855//2220 1863//2220
f 1863//2221 1855//2221 1856//2221
f 1863//2222 1856//2222 1864//2222
f 1864//2223 1856//2223 1857//2223
f 1864//2224 1857//2224 1865//2224
f 1154//2225 1087//2225 1866//2225
f 1866//2226 1087//2226 1867//2226
f 1866//2227 1867//2227 1868//2227
f 1868//2228 1867//2228 1869//2228
f 1868//2229 1869//2229 1870//2229
f 1870//2230 1869//2230 1871//2230
f 1870//2231 1871//2231 1872//2231
f 1872//2232 1871//2232 1873//2232
f 1872//2233 1873//2233 1874//2233
f 1874//2234 1873//2234 1875//2234
f 1874//2235 1875//2235 1876//2235
f 1876//2236 1875//2236 1877//2236
f 1876//2237 1877//2237 1878//2237
f 1878//2238 1877//2238 1879//2238
f 1878//2239 1879//2239 1880//2239
f 1880//2240 1879//2240 1881//2240
f 1086//2241 1084//2241 1882//2241
f 1882//2242 1084//2242 1883//2242
f 1882//2243 1883//2243 1884//2243
f 1884//2244 1883//2244 1885//2244
f 1884//2245 1885//2245 1886//2245
f 1886//2246 1885//2246 1887//2246
f 1886//2247 1887//2247 1888//2247
f 1888//2248 1887//2248 1889//2248
f 1888//2249 1889//2249 1890//2249
f 1890//2250 1889//2250 1891//2250
f 1890//2251 1891//2251 1892//2251
f 1892//2252 1891//2252 1893//2252
f 1892//2253 1893//2253 1894//2253
f 1894//2254 1893//2254 1895//2254
f 1894//2255 1895//2255 1896//2255
f 1896//2256 1895//2256 1897//2256
f 1084//2257 1082//2257 1883//2257
f 1883//2258 1082//2258 1898//2258
f 1883//2259 1898//2259 1885//2259
f 1885//2260 1898//2260 1899//2260
f 1885//2261 1899//2261 1887//2261
f 1887//2262 1899//2262 1900//2262
f 1887//2263 1900//2263 1889//2263
f 1889//2264 1900//2264 1901//2264
f 1889//2265 1901//2265 1891//2265
f 1891//2266 1901//2266 1902//2266
f 1891//2267 1902//2267 1893//2267
f 1893//2268 1902//2268 1903//2268
f 1893//2269 1903//2269 1895//2269
f 1895//2270 1903//2270 1904//2270
f 1895//2271 1904//2271 1897//2271
f 1897//2272 1904//2272 1905//2272
f 1093//2273 1092//2273 1906//2273
f 1906//2274 1092//2274 1907//2274
f 1906//2275 1907//2275 1908//2275
f 1908//2276 1907//2276 1909//2276
f 1908//2277 1909//2277 1910//2277
f 1910//2278 1909//2278 1911//2278
f 1910//2279 1911//2279 1912//2279
f 1912//2280 1911//2280 1913//2280
f 1912//2281 1913//2281 1914//2281
f 1914//2282 1913//2282 1915//2282
f 1914//2283 1915//2283 1916//2283
f 1916//2284 1915//2284 1917//2284
f 1916//2285 1917//2285 1918//2285
f 1918//2286 1917//2286 1919//2286
f 1918//2287 1919//2287 1920//2287
f 1920//2288 1919//2288 1921//2288
f 1092//2289 1090//2289 1907//2289
f 1907//2290 1090//2290 1922//2290
f 1907//2291 1922//2291 1909//2291
f 1909//2292 1922//2292 1923//2292
f 1909//2293 1923//2293 1911//2293
f 1911//2294 1923//2294 1924//2294
f 1911//2295 1924//2295 1913//2295
f 1913//2296 1924//2296 1925//2296
f 1913//2297 1925//2297 1915//2297
f 1915//2298 1925//2298 1926//2298
f 1915//2299 1926//2299 1917//2299
f 1917//2300 1926//2300 1927//2300
f 1917//2301 1927//2301 1919//2301
f 1919//2302 1927//2302 1928//2302
f 1919//2303 1928//2303 1921//2303
f 1921//2304 1928//2304 1929//2304
f 1098//2305 1097//2305 1930//2305
f 1930//2306 1097//2306 1931//2306
f 1930//2307 1931//2307 1932//2307
f 1932//2308 1931//2308 1933//2308
f 1932//2309 1933//2309 1934//2309
f 1934//2310 1933//2310 1935//2310
f 1934//2311 1935//2311 1936//2311
f 1936//2312 1935//2312 1937//2312
f 1936//2313 1937//2313 1938//2313
f 1938//2314 1937//2314 1939//2314
f 1938//2315 1939//2315 1940//2315
f 1940//2316 1939//2316 1941//2316
f 1940//2317 1941//2317 1942//2317
f 1942//2318 1941//2318 1943//2318
f 1942//2319 1943//2319 1944//2319
f 1944//2320 1943//2320 1945//2320
f 1103//2321 1102//2321 1946//2321
f 1946//2322 1102//2322 1947//2322
f 1946//2323 1947//2323 1948//2323
f 1948//2324 1947//2324 1949//2324
f 1948//2325 1949//2325 1950//2325
f 1950//2326 1949//2326 1951//2326
f 1950//2327 1951//2327 1952//2327
f 1952//2328 1951//2328 1953//2328
f 1952//2329 1953//2329 1954//2329
f 1954//2330 1953//2330 1955//2330
f 1954//2331 1955//2331 1956//2331
f 1956//2332 1955//2332 1957//2332
f 1956//2333 1957//2333 1958//2333
f 1958//2334 1957//2334 1959//2334
f 1958//2335 1959//2335 1960//2335
f 1960//2336 1959//2336 1961//2336
f 1102//2337 1100//2337 1947//2337
f 1947//2338 1100//2338 1962//2338
f 1947//2339 1962//2339 1949//2339
f 1949//2340 1962//2340 1963//2340
f 1949//2341 1963//2341 1951//2341
f 1951//2342 1963//2342 1964//2342
f 1951//2343 1964//2343 1953//2343
f 1953//2344 1964//2344 1965//2344
f 1953//2345 1965//2345 1955//2345
f 1955//2346 1965//2346 1966//2346
f 1955//2347 1966//2347 1957//2347
f 1957//2348 1966//2348 1967//2348
f 1957//2349 1967//2349 1959//2349
f 1959//2350 1967//2350 1968//2350
f 1959//2351 1968//2351 1961//2351
f 1961//2352 1968//2352 1969//2352
f 1961//2353 1969//2353 1029//2353
f 1029//2354 1969//2354 1030//2354
f 1108//2355 1107//2355 1970//2355
f 1970//2356 1107//2356 1971//2356
f 1970//2357 1971//2357 1972//2357
f 1972//2358 1971//2358 1973//2358
f 1972//2359 1973//2359 1974//2359
f 1974//2360 1973//2360 1975//2360
f 1974//2361 1975//2361 1976//2361
f 1976//2362 1975//2362 1977//2362
f 1976//2363 1977//2363 1978//2363
f 1978//2364 1977//2364 1979//2364
f 1978//2365 1979//2365 1980//2365
f 1980//2366 1979//2366 1981//2366
f 1980//2367 1981//2367 1982//2367
f 1982//2368 1981//2368 1983//2368
f 1982//2369 1983//2369 1984//2369
f 1984//2370 1983//2370 1985//2370
f 1105//2371 1113//2371 1986//2371
f 1986//2372 1113//2372 1987//2372
f 1986//2373 1987//2373 1988//2373
f 1988//2374 1987//2374 1989//2374
f 1988//2375 1989//2375 1990//2375
f 1990//2376 1989//2376 1991//2376
f 1990//2377 1991//2377 1992//2377
f 1992//2378 1991//2378 1993//2378
f 1992//2379 1993//2379 1994//2379
f 1994//2380 1993//2380 1995//2380
f 1994//2381 1995//2381 1996//2381
f 1996//2382 1995//2382 1997//2382
f 1996//2383 1997//2383 1998//2383
f 1998//2384 1997//2384 1999//2384
f 1998//2385 1999//2385 2000//2385
f 2000//2386 1999//2386 2001//2386
f 1113//2387 1112//2387 1987//2387
f 1987//2388 1112//2388 2002//2388
f 1987//2389 2002//2389 1989//2389
f 1989//2390 2002//2390 2003//2390
f 1989//2391 2003//2391 1991//2391
f 1991//2392 2003//2392 2004//2392
f 1991//2393 2004//2393 1993//2393
f 1993//2394 2004//2394 2005//2394
f 1993//2395 2005//2395 1995//2395
f 1995//2396 2005//2396 2006//2396
f 1995//2397 2006//2397 1997//2397
f 1997//2398 2006//2398 2007//2398
f 1997//2399 2007//2399 1999//2399
f 1999//2400 2007//2400 2008//2400
f 1999//2401 2008//2401 2001//2401
f 2001//2402 2008//2402 2009//2402
f 1110//2403 1118//2403 2010//2403
f 2010//2404 1118//2404 2011//2404
f 2010//2405 2011//2405 2012//2405
f 2012//2406 2011//2406 2013//2406
f 2012//2407 2013//2407 2014//2407
f 2014//2408 2013//2408 2015//2408
f 2014//2409 2015//2409 2016//2409
f 2016//2410 2015//2410 2017//2410
f 2016//2411 2017//2411 2018//2411
f 2018//2412 2017//2412 2019//2412
f 2018//2413 2019//2413 2020//2413
f 2020//2414 2019//2414 2021//2414
f 2020//2415 2021//2415 2022//2415
f 2022//2416 2021//2416 2023//2416
f 2022//2417 2023//2417 2024//2417
f 2024//2418 2023//2418 2025//2418
f 1118//2419 1117//2419 2011//2419
f 2011//2420 1117//2420 2026//2420
f 2011//2421 2026//2421 2013//2421
f 2013//2422 2026//2422 2027//2422
f 2013//2423 2027//2423 2015//2423
f 2015//2424 2027//2424 2028//2424
f 2015//2425 2028//2425 2017//2425
f 2017//2426 2028//2426 2029//2426
f 2017//2427 2029//2427 2019//2427
f 2019//2428 2029//2428 2030//2428
f 2019//2429 2030//2429 2021//2429
f 2021//2430 2030//2430 2031//2430
f 2021//2431 2031//2431 2023//2431
f 2023//2432 2031//2432 2032//2432
f 2023//2433 2032//2433 2025//2433
f 2025//2434 2032//2434 2033//2434
f 1115//2435 1123//2435 2034//2435
f 2034//2436 1123//2436 2035//2436
f 2034//2437 2035//2437 2036//2437
f 2036//2438 2035//2438 2037//2438
f 2036//2439 2037//2439 2038//2439
f 2038//2440 2037//2440 2039//2440
f 2038//2441 2039//2441 2040//2441
f 2040//2442 2039//2442 2041//2442
f 2040//2443 2041//2443 2042//2443
f 2042//2444 2041//2444 2043//2444
f 2042//2445 2043//2445 2044//2445
f 2044//2446 2043//2446 2045//2446
f 2044//2447 2045//2447 2046//2447
f 2046//2448 2045//2448 2047//2448
f 2046//2449 2047//2449 2048//2449
f 2048//2450 2047//2450 2049//2450
f 1120//2451 1133//2451 2050//2451
f 2050//2452 1133//2452 2051//2452
f 2050//2453 2051//2453 2052//2453
f 2052//2454 2051//2454 2053//2454
f 2052//2455 2053//2455 2054//2455
f 2054//2456 2053//2456 2055//2456
f 2054//2457 2055//2457 2056//2457
f 2056//2458 2055//2458 2057//2458
f 2056//2459 2057//2459 2058//2459
f 2058//2460 2057//2460 2059//2460
f 2058//2461 2059//2461 2060//2461
f 2060//2462 2059//2462 2061//2462
f 2060//2463 2061//2463 2062//2463
f 2062//2464 2061//2464 2063//2464
f 2062//2465 2063//2465 2064//2465
f 2064//2466 2063//2466 2065//2466
f 1130//2467 1129//2467 2066//2467
f 2066//2468 1129//2468 2067//2468
f 2066//2469 2067//2469 2068//2469
f 2068//2470 2067//2470 2069//2470
f 2068//2471 2069//2471 2070//2471
f 2070//2472 2069//2472 2071//2472
f 2070//2473 2071//2473 2072//2473
f 2072//2474 2071//2474 2073//2474
f 2072//2475 2073//2475 2074//2475
f 2074//2476 2073//2476 2075//2476
f 2074//2477 2075//2477 2076//2477
f 2076//2478 2075//2478 2077//2478
f 2076//2479 2077//2479 2078//2479
f 2078//2480 2077//2480 2079//2480
f 2078//2481 2079//2481 2080//2481
f 2080//2482 2079//2482 2081//2482
f 1127//2483 1125//2483 2082//2483
f 2082//2484 1125//2484 2083//2484
f 2082//2485 2083//2485 2084//2485
f 2084//2486 2083//2486 2085//2486
f 2084//2487 2085//2487 2086//2487
f 2086//2488 2085//2488 2087//2488
f 2086//2489 2087//2489 2088//2489
f 2088//2490 2087//2490 2089//2490
f 2088//2491 2089//2491 2090//2491
f 2090//2492 2089//2492 2091//2492
f 2090//2493 2091//2493 2092//2493
f 2092//2494 2091//2494 2093//2494
f 2092//2495 2093//2495 2094//2495
f 2094//2496 2093//2496 2095//2496
f 2094//2497 2095//2497 2096//2497
f 2096//2498 2095//2498 2097//2498
f 1125//2499 1163//2499 2083//2499
f 2083//2500 1163//2500 2098//2500
f 2083//2501 2098//2501 2085//2501
f 2085//2502 2098//2502 2099//2502
f 2085//2503 2099//2503 2087//2503
f 2087//2504 2099//2504 2100//2504
f 2087//2505 2100//2505 2089//2505
f 2089//2506 2100//2506 2101//2506
f 2089//2507 2101//2507 2091//2507
f 2091//2508 2101//2508 2102//2508
f 2091//2509 2102//2509 2093//2509
f 2093//2510 2102//2510 2103//2510
f 2093//2511 2103//2511 2095//2511
f 2095//2512 2103//2512 2104//2512
f 2095//2513 2104//2513 2097//2513
f 2097//2514 2104//2514 2105//2514
f 1162//2515 1160//2515 2106//2515
f 2106//2516 1160//2516 2107//2516
f 2106//2517 2107//2517 2108//2517
f 2108//2518 2107//2518 2109//2518
f 2108//2519 2109//2519 2110//2519
f 2110//2520 2109//2520 2111//2520
f 2110//2521 2111//2521 2112//2521
f 2112//2522 2111//2522 2113//2522
f 2112//2523 2113//2523 2114//2523
f 2114//2524 2113//2524 2115//2524
f 2114//2525 2115//2525 2116//2525
f 2116//2526 2115//2526 2117//2526
f 2116//2527 2117//2527 2118//2527
f 2118//2528 2117//2528 2119//2528
f 2118//2529 2119//2529 2120//2529
f 2120//2530 2119//2530 2121//2530
f 1160//2531 1168//2531 2107//2531
f 2107//2532 1168//2532 2122//2532
f 2107//2533 2122//2533 2109//2533
f 2109//2534 2122//2534 2123//2534
f 2109//2535 2123//2535 2111//2535
f 2111//2536 2123//2536 2124//2536
f 2111//2537 2124//2537 2113//2537
f 2113//2538 2124//2538 2125//2538
f 2113//2539 2125//2539 2115//2539
f 2115//2540 2125//2540 2126//2540
f 2115//2541 2126//2541 2117//2541
f 2117//2542 2126//2542 2127//2542
f 2117//2543 2127//2543 2119//2543
f 2119//2544 2127//2544 2128//2544
f 2119//2545 2128//2545 2121//2545
f 2121//2546 2128//2546 2129//2546
f 1165//2547 1164//2547 2130//2547
f 2130//2548 1164//2548 2131//2548
f 2130//2549 2131//2549 2132//2549
f 2132//2550 2131//2550 2133//2550
f 2132//2551 2133//2551 2134//2551
f 2134//2552 2133//2552 2135//2552
f 2134//2553 2135//2553 2136//2553
f 2136//2554 2135//2554 2137//2554
f 2136//2555 2137//2555 2138//2555
f 2138//2556 2137//2556 2139//2556
f 2138//2557 2139//2557 2140//2557
f 2140//2558 2139//2558 2141//2558
f 2140//2559 2141//2559 2142//2559
f 2142//2560 2141//2560 2143//2560
f 2142//2561 2143//2561 2144//2561
f 2144//2562 2143//2562 2145//2562
f 1164//2563 1137//2563 2131//2563
f 2131//2564 1137//2564 2146//2564
f 2131//2565 2146//2565 2133//2565
f 2133//2566 2146//2566 2147//2566
f 2133//2567 2147//2567 2135//2567
f 2135//2568 2147//2568 2148//2568
f 2135//2569 2148//2569 2137//2569
f 2137//2570 2148//2570 2149//2570
f 2137//2571 2149//2571 2139//2571
f 2139//2572 2149//2572 2150//2572
f 2139//2573 2150//2573 2141//2573
f 2141//2574 2150//2574 2151//2574
f 2141//2575 2151//2575 2143//2575
f 2143//2576 2151//2576 2152//2576
f 2143//2577 2152//2577 2145//2577
f 2145//2578 2152//2578 2153//2578
f 1135//2579 1178//2579 2154//2579
f 2154//2580 1178//2580 2155//2580
f 2154//2581 2155//2581 2156//2581
f 2156//2582 2155//2582 2157//2582
f 2156//2583 2157//2583 2158//2583
f 2158//2584 2157//2584 2159//2584
f 2158//2585 2159//2585 2160//2585
f 2160//2586 2159//2586 2161//2586
f 2160//2587 2161//2587 2162//2587
f 2162//2588 2161//2588 2163//2588
f 2162//2589 2163//2589 2164//2589
f 2164//2590 2163//2590 2165//2590
f 2164//2591 2165//2591 2166//2591
f 2166//2592 2165//2592 2167//2592
f 2166//2593 2167//2593 2168//2593
f 2168//2594 2167//2594 2169//2594
f 1178//2595 1177//2595 2155//2595
f 2155//2596 1177//2596 2170//2596
f 2155//2597 2170//2597 2157//2597
f 2157//2598 2170//2598 2171//2598
f 2157//2599 2171//2599 2159//2599
f 2159//2600 2171//2600 2172//2600
f 2159//2601 2172//2601 2161//2601
f 2161//2602 2172//2602 2173//2602
f 2161//2603 2173//2603 2163//2603
f 2163//2604 2173//2604 2174//2604
f 2163//2605 2174//2605 2165//2605
f 2165//2606 2174//2606 2175//2606
f 2165//2607 2175//2607 2167//2607
f 2167//2608 2175//2608 2176//2608
f 2167//2609 2176//2609 2169//2609
f 2169//2610 2176//2610 2177//2610
f 1175//2611 1174//2611 2178//2611
f 2178//2612 1174//2612 2179//2612
f 2178//2613 2179//2613 2180//2613
f 2180//2614 2179//2614 2181//2614
f 2180//2615 2181//2615 2182//2615
f 2182//2616 2181//2616 2183//2616
f 2182//2617 2183//2617 2184//2617
f 2184//2618 2183//2618 2185//2618
f 2184//2619 2185//2619 2186//2619
f 2186//2620 2185//2620 2187//2620
f 2186//2621 2187//2621 2188//2621
f 2188//2622 2187//2622 2189//2622
f 2188//2623 2189//2623 2190//2623
f 2190//2624 2189//2624 2191//2624
f 2190//2625 2191//2625 2192//2625
f 2192//2626 2191//2626 2193//2626
f 1140//2627 1148//2627 2194//2627
f 2194//2628 1148//2628 2195//2628
f 2194//2629 2195//2629 2196//2629
f 2196//2630 2195//2630 2197//2630
f 2196//2631 2197//2631 2198//2631
f 2198//2632 2197//2632 2199//2632
f 2198//2633 2199//2633 2200//2633
f 2200//2634 2199//2634 2201//2634
f 2200//2635 2201//2635 2202//2635
f 2202//2636 2201//2636 2203//2636
f 2202//2637 2203//2637 2204//2637
f 2204//2638 2203//2638 2205//2638
f 2204//2639 2205//2639 2206//2639
f 2206//2640 2205//2640 2207//2640
f 2206//2641 2207//2641 2208//2641
f 2208//2642 2207//2642 2209//2642
f 2210//2643 2211//2643 2212//2643
f 2212//2644 2211//2644 2213//2644
f 2212//2645 2213//2645 2214//2645
f 2214//2646 2213//2646 2215//2646
f 2214//2647 2215//2647 2216//2647
f 2216//2648 2215//2648 1080//2648
f 2216//2649 1080//2649 1079//2649
f 2211//2650 1846//2650 2213//2650
f 2213//2651 1846//2651 1845//2651
f 2213//2652 1845//2652 2215//2652
f 2215//2653 1845//2653 1075//2653
f 2215//2654 1075//2654 1080//2654
f 1069//2655 1067//2655 1844//2655
f 1844//2656 1067//2656 1066//2656
f 1844//2657 1066//2657 1845//2657
f 1845//2658 1066//2658 1073//2658
f 1845//2659 1073//2659 1075//2659
f 1071//2660 1069//2660 2217//2660
f 2217//2661 1069//2661 1844//2661
f 2217//2662 1844//2662 2218//2662
f 2218//2663 1844//2663 1846//2663
f 2218//2664 1846//2664 2219//2664
f 2219//2665 1846//2665 2211//2665
f 2219//2666 2211//2666 2220//2666
f 2220//2667 2211//2667 2210//2667
f 2220//2668 2210//2668 1816//2668
f 1816//2669 1815//2669 2220//2669
f 2220//2670 1815//2670 1854//2670
f 2220//2671 1854//2671 2219//2671
f 2219//2672 1854//2672 1852//2672
f 2219//2673 1852//2673 2218//2673
f 2218//2674 1852//2674 1850//2674
f 2218//2675 1850//2675 2217//2675
f 2217//2676 1850//2676 1848//2676
f 2217//2677 1848//2677 1071//2677
f 1063//2678 1061//2678 1847//2678
f 1847//2679 1061//2679 1060//2679
f 1847//2680 1060//2680 1848//2680
f 1848//2681 1060//2681 1072//2681
f 1848//2682 1072//2682 1071//2682
f 1155//2683 1154//2683 1865//2683
f 1865//2684 1154//2684 1866//2684
f 1865//2685 1866//2685 1864//2685
f 1864//2686 1866//2686 1868//2686
f 1864//2687 1868//2687 1863//2687
f 1863//2688 1868//2688 1870//2688
f 1863//2689 1870//2689 1862//2689
f 1862//2690 1870//2690 1872//2690
f 1862//2691 1872//2691 1861//2691
f 1861//2692 1872//2692 1874//2692
f 1861//2693 1874//2693 1860//2693
f 1860//2694 1874//2694 1876//2694
f 1860//2695 1876//2695 1859//2695
f 1859//2696 1876//2696 1878//2696
f 1859//2697 1878//2697 1858//2697
f 1858//2698 1878//2698 1880//2698
f 1858//2699 1880//2699 1064//2699
f 1049//2700 1056//2700 1881//2700
f 1881//2701 1056//2701 1058//2701
f 1881//2702 1058//2702 1880//2702
f 1880//2703 1058//2703 1065//2703
f 1880//2704 1065//2704 1064//2704
f 1087//2705 1086//2705 1867//2705
f 1867//2706 1086//2706 1882//2706
f 1867//2707 1882//2707 1869//2707
f 1869//2708 1882//2708 1884//2708
f 1869//2709 1884//2709 1871//2709
f 1871//2710 1884//2710 1886//2710
f 1871//2711 1886//2711 1873//2711
f 1873//2712 1886//2712 1888//2712
f 1873//2713 1888//2713 1875//2713
f 1875//2714 1888//2714 1890//2714
f 1875//2715 1890//2715 1877//2715
f 1877//2716 1890//2716 1892//2716
f 1877//2717 1892//2717 1879//2717
f 1879//2718 1892//2718 1894//2718
f 1879//2719 1894//2719 1881//2719
f 1881//2720 1894//2720 1896//2720
f 1881//2721 1896//2721 1049//2721
f 1043//2722 1055//2722 1905//2722
f 1905//2723 1055//2723 1054//2723
f 1905//2724 1054//2724 1897//2724
f 1897//2725 1054//2725 1052//2725
f 1897//2726 1052//2726 1896//2726
f 1896//2727 1052//2727 1050//2727
f 1896//2728 1050//2728 1049//2728
f 1082//2729 1093//2729 1898//2729
f 1898//2730 1093//2730 1906//2730
f 1898//2731 1906//2731 1899//2731
f 1899//2732 1906//2732 1908//2732
f 1899//2733 1908//2733 1900//2733
f 1900//2734 1908//2734 1910//2734
f 1900//2735 1910//2735 1901//2735
f 1901//2736 1910//2736 1912//2736
f 1901//2737 1912//2737 1902//2737
f 1902//2738 1912//2738 1914//2738
f 1902//2739 1914//2739 1903//2739
f 1903//2740 1914//2740 1916//2740
f 1903//2741 1916//2741 1904//2741
f 1904//2742 1916//2742 1918//2742
f 1904//2743 1918//2743 1905//2743
f 1905//2744 1918//2744 1920//2744
f 1905//2745 1920//2745 1043//2745
f 1041//2746 1048//2746 1929//2746
f 1929//2747 1048//2747 1047//2747
f 1929//2748 1047//2748 1921//2748
f 1921//2749 1047//2749 1046//2749
f 1921//2750 1046//2750 1920//2750
f 1920//2751 1046//2751 1044//2751
f 1920//2752 1044//2752 1043//2752
f 1090//2753 1098//2753 1922//2753
f 1922//2754 1098//2754 1930//2754
f 1922//2755 1930//2755 1923//2755
f 1923//2756 1930//2756 1932//2756
f 1923//2757 1932//2757 1924//2757
f 1924//2758 1932//2758 1934//2758
f 1924//2759 1934//2759 1925//2759
f 1925//2760 1934//2760 1936//2760
f 1925//2761 1936//2761 1926//2761
f 1926//2762 1936//2762 1938//2762
f 1926//2763 1938//2763 1927//2763
f 1927//2764 1938//2764 1940//2764
f 1927//2765 1940//2765 1928//2765
f 1928//2766 1940//2766 1942//2766
f 1928//2767 1942//2767 1929//2767
f 1929//2768 1942//2768 1944//2768
f 1929//2769 1944//2769 1041//2769
f 1035//2770 1033//2770 1945//2770
f 1945//2771 1033//2771 1032//2771
f 1945//2772 1032//2772 1944//2772
f 1944//2773 1032//2773 1039//2773
f 1944//2774 1039//2774 1041//2774
f 1097//2775 1095//2775 1931//2775
f 1931//2776 1095//2776 2221//2776
f 1931//2777 2221//2777 1933//2777
f 1933//2778 2221//2778 2222//2778
f 1933//2779 2222//2779 1935//2779
f 1935//2780 2222//2780 2223//2780
f 1935//2781 2223//2781 1937//2781
f 1937//2782 2223//2782 2224//2782
f 1937//2783 2224//2783 1939//2783
f 1939//2784 2224//2784 2225//2784
f 1939//2785 2225//2785 1941//2785
f 1941//2786 2225//2786 2226//2786
f 1941//2787 2226//2787 1943//2787
f 1943//2788 2226//2788 2227//2788
f 1943//2789 2227//2789 1945//2789
f 1945//2790 2227//2790 2228//2790
f 1945//2791 2228//2791 1035//2791
f 1035//2792 2228//2792 1037//2792
f 1095//2793 1103//2793 2221//2793
f 2221//2794 1103//2794 1946//2794
f 2221//2795 1946//2795 2222//2795
f 2222//2796 1946//2796 1948//2796
f 2222//2797 1948//2797 2223//2797
f 2223//2798 1948//2798 1950//2798
f 2223//2799 1950//2799 2224//2799
f 2224//2800 1950//2800 1952//2800
f 2224//2801 1952//2801 2225//2801
f 2225//2802 1952//2802 1954//2802
f 2225//2803 1954//2803 2226//2803
f 2226//2804 1954//2804 1956//2804
f 2226//2805 1956//2805 2227//2805
f 2227//2806 1956//2806 1958//2806
f 2227//2807 1958//2807 2228//2807
f 2228//2808 1958//2808 1960//2808
f 2228//2809 1960//2809 1037//2809
f 1029//2810 1027//2810 1961//2810
f 1961//2811 1027//2811 1026//2811
f 1961//2812 1026//2812 1960//2812
f 1960//2813 1026//2813 1038//2813
f 1960//2814 1038//2814 1037//2814
f 1100//2815 1108//2815 1962//2815
f 1962//2816 1108//2816 1970//2816
f 1962//2817 1970//2817 1963//2817
f 1963//2818 1970//2818 1972//2818
f 1963//2819 1972//2819 1964//2819
f 1964//2820 1972//2820 1974//2820
f 1964//2821 1974//2821 1965//2821
f 1965//2822 1974//2822 1976//2822
f 1965//2823 1976//2823 1966//2823
f 1966//2824 1976//2824 1978//2824
f 1966//2825 1978//2825 1967//2825
f 1967//2826 1978//2826 1980//2826
f 1967//2827 1980//2827 1968//2827
f 1968//2828 1980//2828 1982//2828
f 1968//2829 1982//2829 1969//2829
f 1969//2830 1982//2830 1984//2830
f 1969//2831 1984//2831 1030//2831
f 1015//2832 1022//2832 1985//2832
f 1985//2833 1022//2833 1024//2833
f 1985//2834 1024//2834 1984//2834
f 1984//2835 1024//2835 1031//2835
f 1984//2836 1031//2836 1030//2836
f 1107//2837 1105//2837 1971//2837
f 1971//2838 1105//2838 1986//2838
f 1971//2839 1986//2839 1973//2839
f 1973//2840 1986//2840 1988//2840
f 1973//2841 1988//2841 1975//2841
f 1975//2842 1988//2842 1990//2842
f 1975//2843 1990//2843 1977//2843
f 1977//2844 1990//2844 1992//2844
f 1977//2845 1992//2845 1979//2845
f 1979//2846 1992//2846 1994//2846
f 1979//2847 1994//2847 1981//2847
f 1981//2848 1994//2848 1996//2848
f 1981//2849 1996//2849 1983//2849
f 1983//2850 1996//2850 1998//2850
f 1983//2851 1998//2851 1985//2851
f 1985//2852 1998//2852 2000//2852
f 1985//2853 2000//2853 1015//2853
f 1008//2854 1021//2854 2009//2854
f 2009//2855 1021//2855 1020//2855
f 2009//2856 1020//2856 2001//2856
f 2001//2857 1020//2857 1018//2857
f 2001//2858 1018//2858 2000//2858
f 2000//2859 1018//2859 1016//2859
f 2000//2860 1016//2860 1015//2860
f 1112//2861 1110//2861 2002//2861
f 2002//2862 1110//2862 2010//2862
f 2002//2863 2010//2863 2003//2863
f 2003//2864 2010//2864 2012//2864
f 2003//2865 2012//2865 2004//2865
f 2004//2866 2012//2866 2014//2866
f 2004//2867 2014//2867 2005//2867
f 2005//2868 2014//2868 2016//2868
f 2005//2869 2016//2869 2006//2869
f 2006//2870 2016//2870 2018//2870
f 2006//2871 2018//2871 2007//2871
f 2007//2872 2018//2872 2020//2872
f 2007//2873 2020//2873 2008//2873
f 2008//2874 2020//2874 2022//2874
f 2008//2875 2022//2875 2009//2875
f 2009//2876 2022//2876 2024//2876
f 2009//2877 2024//2877 1008//2877
f 1007//2878 1014//2878 2033//2878
f 2033//2879 1014//2879 1013//2879
f 2033//2880 1013//2880 2025//2880
f 2025//2881 1013//2881 1011//2881
f 2025//2882 1011//2882 2024//2882
f 2024//2883 1011//2883 1009//2883
f 2024//2884 1009//2884 1008//2884
f 1117//2885 1115//2885 2026//2885
f 2026//2886 1115//2886 2034//2886
f 2026//2887 2034//2887 2027//2887
f 2027//2888 2034//2888 2036//2888
f 2027//2889 2036//2889 2028//2889
f 2028//2890 2036//2890 2038//2890
f 2028//2891 2038//2891 2029//2891
f 2029//2892 2038//2892 2040//2892
f 2029//2893 2040//2893 2030//2893
f 2030//2894 2040//2894 2042//2894
f 2030//2895 2042//2895 2031//2895
f 2031//2896 2042//2896 2044//2896
f 2031//2897 2044//2897 2032//2897
f 2032//2898 2044//2898 2046//2898
f 2032//2899 2046//2899 2033//2899
f 2033//2449 2046//2449 2048//2449
f 2033//2900 2048//2900 1007//2900
f 1003//2901 1001//2901 2049//2901
f 2049//2902 1001//2902 1000//2902
f 2049//2903 1000//2903 2048//2903
f 2048//2904 1000//2904 1005//2904
f 2048//2905 1005//2905 1007//2905
f 1123//2906 1122//2906 2035//2906
f 2035//2907 1122//2907 2229//2907
f 2035//2908 2229//2908 2037//2908
f 2037//2909 2229//2909 2230//2909
f 2037//2910 2230//2910 2039//2910
f 2039//2911 2230//2911 2231//2911
f 2039//2912 2231//2912 2041//2912
f 2041//2913 2231//2913 2232//2913
f 2041//2914 2232//2914 2043//2914
f 2043//2915 2232//2915 2233//2915
f 2043//2916 2233//2916 2045//2916
f 2045//2917 2233//2917 2234//2917
f 2045//2448 2234//2448 2047//2448
f 2047//2918 2234//2918 2235//2918
f 2047//2919 2235//2919 2049//2919
f 2049//2920 2235//2920 2236//2920
f 2049//2921 2236//2921 1003//2921
f 1003//2922 2236//2922 1004//2922
f 1122//2923 1120//2923 2229//2923
f 2229//2924 1120//2924 2050//2924
f 2229//2925 2050//2925 2230//2925
f 2230//2926 2050//2926 2052//2926
f 2230//2927 2052//2927 2231//2927
f 2231//2928 2052//2928 2054//2928
f 2231//2929 2054//2929 2232//2929
f 2232//2930 2054//2930 2056//2930
f 2232//2931 2056//2931 2233//2931
f 2233//2459 2056//2459 2058//2459
f 2233//2917 2058//2917 2234//2917
f 2234//2932 2058//2932 2060//2932
f 2234//2933 2060//2933 2235//2933
f 2235//2934 2060//2934 2062//2934
f 2235//2935 2062//2935 2236//2935
f 2236//2936 2062//2936 2064//2936
f 2236//2937 2064//2937 1004//2937
f 994//2938 996//2938 2065//2938
f 2065//2939 996//2939 999//2939
f 2065//2940 999//2940 2064//2940
f 2064//2941 999//2941 998//2941
f 2064//2942 998//2942 1004//2942
f 1133//2943 1132//2943 2051//2943
f 2051//2944 1132//2944 2237//2944
f 2051//2945 2237//2945 2053//2945
f 2053//2946 2237//2946 2238//2946
f 2053//2947 2238//2947 2055//2947
f 2055//2948 2238//2948 2239//2948
f 2055//2458 2239//2458 2057//2458
f 2057//2949 2239//2949 2240//2949
f 2057//2950 2240//2950 2059//2950
f 2059//2951 2240//2951 2241//2951
f 2059//2952 2241//2952 2061//2952
f 2061//2953 2241//2953 2242//2953
f 2061//2954 2242//2954 2063//2954
f 2063//2955 2242//2955 2243//2955
f 2063//2956 2243//2956 2065//2956
f 2065//2957 2243//2957 2244//2957
f 2065//2958 2244//2958 994//2958
f 994//2959 2244//2959 992//2959
f 1132//2960 1130//2960 2237//2960
f 2237//2961 1130//2961 2066//2961
f 2237//2962 2066//2962 2238//2962
f 2238//2469 2066//2469 2068//2469
f 2238//2948 2068//2948 2239//2948
f 2239//2963 2068//2963 2070//2963
f 2239//2964 2070//2964 2240//2964
f 2240//2965 2070//2965 2072//2965
f 2240//2966 2072//2966 2241//2966
f 2241//2967 2072//2967 2074//2967
f 2241//2968 2074//2968 2242//2968
f 2242//2969 2074//2969 2076//2969
f 2242//2970 2076//2970 2243//2970
f 2243//2971 2076//2971 2078//2971
f 2243//2972 2078//2972 2244//2972
f 2244//2973 2078//2973 2080//2973
f 2244//2974 2080//2974 992//2974
f 991//2975 990//2975 2081//2975
f 2081//2976 990//2976 988//2976
f 2081//2977 988//2977 2080//2977
f 2080//2978 988//2978 987//2978
f 2080//2979 987//2979 992//2979
f 1129//2468 1127//2468 2067//2468
f 2067//2980 1127//2980 2082//2980
f 2067//2981 2082//2981 2069//2981
f 2069//2982 2082//2982 2084//2982
f 2069//2983 2084//2983 2071//2983
f 2071//2984 2084//2984 2086//2984
f 2071//2985 2086//2985 2073//2985
f 2073//2986 2086//2986 2088//2986
f 2073//2987 2088//2987 2075//2987
f 2075//2988 2088//2988 2090//2988
f 2075//2989 2090//2989 2077//2989
f 2077//2990 2090//2990 2092//2990
f 2077//2991 2092//2991 2079//2991
f 2079//2992 2092//2992 2094//2992
f 2079//2993 2094//2993 2081//2993
f 2081//2994 2094//2994 2096//2994
f 2081//2995 2096//2995 991//2995
f 974//2996 981//2996 2105//2996
f 2105//2997 981//2997 983//2997
f 2105//2998 983//2998 2097//2998
f 2097//2999 983//2999 986//2999
f 2097//3000 986//3000 2096//3000
f 2096//3001 986//3001 985//3001
f 2096//3002 985//3002 991//3002
f 1163//3003 1162//3003 2098//3003
f 2098//3004 1162//3004 2106//3004
f 2098//3005 2106//3005 2099//3005
f 2099//3006 2106//3006 2108//3006
f 2099//3007 2108//3007 2100//3007
f 2100//3008 2108//3008 2110//3008
f 2100//3009 2110//3009 2101//3009
f 2101//3010 2110//3010 2112//3010
f 2101//3011 2112//3011 2102//3011
f 2102//3012 2112//3012 2114//3012
f 2102//3013 2114//3013 2103//3013
f 2103//3014 2114//3014 2116//3014
f 2103//3015 2116//3015 2104//3015
f 2104//3016 2116//3016 2118//3016
f 2104//3017 2118//3017 2105//3017
f 2105//3018 2118//3018 2120//3018
f 2105//3019 2120//3019 974//3019
f 973//3020 980//3020 2129//3020
f 2129//3021 980//3021 979//3021
f 2129//3022 979//3022 2121//3022
f 2121//3023 979//3023 977//3023
f 2121//3024 977//3024 2120//3024
f 2120//3025 977//3025 975//3025
f 2120//3026 975//3026 974//3026
f 971//3027 973//3027 1803//3027
f 1803//3028 973//3028 2129//3028
f 1803//3029 2129//3029 2245//3029
f 2245//3030 2129//3030 2128//3030
f 2245//3031 2128//3031 2246//3031
f 2246//3032 2128//3032 2127//3032
f 2246//3033 2127//3033 2247//3033
f 2247//3034 2127//3034 2126//3034
f 2247//3035 2126//3035 2248//3035
f 2248//3036 2126//3036 2125//3036
f 2248//3037 2125//3037 2249//3037
f 2249//3038 2125//3038 2124//3038
f 2249//3039 2124//3039 2250//3039
f 2250//3040 2124//3040 2123//3040
f 2250//3041 2123//3041 2251//3041
f 2251//3042 2123//3042 2122//3042
f 2251//3043 2122//3043 1167//3043
f 1167//3044 2122//3044 1168//3044
f 1167//3045 1165//3045 2251//3045
f 2251//3046 1165//3046 2130//3046
f 2251//3047 2130//3047 2250//3047
f 2250//3048 2130//3048 2132//3048
f 2250//3049 2132//3049 2249//3049
f 2249//3050 2132//3050 2134//3050
f 2249//3051 2134//3051 2248//3051
f 2248//3052 2134//3052 2136//3052
f 2248//3053 2136//3053 2247//3053
f 2247//3054 2136//3054 2138//3054
f 2247//3055 2138//3055 2246//3055
f 2246//3056 2138//3056 2140//3056
f 2246//3057 2140//3057 2245//3057
f 2245//3058 2140//3058 2142//3058
f 2245//3059 2142//3059 1803//3059
f 1803//3060 2142//3060 2144//3060
f 1803//3061 2144//3061 968//3061
f 957//3062 964//3062 2153//3062
f 2153//3063 964//3063 966//3063
f 2153//3064 966//3064 2145//3064
f 2145//3065 966//3065 970//3065
f 2145//3066 970//3066 2144//3066
f 2144//3067 970//3067 969//3067
f 2144//3068 969//3068 968//3068
f 1137//3069 1135//3069 2146//3069
f 2146//3070 1135//3070 2154//3070
f 2146//3071 2154//3071 2147//3071
f 2147//3072 2154//3072 2156//3072
f 2147//3073 2156//3073 2148//3073
f 2148//3074 2156//3074 2158//3074
f 2148//3075 2158//3075 2149//3075
f 2149//3076 2158//3076 2160//3076
f 2149//3077 2160//3077 2150//3077
f 2150//3078 2160//3078 2162//3078
f 2150//3079 2162//3079 2151//3079
f 2151//3080 2162//3080 2164//3080
f 2151//3081 2164//3081 2152//3081
f 2152//3082 2164//3082 2166//3082
f 2152//3083 2166//3083 2153//3083
f 2153//3084 2166//3084 2168//3084
f 2153//3085 2168//3085 957//3085
f 956//3086 963//3086 2177//3086
f 2177//3087 963//3087 962//3087
f 2177//3088 962//3088 2169//3088
f 2169//3089 962//3089 960//3089
f 2169//3090 960//3090 2168//3090
f 2168//3091 960//3091 958//3091
f 2168//3092 958//3092 957//3092
f 1177//3093 1175//3093 2170//3093
f 2170//3094 1175//3094 2178//3094
f 2170//3095 2178//3095 2171//3095
f 2171//3096 2178//3096 2180//3096
f 2171//3097 2180//3097 2172//3097
f 2172//3098 2180//3098 2182//3098
f 2172//3099 2182//3099 2173//3099
f 2173//3100 2182//3100 2184//3100
f 2173//3101 2184//3101 2174//3101
f 2174//3102 2184//3102 2186//3102
f 2174//3103 2186//3103 2175//3103
f 2175//3104 2186//3104 2188//3104
f 2175//3105 2188//3105 2176//3105
f 2176//3106 2188//3106 2190//3106
f 2176//3107 2190//3107 2177//3107
f 2177//3108 2190//3108 2192//3108
f 2177//3109 2192//3109 956//3109
f 953//3110 952//3110 2193//3110
f 2193//3111 952//3111 951//3111
f 2193//3112 951//3112 2192//3112
f 2192//3113 951//3113 954//3113
f 2192//3114 954//3114 956//3114
f 1174//3115 1142//3115 2179//3115
f 2179//3116 1142//3116 2252//3116
f 2179//3117 2252//3117 2181//3117
f 2181//3118 2252//3118 2253//3118
f 2181//3119 2253//3119 2183//3119
f 2183//3120 2253//3120 2254//3120
f 2183//3121 2254//3121 2185//3121
f 2185//3122 2254//3122 2255//3122
f 2185//3123 2255//3123 2187//3123
f 2187//3124 2255//3124 2256//3124
f 2187//3125 2256//3125 2189//3125
f 2189//3126 2256//3126 2257//3126
f 2189//3127 2257//3127 2191//3127
f 2191//3128 2257//3128 2258//3128
f 2191//3129 2258//3129 2193//3129
f 2193//3130 2258//3130 2259//3130
f 2193//3131 2259//3131 953//3131
f 953//3132 2259//3132 949//3132
f 1142//3133 1140//3133 2252//3133
f 2252//3134 1140//3134 2194//3134
f 2252//3135 2194//3135 2253//3135
f 2253//3136 2194//3136 2196//3136
f 2253//3137 2196//3137 2254//3137
f 2254//3138 2196//3138 2198//3138
f 2254//3139 2198//3139 2255//3139
f 2255//3140 2198//3140 2200//3140
f 2255//3141 2200//3141 2256//3141
f 2256//3142 2200//3142 2202//3142
f 2256//3143 2202//3143 2257//3143
f 2257//3144 2202//3144 2204//3144
f 2257//3145 2204//3145 2258//3145
f 2258//3146 2204//3146 2206//3146
f 2258//3147 2206//3147 2259//3147
f 2259//3148 2206//3148 2208//3148
f 2259//3149 2208//3149 949//3149
f 943//3150 945//3150 2209//3150
f 2209//3151 945//3151 946//3151
f 2209//3152 946//3152 2208//3152
f 2208//3153 946//3153 947//3153
f 2208//3154 947//3154 949//3154
f 1148//3155 1147//3155 2195//3155
f 2195//3156 1147//3156 2260//3156
f 2195//3157 2260//3157 2197//3157
f 2197//3158 2260//3158 2261//3158
f 2197//3159 2261//3159 2199//3159
f 2199//3160 2261//3160 2262//3160
f 2199//3161 2262//3161 2201//3161
f 2201//3162 2262//3162 2263//3162
f 2201//3163 2263//3163 2203//3163
f 2203//3164 2263//3164 2264//3164
f 2203//3165 2264//3165 2205//3165
f 2205//3166 2264//3166 2265//3166
f 2205//3167 2265//3167 2207//3167
f 2207//3168 2265//3168 2266//3168
f 2207//3169 2266//3169 2209//3169
f 2209//3170 2266//3170 2267//3170
f 2209//3171 2267//3171 943//3171
f 943//3172 2267//3172 941//3172
f 1147//3173 1145//3173 2260//3173
f 2260//3174 1145//3174 1804//3174
f 2260//3175 1804//3175 2261//3175
f 2261//3176 1804//3176 1806//3176
f 2261//3177 1806//3177 2262//3177
f 2262//3178 1806//3178 1808//3178
f 2262//3179 1808//3179 2263//3179
f 2263//3180 1808//3180 1811//3180
f 2263//3181 1811//3181 2264//3181
f 2264//3182 1811//3182 1818//3182
f 2264//3183 1818//3183 2265//3183
f 2265//3184 1818//3184 1823//3184
f 2265//3185 1823//3185 2266//3185
f 2266//3186 1823//3186 1829//3186
f 2266//3187 1829//3187 2267//3187
f 2267//3188 1829//3188 1836//3188
f 2267//3189 1836//3189 941//3189
f 941//3190 1836//3190 939//3190
f 2268//3191 1077//3191 1076//3191
f 1157//3192 1807//3192 1843//3192
f 1843//3193 1807//3193 2269//3193
f 1843//3194 2269//3194 1842//3194
f 1842//3195 2269//3195 2270//3195
f 1842//3196 2270//3196 1841//3196
f 1841//3197 2270//3197 2271//3197
f 1841//3198 2271//3198 1840//3198
f 1840//3199 2271//3199 2272//3199
f 1840//3200 2272//3200 1839//3200
f 1839//3201 2272//3201 2273//3201
f 1839//3202 2273//3202 1838//3202
f 1838//3203 2273//3203 2274//3203
f 1838//3204 2274//3204 1837//3204
f 1837//3205 2274//3205 2268//3205
f 1837//3206 2268//3206 1836//3206
f 1836//3207 2268//3207 1076//3207
f 1836//3208 1076//3208 939//3208
f 1155//3209 1865//3209 1807//3209
f 1807//3210 1865//3210 1857//3210
f 1807//3211 1857//3211 2269//3211
f 2269//3212 1857//3212 1817//3212
f 2269//3213 1817//3213 2270//3213
f 2270//3214 1817//3214 1816//3214
f 2270//3215 1816//3215 2271//3215
f 2271//3216 1816//3216 2210//3216
f 2271//3217 2210//3217 2272//3217
f 2272//3218 2210//3218 2212//3218
f 2272//3219 2212//3219 2273//3219
f 2273//3220 2212//3220 2214//3220
f 2273//3221 2214//3221 2274//3221
f 2274//3222 2214//3222 2216//3222
f 2274//3223 2216//3223 2268//3223
f 2268//3224 2216//3224 1079//3224
f 2268//3225 1079//3225 1077//3225
f 245//3226 601//3226 247//3226
f 247//3227 601//3227 587//3227
f 247//3228 587//3228 249//3228
f 249//3229 587//3229 586//3229
f 249//3230 586//3230 251//3230
f 251//3231 586//3231 585//3231
f 251//3232 585//3232 253//3232
f 253//3233 585//3233 578//3233
f 253//3234 578//3234 255//3234
f 255//3235 578//3235 577//3235
f 255//3236 577//3236 257//3236
f 257//3237 577//3237 575//3237
f 257//3238 575//3238 259//3238
f 259//3239 575//3239 573//3239
f 259//3240 573//3240 261//3240
f 261//3241 573//3241 571//3241
f 261//3242 571//3242 263//3242
f 263//3243 571//3243 604//3243
f 263//3244 604//3244 265//3244
f 265//3245 604//3245 603//3245
f 265//3246 603//3246 267//3246
f 267//3247 603//3247 602//3247
f 267//3248 602//3248 269//3248
f 269//3249 602//3249 592//3249
f 269//3250 592//3250 271//3250
f 271//3251 592//3251 591//3251
f 271//3252 591//3252 273//3252
f 273//3253 591//3253 589//3253
f 273//3254 589//3254 275//3254
f 275//3255 589//3255 588//3255
f 275//3256 588//3256 277//3256
f 277//3257 588//3257 709//3257
f 277//3258 709//3258 279//3258
f 279//3259 709//3259 710//3259
f 279//3260 710//3260 281//3260
f 281//3261 710//3261 708//3261
f 281//3262 708//3262 283//3262
f 283//3263 708//3263 707//3263
f 283//3264 707//3264 285//3264
f 285//3265 707//3265 692//3265
f 285//3266 692//3266 287//3266
f 287//3267 692//3267 690//3267
f 287//3268 690//3268 289//3268
f 289//3269 690//3269 688//3269
f 289//3270 688//3270 291//3270
f 291//3271 688//3271 686//3271
f 291//3272 686//3272 293//3272
f 293//3273 686//3273 684//3273
f 293//3274 684//3274 295//3274
f 295//3275 684//3275 682//3275
f 295//3276 682//3276 297//3276
f 297//3277 682//3277 681//3277
f 297//3278 681//3278 299//3278
f 299//3279 681//3279 668//3279
f 299//3280 668//3280 301//3280
f 301//3281 668//3281 670//3281
f 301//3282 670//3282 303//3282
f 303//3283 670//3283 595//3283
f 303//3284 595//3284 305//3284
f 305//3285 595//3285 597//3285
f 305//3286 597//3286 307//3286
f 307//3287 597//3287 628//3287
f 307//3288 628//3288 309//3288
f 309//3289 628//3289 627//3289
f 309//3290 627//3290 311//3290
f 311//3291 627//3291 625//3291
f 311//3292 625//3292 313//3292
f 313//3293 625//3293 623//3293
f 313//3294 623//3294 315//3294
f 315//3295 623//3295 621//3295
f 315//3296 621//3296 317//3296
f 317//3297 621//3297 619//3297
f 317//3298 619//3298 240//3298
f 240//3299 619//3299 617//3299
f 240//3300 617//3300 241//3300
f 241//3301 617//3301 615//3301
f 241//3302 615//3302 243//3302
f 243//3303 615//3303 565//3303
f 243//3304 565//3304 245//3304
f 245//3305 565//3305 601//3305
f 280//3306 1156//3306 278//3306
f 278//3307 1156//3307 1158//3307
f 278//3308 1158//3308 276//3308
f 276//3309 1158//3309 1171//3309
f 276//3310 1171//3310 274//3310
f 274//3311 1171//3311 1149//3311
f 274//3312 1149//3312 272//3312
f 272//3313 1149//3313 1151//3313
f 272//3314 1151//3314 270//3314
f 270//3315 1151//3315 1144//3315
f 270//3316 1144//3316 268//3316
f 268//3317 1144//3317 1146//3317
f 268//3318 1146//3318 266//3318
f 266//3319 1146//3319 1139//3319
f 266//3320 1139//3320 264//3320
f 264//3321 1139//3321 1141//3321
f 264//3322 1141//3322 262//3322
f 262//3323 1141//3323 1143//3323
f 262//3324 1143//3324 260//3324
f 260//3325 1143//3325 1176//3325
f 260//3326 1176//3326 258//3326
f 258//3327 1176//3327 1134//3327
f 258//3328 1134//3328 256//3328
f 256//3329 1134//3329 1136//3329
f 256//3330 1136//3330 254//3330
f 254//3331 1136//3331 1138//3331
f 254//3332 1138//3332 252//3332
f 252//3333 1138//3333 1166//3333
f 252//3334 1166//3334 250//3334
f 250//3335 1166//3335 1159//3335
f 250//3336 1159//3336 248//3336
f 248//3337 1159//3337 1161//3337
f 248//3338 1161//3338 246//3338
f 246//3339 1161//3339 1124//3339
f 246//3340 1124//3340 244//3340
f 244//3341 1124//3341 1126//3341
f 244//3342 1126//3342 242//3342
f 242//3342 1126//3342 1128//3342
f 242//3343 1128//3343 318//3343
f 318//3344 1128//3344 1131//3344
f 318//3345 1131//3345 316//3345
f 316//3346 1131//3346 1119//3346
f 316//3347 1119//3347 314//3347
f 314//3348 1119//3348 1121//3348
f 314//3349 1121//3349 312//3349
f 312//3350 1121//3350 1114//3350
f 312//3351 1114//3351 310//3351
f 310//3352 1114//3352 1116//3352
f 310//3353 1116//3353 308//3353
f 308//3354 1116//3354 1109//3354
f 308//3355 1109//3355 306//3355
f 306//3356 1109//3356 1111//3356
f 306//3357 1111//3357 304//3357
f 304//3358 1111//3358 1104//3358
f 304//3359 1104//3359 302//3359
f 302//3360 1104//3360 1106//3360
f 302//3361 1106//3361 300//3361
f 300//3362 1106//3362 1099//3362
f 300//3363 1099//3363 298//3363
f 298//3364 1099//3364 1101//3364
f 298//3365 1101//3365 296//3365
f 296//3366 1101//3366 1094//3366
f 296//3367 1094//3367 294//3367
f 294//3368 1094//3368 1096//3368
f 294//3369 1096//3369 292//3369
f 292//3370 1096//3370 1089//3370
f 292//3371 1089//3371 290//3371
f 290//3372 1089//3372 1091//3372
f 290//3373 1091//3373 288//3373
f 288//3374 1091//3374 1081//3374
f 288//3375 1081//3375 286//3375
f 286//3376 1081//3376 1083//3376
f 286//3377 1083//3377 284//3377
f 284//3378 1083//3378 1085//3378
f 284//3379 1085//3379 282//3379
f 282//3380 1085//3380 1088//3380
f 282//3381 1088//3381 280//3381
f 280//3382 1088//3382 1156//3382
f 940//3383 827//3383 942//3383
f 942//3384 827//3384 824//3384
f 942//3385 824//3385 944//3385
f 944//3386 824//3386 825//3386
f 944//3387 825//3387 948//3387
f 948//3388 825//3388 826//3388
f 948//3389 826//3389 950//3389
f 950//3390 826//3390 860//3390
f 950//3391 860//3391 955//3391
f 955//3392 860//3392 859//3392
f 955//3393 859//3393 961//3393
f 961//3394 859//3394 858//3394
f 961//3395 858//3395 959//3395
f 959//3396 858//3396 771//3396
f 959//3397 771//3397 965//3397
f 965//3398 771//3398 769//3398
f 965//3399 769//3399 967//3399
f 967//3400 769//3400 767//3400
f 967//3401 767//3401 972//3401
f 972//3401 767//3401 765//3401
f 972//3402 765//3402 978//3402
f 978//3403 765//3403 764//3403
f 978//3404 764//3404 976//3404
f 976//3405 764//3405 721//3405
f 976//3406 721//3406 982//3406
f 982//3407 721//3407 723//3407
f 982//3408 723//3408 984//3408
f 984//3409 723//3409 724//3409
f 984//3410 724//3410 989//3410
f 989//3411 724//3411 729//3411
f 989//3412 729//3412 993//3412
f 993//3413 729//3413 897//3413
f 993//3414 897//3414 995//3414
f 995//3415 897//3415 896//3415
f 995//3416 896//3416 997//3416
f 997//3417 896//3417 935//3417
f 997//3418 935//3418 1002//3418
f 1002//3419 935//3419 934//3419
f 1002//3420 934//3420 1006//3420
f 1006//3421 934//3421 933//3421
f 1006//3422 933//3422 1012//3422
f 1012//3423 933//3423 912//3423
f 1012//3424 912//3424 1010//3424
f 1010//3425 912//3425 910//3425
f 1010//3426 910//3426 1019//3426
f 1019//3427 910//3427 819//3427
f 1019//3428 819//3428 1017//3428
f 1017//3429 819//3429 818//3429
f 1017//3430 818//3430 1023//3430
f 1023//3431 818//3431 924//3431
f 1023//3432 924//3432 1028//3432
f 1028//3433 924//3433 926//3433
f 1028//3434 926//3434 1025//3434
f 1025//3435 926//3435 927//3435
f 1025//3436 927//3436 1036//3436
f 1036//3437 927//3437 891//3437
f 1036//3438 891//3438 1034//3438
f 1034//3439 891//3439 893//3439
f 1034//3440 893//3440 1040//3440
f 1040//3441 893//3441 932//3441
f 1040//3442 932//3442 1045//3442
f 1045//3442 932//3442 931//3442
f 1045//3443 931//3443 1042//3443
f 1042//3444 931//3444 928//3444
f 1042//3445 928//3445 1053//3445
f 1053//3446 928//3446 929//3446
f 1053//3447 929//3447 1051//3447
f 1051//3448 929//3448 930//3448
f 1051//3449 930//3449 1057//3449
f 1057//3450 930//3450 902//3450
f 1057//3451 902//3451 1062//3451
f 1062//3452 902//3452 904//3452
f 1062//3453 904//3453 1059//3453
f 1059//3454 904//3454 906//3454
f 1059//3455 906//3455 1070//3455
f 1070//3456 906//3456 785//3456
f 1070//3457 785//3457 1068//3457
f 1068//3458 785//3458 787//3458
f 1068//3459 787//3459 1074//3459
f 1074//3460 787//3460 789//3460
f 1074//3461 789//3461 1078//3461
f 1078//3462 789//3462 791//3462
f 1078//3463 791//3463 940//3463
f 940//3464 791//3464 827//3464
f 465//3465 357//3465 462//3465
f 462//3466 357//3466 358//3466
f 462//3467 358//3467 457//3467
f 457//3468 358//3468 359//3468
f 457//3469 359//3469 455//3469
f 455//3470 359//3470 360//3470
f 455//3471 360//3471 450//3471
f 450//3472 360//3472 361//3472
f 450//3473 361//3473 448//3473
f 448//3474 361//3474 362//3474
f 448//3475 362//3475 445//3475
f 445//3476 362//3476 363//3476
f 445//3477 363//3477 440//3477
f 440//3478 363//3478 364//3478
f 440//3479 364//3479 438//3479
f 438//3480 364//3480 365//3480
f 438//3481 365//3481 433//3481
f 433//3482 365//3482 366//3482
f 433//3483 366//3483 431//3483
f 431//3484 366//3484 367//3484
f 431//3485 367//3485 428//3485
f 428//3486 367//3486 368//3486
f 428//3487 368//3487 423//3487
f 423//3488 368//3488 369//3488
f 423//3489 369//3489 421//3489
f 421//3490 369//3490 370//3490
f 421//3491 370//3491 416//3491
f 416//3492 370//3492 371//3492
f 416//3493 371//3493 414//3493
f 414//3494 371//3494 372//3494
f 414//3495 372//3495 411//3495
f 411//3496 372//3496 373//3496
f 411//3497 373//3497 406//3497
f 406//3498 373//3498 374//3498
f 406//3499 374//3499 404//3499
f 404//3500 374//3500 319//3500
f 404//3501 319//3501 399//3501
f 399//3502 319//3502 320//3502
f 399//3503 320//3503 397//3503
f 397//3504 320//3504 321//3504
f 397//3505 321//3505 392//3505
f 392//3506 321//3506 322//3506
f 392//3507 322//3507 390//3507
f 390//3508 322//3508 323//3508
f 390//3509 323//3509 387//3509
f 387//3510 323//3510 324//3510
f 387//3511 324//3511 382//3511
f 382//3512 324//3512 325//3512
f 382//3513 325//3513 380//3513
f 380//3514 325//3514 326//3514
f 380//3515 326//3515 376//3515
f 376//3516 326//3516 327//3516
f 376//3517 327//3517 377//3517
f 377//3518 327//3518 328//3518
f 377//3519 328//3519 559//3519
f 559//3520 328//3520 329//3520
f 559//3521 329//3521 556//3521
f 556//3522 329//3522 330//3522
f 556//3523 330//3523 551//3523
f 551//3524 330//3524 331//3524
f 551//3525 331//3525 549//3525
f 549//3526 331//3526 332//3526
f 549//3527 332//3527 544//3527
f 544//3528 332//3528 333//3528
f 544//3529 333//3529 542//3529
f 542//3530 333//3530 334//3530
f 542//3531 334//3531 539//3531
f 539//3532 334//3532 335//3532
f 539//3533 335//3533 534//3533
f 534//3534 335//3534 336//3534
f 534//3535 336//3535 532//3535
f 532//3536 336//3536 337//3536
f 532//3537 337//3537 527//3537
f 527//3538 337//3538 356//3538
f 527//3539 356//3539 525//3539
f 525//3540 356//3540 355//3540
f 525//3541 355//3541 522//3541
f 522//3542 355//3542 354//3542
f 522//3543 354//3543 517//3543
f 517//3544 354//3544 353//3544
f 517//3545 353//3545 515//3545
f 515//3546 353//3546 352//3546
f 515//3547 352//3547 510//3547
f 510//3548 352//3548 351//3548
f 510//3549 351//3549 508//3549
f 508//3550 351//3550 350//3550
f 508//3551 350//3551 505//3551
f 505//3552 350//3552 349//3552
f 505//3553 349//3553 500//3553
f 500//3554 349//3554 348//3554
f 500//3555 348//3555 498//3555
f 498//3556 348//3556 347//3556
f 498//3557 347//3557 493//3557
f 493//3558 347//3558 346//3558
f 493//3559 346//3559 491//3559
f 491//3560 346//3560 345//3560
f 491//3561 345//3561 486//3561
f 486//3562 345//3562 344//3562
f 486//3563 344//3563 484//3563
f 484//3564 344//3564 343//3564
f 484//3565 343//3565 481//3565
f 481//3566 343//3566 342//3566
f 481//3567 342//3567 476//3567
f 476//3568 342//3568 341//3568
f 476//3569 341//3569 474//3569
f 474//3570 341//3570 340//3570
f 474//3571 340//3571 471//3571
f 471//3572 340//3572 339//3572
f 471//3573 339//3573 468//3573
f 468//3574 339//3574 338//3574
f 468//3575 338//3575 465//3575
f 465//3576 338//3576 357//3576
f 1//3577 3//3577 239//3577
f 239//3578 3//3578 5//3578
f 239//3578 5//3578 237//3578
f 237//3579 5//3579 7//3579
f 237//3579 7//3579 235//3579
f 235//3580 7//3580 9//3580
f 235//3580 9//3580 233//3580
f 233//3581 9//3581 11//3581
f 233//3581 11//3581 231//3581
f 231//3582 11//3582 13//3582
f 231//3582 13//3582 229//3582
f 229//3583 13//3583 15//3583
f 229//3583 15//3583 227//3583
f 227//3584 15//3584 17//3584
f 227//3584 17//3584 225//3584
f 225//3585 17//3585 19//3585
f 225//3585 19//3585 223//3585
f 223//3586 19//3586 21//3586
f 223//3586 21//3586 221//3586
f 221//3587 21//3587 23//3587
f 221//3587 23//3587 219//3587
f 219//3588 23//3588 25//3588
f 219//3588 25//3588 217//3588
f 217//3589 25//3589 27//3589
f 217//3589 27//3589 215//3589
f 215//3590 27//3590 29//3590
f 215//3590 29//3590 213//3590
f 213//3591 29//3591 31//3591
f 213//3591 31//3591 211//3591
f 211//3592 31//3592 33//3592
f 211//3592 33//3592 209//3592
f 209//3593 33//3593 35//3593
f 209//3593 35//3593 207//3593
f 207//3594 35//3594 37//3594
f 207//3594 37//3594 205//3594
f 205//3595 37//3595 39//3595
f 205//3595 39//3595 203//3595
f 203//3596 39//3596 41//3596
f 203//3596 41//3596 201//3596
f 201//3597 41//3597 43//3597
f 201//3597 43//3597 199//3597
f 199//3598 43//3598 45//3598
f 199//3598 45//3598 197//3598
f 197//3599 45//3599 47//3599
f 197//3599 47//3599 195//3599
f 195//3600 47//3600 49//3600
f 195//3600 49//3600 193//3600
f 193//3601 49//3601 51//3601
f 193//3601 51//3601 191//3601
f 191//3602 51//3602 53//3602
f 191//3602 53//3602 189//3602
f 189//3603 53//3603 55//3603
f 189//3603 55//3603 187//3603
f 187//3604 55//3604 57//3604
f 187//3604 57//3604 185//3604
f 185//3605 57//3605 59//3605
f 185//3605 59//3605 183//3605
f 183//3606 59//3606 61//3606
f 183//3606 61//3606 181//3606
f 181//3607 61//3607 63//3607
f 181//3607 63//3607 179//3607
f 179//3608 63//3608 65//3608
f 179//3608 65//3608 177//3608
f 177//3609 65//3609 67//3609
f 177//3609 67//3609 175//3609
f 175//3610 67//3610 69//3610
f 175//3610 69//3610 173//3610
f 173//3611 69//3611 71//3611
f 173//3611 71//3611 171//3611
f 171//3612 71//3612 73//3612
f 171//3612 73//3612 169//3612
f 169//3613 73//3613 75//3613
f 169//3613 75//3613 167//3613
f 167//3614 75//3614 77//3614
f 167//3614 77//3614 165//3614
f 165//3615 77//3615 79//3615
f 165//3615 79//3615 163//3615
f 163//3616 79//3616 81//3616
f 163//3616 81//3616 161//3616
f 161//3617 81//3617 83//3617
f 161//3617 83//3617 159//3617
f 159//3618 83//3618 85//3618
f 159//3618 85//3618 157//3618
f 157//3619 85//3619 87//3619
f 157//3619 87//3619 155//3619
f 155//3620 87//3620 89//3620
f 155//3620 89//3620 153//3620
f 153//3621 89//3621 91//3621
f 153//3621 91//3621 151//3621
f 151//3622 91//3622 93//3622
f 151//3622 93//3622 149//3622
f 149//3623 93//3623 95//3623
f 149//3623 95//3623 147//3623
f 147//3624 95//3624 97//3624
f 147//3624 97//3624 145//3624
f 145//3625 97//3625 99//3625
f 145//3625 99//3625 143//3625
f 143//3626 99//3626 101//3626
f 143//3626 101//3626 141//3626
f 141//3627 101//3627 103//3627
f 141//3627 103//3627 139//3627
f 139//3628 103//3628 105//3628
f 139//3628 105//3628 137//3628
f 137//3629 105//3629 107//3629
f 137//3629 107//3629 135//3629
f 135//3630 107//3630 109//3630
f 135//3630 109//3630 133//3630
f 133//3631 109//3631 111//3631
f 133//3631 111//3631 131//3631
f 131//3632 111//3632 113//3632
f 131//3632 113//3632 129//3632
f 129//3633 113//3633 115//3633
f 129//3633 115//3633 127//3633
f 127//3634 115//3634 117//3634
f 127//3634 117//3634 125//3634
f 125//3635 117//3635 119//3635
f 125//3635 119//3635 123//3635
f 123//3636 119//3636 1//3636
f 123//3637 1//3637 239//3637
# Vertices: 2274, normals: 3637, texture coordinates: 0, faces: 4560

