# File generated by ImageToStl.com - Free Image and 3D model conversion tools

o obj1
v 25.12001228 3.72859097 5.28071976
v 25.12001228 3.72294331 5.283566
v 25.12001228 3.62859106 3.73315716
v 25.12001228 3.64952898 5.32041216
v 25.12001228 3.62859106 5.33080769
v 25.12001228 3.62615848 3.70282197
v 25.12001228 3.57838154 1.96585834
v 25.12001228 3.59734702 1.94112933
v 25.12001228 3.62525892 1.87175453
v 25.12001228 3.62387848 1.87838852
v 25.12001228 3.61493778 1.90716398
v 25.12001228 3.60493922 3.64103389
v 25.12001228 3.58635378 3.61301565
v 25.12001228 3.45574141 2.03201294
v 25.12001228 3.56797123 3.5928309
v 25.12001228 3.72859097 0.28871953
v 25.12001228 3.72294331 0.28587317
v 25.12001228 3.61905432 3.67361045
v 25.12001228 3.61764979 3.66948628
v 25.12001228 3.60603261 3.64306378
v 25.12001228 3.56427026 3.58936977
v 25.12001228 3.53768659 3.56884623
v 25.12001228 3.51559377 3.55634069
v 25.12001228 3.50817299 3.55289125
v 25.12001228 3.4751277 3.54145408
v 25.12001228 3.42169595 2.03471947
v 25.12001228 3.45404434 3.53716159
v 25.12001228 3.49242616 2.02275872
v 25.12001228 3.51559567 2.013098
v 25.12001228 3.52292323 2.00933814
v 25.12001228 3.55026674 1.99174154
v 25.12001228 3.60127902 1.93481123
v 25.12001228 3.60602689 1.92638576
v 25.12001228 3.48834705 2.02413607
v 25.12001228 3.55517125 1.9878906
v 25.12001228 3.56796193 1.97661662
v 25.12001228 3.62604308 1.86732709
v 25.12001228 3.62850547 1.84201872
v 25.12001228 3.62859106 1.83628201
v 25.12001228 3.64952898 0.24902704
v 25.12001228 3.62859106 0.23863162
v 25.12001228 0 3.34128213
v 25.12001228 0 2.22815704
v 25.12001228 0.20006299 3.53471947
v 25.12001228 0.20006299 2.03471947
v 25.12001228 3.42169595 3.53471947
v 25.12001228 3.44171381 3.53565097
v 42.26998901 3.72859097 0.28871953
v 42.26998901 3.72294331 0.28587317
v 42.26998901 3.62859106 1.83628201
v 42.26998901 3.64952898 0.24902704
v 42.26998901 3.62859106 0.23863162
v 42.26998901 3.62615848 1.86661708
v 42.26998901 3.57838154 3.60358095
v 42.26998901 3.59734702 3.62830973
v 42.26998901 3.62525892 3.69768453
v 42.26998901 3.62387848 3.69105053
v 42.26998901 3.61493778 3.66227508
v 42.26998901 3.60493922 1.92840517
v 42.26998901 3.58635378 1.9564234
v 42.26998901 3.45574141 3.53742623
v 42.26998901 3.56797123 1.97660828
v 42.26998901 3.72859097 5.28071976
v 42.26998901 3.72294331 5.283566
v 42.26998901 3.61905432 1.89582884
v 42.26998901 3.61764979 1.89995277
v 42.26998901 3.60603261 1.92637539
v 42.26998901 3.56427026 1.9800694
v 42.26998901 3.53768659 2.00059271
v 42.26998901 3.51559377 2.01309848
v 42.26998901 3.50817299 2.01654792
v 42.26998901 3.4751277 2.0279851
v 42.26998901 3.42169595 3.53471947
v 42.26998901 3.45404434 2.03227758
v 42.26998901 3.49242616 3.54668021
v 42.26998901 3.51559567 3.55634117
v 42.26998901 3.52292323 3.56010103
v 42.26998901 3.55026674 3.57769775
v 42.26998901 3.60127902 3.63462782
v 42.26998901 3.60602689 3.64305329
v 42.26998901 3.48834705 3.54530311
v 42.26998901 3.55517125 3.58154869
v 42.26998901 3.56796193 3.59282255
v 42.26998901 3.62604308 3.70211196
v 42.26998901 3.62850547 3.72742057
v 42.26998901 3.62859106 3.73315716
v 42.26998901 3.64952898 5.32041216
v 42.26998901 3.62859106 5.33080769
v 42.26998901 3.44171381 2.03378797
v 42.26998901 3.42169595 2.03471947
v 42.26998901 0.20006299 3.53471947
v 42.26998901 0.20006299 2.03471947
v 42.26998901 0 3.34128213
v 42.26998901 0 2.22815704
v 21.81476212 1.05447698 3.34128213
v 45.50703812 1.23549247 3.53471947
v 21.88296509 1.23549247 3.53471947
v 18.7219162 2.61627889 3.53471947
v 18.63546181 2.4432373 3.34128213
v 15.71960735 4.31478977 3.53471947
v 15.61581707 4.15155458 3.34128213
v 12.90786648 6.31301641 3.53471947
v 12.78784084 6.16131926 3.34128213
v 10.31650448 8.58977604 3.53471947
v 10.18151665 8.45122528 3.34128213
v 7.97299099 11.12093067 3.53471947
v 7.8244729 10.99699402 3.34128213
v 5.90217495 13.87964725 3.53471947
v 5.74169874 13.77163792 3.34128213
v 4.1260066 16.83667755 3.53471947
v 3.95527482 16.7457428 3.34128213
v 2.66331816 19.96067047 3.53471947
v 2.48414278 19.88777351 3.34128213
v 1.5296154 23.21850967 3.53471947
v 1.34389472 23.1644249 3.34128213
v 0.73692203 26.57565689 3.53471947
v 0.54662299 26.54095459 3.34128213
v 0.29363483 29.99651718 3.53471947
v 0.10077655 29.98156738 3.34128213
v 0.20445883 33.44482803 3.53471947
v 0.01108274 33.44978714 3.34128213
v 0.47033653 36.88402939 3.53471947
v 0.27849898 36.90884781 3.34128213
v 1.08844781 40.27766037 3.53471947
v 0.90017915 40.32207489 3.34128213
v 2.05224371 43.58974457 3.53471947
v 1.86954069 43.65328217 3.34128213
v 3.35150576 46.78516388 3.53471947
v 3.17630363 46.86715317 3.34128213
v 4.97245789 49.83004761 3.53471947
v 4.80661535 49.92961502 3.34128213
v 6.89791536 52.69210815 3.53471947
v 6.74319077 52.80820465 3.34128213
v 9.1074667 55.34101105 3.53471947
v 8.96549797 55.47240067 3.34128213
v 11.57768631 57.74866867 3.53471947
v 11.44997978 57.89396286 3.34128213
v 14.28238487 59.88955688 3.53471947
v 14.17029667 60.04721069 3.34128213
v 17.19288635 61.74097824 3.53471947
v 17.09760475 61.90932083 3.34128213
v 20.27834129 63.28330612 3.53471947
v 20.20087433 63.46055603 3.34128213
v 23.50603294 64.50018311 3.53471947
v 23.44720268 64.6844635 3.34128213
v 26.84174538 65.37872314 3.53471947
v 26.80217361 65.56806946 3.34128213
v 30.25011253 65.9095993 3.53471947
v 30.23022079 66.10201263 3.34128213
v 33.69499969 66.08718109 3.53471947
v 33.69499969 66.28062439 3.34128213
v 37.13988876 65.9095993 3.53471947
v 37.15978241 66.10201263 3.34128213
v 40.54825592 65.37872314 3.53471947
v 40.58782959 65.56806946 3.34128213
v 43.88396835 64.50018311 3.53471947
v 43.94279861 64.6844635 3.34128213
v 47.11166 63.28330612 3.53471947
v 47.18912888 63.46055603 3.34128213
v 50.19711685 61.74097824 3.53471947
v 50.29239655 61.90932083 3.34128213
v 53.10761642 59.88955688 3.53471947
v 53.21970749 60.04721069 3.34128213
v 55.81231689 57.74866867 3.53471947
v 55.94002151 57.89396286 3.34128213
v 58.28253555 55.34101105 3.53471947
v 58.42450333 55.47240067 3.34128213
v 60.49208832 52.69210815 3.53471947
v 60.64681244 52.80820465 3.34128213
v 62.41754532 49.83004761 3.53471947
v 62.58338547 49.92961502 3.34128213
v 64.03849792 46.78516388 3.53471947
v 64.21369934 46.86715317 3.34128213
v 65.33776093 43.58974457 3.53471947
v 65.52046204 43.65328217 3.34128213
v 66.30155182 40.27766037 3.53471947
v 66.48982239 40.32207489 3.34128213
v 66.91966248 36.88402939 3.53471947
v 67.1115036 36.90884781 3.34128213
v 67.18554688 33.44482803 3.53471947
v 67.37892151 33.44978714 3.34128213
v 67.09636688 29.99651718 3.53471947
v 67.28922272 29.98156738 3.34128213
v 66.6530838 26.57565689 3.53471947
v 66.84337616 26.54095459 3.34128213
v 65.86038971 23.21850967 3.53471947
v 66.04610443 23.1644249 3.34128213
v 64.72668457 19.96067047 3.53471947
v 64.9058609 19.88777351 3.34128213
v 63.26399612 16.83667755 3.53471947
v 63.43472672 16.7457428 3.34128213
v 61.4878273 13.87964725 3.53471947
v 61.64830399 13.77163792 3.34128213
v 59.41701126 11.12093067 3.53471947
v 59.56552887 10.99699402 3.34128213
v 57.07349777 8.58977604 3.53471947
v 57.20848465 8.45122528 3.34128213
v 54.48213577 6.31301641 3.53471947
v 54.60216141 6.16131926 3.34128213
v 51.6703949 4.31478977 3.53471947
v 51.77418518 4.15155458 3.34128213
v 48.66808701 2.61627889 3.53471947
v 48.75453949 2.4432373 3.34128213
v 45.57524109 1.05447698 3.34128213
v 45.57524109 1.05447698 2.22815704
v 21.88296509 1.23549247 2.03471947
v 45.50703812 1.23549247 2.03471947
v 48.66808701 2.61627889 2.03471947
v 48.75453949 2.4432373 2.22815704
v 51.6703949 4.31478977 2.03471947
v 51.77418518 4.15155458 2.22815704
v 54.48213577 6.31301641 2.03471947
v 54.60216141 6.16131926 2.22815704
v 57.07349777 8.58977604 2.03471947
v 57.20848465 8.45122528 2.22815704
v 59.41701126 11.12093067 2.03471947
v 59.56552887 10.99699402 2.22815704
v 61.4878273 13.87964725 2.03471947
v 61.64830399 13.77163792 2.22815704
v 63.26399612 16.83667755 2.03471947
v 63.43472672 16.7457428 2.22815704
v 64.72668457 19.96067047 2.03471947
v 64.9058609 19.88777351 2.22815704
v 65.86038971 23.21850967 2.03471947
v 66.04610443 23.1644249 2.22815704
v 66.6530838 26.57565689 2.03471947
v 66.84337616 26.54095459 2.22815704
v 67.09636688 29.99651718 2.03471947
v 67.28922272 29.98156738 2.22815704
v 67.18554688 33.44482803 2.03471947
v 67.37892151 33.44978714 2.22815704
v 66.91966248 36.88402939 2.03471947
v 67.1115036 36.90884781 2.22815704
v 66.30155182 40.27766037 2.03471947
v 66.48982239 40.32207489 2.22815704
v 65.33776093 43.58974457 2.03471947
v 65.52046204 43.65328217 2.22815704
v 64.03849792 46.78516388 2.03471947
v 64.21369934 46.86715317 2.22815704
v 62.41754532 49.83004761 2.03471947
v 62.58338547 49.92961502 2.22815704
v 60.49208832 52.69210815 2.03471947
v 60.64681244 52.80820465 2.22815704
v 58.28253555 55.34101105 2.03471947
v 58.42450333 55.47240067 2.22815704
v 55.81231689 57.74866867 2.03471947
v 55.94002151 57.89396286 2.22815704
v 53.10761642 59.88955688 2.03471947
v 53.21970749 60.04721069 2.22815704
v 50.19711685 61.74097824 2.03471947
v 50.29239655 61.90932083 2.22815704
v 47.11166 63.28330612 2.03471947
v 47.18912888 63.46055603 2.22815704
v 43.88396835 64.50018311 2.03471947
v 43.94279861 64.6844635 2.22815704
v 40.54825592 65.37872314 2.03471947
v 40.58782959 65.56806946 2.22815704
v 37.13988876 65.9095993 2.03471947
v 37.15978241 66.10201263 2.22815704
v 33.69499969 66.08718109 2.03471947
v 33.69499969 66.28062439 2.22815704
v 30.25011253 65.9095993 2.03471947
v 30.23022079 66.10201263 2.22815704
v 26.84174538 65.37872314 2.03471947
v 26.80217361 65.56806946 2.22815704
v 23.50603294 64.50018311 2.03471947
v 23.44720268 64.6844635 2.22815704
v 20.27834129 63.28330612 2.03471947
v 20.20087433 63.46055603 2.22815704
v 17.19288635 61.74097824 2.03471947
v 17.09760475 61.90932083 2.22815704
v 14.28238487 59.88955688 2.03471947
v 14.17029667 60.04721069 2.22815704
v 11.57768631 57.74866867 2.03471947
v 11.44997978 57.89396286 2.22815704
v 9.1074667 55.34101105 2.03471947
v 8.96549797 55.47240067 2.22815704
v 6.89791536 52.69210815 2.03471947
v 6.74319077 52.80820465 2.22815704
v 4.97245789 49.83004761 2.03471947
v 4.80661535 49.92961502 2.22815704
v 3.35150576 46.78516388 2.03471947
v 3.17630363 46.86715317 2.22815704
v 2.05224371 43.58974457 2.03471947
v 1.86954069 43.65328217 2.22815704
v 1.08844781 40.27766037 2.03471947
v 0.90017915 40.32207489 2.22815704
v 0.47033653 36.88402939 2.03471947
v 0.27849898 36.90884781 2.22815704
v 0.20445883 33.44482803 2.03471947
v 0.01108274 33.44978714 2.22815704
v 0.29363483 29.99651718 2.03471947
v 0.10077655 29.98156738 2.22815704
v 0.73692203 26.57565689 2.03471947
v 0.54662299 26.54095459 2.22815704
v 1.5296154 23.21850967 2.03471947
v 1.34389472 23.1644249 2.22815704
v 2.66331816 19.96067047 2.03471947
v 2.48414278 19.88777351 2.22815704
v 4.1260066 16.83667755 2.03471947
v 3.95527482 16.7457428 2.22815704
v 5.90217495 13.87964725 2.03471947
v 5.74169874 13.77163792 2.22815704
v 7.97299099 11.12093067 2.03471947
v 7.8244729 10.99699402 2.22815704
v 10.31650448 8.58977604 2.03471947
v 10.18151665 8.45122528 2.22815704
v 12.90786648 6.31301641 2.03471947
v 12.78784084 6.16131926 2.22815704
v 15.71960735 4.31478977 2.03471947
v 15.61581707 4.15155458 2.22815704
v 18.7219162 2.61627889 2.03471947
v 18.63546181 2.4432373 2.22815704
v 21.81476212 1.05447698 2.22815704
v 58.33773422 14.78672409 3.53471947
v 56.89430237 12.9423666 3.53471947
v 55.31316376 11.2146101 3.53471947
v 43.50986481 3.81526351 3.53471947
v 53.60369873 9.61370945 3.53471947
v 51.77606201 8.14916706 3.53471947
v 49.84109497 6.8296771 3.53471947
v 47.81028748 5.66307068 3.53471947
v 45.69569397 4.65627575 3.53471947
v 23.88013649 3.81526351 3.53471947
v 21.69430733 4.65627575 3.53471947
v 19.57971382 5.66307068 3.53471947
v 17.54890823 6.8296771 3.53471947
v 52.21350861 56.69225693 3.53471947
v 54.01445389 55.19501495 3.53471947
v 55.69478989 53.56356812 3.53471947
v 34.8660202 62.96149445 3.53471947
v 37.20110703 62.78118515 3.53471947
v 39.51538467 62.4216423 3.53471947
v 41.79511261 61.88499451 3.53471947
v 44.02675629 61.17442703 3.53471947
v 46.19707489 60.29415894 3.53471947
v 48.29318237 59.24942017 3.53471947
v 50.30263519 58.04640579 3.53471947
v 57.24453735 51.80759811 3.53471947
v 58.65449524 49.9375267 3.53471947
v 59.91629791 47.96445847 3.53471947
v 61.02245331 45.90010452 3.53471947
v 61.96639633 43.75671387 3.53471947
v 62.74252319 41.54701233 3.53471947
v 63.34622574 39.28411865 3.53471947
v 63.77392197 36.98146439 3.53471947
v 15.61394119 8.14916706 3.53471947
v 13.78630257 9.61370945 3.53471947
v 12.07683945 11.2146101 3.53471947
v 10.49569988 12.9423666 3.53471947
v 25.59489059 61.88499451 3.53471947
v 27.87461853 62.4216423 3.53471947
v 30.18889427 62.78118515 3.53471947
v 32.523983 62.96149445 3.53471947
v 4.16930962 25.35384941 3.53471947
v 3.70018363 27.64842415 3.53471947
v 3.40910435 29.9723053 3.53471947
v 5.42360735 43.75671387 3.53471947
v 6.36754942 45.90010452 3.53471947
v 7.47370529 47.96445847 3.53471947
v 62.57630539 23.10220337 3.53471947
v 61.76048279 20.90684891 3.53471947
v 60.77806473 18.78082085 3.53471947
v 59.6348877 16.73673248 3.53471947
v 9.05226898 14.78672409 3.53471947
v 7.7551136 16.73673248 3.53471947
v 6.61193562 18.78082085 3.53471947
v 5.62951899 20.90684891 3.53471947
v 4.81369543 23.10220337 3.53471947
v 8.73550797 49.9375267 3.53471947
v 10.1454668 51.80759811 3.53471947
v 11.69521141 53.56356812 3.53471947
v 13.37554646 55.19501495 3.53471947
v 15.17649555 56.69225693 3.53471947
v 17.08736801 58.04640579 3.53471947
v 19.09682083 59.24942017 3.53471947
v 21.19292831 60.29415894 3.53471947
v 23.36324501 61.17442703 3.53471947
v 64.02307892 34.65271378 3.53471947
v 64.09220123 32.3116951 3.53471947
v 63.980896 29.9723053 3.53471947
v 63.68981934 27.64842415 3.53471947
v 63.22069168 25.35384941 3.53471947
v 3.2977984 32.3116951 3.53471947
v 3.36692667 34.65271378 3.53471947
v 3.61607981 36.98146439 3.53471947
v 4.04377651 39.28411865 3.53471947
v 4.64748049 41.54701233 3.53471947
v 53.60369873 9.61370945 2.03471947
v 55.31316376 11.2146101 2.03471947
v 56.89430237 12.9423666 2.03471947
v 43.50986481 3.81526351 2.03471947
v 45.69569397 4.65627575 2.03471947
v 47.81028748 5.66307068 2.03471947
v 49.84109497 6.8296771 2.03471947
v 51.77606201 8.14916706 2.03471947
v 50.30263519 58.04640579 2.03471947
v 48.29318237 59.24942017 2.03471947
v 46.19707489 60.29415894 2.03471947
v 57.24453735 51.80759811 2.03471947
v 55.69478989 53.56356812 2.03471947
v 54.01445389 55.19501495 2.03471947
v 52.21350861 56.69225693 2.03471947
v 44.02675629 61.17442703 2.03471947
v 41.79511261 61.88499451 2.03471947
v 39.51538467 62.4216423 2.03471947
v 37.20110703 62.78118515 2.03471947
v 15.61394119 8.14916706 2.03471947
v 17.54890823 6.8296771 2.03471947
v 19.57971382 5.66307068 2.03471947
v 23.88013649 3.81526351 2.03471947
v 21.69430733 4.65627575 2.03471947
v 64.02307892 34.65271378 2.03471947
v 63.77392197 36.98146439 2.03471947
v 63.34622574 39.28411865 2.03471947
v 62.74252319 41.54701233 2.03471947
v 61.96639633 43.75671387 2.03471947
v 61.02245331 45.90010452 2.03471947
v 59.91629791 47.96445847 2.03471947
v 58.65449524 49.9375267 2.03471947
v 34.8660202 62.96149445 2.03471947
v 32.523983 62.96149445 2.03471947
v 30.18889427 62.78118515 2.03471947
v 27.87461853 62.4216423 2.03471947
v 25.59489059 61.88499451 2.03471947
v 23.36324501 61.17442703 2.03471947
v 21.19292831 60.29415894 2.03471947
v 19.09682083 59.24942017 2.03471947
v 58.33773422 14.78672409 2.03471947
v 59.6348877 16.73673248 2.03471947
v 60.77806473 18.78082085 2.03471947
v 61.76048279 20.90684891 2.03471947
v 4.64748049 41.54701233 2.03471947
v 4.04377651 39.28411865 2.03471947
v 3.61607981 36.98146439 2.03471947
v 3.36692667 34.65271378 2.03471947
v 3.2977984 32.3116951 2.03471947
v 3.40910435 29.9723053 2.03471947
v 3.70018363 27.64842415 2.03471947
v 9.05226898 14.78672409 2.03471947
v 10.49569988 12.9423666 2.03471947
v 12.07683945 11.2146101 2.03471947
v 13.78630257 9.61370945 2.03471947
v 62.57630539 23.10220337 2.03471947
v 63.22069168 25.35384941 2.03471947
v 63.68981934 27.64842415 2.03471947
v 63.980896 29.9723053 2.03471947
v 64.09220123 32.3116951 2.03471947
v 17.08736801 58.04640579 2.03471947
v 15.17649555 56.69225693 2.03471947
v 13.37554646 55.19501495 2.03471947
v 11.69521141 53.56356812 2.03471947
v 10.1454668 51.80759811 2.03471947
v 8.73550797 49.9375267 2.03471947
v 7.47370529 47.96445847 2.03471947
v 6.36754942 45.90010452 2.03471947
v 5.42360735 43.75671387 2.03471947
v 4.16930962 25.35384941 2.03471947
v 4.81369543 23.10220337 2.03471947
v 5.62951899 20.90684891 2.03471947
v 6.61193562 18.78082085 2.03471947
v 7.7551136 16.73673248 2.03471947
v 23.94420624 4.00307417 1.83628201
v 21.9997406 4.74211407 1.83628201
v 21.9997406 4.74211407 0.23315707
v 25.11880684 3.62894869 0.23315707
v 21.77264786 4.83859539 1.83628201
v 19.67185593 5.83881903 1.83628201
v 19.02021599 6.19072294 0.23315707
v 16.2172966 7.95698166 1.83628201
v 16.2172966 7.95698166 0.23315707
v 17.65430641 6.99780893 1.83628201
v 19.02021599 6.19072294 1.83628201
v 15.73197174 8.30868626 1.83628201
v 13.91626358 9.76366711 1.83628201
v 13.62471485 10.01963806 0.23315707
v 13.62471485 10.01963806 1.83628201
v 11.27366924 12.35386562 0.23315707
v 12.21796131 11.35411835 1.83628201
v 11.27366924 12.35386562 1.83628201
v 10.64714241 13.07059669 1.83628201
v 9.1924572 14.93157482 0.23315707
v 9.21313286 14.90291405 1.83628201
v 9.1924572 14.93157482 1.83628201
v 7.40612316 17.72174263 0.23315707
v 7.92444706 16.84019279 1.83628201
v 5.93616438 20.69079208 1.83628201
v 5.93616438 20.69079208 0.23315707
v 6.78873062 18.87093544 1.83628201
v 7.40612316 17.72174263 1.83628201
v 5.81272697 20.98308754 1.83628201
v 5.00223064 23.16411018 1.83628201
v 4.80027103 23.80299187 0.23315707
v 4.01211548 27.02088547 1.83628201
v 4.01211548 27.02088547 0.23315707
v 4.36204863 25.4010582 1.83628201
v 4.80027103 23.80299187 1.83628201
v 3.8959868 27.68065453 1.83628201
v 3.60680747 29.98936272 1.83628201
v 3.58118105 30.30574799 0.23315707
v 3.58118105 30.30574799 1.83628201
v 3.51265454 33.61804962 0.23315707
v 3.49622774 32.31348419 1.83628201
v 3.51265454 33.61804962 1.83628201
v 3.56490541 34.63922119 1.83628201
v 3.8073585 36.91792297 0.23315707
v 3.8073585 36.91792297 1.83628201
v 3.81243038 36.95277023 1.83628201
v 4.46175051 40.16566467 0.23315707
v 4.23733711 39.24039078 1.83628201
v 5.4679513 43.32217789 1.83628201
v 5.4679513 43.32217789 0.23315707
v 4.83709955 41.48851395 1.83628201
v 4.46175051 40.16566467 1.83628201
v 5.60816002 43.6837883 1.83628201
v 6.5459404 45.81318665 1.83628201
v 6.81385422 46.34948349 0.23315707
v 6.81385422 46.34948349 1.83628201
v 8.4832592 49.21114731 0.23315707
v 7.64487505 47.86406708 1.83628201
v 8.4832592 49.21114731 1.83628201
v 8.89844036 49.8242569 1.83628201
v 10.29919434 51.68212128 1.83628201
v 10.45607948 51.87273026 0.23315707
v 10.45607948 51.87273026 1.83628201
v 12.70856857 54.3021965 0.23315707
v 11.83882523 53.42662811 1.83628201
v 15.21362209 56.47031403 1.83628201
v 15.21362209 56.47031403 0.23315707
v 13.5081892 55.04742432 1.83628201
v 12.70856857 54.3021965 1.83628201
v 15.29738331 56.53489304 1.83628201
v 17.1957798 57.88019943 1.83628201
v 17.94109154 58.3509903 0.23315707
v 20.85815239 59.92159271 1.83628201
v 20.85815239 59.92159271 0.23315707
v 19.19211578 59.07535934 1.83628201
v 17.94109154 58.3509903 1.83628201
v 21.27453995 60.11328125 1.83628201
v 23.43068886 60.9878006 1.83628201
v 23.92969894 61.16321564 0.23315707
v 23.92969894 61.16321564 1.83628201
v 27.11876869 62.0609169 0.23315707
v 25.64776611 61.6937294 1.83628201
v 27.11876869 62.0609169 1.83628201
v 27.91261292 62.22687531 1.83628201
v 30.21178055 62.58407593 1.83628201
v 30.38698006 62.60389709 0.23315707
v 30.38698006 62.60389709 1.83628201
v 33.69499969 62.78562164 0.23315707
v 32.53162766 62.76320648 1.83628201
v 37.00302124 62.60389709 1.83628201
v 37.00302124 62.60389709 0.23315707
v 34.85837555 62.76320648 1.83628201
v 33.69499969 62.78562164 1.83628201
v 37.17822266 62.58407593 1.83628201
v 39.47739029 62.22687531 1.83628201
v 40.2712326 62.0609169 0.23315707
v 43.46030426 61.16321564 1.83628201
v 43.46030426 61.16321564 0.23315707
v 41.74223709 61.6937294 1.83628201
v 40.2712326 62.0609169 1.83628201
v 43.95931244 60.9878006 1.83628201
v 46.11546326 60.11328125 1.83628201
v 46.53184891 59.92159271 0.23315707
v 46.53184891 59.92159271 1.83628201
v 49.44890976 58.3509903 0.23315707
v 48.19788742 59.07535934 1.83628201
v 49.44890976 58.3509903 1.83628201
v 50.1942215 57.88019943 1.83628201
v 52.09262085 56.53489304 1.83628201
v 52.17638016 56.47031403 0.23315707
v 52.17638016 56.47031403 1.83628201
v 54.68143463 54.3021965 0.23315707
v 53.88181305 55.04742432 1.83628201
v 56.93392181 51.87273026 1.83628201
v 56.93392181 51.87273026 0.23315707
v 55.55117798 53.42662811 1.83628201
v 54.68143463 54.3021965 1.83628201
v 57.09080887 51.68212128 1.83628201
v 58.49156189 49.8242569 1.83628201
v 58.9067421 49.21114731 0.23315707
v 60.57614899 46.34948349 1.83628201
v 60.57614899 46.34948349 0.23315707
v 59.74512863 47.86406708 1.83628201
v 58.9067421 49.21114731 1.83628201
v 60.84406281 45.81318665 1.83628201
v 61.78184128 43.6837883 1.83628201
v 61.92205048 43.32217789 0.23315707
v 61.92205048 43.32217789 1.83628201
v 62.92825317 40.16566467 0.23315707
v 62.55290222 41.48851395 1.83628201
v 62.92825317 40.16566467 1.83628201
v 63.15266418 39.24039078 1.83628201
v 63.58264542 36.91792297 0.23315707
v 63.57757187 36.95277023 1.83628201
v 63.58264542 36.91792297 1.83628201
v 63.87734604 33.61804962 0.23315707
v 63.82509613 34.63922119 1.83628201
v 63.80882263 30.30574799 1.83628201
v 63.80882263 30.30574799 0.23315707
v 63.89377594 32.31348419 1.83628201
v 63.87734604 33.61804962 1.83628201
v 63.7831955 29.98936272 1.83628201
v 63.49401474 27.68065453 1.83628201
v 63.37788773 27.02088547 0.23315707
v 63.37788773 27.02088547 1.83628201
v 62.58972931 23.80299187 0.23315707
v 63.0279541 25.4010582 1.83628201
v 62.58972931 23.80299187 1.83628201
v 62.38777161 23.16411018 1.83628201
v 61.57727432 20.98308754 1.83628201
v 61.45383835 20.69079208 0.23315707
v 61.45383835 20.69079208 1.83628201
v 59.98387909 17.72174263 0.23315707
v 60.60127258 18.87093544 1.83628201
v 59.98387909 17.72174263 1.83628201
v 59.4655571 16.84019279 1.83628201
v 58.1975441 14.93157482 0.23315707
v 58.1975441 14.93157482 1.83628201
v 58.17686844 14.90291405 1.83628201
v 56.11633301 12.35386562 0.23315707
v 56.74285889 13.07059669 1.83628201
v 53.76528931 10.01963806 1.83628201
v 53.76528931 10.01963806 0.23315707
v 55.17204285 11.35411835 1.83628201
v 56.11633301 12.35386562 1.83628201
v 53.47373962 9.76366711 1.83628201
v 51.65803146 8.30868626 1.83628201
v 51.1727066 7.95698166 0.23315707
v 51.1727066 7.95698166 1.83628201
v 48.36978531 6.19072294 0.23315707
v 49.73569489 6.99780893 1.83628201
v 48.36978531 6.19072294 1.83628201
v 43.44579697 4.00307417 1.83628201
v 42.27119446 3.62894869 0.23315707
v 45.3902626 4.74211407 1.83628201
v 45.3902626 4.74211407 0.23315707
v 45.61735535 4.83859539 1.83628201
v 47.71814728 5.83881903 1.83628201
v 54.522686 19.97893906 0.03471947
v 54.50030518 19.72312164 0.03471947
v 12.88969803 19.72312164 0.03471947
v 12.86731625 19.46730232 0.03471947
v 33.43918228 56.85980225 0.03471947
v 33.69499969 56.83742142 0.03471947
v 12.54503441 18.77616692 0.03471947
v 12.69232655 18.98652077 0.03471947
v 12.80085373 19.21925735 0.03471947
v 32.95840073 59.58644867 0.03471947
v 32.74804688 59.43915939 0.03471947
v 30.4087162 62.40665436 0.03471947
v 27.16197968 61.86724091 0.03471947
v 11.92036057 18.3387661 0.03471947
v 12.15309811 18.44729233 0.03471947
v 12.36345291 18.59458351 0.03471947
v 32.31064606 57.80675507 0.03471947
v 8.64892101 49.10190582 0.03471947
v 10.60877705 51.74599457 0.03471947
v 56.4773674 21.10747528 0.03471947
v 56.22932434 21.17394066 0.03471947
v 34.19886398 56.92626572 0.03471947
v 55.97350311 21.19632149 0.03471947
v 55.7176857 21.17394066 0.03471947
v 63.18284607 27.05744934 0.03471947
v 62.39986801 23.8606987 0.03471947
v 34.64195633 57.18208313 0.03471947
v 34.64195633 59.43915939 0.03471947
v 36.9812851 62.40665436 0.03471947
v 34.82353592 59.25757599 0.03471947
v 40.22802353 61.86724091 0.03471947
v 34.97082901 59.04722214 0.03471947
v 34.43160248 59.58644867 0.03471947
v 34.19886398 59.69497681 0.03471947
v 33.69499969 62.58718109 0.03471947
v 33.95082092 59.76144028 0.03471947
v 33.69499969 59.78382111 0.03471947
v 33.43918228 59.76144028 0.03471947
v 33.19113541 59.69497681 0.03471947
v 32.24418259 58.05480194 0.03471947
v 6.99048281 46.25904465 0.03471947
v 32.41917419 57.57402039 0.03471947
v 5.65342426 43.25163269 0.03471947
v 34.43160248 57.03479385 0.03471947
v 57.24933243 20.45972061 0.03471947
v 57.10204315 20.67007637 0.03471947
v 10.4695425 18.59458351 0.03471947
v 9.35345745 15.04757595 0.03471947
v 10.28796101 18.77616692 0.03471947
v 7.57886076 17.81941032 0.03471947
v 10.14066887 18.98652077 0.03471947
v 10.03214169 19.21925735 0.03471947
v 57.44670486 19.72312164 0.03471947
v 61.27144241 20.76895142 0.03471947
v 57.42432404 19.46730232 0.03471947
v 59.81114197 17.81941032 0.03471947
v 57.35786057 19.21925735 0.03471947
v 57.24933243 18.98652077 0.03471947
v 35.07935715 57.80675507 0.03471947
v 35.14582062 58.05480194 0.03471947
v 54.54353714 54.15950012 0.03471947
v 4.65383577 40.11585617 0.03471947
v 32.56646347 57.36366653 0.03471947
v 4.0037446 36.8894577 0.03471947
v 12.80085373 20.22698593 0.03471947
v 12.69232655 20.45972061 0.03471947
v 33.19113541 56.92626572 0.03471947
v 11.67231655 21.17394066 0.03471947
v 11.41649818 21.19632149 0.03471947
v 32.74804688 57.18208313 0.03471947
v 11.16067886 21.17394066 0.03471947
v 4.99013233 23.8606987 0.03471947
v 56.92045975 20.85165787 0.03471947
v 56.7101059 20.99894905 0.03471947
v 54.6976738 20.45972061 0.03471947
v 54.58914948 20.22698593 0.03471947
v 10.67989731 18.44729233 0.03471947
v 10.91263485 18.3387661 0.03471947
v 11.42099476 12.48680401 0.03471947
v 11.16067886 18.27230263 0.03471947
v 11.41649818 18.24991989 0.03471947
v 55.96900558 12.48680401 0.03471947
v 53.63341141 10.16791344 0.03471947
v 55.7176857 18.27230263 0.03471947
v 57.35786057 20.22698593 0.03471947
v 57.42432404 19.97893906 0.03471947
v 34.97082901 57.57402039 0.03471947
v 61.7365799 43.25163269 0.03471947
v 34.82353592 57.36366653 0.03471947
v 62.73616791 40.11585617 0.03471947
v 63.38625717 36.8894577 0.03471947
v 63.67902756 33.61126328 0.03471947
v 63.61095047 30.3207283 0.03471947
v 56.7812233 51.74599457 0.03471947
v 58.74108124 49.10190582 0.03471947
v 60.39952087 46.25904465 0.03471947
v 35.07935715 58.81448364 0.03471947
v 43.39613724 60.97543716 0.03471947
v 35.14582062 58.56644058 0.03471947
v 46.44750214 59.74197388 0.03471947
v 35.16820145 58.31061935 0.03471947
v 49.34539795 58.18169403 0.03471947
v 52.05494308 56.31337357 0.03471947
v 4.20715475 27.05744934 0.03471947
v 3.77905178 30.3207283 0.03471947
v 3.71097589 33.61126328 0.03471947
v 12.54503441 20.67007637 0.03471947
v 12.36345291 20.85165787 0.03471947
v 32.95840073 57.03479385 0.03471947
v 12.15309811 20.99894905 0.03471947
v 11.92036057 21.10747528 0.03471947
v 10.91263485 21.10747528 0.03471947
v 10.67989731 20.99894905 0.03471947
v 10.4695425 20.85165787 0.03471947
v 13.7565918 10.16791344 0.03471947
v 54.522686 19.46730232 0.03471947
v 11.67231655 18.27230263 0.03471947
v 55.46964264 18.3387661 0.03471947
v 51.05786514 8.11881161 0.03471947
v 55.23690414 18.44729233 0.03471947
v 48.27336121 6.3641572 0.03471947
v 55.02655029 18.59458351 0.03471947
v 45.31341553 4.92506838 0.03471947
v 42.5110054 3.90859509 0.03471947
v 12.84646606 54.15950012 0.03471947
v 15.33505917 56.31337357 0.03471947
v 32.22180176 58.31061935 0.03471947
v 18.04460526 58.18169403 0.03471947
v 32.24418259 58.56644058 0.03471947
v 20.94250107 59.74197388 0.03471947
v 32.31064606 58.81448364 0.03471947
v 23.99386597 60.97543716 0.03471947
v 32.41917419 59.04722214 0.03471947
v 32.56646347 59.25757599 0.03471947
v 12.86731625 19.97893906 0.03471947
v 55.46964264 21.10747528 0.03471947
v 55.23690414 20.99894905 0.03471947
v 33.95082092 56.85980225 0.03471947
v 55.02655029 20.85165787 0.03471947
v 54.84496689 20.67007637 0.03471947
v 42.33077621 4.39735699 0.03471947
v 42.20397568 4.56536198 0.03471947
v 55.97350311 18.24991989 0.03471947
v 56.22932434 18.27230263 0.03471947
v 58.0365448 15.04757595 0.03471947
v 56.4773674 18.3387661 0.03471947
v 10.28796101 20.67007637 0.03471947
v 10.14066887 20.45972061 0.03471947
v 6.11856031 20.76895142 0.03471947
v 10.03214169 20.22698593 0.03471947
v 9.96567822 19.97893906 0.03471947
v 9.94329739 19.72312164 0.03471947
v 9.96567822 19.46730232 0.03471947
v 54.84496689 18.77616692 0.03471947
v 41.26998901 4.98259068 0.03471947
v 54.6976738 18.98652077 0.03471947
v 26.12001228 4.98259068 0.03471947
v 25.70643616 4.91242838 0.03471947
v 25.51425362 4.82657719 0.03471947
v 22.07658768 4.92506838 0.03471947
v 41.87574768 4.82657719 0.03471947
v 41.68356705 4.91242838 0.03471947
v 41.47973251 4.96492529 0.03471947
v 56.7101059 18.44729233 0.03471947
v 56.92045975 18.59458351 0.03471947
v 57.10204315 18.77616692 0.03471947
v 25.91026878 4.96492529 0.03471947
v 25.33913994 4.70979118 0.03471947
v 25.18602562 4.56536198 0.03471947
v 25.05922508 4.39735699 0.03471947
v 42.05086136 4.70979118 0.03471947
v 54.58914948 19.21925735 0.03471947
v 19.11664009 6.3641572 0.03471947
v 16.33213806 8.11881161 0.03471947
v 24.96231079 4.2105093 0.03471947
v 24.89801407 4.01008511 0.03471947
v 24.8789978 3.90859509 0.03471947
v 42.49198914 4.01008511 0.03471947
v 42.42769241 4.2105093 0.03471947
v 43.44579697 4.00307417 3.73315716
v 45.3902626 4.74211407 3.73315716
v 45.3902626 4.74211407 5.33628225
v 42.27119446 3.62894869 5.33628225
v 45.61735535 4.83859539 3.73315716
v 47.71814728 5.83881903 3.73315716
v 48.36978531 6.19072294 5.33628225
v 51.1727066 7.95698166 3.73315716
v 51.1727066 7.95698166 5.33628225
v 49.73569489 6.99780893 3.73315716
v 48.36978531 6.19072294 3.73315716
v 51.65803146 8.30868626 3.73315716
v 53.47373962 9.76366711 3.73315716
v 53.76528931 10.01963806 5.33628225
v 53.76528931 10.01963806 3.73315716
v 56.11633301 12.35386562 5.33628225
v 55.17204285 11.35411835 3.73315716
v 56.11633301 12.35386562 3.73315716
v 56.74285889 13.07059669 3.73315716
v 58.1975441 14.93157482 5.33628225
v 58.17686844 14.90291405 3.73315716
v 58.1975441 14.93157482 3.73315716
v 59.98387909 17.72174263 5.33628225
v 59.4655571 16.84019279 3.73315716
v 61.45383835 20.69079208 3.73315716
v 61.45383835 20.69079208 5.33628225
v 60.60127258 18.87093544 3.73315716
v 59.98387909 17.72174263 3.73315716
v 61.57727432 20.98308754 3.73315716
v 62.38777161 23.16411018 3.73315716
v 62.58972931 23.80299187 5.33628225
v 63.37788773 27.02088547 3.73315716
v 63.37788773 27.02088547 5.33628225
v 63.0279541 25.4010582 3.73315716
v 62.58972931 23.80299187 3.73315716
v 63.49401474 27.68065453 3.73315716
v 63.7831955 29.98936272 3.73315716
v 63.80882263 30.30574799 5.33628225
v 63.80882263 30.30574799 3.73315716
v 63.87734604 33.61804962 5.33628225
v 63.89377594 32.31348419 3.73315716
v 63.87734604 33.61804962 3.73315716
v 63.82509613 34.63922119 3.73315716
v 63.58264542 36.91792297 5.33628225
v 63.58264542 36.91792297 3.73315716
v 63.57757187 36.95277023 3.73315716
v 62.92825317 40.16566467 5.33628225
v 63.15266418 39.24039078 3.73315716
v 61.92205048 43.32217789 3.73315716
v 61.92205048 43.32217789 5.33628225
v 62.55290222 41.48851395 3.73315716
v 62.92825317 40.16566467 3.73315716
v 61.78184128 43.6837883 3.73315716
v 60.84406281 45.81318665 3.73315716
v 60.57614899 46.34948349 5.33628225
v 60.57614899 46.34948349 3.73315716
v 58.9067421 49.21114731 5.33628225
v 59.74512863 47.86406708 3.73315716
v 58.9067421 49.21114731 3.73315716
v 58.49156189 49.8242569 3.73315716
v 57.09080887 51.68212128 3.73315716
v 56.93392181 51.87273026 5.33628225
v 56.93392181 51.87273026 3.73315716
v 54.68143463 54.3021965 5.33628225
v 55.55117798 53.42662811 3.73315716
v 52.17638016 56.47031403 3.73315716
v 52.17638016 56.47031403 5.33628225
v 53.88181305 55.04742432 3.73315716
v 54.68143463 54.3021965 3.73315716
v 52.09262085 56.53489304 3.73315716
v 50.1942215 57.88019943 3.73315716
v 49.44890976 58.3509903 5.33628225
v 46.53184891 59.92159271 3.73315716
v 46.53184891 59.92159271 5.33628225
v 48.19788742 59.07535934 3.73315716
v 49.44890976 58.3509903 3.73315716
v 46.11546326 60.11328125 3.73315716
v 43.95931244 60.9878006 3.73315716
v 43.46030426 61.16321564 5.33628225
v 43.46030426 61.16321564 3.73315716
v 40.2712326 62.0609169 5.33628225
v 41.74223709 61.6937294 3.73315716
v 40.2712326 62.0609169 3.73315716
v 39.47739029 62.22687531 3.73315716
v 37.17822266 62.58407593 3.73315716
v 37.00302124 62.60389709 5.33628225
v 37.00302124 62.60389709 3.73315716
v 33.69499969 62.78562164 5.33628225
v 34.85837555 62.76320648 3.73315716
v 30.38698006 62.60389709 3.73315716
v 30.38698006 62.60389709 5.33628225
v 32.53162766 62.76320648 3.73315716
v 33.69499969 62.78562164 3.73315716
v 30.21178055 62.58407593 3.73315716
v 27.91261292 62.22687531 3.73315716
v 27.11876869 62.0609169 5.33628225
v 23.92969894 61.16321564 3.73315716
v 23.92969894 61.16321564 5.33628225
v 25.64776611 61.6937294 3.73315716
v 27.11876869 62.0609169 3.73315716
v 23.43068886 60.9878006 3.73315716
v 21.27453995 60.11328125 3.73315716
v 20.85815239 59.92159271 5.33628225
v 20.85815239 59.92159271 3.73315716
v 17.94109154 58.3509903 5.33628225
v 19.19211578 59.07535934 3.73315716
v 17.94109154 58.3509903 3.73315716
v 17.1957798 57.88019943 3.73315716
v 15.29738331 56.53489304 3.73315716
v 15.21362209 56.47031403 5.33628225
v 15.21362209 56.47031403 3.73315716
v 12.70856857 54.3021965 5.33628225
v 13.5081892 55.04742432 3.73315716
v 10.45607948 51.87273026 3.73315716
v 10.45607948 51.87273026 5.33628225
v 11.83882523 53.42662811 3.73315716
v 12.70856857 54.3021965 3.73315716
v 10.29919434 51.68212128 3.73315716
v 8.89844036 49.8242569 3.73315716
v 8.4832592 49.21114731 5.33628225
v 6.81385422 46.34948349 3.73315716
v 6.81385422 46.34948349 5.33628225
v 7.64487505 47.86406708 3.73315716
v 8.4832592 49.21114731 3.73315716
v 6.5459404 45.81318665 3.73315716
v 5.60816002 43.6837883 3.73315716
v 5.4679513 43.32217789 5.33628225
v 5.4679513 43.32217789 3.73315716
v 4.46175051 40.16566467 5.33628225
v 4.83709955 41.48851395 3.73315716
v 4.46175051 40.16566467 3.73315716
v 4.23733711 39.24039078 3.73315716
v 3.8073585 36.91792297 5.33628225
v 3.81243038 36.95277023 3.73315716
v 3.8073585 36.91792297 3.73315716
v 3.51265454 33.61804962 5.33628225
v 3.56490541 34.63922119 3.73315716
v 3.58118105 30.30574799 3.73315716
v 3.58118105 30.30574799 5.33628225
v 3.49622774 32.31348419 3.73315716
v 3.51265454 33.61804962 3.73315716
v 3.60680747 29.98936272 3.73315716
v 3.8959868 27.68065453 3.73315716
v 4.01211548 27.02088547 5.33628225
v 4.01211548 27.02088547 3.73315716
v 4.80027103 23.80299187 5.33628225
v 4.36204863 25.4010582 3.73315716
v 4.80027103 23.80299187 3.73315716
v 5.00223064 23.16411018 3.73315716
v 5.81272697 20.98308754 3.73315716
v 5.93616438 20.69079208 5.33628225
v 5.93616438 20.69079208 3.73315716
v 7.40612316 17.72174263 5.33628225
v 6.78873062 18.87093544 3.73315716
v 7.40612316 17.72174263 3.73315716
v 7.92444706 16.84019279 3.73315716
v 9.1924572 14.93157482 5.33628225
v 9.1924572 14.93157482 3.73315716
v 9.21313286 14.90291405 3.73315716
v 11.27366924 12.35386562 5.33628225
v 10.64714241 13.07059669 3.73315716
v 13.62471485 10.01963806 3.73315716
v 13.62471485 10.01963806 5.33628225
v 12.21796131 11.35411835 3.73315716
v 11.27366924 12.35386562 3.73315716
v 13.91626358 9.76366711 3.73315716
v 15.73197174 8.30868626 3.73315716
v 16.2172966 7.95698166 5.33628225
v 16.2172966 7.95698166 3.73315716
v 19.02021599 6.19072294 5.33628225
v 17.65430641 6.99780893 3.73315716
v 19.02021599 6.19072294 3.73315716
v 23.94420624 4.00307417 3.73315716
v 25.11880684 3.62894869 5.33628225
v 21.9997406 4.74211407 3.73315716
v 21.9997406 4.74211407 5.33628225
v 21.77264786 4.83859539 3.73315716
v 19.67185593 5.83881903 3.73315716
v 33.95082092 56.85980225 5.53471947
v 33.69499969 56.83742142 5.53471947
v 10.14066887 20.45972061 5.53471947
v 55.23690414 18.44729233 5.53471947
v 55.02655029 18.59458351 5.53471947
v 12.88969803 19.72312164 5.53471947
v 55.46964264 18.3387661 5.53471947
v 54.84496689 18.77616692 5.53471947
v 54.6976738 18.98652077 5.53471947
v 54.58914948 19.21925735 5.53471947
v 10.67989731 18.44729233 5.53471947
v 10.4695425 18.59458351 5.53471947
v 9.35345745 15.04757595 5.53471947
v 33.43918228 59.76144028 5.53471947
v 33.69499969 62.58718109 5.53471947
v 33.19113541 59.69497681 5.53471947
v 30.4087162 62.40665436 5.53471947
v 32.95840073 59.58644867 5.53471947
v 34.19886398 59.69497681 5.53471947
v 36.9812851 62.40665436 5.53471947
v 33.95082092 59.76144028 5.53471947
v 33.69499969 59.78382111 5.53471947
v 34.43160248 59.58644867 5.53471947
v 34.64195633 59.43915939 5.53471947
v 40.22802353 61.86724091 5.53471947
v 35.16820145 58.31061935 5.53471947
v 49.34539795 58.18169403 5.53471947
v 35.14582062 58.56644058 5.53471947
v 46.44750214 59.74197388 5.53471947
v 35.07935715 58.81448364 5.53471947
v 43.39613724 60.97543716 5.53471947
v 34.97082901 59.04722214 5.53471947
v 34.82353592 59.25757599 5.53471947
v 12.15309811 20.99894905 5.53471947
v 12.36345291 20.85165787 5.53471947
v 54.50030518 19.72312164 5.53471947
v 54.58914948 20.22698593 5.53471947
v 11.41649818 21.19632149 5.53471947
v 54.522686 19.97893906 5.53471947
v 11.67231655 21.17394066 5.53471947
v 11.92036057 21.10747528 5.53471947
v 12.54503441 20.67007637 5.53471947
v 12.69232655 20.45972061 5.53471947
v 12.80085373 20.22698593 5.53471947
v 10.67989731 20.99894905 5.53471947
v 10.91263485 21.10747528 5.53471947
v 34.19886398 56.92626572 5.53471947
v 55.7176857 21.17394066 5.53471947
v 55.97350311 21.19632149 5.53471947
v 56.7812233 51.74599457 5.53471947
v 33.43918228 56.85980225 5.53471947
v 33.19113541 56.92626572 5.53471947
v 32.95840073 57.03479385 5.53471947
v 54.522686 19.46730232 5.53471947
v 12.86731625 19.97893906 5.53471947
v 10.4695425 20.85165787 5.53471947
v 34.82353592 57.36366653 5.53471947
v 34.64195633 57.18208313 5.53471947
v 54.54353714 54.15950012 5.53471947
v 52.05494308 56.31337357 5.53471947
v 56.22932434 21.17394066 5.53471947
v 56.4773674 21.10747528 5.53471947
v 62.73616791 40.11585617 5.53471947
v 57.35786057 20.22698593 5.53471947
v 57.42432404 19.97893906 5.53471947
v 61.27144241 20.76895142 5.53471947
v 57.44670486 19.72312164 5.53471947
v 59.81114197 17.81941032 5.53471947
v 57.42432404 19.46730232 5.53471947
v 57.35786057 19.21925735 5.53471947
v 7.57886076 17.81941032 5.53471947
v 10.28796101 18.77616692 5.53471947
v 10.14066887 18.98652077 5.53471947
v 4.20715475 27.05744934 5.53471947
v 4.99013233 23.8606987 5.53471947
v 32.74804688 57.18208313 5.53471947
v 10.28796101 20.67007637 5.53471947
v 61.7365799 43.25163269 5.53471947
v 60.39952087 46.25904465 5.53471947
v 58.74108124 49.10190582 5.53471947
v 57.24933243 20.45972061 5.53471947
v 62.39986801 23.8606987 5.53471947
v 57.10204315 20.67007637 5.53471947
v 63.18284607 27.05744934 5.53471947
v 56.92045975 20.85165787 5.53471947
v 63.61095047 30.3207283 5.53471947
v 56.7101059 20.99894905 5.53471947
v 63.67902756 33.61126328 5.53471947
v 63.38625717 36.8894577 5.53471947
v 11.41649818 18.24991989 5.53471947
v 11.16067886 18.27230263 5.53471947
v 11.42099476 12.48680401 5.53471947
v 9.94329739 19.72312164 5.53471947
v 6.11856031 20.76895142 5.53471947
v 9.96567822 19.46730232 5.53471947
v 10.03214169 19.21925735 5.53471947
v 15.33505917 56.31337357 5.53471947
v 12.84646606 54.15950012 5.53471947
v 32.24418259 58.05480194 5.53471947
v 27.16197968 61.86724091 5.53471947
v 32.56646347 59.25757599 5.53471947
v 32.74804688 59.43915939 5.53471947
v 35.14582062 58.05480194 5.53471947
v 35.07935715 57.80675507 5.53471947
v 34.97082901 57.57402039 5.53471947
v 54.6976738 20.45972061 5.53471947
v 54.84496689 20.67007637 5.53471947
v 55.02655029 20.85165787 5.53471947
v 34.43160248 57.03479385 5.53471947
v 55.23690414 20.99894905 5.53471947
v 55.46964264 21.10747528 5.53471947
v 10.03214169 20.22698593 5.53471947
v 9.96567822 19.97893906 5.53471947
v 32.41917419 57.57402039 5.53471947
v 5.65342426 43.25163269 5.53471947
v 32.56646347 57.36366653 5.53471947
v 4.65383577 40.11585617 5.53471947
v 4.0037446 36.8894577 5.53471947
v 3.71097589 33.61126328 5.53471947
v 3.77905178 30.3207283 5.53471947
v 11.16067886 21.17394066 5.53471947
v 53.63341141 10.16791344 5.53471947
v 55.96900558 12.48680401 5.53471947
v 12.86731625 19.46730232 5.53471947
v 55.97350311 18.24991989 5.53471947
v 55.7176857 18.27230263 5.53471947
v 32.31064606 57.80675507 5.53471947
v 57.24933243 18.98652077 5.53471947
v 57.10204315 18.77616692 5.53471947
v 58.0365448 15.04757595 5.53471947
v 56.92045975 18.59458351 5.53471947
v 56.7101059 18.44729233 5.53471947
v 56.4773674 18.3387661 5.53471947
v 56.22932434 18.27230263 5.53471947
v 41.68356705 4.91242838 5.53471947
v 41.87574768 4.82657719 5.53471947
v 45.31341553 4.92506838 5.53471947
v 10.91263485 18.3387661 5.53471947
v 10.60877705 51.74599457 5.53471947
v 8.64892101 49.10190582 5.53471947
v 6.99048281 46.25904465 5.53471947
v 18.04460526 58.18169403 5.53471947
v 32.22180176 58.31061935 5.53471947
v 20.94250107 59.74197388 5.53471947
v 32.24418259 58.56644058 5.53471947
v 23.99386597 60.97543716 5.53471947
v 32.31064606 58.81448364 5.53471947
v 32.41917419 59.04722214 5.53471947
v 41.47973251 4.96492529 5.53471947
v 24.96231079 4.2105093 5.53471947
v 12.36345291 18.59458351 5.53471947
v 24.89801407 4.01008511 5.53471947
v 24.8789978 3.90859509 5.53471947
v 11.67231655 18.27230263 5.53471947
v 13.7565918 10.16791344 5.53471947
v 11.92036057 18.3387661 5.53471947
v 16.33213806 8.11881161 5.53471947
v 12.15309811 18.44729233 5.53471947
v 19.11664009 6.3641572 5.53471947
v 22.07658768 4.92506838 5.53471947
v 12.54503441 18.77616692 5.53471947
v 26.12001228 4.98259068 5.53471947
v 12.69232655 18.98652077 5.53471947
v 41.26998901 4.98259068 5.53471947
v 12.80085373 19.21925735 5.53471947
v 48.27336121 6.3641572 5.53471947
v 51.05786514 8.11881161 5.53471947
v 42.05086136 4.70979118 5.53471947
v 42.20397568 4.56536198 5.53471947
v 42.33077621 4.39735699 5.53471947
v 25.05922508 4.39735699 5.53471947
v 25.18602562 4.56536198 5.53471947
v 25.33913994 4.70979118 5.53471947
v 25.51425362 4.82657719 5.53471947
v 25.70643616 4.91242838 5.53471947
v 25.91026878 4.96492529 5.53471947
v 42.42769241 4.2105093 5.53471947
v 42.49198914 4.01008511 5.53471947
v 42.5110054 3.90859509 5.53471947
v 41.26998901 4.72859097 0.28871953
v 41.26998901 4.72859097 5.28071976
v 26.12001228 4.72859097 0.28871953
v 26.12001228 4.72859097 5.28071976
v 43.49006653 3.87329984 3.54443169
v 23.89015961 3.84464312 3.53716278
v 23.90922356 3.90052795 3.55634785
v 23.92544174 3.94806457 3.59284043
v 23.93722343 3.98260355 3.64306831
v 23.94107056 3.99388194 3.67183638
v 23.9434185 4.00076056 3.70211458
v 43.48077774 3.90052795 3.55634785
v 43.47220612 3.92565513 3.57261777
v 43.46456146 3.94806457 3.59284043
v 43.4580307 3.96720505 3.6165185
v 43.44893265 3.99388194 3.67183638
v 43.44658279 4.00076056 3.70211458
v 21.77168274 4.83635044 3.70211458
v 19.67073631 5.83668041 3.70229864
v 17.65302467 6.99576378 3.70229983
v 15.73053551 8.30674553 3.70229983
v 13.9146843 9.76184368 3.70229983
v 12.21624374 11.35242176 3.70229983
v 10.64529991 13.06903553 3.70229983
v 9.21115303 14.90148354 3.70211458
v 7.92238665 16.83893394 3.70229864
v 6.78657913 18.86983871 3.70229983
v 5.81047106 20.98214912 3.70211458
v 4.99993563 23.16335869 3.70229864
v 4.35970545 25.40048409 3.70229983
v 3.89360452 27.68026161 3.70229983
v 3.60437298 29.98915291 3.70211458
v 3.49381375 32.31346512 3.70229864
v 3.5624969 34.63938522 3.70229983
v 3.81001282 36.95312119 3.70211458
v 4.23498058 39.24092484 3.70229864
v 4.83479357 41.48922729 3.70229983
v 5.60591555 43.68467712 3.70229983
v 6.54377031 45.81424332 3.70229983
v 7.6427927 47.86528778 3.70229983
v 8.89645863 49.825634 3.70229983
v 10.29730225 51.68366241 3.70211458
v 13.50657654 55.04922104 3.70229983
v 11.83707809 53.42829132 3.70229864
v 15.29589462 56.5368309 3.70211458
v 17.19446182 57.88222122 3.70229864
v 19.19095612 59.07748032 3.70229983
v 21.27354622 60.11548233 3.70229983
v 23.42987061 60.99007416 3.70229983
v 25.64712334 61.69605637 3.70229983
v 27.91214943 62.22924423 3.70229983
v 30.21150017 62.58650208 3.70211458
v 34.85847092 62.76561737 3.70229983
v 32.53153229 62.76561737 3.70229864
v 37.17850113 62.58650208 3.70211458
v 39.47785187 62.22924423 3.70229864
v 41.74287796 61.69605637 3.70229983
v 43.9601326 60.99007416 3.70229983
v 46.11645508 60.11548233 3.70229983
v 48.19904709 59.07748032 3.70229983
v 50.19554138 57.88222122 3.70229983
v 52.09410858 56.5368309 3.70211458
v 53.88342667 55.04922104 3.70229864
v 55.55292511 53.42829132 3.70229983
v 57.09270096 51.68366241 3.70211458
v 58.49354172 49.825634 3.70229864
v 59.74721146 47.86528778 3.70229983
v 60.84623337 45.81424332 3.70229983
v 61.78408813 43.68467712 3.70229983
v 62.55521011 41.48922729 3.70229983
v 63.15501785 39.24092484 3.70229983
v 63.57999039 36.95312119 3.70211458
v 63.82750702 34.63938522 3.70229864
v 63.89618683 32.31346512 3.70229983
v 63.78562927 29.98915291 3.70211458
v 63.49639893 27.68026161 3.70229864
v 63.03029633 25.40048409 3.70229983
v 62.39006805 23.16335869 3.70229983
v 61.57953262 20.98214912 3.70211458
v 60.60342407 18.86983871 3.70229864
v 59.46761703 16.83893394 3.70229983
v 58.17884827 14.90148354 3.70211458
v 56.74470139 13.06903553 3.70229864
v 55.17375946 11.35241985 3.70229983
v 53.47531891 9.76184368 3.70229983
v 51.65946579 8.30674553 3.70229983
v 49.73697662 6.99576378 3.70229983
v 47.71926498 5.83668041 3.70229983
v 45.61832047 4.83635044 3.70211458
v 45.62118912 4.82967138 3.67183638
v 47.72265625 5.83021736 3.67183638
v 49.74085617 6.98957968 3.67183638
v 51.66380692 8.30087852 3.67183638
v 53.48009872 9.75632858 3.67183638
v 55.17895126 11.34729004 3.67183638
v 56.75027084 13.06431961 3.67183638
v 58.18474197 14.89722729 3.67183638
v 59.47384262 16.83512878 3.67183638
v 60.60992432 18.86652565 3.67183638
v 61.58624268 20.97935677 3.67183638
v 62.39699936 23.16108131 3.67183638
v 63.03738785 25.3987484 3.67183638
v 63.50359726 27.67907524 3.67183638
v 63.79286957 29.98852921 3.67183638
v 63.90348816 32.31339645 3.67183638
v 63.83478928 34.63988113 3.67183638
v 63.58718109 36.95417404 3.67183638
v 63.16213989 39.24253082 3.67183638
v 62.56218338 41.49137878 3.67183638
v 61.79087448 43.68735886 3.67183638
v 60.85279083 45.81744003 3.67183638
v 59.75350571 47.86898041 3.67183638
v 58.49953842 49.82979965 3.67183638
v 57.09833145 51.68826294 3.67183638
v 55.55820465 53.43333054 3.67183638
v 53.88830566 55.05464935 3.67183638
v 52.09853745 56.54259491 3.67183638
v 50.19952774 57.88833618 3.67183638
v 48.20254898 59.08388138 3.67183638
v 46.11945724 60.12213516 3.67183638
v 43.96261215 60.9969368 3.67183638
v 41.74482346 61.70309067 3.67183638
v 39.47924805 62.23640823 3.67183638
v 37.17934036 62.59371948 3.67183638
v 34.85874939 62.77291107 3.67183638
v 32.53125 62.77291107 3.67183638
v 30.21066093 62.59371948 3.67183638
v 27.91075325 62.23640823 3.67183638
v 25.64517975 61.70309067 3.67183638
v 23.42738914 60.9969368 3.67183638
v 21.27054596 60.12213516 3.67183638
v 19.18745232 59.08388138 3.67183638
v 17.19047546 57.88833618 3.67183638
v 15.29146576 56.54259491 3.67183638
v 13.50169849 55.05464935 3.67183638
v 11.83179569 53.43333054 3.67183638
v 10.29167175 51.68826294 3.67183638
v 8.89046478 49.82979965 3.67183638
v 7.63649702 47.86898041 3.67183638
v 6.53720999 45.81744003 3.67183638
v 5.59912634 43.68735886 3.67183638
v 4.82781792 41.49137878 3.67183638
v 4.22786379 39.24253082 3.67183638
v 3.80282116 36.95417404 3.67183638
v 3.55521393 34.63988113 3.67183638
v 3.486516 32.31339645 3.67183638
v 3.59713101 29.98852921 3.67183638
v 3.88640356 27.67907524 3.67183638
v 4.35261631 25.3987484 3.67183638
v 4.99300289 23.16108131 3.67183638
v 5.80376005 20.97935677 3.67183638
v 6.78007698 18.86652565 3.67183638
v 7.9161582 16.83512878 3.67183638
v 9.20525932 14.89722729 3.67183638
v 10.63973045 13.06431961 3.67183638
v 12.21105289 11.34729004 3.67183638
v 13.90990257 9.75632858 3.67183638
v 15.72619534 8.30087852 3.67183638
v 17.64914703 6.98957968 3.67183638
v 19.66734695 5.83021736 3.67183638
v 21.76881218 4.82967138 3.67183638
v 43.45277786 3.98260355 3.64306831
v 45.62589264 4.81872272 3.64306831
v 47.72818756 5.81966352 3.64306831
v 49.74718475 6.97948408 3.64306831
v 51.67089462 8.29129887 3.64306831
v 53.48790359 9.74732304 3.64306831
v 55.18742371 11.33891201 3.64306831
v 56.75936508 13.05661869 3.64306831
v 58.19440079 14.89025021 3.64306831
v 59.4840126 16.82891655 3.64306831
v 60.62054062 18.8611145 3.64306831
v 61.59724426 20.97477913 3.64306831
v 62.40832138 23.15736198 3.64306831
v 63.04896164 25.39591408 3.64306831
v 63.51535797 27.67714119 3.64306831
v 63.80474472 29.98750496 3.64306831
v 63.91540146 32.31328964 3.64306831
v 63.84667587 34.64069366 3.64306831
v 63.59897232 36.95589447 3.64306831
v 63.17376328 39.24515915 3.64306831
v 62.57357025 41.49488831 3.64306831
v 61.80195618 43.69173813 3.64306831
v 60.86350632 45.82265854 3.64306831
v 59.7637825 47.87500763 3.64306831
v 58.50931931 49.83660126 3.64306831
v 57.10756302 51.69579697 3.64306831
v 55.56682968 53.44155121 3.64306831
v 53.89626694 55.06351089 3.64306831
v 52.10579681 56.55204391 3.64306831
v 50.20603561 57.89831543 3.64306831
v 48.20827103 59.09433365 3.64306831
v 46.12435913 60.13299561 3.64306831
v 43.96666336 61.00814056 3.64306831
v 41.74799728 61.71457672 3.64306831
v 39.48152924 62.2481041 3.64306831
v 37.18071747 62.60555649 3.64306831
v 34.85921097 62.78481674 3.64306831
v 32.53079224 62.78481674 3.64306831
v 30.20928574 62.60555649 3.64306831
v 27.90847206 62.2481041 3.64306831
v 25.64200401 61.71457672 3.64306831
v 23.42333794 61.00814056 3.64306831
v 21.26564407 60.13299561 3.64306831
v 19.18173027 59.09433365 3.64306831
v 17.18396568 57.89831543 3.64306831
v 15.28420639 56.55204391 3.64306831
v 13.49373341 55.06351089 3.64306831
v 11.82317162 53.44155121 3.64306831
v 10.28244019 51.69579697 3.64306831
v 8.88068199 49.83660126 3.64306831
v 7.6262188 47.87500763 3.64306831
v 6.52649641 45.82265854 3.64306831
v 5.58804512 43.69173813 3.64306831
v 4.81643152 41.49488831 3.64306831
v 4.21623898 39.24515915 3.64306831
v 3.79102874 36.95589447 3.64306831
v 3.54332662 34.64069366 3.64306831
v 3.47460055 32.31328964 3.64306831
v 3.58525848 29.98750496 3.64306831
v 3.87464476 27.67714119 3.64306831
v 4.34104156 25.39591408 3.64306831
v 4.98167992 23.15736198 3.64306831
v 5.79275751 20.97477913 3.64306831
v 6.76946163 18.8611145 3.64306831
v 7.90598965 16.82891655 3.64306831
v 9.19559956 14.89025021 3.64306831
v 10.63063526 13.05661869 3.64306831
v 12.2025795 11.33891201 3.64306831
v 13.90209961 9.74732304 3.64306831
v 15.71910858 8.29129887 3.64306831
v 17.64281845 6.97948408 3.64306831
v 19.66181374 5.81966352 3.64306831
v 21.76410866 4.81872272 3.64306831
v 45.63231659 4.80377483 3.6165185
v 47.73574448 5.80525398 3.6165185
v 49.75582504 6.96569872 3.6165185
v 51.68057251 8.27822113 3.6165185
v 53.49855804 9.73502731 3.6165185
v 55.19899368 11.32747364 3.6165185
v 56.77178192 13.04610634 3.6165185
v 58.20759201 14.88072205 3.6165185
v 59.4978981 16.82043457 3.6165185
v 60.63503647 18.85372543 3.6165185
v 61.61226654 20.96852684 3.6165185
v 62.42377853 23.15228653 3.6165185
v 63.06476212 25.39204216 3.6165185
v 63.53141022 27.6744976 3.6165185
v 63.82095337 29.98610497 3.6165185
v 63.93167114 32.31314468 3.6165185
v 63.86290741 34.64179993 3.6165185
v 63.61507034 36.95824814 3.6165185
v 63.18963242 39.24874496 3.6165185
v 62.58911514 41.49968719 3.6165185
v 61.81708908 43.69771576 3.6165185
v 60.87813187 45.82978439 3.6165185
v 59.77781677 47.88323975 3.6165185
v 58.52267838 49.84589005 3.6165185
v 57.12016678 51.70608139 3.6165185
v 55.57860565 53.45278168 3.6165185
v 53.90714645 55.07561111 3.6165185
v 52.1157074 56.56494904 3.6165185
v 50.21492767 57.91194153 3.6165185
v 48.21608734 59.10860443 3.6165185
v 46.13105011 60.14782715 3.6165185
v 43.97219467 61.02344513 3.6165185
v 41.75233459 61.73025894 3.6165185
v 39.48464584 62.26407242 3.6165185
v 37.18259048 62.62171936 3.6165185
v 34.85983658 62.80107498 3.6165185
v 32.53016663 62.80107498 3.6165185
v 30.20741081 62.62171936 3.6165185
v 27.90535545 62.26407242 3.6165185
v 25.63766861 61.73025894 3.6165185
v 23.41780853 61.02344513 3.6165185
v 21.25895309 60.14782715 3.6165185
v 19.17391586 59.10860443 3.6165185
v 17.17507553 57.91194153 3.6165185
v 15.27429581 56.56494904 3.6165185
v 13.4828577 55.07561111 3.6165185
v 11.81139755 53.45278168 3.6165185
v 10.26983547 51.70608139 3.6165185
v 8.86732292 49.84589005 3.6165185
v 7.61218357 47.88323975 3.6165185
v 6.51187086 45.82978439 3.6165185
v 5.57291317 43.69771576 3.6165185
v 4.80088615 41.49968719 3.6165185
v 4.20036888 39.24874496 3.6165185
v 3.77493167 36.95824814 3.6165185
v 3.52709365 34.64179993 3.6165185
v 3.45833039 32.31314468 3.6165185
v 3.56904793 29.98610497 3.6165185
v 3.8585906 27.6744976 3.6165185
v 4.32523918 25.39204216 3.6165185
v 4.96622372 23.15228653 3.6165185
v 5.77773714 20.96852684 3.6165185
v 6.75496483 18.85372543 3.6165185
v 7.89210558 16.82043457 3.6165185
v 9.18241024 14.88072205 3.6165185
v 10.61821938 13.04610634 3.6165185
v 12.19100857 11.32747364 3.6165185
v 13.89144325 9.73502731 3.6165185
v 15.70942974 8.27822113 3.6165185
v 17.63417816 6.96569872 3.6165185
v 19.65425873 5.80525398 3.6165185
v 21.75768471 4.80377483 3.6165185
v 23.9319706 3.96720505 3.6165185
v 45.64030075 4.78519487 3.59284043
v 47.74513245 5.78734303 3.59284043
v 49.76656723 6.94856405 3.59284043
v 51.69260025 8.26196384 3.59284043
v 53.51180267 9.71974659 3.59284043
v 55.21337509 11.31325817 3.59284043
v 56.78721619 13.03303814 3.59284043
v 58.22398376 14.86888123 3.59284043
v 59.51515198 16.80989075 3.59284043
v 60.65305328 18.84454155 3.59284043
v 61.63093567 20.96075821 3.59284043
v 62.44299316 23.14597893 3.59284043
v 63.08440399 25.38723183 3.59284043
v 63.5513649 27.67121315 3.59284043
v 63.8411026 29.98436737 3.59284043
v 63.95189285 32.31296158 3.59284043
v 63.88308334 34.64317322 3.59284043
v 63.63508224 36.96117401 3.59284043
v 63.20935822 39.25320053 3.59284043
v 62.6084404 41.50564957 3.59284043
v 61.83589554 43.70514679 3.59284043
v 60.89631271 45.83864212 3.59284043
v 59.79526138 47.89347076 3.59284043
v 58.53928375 49.85743332 3.59284043
v 57.13583374 51.71887207 3.59284043
v 55.59324265 53.46673584 3.59284043
v 53.92066193 55.09065628 3.59284043
v 52.12802505 56.58098221 3.59284043
v 50.22597504 57.92887878 3.59284043
v 48.22579575 59.12634277 3.59284043
v 46.13936615 60.16625977 3.59284043
v 43.97906494 61.04246521 3.59284043
v 41.75772095 61.74974823 3.59284043
v 39.48851776 62.28392029 3.59284043
v 37.18492508 62.64180756 3.59284043
v 34.86061478 62.82128143 3.59284043
v 32.52938843 62.82128143 3.59284043
v 30.20507812 62.64180756 3.59284043
v 27.90148354 62.28392029 3.59284043
v 25.63228035 61.74974823 3.59284043
v 23.41093636 61.04246521 3.59284043
v 21.25063705 60.16625977 3.59284043
v 19.16420555 59.12634277 3.59284043
v 17.16402817 57.92887878 3.59284043
v 15.26197624 56.58098221 3.59284043
v 13.46934032 55.09065628 3.59284043
v 11.79676151 53.46673584 3.59284043
v 10.25416851 51.71887207 3.59284043
v 8.85071754 49.85743332 3.59284043
v 7.59473991 47.89347076 3.59284043
v 6.49369144 45.83864212 3.59284043
v 5.55410624 43.70514679 3.59284043
v 4.7815609 41.50564957 3.59284043
v 4.18064356 39.25320053 3.59284043
v 3.7549212 36.96117401 3.59284043
v 3.50691748 34.64317322 3.59284043
v 3.43810964 32.31296158 3.59284043
v 3.54890156 29.98436737 3.59284043
v 3.83863592 27.67121315 3.59284043
v 4.30559731 25.38723183 3.59284043
v 4.94700861 23.14597893 3.59284043
v 5.7590661 20.96075821 3.59284043
v 6.73694706 18.84454155 3.59284043
v 7.87485027 16.80989075 3.59284043
v 9.16601753 14.86888123 3.59284043
v 10.60278511 13.03303814 3.59284043
v 12.17662716 11.31325817 3.59284043
v 13.87819862 9.71974659 3.59284043
v 15.69740105 8.26196384 3.59284043
v 17.62343597 6.94856405 3.59284043
v 19.64486885 5.78734303 3.59284043
v 21.74970245 4.78519487 3.59284043
v 45.64964676 4.76343918 3.57261777
v 47.7561264 5.76637316 3.57261777
v 49.77914429 6.92850161 3.57261777
v 51.70668411 8.24292946 3.57261777
v 53.52730942 9.70185184 3.57261777
v 55.23021317 11.29661083 3.57261777
v 56.80528641 13.01773834 3.57261777
v 58.24317932 14.85501766 3.57261777
v 59.53535843 16.79754448 3.57261777
v 60.67414856 18.83378983 3.57261777
v 61.6527977 20.95166206 3.57261777
v 62.46548843 23.13859177 3.57261777
v 63.1074028 25.38159943 3.57261777
v 63.57472992 27.66736794 3.57261777
v 63.86469269 29.98233223 3.57261777
v 63.97557068 32.31274796 3.57261777
v 63.90670776 34.64478302 3.57261777
v 63.65851212 36.96459579 3.57261777
v 63.23245239 39.25841904 3.57261777
v 62.63106537 41.51262665 3.57261777
v 61.85791779 43.71384811 3.57261777
v 60.91759872 45.84901428 3.57261777
v 59.81568527 47.90544891 3.57261777
v 58.55872345 49.87094879 3.57261777
v 57.15417862 51.73384476 3.57261777
v 55.61037827 53.483078 3.57261777
v 53.93648911 55.10826492 3.57261777
v 52.14245224 56.59976196 3.57261777
v 50.23891068 57.9487114 3.57261777
v 48.23716736 59.14710999 3.57261777
v 46.14910507 60.18784332 3.57261777
v 43.98711395 61.0647316 3.57261777
v 41.76403046 61.77257156 3.57261777
v 39.49305344 62.30715942 3.57261777
v 37.1876564 62.66532516 3.57261777
v 34.86152649 62.844944 3.57261777
v 32.52847672 62.844944 3.57261777
v 30.2023468 62.66532516 3.57261777
v 27.89694977 62.30715942 3.57261777
v 25.62597084 61.77257156 3.57261777
v 23.40288925 61.0647316 3.57261777
v 21.24089813 60.18784332 3.57261777
v 19.15283394 59.14710999 3.57261777
v 17.15109062 57.9487114 3.57261777
v 15.24755192 56.59976196 3.57261777
v 13.45351315 55.10826492 3.57261777
v 11.77962494 53.483078 3.57261777
v 10.23582554 51.73384476 3.57261777
v 8.83127785 49.87094879 3.57261777
v 7.57431602 47.90544891 3.57261777
v 6.47240496 45.84901428 3.57261777
v 5.53208399 43.71384811 3.57261777
v 4.75893545 41.51262665 3.57261777
v 4.1575489 39.25841904 3.57261777
v 3.73149109 36.96459579 3.57261777
v 3.48329544 34.64478302 3.57261777
v 3.41443157 32.31274796 3.57261777
v 3.52531123 29.98233223 3.57261777
v 3.81527281 27.66736794 3.57261777
v 4.28259945 25.38159943 3.57261777
v 4.92451334 23.13859177 3.57261777
v 5.73720598 20.95166206 3.57261777
v 6.71585274 18.83378983 3.57261777
v 7.8546443 16.79754448 3.57261777
v 9.14682293 14.85501766 3.57261777
v 10.58471584 13.01773834 3.57261777
v 12.15978909 11.29661083 3.57261777
v 13.86269188 9.70185184 3.57261777
v 15.68331718 8.24292946 3.57261777
v 17.61085892 6.92850161 3.57261777
v 19.63387489 5.76637316 3.57261777
v 21.74035454 4.76343918 3.57261777
v 23.91779518 3.92565513 3.57261777
v 45.66012955 4.7390461 3.55634785
v 47.76845551 5.74285889 3.55634785
v 49.79324341 6.90600634 3.55634785
v 51.72247696 8.22158718 3.55634785
v 53.54469681 9.6817894 3.55634785
v 55.24909592 11.27794552 3.55634785
v 56.82555008 13.00058174 3.55634785
v 58.26470184 14.83947182 3.55634785
v 59.55801392 16.78370285 3.55634785
v 60.6978035 18.82173157 3.55634785
v 61.67730713 20.94146156 3.55634785
v 62.49071503 23.13030815 3.55634785
v 63.13319016 25.37528229 3.55634785
v 63.60092545 27.66305542 3.55634785
v 63.8911438 29.98004913 3.55634785
v 64.00212097 32.31250763 3.55634785
v 63.93319702 34.64659119 3.55634785
v 63.68478012 36.96843719 3.55634785
v 63.25835037 39.26426697 3.55634785
v 62.65643692 41.52045441 3.55634785
v 61.88261032 43.72360611 3.55634785
v 60.94146347 45.86064529 3.55634785
v 59.83858871 47.91888046 3.55634785
v 58.58052444 49.88610458 3.55634785
v 57.17474365 51.75063324 3.55634785
v 55.62958908 53.50139999 3.55634785
v 53.95423508 55.12801361 3.55634785
v 52.15862656 56.62081528 3.55634785
v 50.25341415 57.97094727 3.55634785
v 48.24991989 59.17039871 3.55634785
v 46.16002274 60.21204376 3.55634785
v 43.99613571 61.08969879 3.55634785
v 41.77110672 61.79816055 3.55634785
v 39.49813461 62.33322144 3.55634785
v 37.1907196 62.69169998 3.55634785
v 34.86254883 62.87147141 3.55634785
v 32.52745056 62.87147141 3.55634785
v 30.1992836 62.69169998 3.55634785
v 27.89186668 62.33322144 3.55634785
v 25.61889648 61.79816055 3.55634785
v 23.39386559 61.08969879 3.55634785
v 21.22997856 60.21204376 3.55634785
v 19.14008522 59.17039871 3.55634785
v 17.13658714 57.97094727 3.55634785
v 15.23137665 56.62081528 3.55634785
v 13.43576622 55.12801361 3.55634785
v 11.76041222 53.50139999 3.55634785
v 10.2152586 51.75063324 3.55634785
v 8.80947685 49.88610458 3.55634785
v 7.55141497 47.91888046 3.55634785
v 6.44853687 45.86064529 3.55634785
v 5.50739288 43.72360611 3.55634785
v 4.73356628 41.52045441 3.55634785
v 4.13165045 39.26426697 3.55634785
v 3.70522022 36.96843719 3.55634785
v 3.45680666 34.64659119 3.55634785
v 3.38788319 32.31250763 3.55634785
v 3.49885964 29.98004913 3.55634785
v 3.78907657 27.66305542 3.55634785
v 4.25681114 25.37528229 3.55634785
v 4.8992877 23.13030815 3.55634785
v 5.71269369 20.94146156 3.55634785
v 6.69219923 18.82173157 3.55634785
v 7.83198881 16.78370285 3.55634785
v 9.12529945 14.83947182 3.55634785
v 10.56445408 13.00058174 3.55634785
v 12.14090729 11.27794552 3.55634785
v 13.84530449 9.6817894 3.55634785
v 15.66752625 8.22158718 3.55634785
v 17.59675789 6.90600634 3.55634785
v 19.62154579 5.74285889 3.55634785
v 21.72987366 4.7390461 3.55634785
v 45.6714859 4.71261501 3.54443169
v 47.78181458 5.71738005 3.54443169
v 49.80852509 6.88163185 3.54443169
v 51.73958969 8.19846058 3.54443169
v 53.5635376 9.66004848 3.54443169
v 55.26955414 11.25772095 3.54443169
v 56.84750366 12.98199177 3.54443169
v 58.2880249 14.82262802 3.54443169
v 59.58256149 16.76870346 3.54443169
v 60.72343445 18.80866814 3.54443169
v 61.70386887 20.93040848 3.54443169
v 62.51804733 23.12133408 3.54443169
v 63.16113281 25.36843872 3.54443169
v 63.62931061 27.65838242 3.54443169
v 63.91980362 29.9775753 3.54443169
v 64.03088379 32.31224823 3.54443169
v 63.9618988 34.64854431 3.54443169
v 63.71324539 36.97259521 3.54443169
v 63.28641129 39.27060699 3.54443169
v 62.68392563 41.52893448 3.54443169
v 61.90936279 43.73417664 3.54443169
v 60.96732712 45.87324524 3.54443169
v 59.86340332 47.93343735 3.54443169
v 58.60414505 49.90252304 3.54443169
v 57.19702911 51.76882172 3.54443169
v 55.6504097 53.52125168 3.54443169
v 53.97346497 55.14940643 3.54443169
v 52.17615128 56.64363098 3.54443169
v 50.26913071 57.99504471 3.54443169
v 48.26373291 59.19563293 3.54443169
v 46.17185593 60.23826599 3.54443169
v 44.0059166 61.11675644 3.54443169
v 41.77877045 61.82588959 3.54443169
v 39.50364304 62.36145782 3.54443169
v 37.19403458 62.72027588 3.54443169
v 34.86365891 62.90021896 3.54443169
v 32.5263443 62.90021896 3.54443169
v 30.19596672 62.72027588 3.54443169
v 27.88635826 62.36145782 3.54443169
v 25.61123085 61.82588959 3.54443169
v 23.38408661 61.11675644 3.54443169
v 21.21814728 60.23826599 3.54443169
v 19.12626839 59.19563293 3.54443169
v 17.12087059 57.99504471 3.54443169
v 15.21385098 56.64363098 3.54443169
v 13.41653633 55.14940643 3.54443169
v 11.7395916 53.52125168 3.54443169
v 10.19297123 51.76882172 3.54443169
v 8.7858572 49.90252304 3.54443169
v 7.52659893 47.93343735 3.54443169
v 6.42267609 45.87324524 3.54443169
v 5.48063755 43.73417664 3.54443169
v 4.70607519 41.52893448 3.54443169
v 4.10359001 39.27060699 3.54443169
v 3.67675543 36.97259521 3.54443169
v 3.42810535 34.64854431 3.54443169
v 3.35911655 32.31224823 3.54443169
v 3.4701972 29.9775753 3.54443169
v 3.76068997 27.65838242 3.54443169
v 4.22886944 25.36843872 3.54443169
v 4.87195492 23.12133408 3.54443169
v 5.68613243 20.93040848 3.54443169
v 6.66656733 18.80866814 3.54443169
v 7.80744123 16.76870346 3.54443169
v 9.10197735 14.82262802 3.54443169
v 10.54249859 12.98199177 3.54443169
v 12.12044811 11.25772095 3.54443169
v 13.8264637 9.66004848 3.54443169
v 15.65041351 8.19846058 3.54443169
v 17.58147812 6.88163185 3.54443169
v 19.60818672 5.71738005 3.54443169
v 21.7185154 4.71261501 3.54443169
v 23.89993477 3.87329984 3.54443169
v 43.4998436 3.84464312 3.53716278
v 45.68344116 4.68479633 3.53716278
v 47.79587555 5.69056368 3.53716278
v 49.82460785 6.85597944 3.53716278
v 51.75759506 8.17412186 3.53716278
v 53.58337021 9.63716793 3.53716278
v 55.2910881 11.23643494 3.53716278
v 56.8706131 12.96242714 3.53716278
v 58.31256866 14.80489922 3.53716278
v 59.60839844 16.75291824 3.53716278
v 60.75040817 18.79491615 3.53716278
v 61.73182297 20.91877556 3.53716278
v 62.54681396 23.11188889 3.53716278
v 63.19054031 25.36123657 3.53716278
v 63.65919113 27.65346527 3.53716278
v 63.94997025 29.97497368 3.53716278
v 64.06116486 32.31197739 3.53716278
v 63.99210358 34.65060425 3.53716278
v 63.74320602 36.97697449 3.53716278
v 63.31594849 39.2772789 3.53716278
v 62.71286011 41.53786087 3.53716278
v 61.93752289 43.74530411 3.53716278
v 60.99454498 45.88650513 3.53716278
v 59.88951874 47.94875336 3.53716278
v 58.62900543 49.91980743 3.53716278
v 57.22048569 51.78796768 3.53716278
v 55.67232513 53.54214478 3.53716278
v 53.99370575 55.17192841 3.53716278
v 52.19459534 56.66764069 3.53716278
v 50.28567505 58.02040482 3.53716278
v 48.27827454 59.22219086 3.53716278
v 46.1843071 60.26586533 3.53716278
v 44.01620483 61.14523315 3.53716278
v 41.78683853 61.85507202 3.53716278
v 39.50944138 62.39117432 3.53716278
v 37.19752884 62.75035095 3.53716278
v 34.8648262 62.93047714 3.53716278
v 32.525177 62.93047714 3.53716278
v 30.19247437 62.75035095 3.53716278
v 27.88056183 62.39117432 3.53716278
v 25.60316277 61.85507202 3.53716278
v 23.37379646 61.14523315 3.53716278
v 21.2056942 60.26586533 3.53716278
v 19.11172867 59.22219086 3.53716278
v 17.10432816 58.02040482 3.53716278
v 15.19540691 56.66764069 3.53716278
v 13.3962965 55.17192841 3.53716278
v 11.71767902 53.54214478 3.53716278
v 10.16951561 51.78796768 3.53716278
v 8.76099586 49.91980743 3.53716278
v 7.50048256 47.94875336 3.53716278
v 6.39545727 45.88650513 3.53716278
v 5.45247841 43.74530411 3.53716278
v 4.6771431 41.53786087 3.53716278
v 4.07405567 39.2772789 3.53716278
v 3.6467948 36.97697449 3.53716278
v 3.39789677 34.65060425 3.53716278
v 3.3288393 32.31197739 3.53716278
v 3.44003177 29.97497368 3.53716278
v 3.73081303 27.65346527 3.53716278
v 4.19946003 25.36123657 3.53716278
v 4.84318829 23.11188889 3.53716278
v 5.65817928 20.91877556 3.53716278
v 6.63959217 18.79491615 3.53716278
v 7.78160238 16.75291824 3.53716278
v 9.07743359 14.80489922 3.53716278
v 10.51939106 12.96242714 3.53716278
v 12.09891605 11.23643494 3.53716278
v 13.80663395 9.63716793 3.53716278
v 15.63240623 8.17412186 3.53716278
v 17.56539536 6.85597944 3.53716278
v 19.59412766 5.69056368 3.53716278
v 21.70656204 4.68479633 3.53716278
v 63.89618683 32.31346512 1.86714053
v 55.55292511 53.42829132 1.86714053
v 34.85847092 62.76561737 1.86714053
v 13.50657654 55.04922104 1.86714053
v 3.5624969 34.63938522 1.86714053
v 6.78657913 18.86983871 1.86714053
v 45.68344116 4.68479633 2.03227639
v 43.4998436 3.84464312 2.03227639
v 43.49006653 3.87329984 2.02500725
v 23.9319706 3.96720505 1.95292068
v 23.92544174 3.94806457 1.97659862
v 23.91779518 3.92565513 1.9968214
v 23.90922356 3.90052795 2.01309109
v 43.44658279 4.00076056 1.86732459
v 43.44893265 3.99388194 1.89760268
v 43.45277786 3.98260355 1.92637086
v 43.46456146 3.94806457 1.97659862
v 43.48077774 3.90052795 2.01309109
v 23.89993477 3.87329984 2.02500725
v 23.94107056 3.99388194 1.89760268
v 23.93722343 3.98260355 1.92637086
v 23.9434185 4.00076056 1.86732459
v 47.79587555 5.69056368 2.03227639
v 45.6714859 4.71261501 2.02500725
v 49.82460785 6.85597944 2.03227639
v 47.78181458 5.71738005 2.02500725
v 45.66012955 4.7390461 2.01309109
v 43.47220612 3.92565513 1.9968214
v 51.75759506 8.17412186 2.03227639
v 49.80852509 6.88163185 2.02500725
v 47.76845551 5.74285889 2.01309109
v 45.64964676 4.76343918 1.9968214
v 53.58337021 9.63716793 2.03227639
v 51.73958969 8.19846058 2.02500725
v 49.79324341 6.90600634 2.01309109
v 47.7561264 5.76637316 1.9968214
v 45.64030075 4.78519487 1.97659862
v 43.4580307 3.96720505 1.95292068
v 55.2910881 11.23643494 2.03227639
v 53.5635376 9.66004848 2.02500725
v 51.72247696 8.22158718 2.01309109
v 49.77914429 6.92850161 1.9968214
v 47.74513245 5.78734303 1.97659862
v 45.63231659 4.80377483 1.95292068
v 56.8706131 12.96242714 2.03227639
v 55.26955414 11.25772095 2.02500725
v 53.54469681 9.6817894 2.01309109
v 51.70668411 8.24292946 1.9968214
v 49.76656723 6.94856405 1.97659862
v 47.73574448 5.80525398 1.95292068
v 45.62589264 4.81872272 1.92637086
v 19.66734695 5.83021736 1.89760268
v 21.76881218 4.82967138 1.89760268
v 21.76410866 4.81872272 1.92637086
v 58.31256866 14.80489922 2.03227639
v 56.84750366 12.98199177 2.02500725
v 55.24909592 11.27794552 2.01309109
v 53.52730942 9.70185184 1.9968214
v 51.69260025 8.26196384 1.97659862
v 49.75582504 6.96569872 1.95292068
v 47.72818756 5.81966352 1.92637086
v 45.62118912 4.82967138 1.89760268
v 21.77168274 4.83635044 1.86732459
v 19.67073631 5.83668041 1.86713922
v 17.65302467 6.99576378 1.86713922
v 13.9146843 9.76184368 1.86713922
v 15.73053551 8.30674553 1.86713922
v 15.72619534 8.30087852 1.89760268
v 17.64914703 6.98957968 1.89760268
v 17.64281845 6.97948408 1.92637086
v 19.66181374 5.81966352 1.92637086
v 19.65425873 5.80525398 1.95292068
v 21.75768471 4.80377483 1.95292068
v 21.74970245 4.78519487 1.97659862
v 12.21624374 11.35241985 1.86713922
v 13.90990257 9.75632858 1.89760268
v 15.71910858 8.29129887 1.92637086
v 17.63417816 6.96569872 1.95292068
v 19.64486885 5.78734303 1.97659862
v 21.74035454 4.76343918 1.9968214
v 9.21115303 14.90148354 1.86732459
v 10.64529991 13.06903553 1.86714053
v 10.63973045 13.06431961 1.89760268
v 12.21105289 11.34729004 1.89760268
v 12.2025795 11.33891201 1.92637086
v 13.90209961 9.74732304 1.92637086
v 13.89144325 9.73502731 1.95292068
v 15.70942974 8.27822113 1.95292068
v 15.69740105 8.26196384 1.97659862
v 17.62343597 6.94856405 1.97659862
v 17.61085892 6.92850161 1.9968214
v 19.63387489 5.76637316 1.9968214
v 19.62154579 5.74285889 2.01309109
v 21.72987366 4.7390461 2.01309109
v 21.7185154 4.71261501 2.02500725
v 23.89015961 3.84464312 2.03227639
v 17.56539536 6.85597944 2.03227639
v 15.63240623 8.17412186 2.03227639
v 15.65041351 8.19846058 2.02500725
v 13.8264637 9.66004848 2.02500725
v 13.84530449 9.6817894 2.01309109
v 12.14090729 11.27794552 2.01309109
v 12.15978909 11.29661083 1.9968214
v 10.58471584 13.01773834 1.9968214
v 10.60278511 13.03303814 1.97659862
v 9.16601753 14.86888123 1.97659862
v 9.18241024 14.88072205 1.95292068
v 7.89210558 16.82043457 1.95292068
v 7.90598965 16.82891655 1.92637086
v 6.76946163 18.8611145 1.92637086
v 6.78007698 18.86652565 1.89760268
v 5.80376005 20.97935677 1.89760268
v 5.81047106 20.98214912 1.86732459
v 4.99993563 23.16335869 1.86713922
v 13.80663395 9.63716793 2.03227639
v 12.12044811 11.25772095 2.02500725
v 10.56445408 13.00058174 2.01309109
v 9.14682293 14.85501766 1.9968214
v 7.87485027 16.80989075 1.97659862
v 6.75496483 18.85372543 1.95292068
v 5.79275751 20.97477913 1.92637086
v 4.99300289 23.16108131 1.89760268
v 4.35970545 25.40048409 1.86713922
v 12.09891605 11.23643494 2.03227639
v 10.51939106 12.96242714 2.03227639
v 10.54249859 12.98199177 2.02500725
v 9.10197735 14.82262802 2.02500725
v 9.12529945 14.83947182 2.01309109
v 7.83198881 16.78370285 2.01309109
v 7.8546443 16.79754448 1.9968214
v 6.71585274 18.83378983 1.9968214
v 6.73694706 18.84454155 1.97659862
v 5.7590661 20.96075821 1.97659862
v 5.77773714 20.96852684 1.95292068
v 4.96622372 23.15228653 1.95292068
v 4.98167992 23.15736198 1.92637086
v 4.34104156 25.39591408 1.92637086
v 4.35261631 25.3987484 1.89760268
v 3.88640356 27.67907524 1.89760268
v 3.89360452 27.68026161 1.86714053
v 3.60437298 29.98915291 1.86732459
v 9.07743359 14.80489922 2.03227639
v 7.80744123 16.76870346 2.02500725
v 6.69219923 18.82173157 2.01309109
v 5.73720598 20.95166206 1.9968214
v 4.94700861 23.14597893 1.97659862
v 4.32523918 25.39204216 1.95292068
v 3.87464476 27.67714119 1.92637086
v 3.59713101 29.98852921 1.89760268
v 3.49381375 32.31346512 1.86713922
v 6.63959217 18.79491615 2.03227639
v 5.65817928 20.91877556 2.03227639
v 5.68613243 20.93040848 2.02500725
v 4.87195492 23.12133408 2.02500725
v 4.8992877 23.13030815 2.01309109
v 4.25681114 25.37528229 2.01309109
v 4.28259945 25.38159943 1.9968214
v 3.81527281 27.66736794 1.9968214
v 3.83863592 27.67121315 1.97659862
v 3.54890156 29.98436737 1.97659862
v 3.56904793 29.98610497 1.95292068
v 3.45833039 32.31314468 1.95292068
v 3.47460055 32.31328964 1.92637086
v 3.54332662 34.64069366 1.92637086
v 3.55521393 34.63988113 1.89760268
v 3.80282116 36.95417404 1.89760268
v 3.81001282 36.95312119 1.86732459
v 4.23498249 39.24092484 1.86713922
v 4.84318829 23.11188889 2.03227639
v 4.22886944 25.36843872 2.02500725
v 3.78907657 27.66305542 2.01309109
v 3.52531123 29.98233223 1.9968214
v 3.43810964 32.31296158 1.97659862
v 3.52709365 34.64179993 1.95292068
v 3.79102874 36.95589447 1.92637086
v 4.22786379 39.24253082 1.89760268
v 4.83479357 41.48922729 1.86713922
v 4.19946003 25.36123657 2.03227639
v 3.73081303 27.65346527 2.03227639
v 3.76068997 27.65838242 2.02500725
v 3.4701972 29.9775753 2.02500725
v 3.49885964 29.98004913 2.01309109
v 3.38788319 32.31250763 2.01309109
v 3.41443157 32.31274796 1.9968214
v 3.48329544 34.64478302 1.9968214
v 3.50691748 34.64317322 1.97659862
v 3.7549212 36.96117401 1.97659862
v 3.77493167 36.95824814 1.95292068
v 4.20036888 39.24874496 1.95292068
v 4.21623898 39.24515915 1.92637086
v 4.81643152 41.49488831 1.92637086
v 4.82781792 41.49137878 1.89760268
v 5.59912634 43.68735886 1.89760268
v 5.60591555 43.68467712 1.86713922
v 6.54377031 45.81424332 1.86713922
v 3.44003177 29.97497368 2.03227639
v 3.35911655 32.31224823 2.02500725
v 3.45680666 34.64659119 2.01309109
v 3.73149109 36.96459579 1.9968214
v 4.18064356 39.25320053 1.97659862
v 4.80088615 41.49968719 1.95292068
v 5.58804512 43.69173813 1.92637086
v 6.53720999 45.81744003 1.89760268
v 7.6427927 47.86528778 1.86713922
v 3.3288393 32.31197739 2.03227639
v 3.39789677 34.65060425 2.03227639
v 3.42810535 34.64854431 2.02500725
v 3.67675543 36.97259521 2.02500725
v 3.70522022 36.96843719 2.01309109
v 4.13165045 39.26426697 2.01309109
v 4.1575489 39.25841904 1.9968214
v 4.75893545 41.51262665 1.9968214
v 4.7815609 41.50564957 1.97659862
v 5.55410624 43.70514679 1.97659862
v 5.57291317 43.69771576 1.95292068
v 6.51187086 45.82978439 1.95292068
v 6.52649641 45.82265854 1.92637086
v 7.6262188 47.87500763 1.92637086
v 7.63649702 47.86898041 1.89760268
v 8.89046478 49.82979965 1.89760268
v 8.89645863 49.825634 1.86714053
v 10.29730225 51.68366241 1.86732459
v 3.6467948 36.97697449 2.03227639
v 4.10359001 39.27060699 2.02500725
v 4.73356628 41.52045441 2.01309109
v 5.53208399 43.71384811 1.9968214
v 6.49369144 45.83864212 1.97659862
v 7.61218357 47.88323975 1.95292068
v 8.88068199 49.83660126 1.92637086
v 10.29167175 51.68826294 1.89760268
v 11.83707809 53.42829132 1.86713922
v 4.6771431 41.53786087 2.03227639
v 5.45247841 43.74530411 2.03227639
v 5.48063755 43.73417664 2.02500725
v 6.42267609 45.87324524 2.02500725
v 6.44853687 45.86064529 2.01309109
v 7.55141497 47.91888046 2.01309109
v 7.57431602 47.90544891 1.9968214
v 8.83127785 49.87094879 1.9968214
v 8.85071754 49.85743332 1.97659862
v 10.25416851 51.71887207 1.97659862
v 10.26983547 51.70608139 1.95292068
v 11.81139755 53.45278168 1.95292068
v 11.82317162 53.44155121 1.92637086
v 13.49373341 55.06351089 1.92637086
v 13.50169849 55.05464935 1.89760268
v 15.29146576 56.54259491 1.89760268
v 15.29589462 56.5368309 1.86732459
v 17.19446182 57.88222122 1.86713922
v 6.39545727 45.88650513 2.03227639
v 7.52659893 47.93343735 2.02500725
v 8.80947685 49.88610458 2.01309109
v 10.23582554 51.73384476 1.9968214
v 11.79676151 53.46673584 1.97659862
v 13.4828577 55.07561111 1.95292068
v 15.28420639 56.55204391 1.92637086
v 17.19047546 57.88833618 1.89760268
v 19.19095612 59.07748032 1.86713922
v 7.50048256 47.94875336 2.03227639
v 8.76099586 49.91980743 2.03227639
v 8.7858572 49.90252304 2.02500725
v 10.19297123 51.76882172 2.02500725
v 10.2152586 51.75063324 2.01309109
v 11.76041222 53.50139999 2.01309109
v 11.77962494 53.483078 1.9968214
v 13.45351315 55.10826492 1.9968214
v 13.46934032 55.09065628 1.97659862
v 15.26197624 56.58098221 1.97659862
v 15.27429581 56.56494904 1.95292068
v 17.17507553 57.91194153 1.95292068
v 17.18396568 57.89831543 1.92637086
v 19.18173027 59.09433365 1.92637086
v 19.18745232 59.08388138 1.89760268
v 21.27054596 60.12213516 1.89760268
v 21.27354622 60.11548233 1.86713922
v 23.42987061 60.99007416 1.86713922
v 10.16951561 51.78796768 2.03227639
v 11.7395916 53.52125168 2.02500725
v 13.43576622 55.12801361 2.01309109
v 15.24755192 56.59976196 1.9968214
v 17.16402817 57.92887878 1.97659862
v 19.17391586 59.10860443 1.95292068
v 21.26564407 60.13299561 1.92637086
v 23.42738914 60.9969368 1.89760268
v 25.64712334 61.69605637 1.86713922
v 11.71767902 53.54214478 2.03227639
v 13.3962965 55.17192841 2.03227639
v 13.41653633 55.14940643 2.02500725
v 15.21385098 56.64363098 2.02500725
v 15.23137665 56.62081528 2.01309109
v 17.13658714 57.97094727 2.01309109
v 17.15109062 57.9487114 1.9968214
v 19.15283394 59.14710999 1.9968214
v 19.16420555 59.12634277 1.97659862
v 21.25063705 60.16625977 1.97659862
v 21.25895309 60.14782715 1.95292068
v 23.41780853 61.02344513 1.95292068
v 23.42333794 61.00814056 1.92637086
v 25.64200401 61.71457672 1.92637086
v 25.64517975 61.70309067 1.89760268
v 27.91075325 62.23640823 1.89760268
v 27.91214943 62.22924423 1.86714053
v 30.21150017 62.58650208 1.86732459
v 15.19540691 56.66764069 2.03227639
v 17.12087059 57.99504471 2.02500725
v 19.14008522 59.17039871 2.01309109
v 21.24089813 60.18784332 1.9968214
v 23.41093636 61.04246521 1.97659862
v 25.63766861 61.73025894 1.95292068
v 27.90847206 62.2481041 1.92637086
v 30.21066093 62.59371948 1.89760268
v 32.53153229 62.76561737 1.86713922
v 19.11172867 59.22219086 2.03227639
v 21.2056942 60.26586533 2.03227639
v 21.21814728 60.23826599 2.02500725
v 23.38408661 61.11675644 2.02500725
v 23.39386559 61.08969879 2.01309109
v 25.61889648 61.79816055 2.01309109
v 25.62597084 61.77257156 1.9968214
v 27.89694977 62.30715942 1.9968214
v 27.90148354 62.28392029 1.97659862
v 30.20507812 62.64180756 1.97659862
v 30.20741081 62.62171936 1.95292068
v 32.53016663 62.80107498 1.95292068
v 32.53079224 62.78481674 1.92637086
v 34.85921097 62.78481674 1.92637086
v 34.85874939 62.77291107 1.89760268
v 37.17934036 62.59371948 1.89760268
v 37.17850113 62.58650208 1.86732459
v 39.47785187 62.22924423 1.86713922
v 23.37379646 61.14523315 2.03227639
v 25.61123085 61.82588959 2.02500725
v 27.89186668 62.33322144 2.01309109
v 30.2023468 62.66532516 1.9968214
v 32.52938843 62.82128143 1.97659862
v 34.85983658 62.80107498 1.95292068
v 37.18071747 62.60555649 1.92637086
v 39.47924805 62.23640823 1.89760268
v 41.74287796 61.69605637 1.86713922
v 25.60316277 61.85507202 2.03227639
v 27.88056183 62.39117432 2.03227639
v 27.88635826 62.36145782 2.02500725
v 30.19596672 62.72027588 2.02500725
v 30.1992836 62.69169998 2.01309109
v 32.52745056 62.87147141 2.01309109
v 32.52847672 62.844944 1.9968214
v 34.86152649 62.844944 1.9968214
v 34.86061478 62.82128143 1.97659862
v 37.18492508 62.64180756 1.97659862
v 37.18259048 62.62171936 1.95292068
v 39.48464584 62.26407242 1.95292068
v 39.48152924 62.2481041 1.92637086
v 41.74799728 61.71457672 1.92637086
v 41.74482346 61.70309067 1.89760268
v 43.96261215 60.9969368 1.89760268
v 43.9601326 60.99007416 1.86713922
v 46.11645508 60.11548233 1.86713922
v 30.19247437 62.75035095 2.03227639
v 32.5263443 62.90021896 2.02500725
v 34.86254883 62.87147141 2.01309109
v 37.1876564 62.66532516 1.9968214
v 39.48851776 62.28392029 1.97659862
v 41.75233459 61.73025894 1.95292068
v 43.96666336 61.00814056 1.92637086
v 46.11945724 60.12213516 1.89760268
v 48.19904709 59.07748032 1.86713922
v 32.525177 62.93047714 2.03227639
v 34.8648262 62.93047714 2.03227639
v 34.86365891 62.90021896 2.02500725
v 37.19403458 62.72027588 2.02500725
v 37.1907196 62.69169998 2.01309109
v 39.49813461 62.33322144 2.01309109
v 39.49305344 62.30715942 1.9968214
v 41.76403046 61.77257156 1.9968214
v 41.75772095 61.74974823 1.97659862
v 43.97906494 61.04246521 1.97659862
v 43.97219467 61.02344513 1.95292068
v 46.13105011 60.14782715 1.95292068
v 46.12435913 60.13299561 1.92637086
v 48.20827103 59.09433365 1.92637086
v 48.20254898 59.08388138 1.89760268
v 50.19952774 57.88833618 1.89760268
v 50.19554138 57.88222122 1.86714053
v 52.09410858 56.5368309 1.86732459
v 37.19752884 62.75035095 2.03227639
v 39.50364304 62.36145782 2.02500725
v 41.77110672 61.79816055 2.01309109
v 43.98711395 61.0647316 1.9968214
v 46.13936615 60.16625977 1.97659862
v 48.21608734 59.10860443 1.95292068
v 50.20603561 57.89831543 1.92637086
v 52.09853745 56.54259491 1.89760268
v 53.88342667 55.04922104 1.86713922
v 41.78683853 61.85507202 2.03227639
v 44.01620483 61.14523315 2.03227639
v 44.0059166 61.11675644 2.02500725
v 46.17185593 60.23826599 2.02500725
v 46.16002274 60.21204376 2.01309109
v 48.24991989 59.17039871 2.01309109
v 48.23716736 59.14710999 1.9968214
v 50.23891068 57.9487114 1.9968214
v 50.22597504 57.92887878 1.97659862
v 52.12802505 56.58098221 1.97659862
v 52.1157074 56.56494904 1.95292068
v 53.90714645 55.07561111 1.95292068
v 53.89626694 55.06351089 1.92637086
v 55.56682968 53.44155121 1.92637086
v 55.55820465 53.43333054 1.89760268
v 57.09833145 51.68826294 1.89760268
v 57.09270096 51.68366241 1.86732459
v 58.49354172 49.825634 1.86713922
v 46.1843071 60.26586533 2.03227639
v 48.26373291 59.19563293 2.02500725
v 50.25341415 57.97094727 2.01309109
v 52.14245224 56.59976196 1.9968214
v 53.92066193 55.09065628 1.97659862
v 55.57860565 53.45278168 1.95292068
v 57.10756302 51.69579697 1.92637086
v 58.49953842 49.82979965 1.89760268
v 59.74721146 47.86528778 1.86713922
v 48.27827454 59.22219086 2.03227639
v 50.28567505 58.02040482 2.03227639
v 50.26913071 57.99504471 2.02500725
v 52.17615128 56.64363098 2.02500725
v 52.15862656 56.62081528 2.01309109
v 53.95423508 55.12801361 2.01309109
v 53.93648911 55.10826492 1.9968214
v 55.61037827 53.483078 1.9968214
v 55.59324265 53.46673584 1.97659862
v 57.13583374 51.71887207 1.97659862
v 57.12016678 51.70608139 1.95292068
v 58.52267838 49.84589005 1.95292068
v 58.50931931 49.83660126 1.92637086
v 59.7637825 47.87500763 1.92637086
v 59.75350571 47.86898041 1.89760268
v 60.85279083 45.81744003 1.89760268
v 60.84623337 45.81424332 1.86713922
v 61.78408813 43.68467712 1.86713922
v 52.19459534 56.66764069 2.03227639
v 53.97346497 55.14940643 2.02500725
v 55.62958908 53.50139999 2.01309109
v 57.15417862 51.73384476 1.9968214
v 58.53928375 49.85743332 1.97659862
v 59.77781677 47.88323975 1.95292068
v 60.86350632 45.82265854 1.92637086
v 61.79087448 43.68735886 1.89760268
v 62.55521011 41.48922729 1.86713922
v 53.99370575 55.17192841 2.03227639
v 55.67232513 53.54214478 2.03227639
v 55.6504097 53.52125168 2.02500725
v 57.19702911 51.76882172 2.02500725
v 57.17474365 51.75063324 2.01309109
v 58.58052444 49.88610458 2.01309109
v 58.55872345 49.87094879 1.9968214
v 59.81568527 47.90544891 1.9968214
v 59.79526138 47.89347076 1.97659862
v 60.89631271 45.83864212 1.97659862
v 60.87813187 45.82978439 1.95292068
v 61.81708908 43.69771576 1.95292068
v 61.80195618 43.69173813 1.92637086
v 62.57357025 41.49488831 1.92637086
v 62.56218338 41.49137878 1.89760268
v 63.16213989 39.24253082 1.89760268
v 63.15502167 39.24092484 1.86714053
v 63.57999039 36.95312119 1.86732459
v 59.88951874 47.94875336 2.03227639
v 60.99454498 45.88650513 2.03227639
v 60.96732712 45.87324524 2.02500725
v 61.90936279 43.73417664 2.02500725
v 61.88261032 43.72360611 2.01309109
v 62.65643692 41.52045441 2.01309109
v 62.63106537 41.51262665 1.9968214
v 63.23245239 39.25841904 1.9968214
v 63.20935822 39.25320053 1.97659862
v 63.63508224 36.96117401 1.97659862
v 63.61507034 36.95824814 1.95292068
v 63.86290741 34.64179993 1.95292068
v 63.84667587 34.64069366 1.92637086
v 63.91540146 32.31328964 1.92637086
v 63.90348816 32.31339645 1.89760268
v 63.79286957 29.98852921 1.89760268
v 63.78562927 29.98915291 1.86732459
v 63.49639893 27.68026161 1.86713922
v 61.93752289 43.74530411 2.03227639
v 62.68392563 41.52893448 2.02500725
v 63.25835037 39.26426697 2.01309109
v 63.65851212 36.96459579 1.9968214
v 63.88308334 34.64317322 1.97659862
v 63.93167114 32.31314468 1.95292068
v 63.80474472 29.98750496 1.92637086
v 63.50359726 27.67907524 1.89760268
v 63.03029633 25.40048409 1.86713922
v 62.71286011 41.53786087 2.03227639
v 63.31594849 39.2772789 2.03227639
v 63.28641129 39.27060699 2.02500725
v 63.71324539 36.97259521 2.02500725
v 63.68478012 36.96843719 2.01309109
v 63.93319702 34.64659119 2.01309109
v 63.90670776 34.64478302 1.9968214
v 63.97557068 32.31274796 1.9968214
v 63.95189285 32.31296158 1.97659862
v 63.8411026 29.98436737 1.97659862
v 63.82095337 29.98610497 1.95292068
v 63.53141022 27.6744976 1.95292068
v 63.51535797 27.67714119 1.92637086
v 63.04896164 25.39591408 1.92637086
v 63.03738785 25.3987484 1.89760268
v 62.39699936 23.16108131 1.89760268
v 62.39006805 23.16335869 1.86714053
v 61.57953262 20.98214912 1.86732459
v 63.74320602 36.97697449 2.03227639
v 63.9618988 34.64854431 2.02500725
v 64.00212097 32.31250763 2.01309109
v 63.86469269 29.98233223 1.9968214
v 63.5513649 27.67121315 1.97659862
v 63.06476212 25.39204216 1.95292068
v 62.40832138 23.15736198 1.92637086
v 61.58624268 20.97935677 1.89760268
v 60.60342407 18.86983871 1.86713922
v 63.99210358 34.65060425 2.03227639
v 64.06116486 32.31197739 2.03227639
v 64.03088379 32.31224823 2.02500725
v 63.91980362 29.9775753 2.02500725
v 63.8911438 29.98004913 2.01309109
v 63.60092545 27.66305542 2.01309109
v 63.57472992 27.66736794 1.9968214
v 63.1074028 25.38159943 1.9968214
v 63.08440399 25.38723183 1.97659862
v 62.44299316 23.14597893 1.97659862
v 62.42377853 23.15228653 1.95292068
v 61.61226654 20.96852684 1.95292068
v 61.59724426 20.97477913 1.92637086
v 60.62054062 18.8611145 1.92637086
v 60.60992432 18.86652565 1.89760268
v 59.47384262 16.83512878 1.89760268
v 59.46761703 16.83893394 1.86714053
v 58.17884827 14.90148354 1.86732459
v 63.65919113 27.65346527 2.03227639
v 63.19054031 25.36123657 2.03227639
v 63.16113281 25.36843872 2.02500725
v 62.51804733 23.12133408 2.02500725
v 62.49071503 23.13030815 2.01309109
v 61.67730713 20.94146156 2.01309109
v 61.6527977 20.95166206 1.9968214
v 60.67414856 18.83378983 1.9968214
v 60.65305328 18.84454155 1.97659862
v 59.51515198 16.80989075 1.97659862
v 59.4978981 16.82043457 1.95292068
v 58.20759201 14.88072205 1.95292068
v 58.19440079 14.89025021 1.92637086
v 56.75936508 13.05661869 1.92637086
v 56.75027084 13.06431961 1.89760268
v 55.17895126 11.34729004 1.89760268
v 55.17375946 11.35242176 1.86713922
v 53.47531891 9.76184368 1.86713922
v 62.54681396 23.11188889 2.03227639
v 61.70386887 20.93040848 2.02500725
v 60.6978035 18.82173157 2.01309109
v 59.53535843 16.79754448 1.9968214
v 58.22398376 14.86888123 1.97659862
v 56.77178192 13.04610634 1.95292068
v 55.18742371 11.33891201 1.92637086
v 53.48009872 9.75632858 1.89760268
v 51.65946579 8.30674553 1.86713922
v 61.73182297 20.91877556 2.03227639
v 60.75040817 18.79491615 2.03227639
v 60.72343445 18.80866814 2.02500725
v 59.58256149 16.76870346 2.02500725
v 59.55801392 16.78370285 2.01309109
v 58.26470184 14.83947182 2.01309109
v 58.24317932 14.85501766 1.9968214
v 56.80528641 13.01773834 1.9968214
v 56.78721619 13.03303814 1.97659862
v 55.21337509 11.31325817 1.97659862
v 55.19899368 11.32747364 1.95292068
v 53.49855804 9.73502731 1.95292068
v 53.48790359 9.74732304 1.92637086
v 51.67089462 8.29129887 1.92637086
v 51.66380692 8.30087852 1.89760268
v 49.74085617 6.98957968 1.89760268
v 49.73697662 6.99576378 1.86713922
v 47.71926498 5.83668041 1.86714053
v 59.60839844 16.75291824 2.03227639
v 58.2880249 14.82262802 2.02500725
v 56.82555008 13.00058174 2.01309109
v 55.23021317 11.29661083 1.9968214
v 53.51180267 9.71974659 1.97659862
v 51.68057251 8.27822113 1.95292068
v 49.74718475 6.97948408 1.92637086
v 47.72265625 5.83021736 1.89760268
v 45.61832047 4.83635044 1.86732459
v 21.70656204 4.68479633 2.03227639
v 19.60818672 5.71738005 2.02500725
v 17.59675789 6.90600634 2.01309109
v 15.68331718 8.24292946 1.9968214
v 13.87819862 9.71974659 1.97659862
v 12.19100857 11.32747364 1.95292068
v 10.63063526 13.05661869 1.92637086
v 9.20525932 14.89722729 1.89760268
v 7.92238665 16.83893394 1.86713922
v 19.59412766 5.69056368 2.03227639
v 17.58147812 6.88163185 2.02500725
v 15.66752625 8.22158718 2.01309109
v 13.86269188 9.70185184 1.9968214
v 12.17662716 11.31325817 1.97659862
v 10.61821938 13.04610634 1.95292068
v 9.19559956 14.89025021 1.92637086
v 7.9161582 16.83512878 1.89760268
v 3.486516 32.31339645 1.89760268
v 3.58525848 29.98750496 1.92637086
v 3.8585906 27.6744976 1.95292068
v 4.30559731 25.38723183 1.97659862
v 4.92451334 23.13859177 1.9968214
v 5.71269369 20.94146156 2.01309109
v 6.66656733 18.80866814 2.02500725
v 7.78160238 16.75291824 2.03227639
v 11.83179569 53.43333054 1.89760268
v 10.28244019 51.69579697 1.92637086
v 8.86732292 49.84589005 1.95292068
v 7.59473991 47.89347076 1.97659862
v 6.47240496 45.84901428 1.9968214
v 5.50739288 43.72360611 2.01309109
v 4.70607519 41.52893448 2.02500725
v 4.07405567 39.2772789 2.03227639
v 17.10432816 58.02040482 2.03227639
v 19.12626839 59.19563293 2.02500725
v 21.22997856 60.21204376 2.01309109
v 23.40288925 61.0647316 1.9968214
v 25.63228035 61.74974823 1.97659862
v 27.90535545 62.26407242 1.95292068
v 30.20928574 62.60555649 1.92637086
v 32.53125 62.77291107 1.89760268
v 39.50944138 62.39117432 2.03227639
v 41.77877045 61.82588959 2.02500725
v 43.99613571 61.08969879 2.01309109
v 46.14910507 60.18784332 1.9968214
v 48.22579575 59.12634277 1.97659862
v 50.21492767 57.91194153 1.95292068
v 52.10579681 56.55204391 1.92637086
v 53.88830566 55.05464935 1.89760268
v 57.22048569 51.78796768 2.03227639
v 58.60414505 49.90252304 2.02500725
v 59.83858871 47.91888046 2.01309109
v 60.91759872 45.84901428 1.9968214
v 61.83589554 43.70514679 1.97659862
v 62.58911514 41.49968719 1.95292068
v 63.17376328 39.24515915 1.92637086
v 63.58718109 36.95417404 1.89760268
v 63.82750702 34.63938522 1.86713922
v 58.62900543 49.91980743 2.03227639
v 59.86340332 47.93343735 2.02500725
v 60.94146347 45.86064529 2.01309109
v 61.85791779 43.71384811 1.9968214
v 62.6084404 41.50564957 1.97659862
v 63.18963242 39.24874496 1.95292068
v 63.59897232 36.95589447 1.92637086
v 63.83478928 34.63988113 1.89760268
v 63.94997025 29.97497368 2.03227639
v 63.62931061 27.65838242 2.02500725
v 63.13319016 25.37528229 2.01309109
v 62.46548843 23.13859177 1.9968214
v 61.63093567 20.96075821 1.97659862
v 60.63503647 18.85372543 1.95292068
v 59.4840126 16.82891655 1.92637086
v 58.18474197 14.89722729 1.89760268
v 56.74470139 13.06903553 1.86713922
v 42.27963257 3.65500164 0.2105753
v 42.30189514 3.70902562 0.16514026
v 42.3183403 3.7406404 0.13954914
v 42.32278442 3.74832749 0.13345818
v 42.43752289 3.87344146 0.04683621
v 42.46027756 3.88715982 0.04035258
v 42.4298172 3.84768105 0.06923755
v 42.47288132 3.89361382 0.03786385
v 42.48495102 3.89907885 0.03617327
v 42.37103653 3.81506419 0.08342287
v 42.3792305 3.82401037 0.07722597
v 42.40215683 3.84620023 0.06262283
v 42.41650391 3.85819006 0.05531288
v 42.34301758 3.77964592 0.10926684
v 42.34832764 3.78699589 0.10375538
v 42.35211945 3.7920475 0.10000891
v 25.01057053 3.8242228 0.07708021
v 25.01897049 3.81506038 0.08342613
v 24.96009636 3.84780574 0.06914558
v 24.98784447 3.8462038 0.06262143
v 24.91711998 3.89361572 0.03786338
v 24.92925072 3.88741493 0.04024571
v 24.95226288 3.87358475 0.04676241
v 24.97345734 3.85822344 0.05529309
v 25.06689453 3.74887514 0.13302639
v 25.08791733 3.70942235 0.16481313
v 25.03789139 3.79203629 0.10001659
v 25.04149246 3.78724194 0.10357168
v 25.04698563 3.77964234 0.10926963
v 25.09287453 3.69874763 0.17362867
v 25.11037254 3.65499783 0.21057878
v 24.90486717 3.89915514 0.03615278
v 42.37943268 3.8242228 5.49235916
v 42.37103271 3.81506038 5.48601294
v 42.42990494 3.84780574 5.50029373
v 42.40215683 3.8462038 5.50681782
v 42.47288132 3.89361572 5.53157568
v 42.46075058 3.88741493 5.5291934
v 42.43774033 3.87358475 5.52267694
v 42.41654587 3.85822344 5.51414585
v 42.32310867 3.74887514 5.43641281
v 42.30208588 3.70942235 5.40462589
v 42.35211182 3.79203629 5.46942234
v 42.34851074 3.78724194 5.46586752
v 42.34301758 3.77964234 5.46016932
v 42.29712677 3.69874763 5.39581013
v 42.27962875 3.65499783 5.35886049
v 25.11037064 3.65500164 5.35886383
v 25.08810806 3.70902562 5.40429878
v 25.0716629 3.7406404 5.42989016
v 25.06721878 3.74832749 5.4359808
v 24.95247841 3.87344146 5.52260303
v 24.92972374 3.88715982 5.52908659
v 24.960186 3.84768105 5.5002017
v 24.91712189 3.89361382 5.5315752
v 24.90505028 3.89907885 5.53326607
v 25.01896667 3.81506419 5.48601627
v 25.01077271 3.82401037 5.49221325
v 24.98784637 3.84620023 5.50681639
v 24.9734993 3.85819006 5.5141263
v 25.04698372 3.77964592 5.46017218
v 25.04167366 3.78699589 5.46568394
v 25.03788376 3.7920475 5.46943045
v 42.48513412 3.89915514 5.53328657
v 41.43724823 4.71450377 5.28071976
v 41.43724823 4.71450377 0.28871953
v 41.44363785 4.71339941 5.28071976
v 41.44363785 4.71339941 0.28871953
v 41.5997963 4.6726408 5.28071976
v 41.5997963 4.6726408 0.28871953
v 41.61201096 4.66828442 5.28071976
v 41.61201096 4.66828442 0.28871953
v 41.75305176 4.60417938 5.28071976
v 41.75305176 4.60417938 0.28871953
v 41.76998901 4.59461641 5.28071976
v 41.76998901 4.59461641 0.28871953
v 41.89269638 4.51104736 5.28071976
v 41.89269638 4.51104736 0.28871953
v 41.91277695 4.49463558 5.28071976
v 41.91277695 4.49463558 0.28871953
v 42.01479721 4.39587212 5.28071976
v 42.01479721 4.39587212 0.28871953
v 42.03603363 4.37137842 5.28071976
v 42.03603363 4.37137842 0.28871953
v 42.11591339 4.26189804 5.28071976
v 42.11591339 4.26189804 0.28871953
v 42.13601685 4.22859192 5.28071976
v 42.13601685 4.22859192 0.28871953
v 42.19319534 4.11289549 5.28071976
v 42.19319534 4.11289549 0.28871953
v 42.20968246 4.07061148 5.28071976
v 42.20968246 4.07061148 0.28871953
v 42.24446869 3.95306754 5.28071976
v 42.24446869 3.95306754 0.28871953
v 42.25479889 3.9022398 5.28071976
v 42.25479889 3.9022398 0.28871953
v 42.26828766 3.78691602 5.28071976
v 42.26828766 3.78691602 0.28871953
v 25.12171364 3.78691602 5.28071976
v 25.12171364 3.78691602 0.28871953
v 25.13520432 3.9022398 5.28071976
v 25.13520432 3.9022398 0.28871953
v 25.14553261 3.95306754 5.28071976
v 25.14553261 3.95306754 0.28871953
v 25.18031883 4.07061148 5.28071976
v 25.18031883 4.07061148 0.28871953
v 25.19680595 4.11289549 5.28071976
v 25.19680595 4.11289549 0.28871953
v 25.25398636 4.22859192 5.28071976
v 25.25398636 4.22859192 0.28871953
v 25.27408981 4.26189804 5.28071976
v 25.27408981 4.26189804 0.28871953
v 25.35396767 4.37137842 5.28071976
v 25.35396767 4.37137842 0.28871953
v 25.37520599 4.39587212 5.28071976
v 25.37520599 4.39587212 0.28871953
v 25.47722435 4.49463558 5.28071976
v 25.47722435 4.49463558 0.28871953
v 25.49730682 4.51104736 5.28071976
v 25.49730682 4.51104736 0.28871953
v 25.62001228 4.59461641 5.28071976
v 25.62001228 4.59461641 0.28871953
v 25.63695145 4.60417938 5.28071976
v 25.63695145 4.60417938 0.28871953
v 25.77799225 4.66828442 5.28071976
v 25.77799225 4.66828442 0.28871953
v 25.79020691 4.6726408 5.28071976
v 25.79020691 4.6726408 0.28871953
v 25.94636345 4.71339941 5.28071976
v 25.94636345 4.71339941 0.28871953
v 25.95275307 4.71450377 5.28071976
v 25.95275307 4.71450377 0.28871953
v 41.26998901 4.93848515 0.03857841
v 41.26998901 4.94285679 0.03784662
v 41.47308731 4.92575216 0.03784662
v 41.26998901 4.89571857 0.05003763
v 41.26998901 4.90410089 0.04715123
v 41.46660614 4.88754177 0.04715123
v 41.26998901 4.85559177 0.06874907
v 41.26998901 4.8672781 0.06240397
v 41.4604454 4.85123682 0.06240397
v 41.26998901 4.81932259 0.09414425
v 41.26998901 4.83329391 0.08322927
v 41.45476151 4.81773186 0.08322927
v 41.26998901 4.7880168 0.12545148
v 41.26998901 4.8029871 0.10911445
v 41.44969177 4.78785133 0.10911445
v 41.26998901 4.7626214 0.16171962
v 41.26998901 4.77710199 0.13942213
v 41.44536209 4.76233101 0.13942213
v 41.43777084 4.71758652 0.24898525
v 42.45326614 4.00116682 0.03784662
v 42.41550064 3.99246621 0.04715123
v 42.37961578 3.98419976 0.06240397
v 42.3465004 3.97657228 0.08322927
v 42.342556 3.79125404 0.10911445
v 42.29592514 3.78853083 0.17340598
v 42.31671524 3.78974533 0.13942213
v 42.31696701 3.96976805 0.10911445
v 42.2714119 3.78709841 0.24898525
v 42.24751663 3.95376968 0.24898525
v 42.19608307 4.11409903 0.24898525
v 42.11855698 4.26356506 0.24898525
v 42.01712418 4.39795876 0.24898525
v 41.89464188 4.51349449 0.24898525
v 41.75456238 4.60691738 0.24898525
v 41.60082626 4.67559338 0.24898525
v 42.28069687 3.78764057 0.21022931
v 42.25658417 3.95585775 0.21022931
v 42.20467377 4.1176734 0.21022931
v 42.12643051 4.26852703 0.21022931
v 42.02405548 4.40416861 0.21022931
v 41.9004364 4.52077579 0.21022931
v 41.75905609 4.61506271 0.21022931
v 41.60389709 4.68437576 0.21022931
v 41.43932724 4.72675991 0.21022931
v 41.26998901 4.73171854 0.24898525
v 41.26998901 4.73245049 0.24461292
v 41.26998901 4.74102259 0.21022931
v 41.26998901 4.74390936 0.20184648
v 42.27144623 3.95928335 0.17340598
v 42.21875381 4.12353516 0.17340598
v 42.13933182 4.2766614 0.17340598
v 42.03541565 4.41434622 0.17340598
v 41.909935 4.5327096 0.17340598
v 41.76642227 4.62841797 0.17340598
v 41.60892487 4.69877577 0.17340598
v 41.44187927 4.74179888 0.17340598
v 41.26998901 4.75627565 0.17340598
v 42.29174042 3.96395659 0.13942213
v 42.23797989 4.13153887 0.13942213
v 42.15694809 4.28776836 0.13942213
v 42.05092621 4.42824125 0.13942213
v 41.92290115 4.54900408 0.13942213
v 41.77648544 4.64665318 0.13942213
v 41.61579514 4.71843576 0.13942213
v 42.26187897 4.14148712 0.10911445
v 42.17884445 4.30157232 0.10911445
v 42.07020569 4.44551563 0.10911445
v 41.93902206 4.56925869 0.10911445
v 41.78898621 4.6693182 0.10911445
v 41.62433243 4.74287176 0.10911445
v 42.28985977 4.15313435 0.08322927
v 42.20448303 4.31773615 0.08322927
v 42.09278107 4.4657383 0.08322927
v 41.95789337 4.59297371 0.08322927
v 41.80362701 4.69585514 0.08322927
v 41.63432693 4.7714839 0.08322927
v 42.32123184 4.16619349 0.06240397
v 42.23323059 4.33585978 0.06240397
v 42.11809158 4.48841619 0.06240397
v 41.97905731 4.61956501 0.06240397
v 41.82004547 4.72561073 0.06240397
v 41.64553452 4.80356646 0.06240397
v 42.35522842 4.18034554 0.04715123
v 42.26438141 4.35549784 0.04715123
v 42.14551544 4.51298618 0.04715123
v 42.00198746 4.64837646 0.04715123
v 41.8378334 4.75785303 0.04715123
v 41.65768051 4.83833075 0.04715123
v 42.39100647 4.19523954 0.03784662
v 42.29716492 4.37616539 0.03784662
v 42.17438126 4.53884697 0.03784662
v 42.02611923 4.67870188 0.03784662
v 41.85655212 4.79178667 0.03784662
v 41.67046356 4.87491655 0.03784662
v 26.12001228 4.94285679 0.03784662
v 26.12001228 4.93848515 0.03857841
v 26.12001228 4.90410089 0.04715123
v 26.12001228 4.89571857 0.05003763
v 26.12001228 4.8672781 0.06240397
v 26.12001228 4.85559177 0.06874907
v 26.12001228 4.83329391 0.08322927
v 26.12001228 4.81932259 0.09414425
v 26.12001228 4.8029871 0.10911445
v 26.12001228 4.7880168 0.12545148
v 26.12001228 4.77710199 0.13942213
v 26.12001228 4.7626214 0.16171962
v 26.12001228 4.75627565 0.17340598
v 26.12001228 4.74390936 0.20184648
v 26.12001228 4.74102259 0.21022931
v 26.12001228 4.73245049 0.24461292
v 26.12001228 4.73171854 0.24898525
v 25.14248466 3.95376968 0.24898525
v 25.19391823 4.11409903 0.24898525
v 25.27144432 4.26356506 0.24898525
v 25.37287712 4.39795876 0.24898525
v 25.49535942 4.51349449 0.24898525
v 25.63544083 4.60691738 0.24898525
v 25.78917503 4.67559338 0.24898525
v 24.93673515 4.00116682 0.03784662
v 24.97450256 3.99246621 0.04715123
v 25.01038551 3.98419976 0.06240397
v 25.04350281 3.97657228 0.08322927
v 25.07303619 3.96976805 0.10911445
v 25.07328796 3.78974533 0.13942213
v 25.0474453 3.79125404 0.10911445
v 25.11859131 3.78709841 0.24898525
v 25.10930443 3.78764057 0.21022931
v 25.09407616 3.78853083 0.17340598
v 25.95223045 4.71758652 0.24898525
v 25.95067406 4.72675991 0.21022931
v 25.94463921 4.76233101 0.13942213
v 25.94812202 4.74179888 0.17340598
v 25.94030952 4.78785133 0.10911445
v 25.13341713 3.95585775 0.21022931
v 25.11855507 3.95928335 0.17340598
v 25.09826088 3.96395659 0.13942213
v 25.93523979 4.81773186 0.08322927
v 25.92955589 4.85123682 0.06240397
v 25.92339706 4.88754177 0.04715123
v 25.91691589 4.92575216 0.03784662
v 25.78610611 4.68437576 0.21022931
v 25.78107643 4.69877577 0.17340598
v 25.77420807 4.71843576 0.13942213
v 25.76567078 4.74287176 0.10911445
v 25.75567436 4.7714839 0.08322927
v 25.74446678 4.80356646 0.06240397
v 25.73232269 4.83833075 0.04715123
v 25.71953964 4.87491655 0.03784662
v 25.63094711 4.61506271 0.21022931
v 25.62357903 4.62841797 0.17340598
v 25.61351776 4.64665318 0.13942213
v 25.60101509 4.6693182 0.10911445
v 25.58637428 4.69585514 0.08322927
v 25.56995773 4.72561073 0.06240397
v 25.5521698 4.75785303 0.04715123
v 25.53344917 4.79178667 0.03784662
v 25.4895668 4.52077579 0.21022931
v 25.48006821 4.5327096 0.17340598
v 25.46710014 4.54900408 0.13942213
v 25.45098114 4.56925869 0.10911445
v 25.43210793 4.59297371 0.08322927
v 25.41094589 4.61956501 0.06240397
v 25.38801575 4.64837646 0.04715123
v 25.36388206 4.67870188 0.03784662
v 25.36594772 4.40416861 0.21022931
v 25.35458565 4.41434622 0.17340598
v 25.33907509 4.42824125 0.13942213
v 25.31979561 4.44551563 0.10911445
v 25.29722214 4.4657383 0.08322927
v 25.27191162 4.48841619 0.06240397
v 25.24448586 4.51298618 0.04715123
v 25.21562004 4.53884697 0.03784662
v 25.26357269 4.26852703 0.21022931
v 25.25067139 4.2766614 0.17340598
v 25.23305321 4.28776836 0.13942213
v 25.21115685 4.30157232 0.10911445
v 25.18551826 4.31773615 0.08322927
v 25.15677261 4.33585978 0.06240397
v 25.1256218 4.35549784 0.04715123
v 25.09283829 4.37616539 0.03784662
v 25.18532944 4.1176734 0.21022931
v 25.17124748 4.12353516 0.17340598
v 25.15202141 4.13153887 0.13942213
v 25.12812424 4.14148712 0.10911445
v 25.10014343 4.15313435 0.08322927
v 25.06876945 4.16619349 0.06240397
v 25.03477478 4.18034554 0.04715123
v 24.99899483 4.19523954 0.03784662
v 42.24751663 3.95376968 5.32045412
v 42.19608307 4.11409903 5.32045412
v 42.11855698 4.26356506 5.32045412
v 42.01712418 4.39795876 5.32045412
v 41.89464188 4.51349449 5.32045412
v 41.75456238 4.60691738 5.32045412
v 41.60082626 4.67559338 5.32045412
v 42.2714119 3.78709841 5.32045412
v 42.45326614 4.00116682 5.53159237
v 42.41550064 3.99246621 5.52228785
v 42.37961578 3.98419976 5.50703526
v 42.3465004 3.97657228 5.48620987
v 42.31696701 3.96976805 5.46032476
v 42.31671524 3.78974533 5.43001699
v 42.342556 3.79125404 5.46032476
v 42.28069687 3.78764057 5.35921001
v 42.29592514 3.78853083 5.39603329
v 41.43777084 4.71758652 5.32045412
v 41.43932724 4.72675991 5.35921001
v 41.26998901 4.74102259 5.35921001
v 41.26998901 4.73171854 5.32045412
v 41.26998901 4.73245049 5.32482624
v 41.44536209 4.76233101 5.43001699
v 41.26998901 4.7626214 5.40771961
v 41.44187927 4.74179888 5.39603329
v 41.26998901 4.75627565 5.39603329
v 41.26998901 4.74390936 5.36759281
v 41.44969177 4.78785133 5.46032476
v 41.26998901 4.7880168 5.44398785
v 41.26998901 4.77710199 5.43001699
v 42.25658417 3.95585775 5.35921001
v 42.27144623 3.95928335 5.39603329
v 42.29174042 3.96395659 5.43001699
v 41.45476151 4.81773186 5.48620987
v 41.26998901 4.81932259 5.47529459
v 41.26998901 4.8029871 5.46032476
v 41.4604454 4.85123682 5.50703526
v 41.26998901 4.85559177 5.50068998
v 41.26998901 4.83329391 5.48620987
v 41.46660614 4.88754177 5.52228785
v 41.26998901 4.89571857 5.51940155
v 41.26998901 4.8672781 5.50703526
v 41.47308731 4.92575216 5.53159237
v 41.26998901 4.93848515 5.5308609
v 41.26998901 4.90410089 5.52228785
v 41.26998901 4.94285679 5.53159237
v 41.60389709 4.68437576 5.35921001
v 41.60892487 4.69877577 5.39603329
v 41.61579514 4.71843576 5.43001699
v 41.62433243 4.74287176 5.46032476
v 41.63432693 4.7714839 5.48620987
v 41.64553452 4.80356646 5.50703526
v 41.65768051 4.83833075 5.52228785
v 41.67046356 4.87491655 5.53159237
v 41.75905609 4.61506271 5.35921001
v 41.76642227 4.62841797 5.39603329
v 41.77648544 4.64665318 5.43001699
v 41.78898621 4.6693182 5.46032476
v 41.80362701 4.69585514 5.48620987
v 41.82004547 4.72561073 5.50703526
v 41.8378334 4.75785303 5.52228785
v 41.85655212 4.79178667 5.53159237
v 41.9004364 4.52077579 5.35921001
v 41.909935 4.5327096 5.39603329
v 41.92290115 4.54900408 5.43001699
v 41.93902206 4.56925869 5.46032476
v 41.95789337 4.59297371 5.48620987
v 41.97905731 4.61956501 5.50703526
v 42.00198746 4.64837646 5.52228785
v 42.02611923 4.67870188 5.53159237
v 42.02405548 4.40416861 5.35921001
v 42.03541565 4.41434622 5.39603329
v 42.05092621 4.42824125 5.43001699
v 42.07020569 4.44551563 5.46032476
v 42.09278107 4.4657383 5.48620987
v 42.11809158 4.48841619 5.50703526
v 42.14551544 4.51298618 5.52228785
v 42.17438126 4.53884697 5.53159237
v 42.12643051 4.26852703 5.35921001
v 42.13933182 4.2766614 5.39603329
v 42.15694809 4.28776836 5.43001699
v 42.17884445 4.30157232 5.46032476
v 42.20448303 4.31773615 5.48620987
v 42.23323059 4.33585978 5.50703526
v 42.26438141 4.35549784 5.52228785
v 42.29716492 4.37616539 5.53159237
v 42.20467377 4.1176734 5.35921001
v 42.21875381 4.12353516 5.39603329
v 42.23797989 4.13153887 5.43001699
v 42.26187897 4.14148712 5.46032476
v 42.28985977 4.15313435 5.48620987
v 42.32123184 4.16619349 5.50703526
v 42.35522842 4.18034554 5.52228785
v 42.39100647 4.19523954 5.53159237
v 26.12001228 4.73171854 5.32045412
v 26.12001228 4.73245049 5.32482624
v 26.12001228 4.74102259 5.35921001
v 26.12001228 4.74390936 5.36759281
v 26.12001228 4.75627565 5.39603329
v 26.12001228 4.7626214 5.40771961
v 26.12001228 4.77710199 5.43001699
v 26.12001228 4.7880168 5.44398785
v 26.12001228 4.8029871 5.46032476
v 26.12001228 4.81932259 5.47529459
v 26.12001228 4.83329391 5.48620987
v 26.12001228 4.85559177 5.50068998
v 26.12001228 4.8672781 5.50703526
v 26.12001228 4.89571857 5.51940155
v 26.12001228 4.90410089 5.52228785
v 26.12001228 4.93848515 5.5308609
v 26.12001228 4.94285679 5.53159237
v 25.91691589 4.92575216 5.53159237
v 25.92339706 4.88754177 5.52228785
v 25.92955589 4.85123682 5.50703526
v 25.93523979 4.81773186 5.48620987
v 25.94030952 4.78785133 5.46032476
v 25.94463921 4.76233101 5.43001699
v 25.95223045 4.71758652 5.32045412
v 24.93673515 4.00116682 5.53159237
v 24.97450256 3.99246621 5.52228785
v 25.01038551 3.98419976 5.50703526
v 25.04350281 3.97657228 5.48620987
v 25.0474453 3.79125404 5.46032476
v 25.09407616 3.78853083 5.39603329
v 25.07328796 3.78974533 5.43001699
v 25.07303619 3.96976805 5.46032476
v 25.11859131 3.78709841 5.32045412
v 25.14248466 3.95376968 5.32045412
v 25.19391823 4.11409903 5.32045412
v 25.27144432 4.26356506 5.32045412
v 25.37287712 4.39795876 5.32045412
v 25.49535942 4.51349449 5.32045412
v 25.63544083 4.60691738 5.32045412
v 25.78917503 4.67559338 5.32045412
v 25.10930443 3.78764057 5.35921001
v 25.13341713 3.95585775 5.35921001
v 25.18532944 4.1176734 5.35921001
v 25.26357269 4.26852703 5.35921001
v 25.36594772 4.40416861 5.35921001
v 25.4895668 4.52077579 5.35921001
v 25.63094711 4.61506271 5.35921001
v 25.78610611 4.68437576 5.35921001
v 25.95067406 4.72675991 5.35921001
v 25.11855507 3.95928335 5.39603329
v 25.17124748 4.12353516 5.39603329
v 25.25067139 4.2766614 5.39603329
v 25.35458565 4.41434622 5.39603329
v 25.48006821 4.5327096 5.39603329
v 25.62357903 4.62841797 5.39603329
v 25.78107643 4.69877577 5.39603329
v 25.94812202 4.74179888 5.39603329
v 25.09826088 3.96395659 5.43001699
v 25.15202141 4.13153887 5.43001699
v 25.23305321 4.28776836 5.43001699
v 25.33907509 4.42824125 5.43001699
v 25.46710014 4.54900408 5.43001699
v 25.61351776 4.64665318 5.43001699
v 25.77420807 4.71843576 5.43001699
v 25.12812424 4.14148712 5.46032476
v 25.21115685 4.30157232 5.46032476
v 25.31979561 4.44551563 5.46032476
v 25.45098114 4.56925869 5.46032476
v 25.60101509 4.6693182 5.46032476
v 25.76567078 4.74287176 5.46032476
v 25.10014343 4.15313435 5.48620987
v 25.18551826 4.31773615 5.48620987
v 25.29722214 4.4657383 5.48620987
v 25.43210793 4.59297371 5.48620987
v 25.58637428 4.69585514 5.48620987
v 25.75567436 4.7714839 5.48620987
v 25.06876945 4.16619349 5.50703526
v 25.15677261 4.33585978 5.50703526
v 25.27191162 4.48841619 5.50703526
v 25.41094589 4.61956501 5.50703526
v 25.56995773 4.72561073 5.50703526
v 25.74446678 4.80356646 5.50703526
v 25.03477478 4.18034554 5.52228785
v 25.1256218 4.35549784 5.52228785
v 25.24448586 4.51298618 5.52228785
v 25.38801575 4.64837646 5.52228785
v 25.5521698 4.75785303 5.52228785
v 25.73232269 4.83833075 5.52228785
v 24.99899483 4.19523954 5.53159237
v 25.09283829 4.37616539 5.53159237
v 25.21562004 4.53884697 5.53159237
v 25.36388206 4.67870188 5.53159237
v 25.53344917 4.79178667 5.53159237
v 25.71953964 4.87491655 5.53159237
vn 1 0 0
vn -1 -0 0
vn -0.2165 -0.67862 0.70186
vn 0.21704 -0.67853 0.70177
vn -0.21557 -0.67392 0.70665
vn -0.28324 -0.64841 0.70664
vn -0.28324 -0.64842 0.70664
vn -0.34841 -0.61585 0.70664
vn -0.34841 -0.61585 0.70664
vn -0.40989 -0.57676 0.70664
vn -0.40989 -0.57676 0.70664
vn -0.46702 -0.53156 0.70664
vn -0.46702 -0.53156 0.70664
vn -0.51921 -0.48072 0.70664
vn -0.51921 -0.48072 0.70664
vn -0.56589 -0.42478 0.70664
vn -0.56588 -0.42478 0.70664
vn -0.60656 -0.36434 0.70664
vn -0.60656 -0.36434 0.70664
vn -0.64081 -0.30004 0.70664
vn -0.64082 -0.30004 0.70664
vn -0.66827 -0.23255 0.70664
vn -0.66827 -0.23255 0.70663
vn -0.68864 -0.1626 0.70663
vn -0.68864 -0.1626 0.70664
vn -0.70171 -0.09093 0.70664
vn -0.70171 -0.09093 0.70664
vn -0.70734 -0.01829 0.70664
vn -0.70734 -0.01829 0.70664
vn -0.70547 0.05454 0.70664
vn -0.70547 0.05454 0.70664
vn -0.69613 0.12679 0.70664
vn -0.69613 0.12679 0.70664
vn -0.6794 0.1977 0.70664
vn -0.6794 0.1977 0.70663
vn -0.65547 0.26651 0.70663
vn -0.65547 0.26651 0.70664
vn -0.62459 0.3325 0.70664
vn -0.62459 0.3325 0.70663
vn -0.58709 0.39496 0.70663
vn -0.58709 0.39496 0.70664
vn -0.54336 0.45324 0.70664
vn -0.54336 0.45324 0.70664
vn -0.49387 0.50671 0.70664
vn -0.49387 0.5067 0.70664
vn -0.43915 0.5548 0.70664
vn -0.43915 0.55481 0.70664
vn -0.37978 0.59702 0.70664
vn -0.37978 0.59702 0.70664
vn -0.31637 0.63291 0.70664
vn -0.31637 0.63291 0.70664
vn -0.24961 0.66209 0.70664
vn -0.24961 0.66208 0.70664
vn -0.18021 0.68424 0.70664
vn -0.18021 0.68424 0.70664
vn -0.1089 0.69914 0.70664
vn -0.1089 0.69915 0.70664
vn -0.03643 0.70664 0.70664
vn -0.03643 0.70663 0.70664
vn 0.03643 0.70663 0.70664
vn 0.03643 0.70664 0.70664
vn 0.1089 0.69915 0.70664
vn 0.1089 0.69914 0.70664
vn 0.18021 0.68424 0.70664
vn 0.18021 0.68424 0.70664
vn 0.24961 0.66208 0.70664
vn 0.24961 0.66209 0.70664
vn 0.31637 0.63291 0.70664
vn 0.31637 0.63291 0.70664
vn 0.37978 0.59702 0.70664
vn 0.37978 0.59702 0.70664
vn 0.43915 0.5548 0.70664
vn 0.43915 0.5548 0.70664
vn 0.49387 0.5067 0.70664
vn 0.49387 0.50671 0.70664
vn 0.54336 0.45324 0.70664
vn 0.54336 0.45324 0.70664
vn 0.58709 0.39496 0.70664
vn 0.58709 0.39496 0.70663
vn 0.62459 0.3325 0.70663
vn 0.62459 0.3325 0.70664
vn 0.65547 0.26651 0.70664
vn 0.65547 0.26651 0.70663
vn 0.6794 0.1977 0.70663
vn 0.6794 0.1977 0.70664
vn 0.69613 0.12679 0.70664
vn 0.69613 0.12679 0.70664
vn 0.70547 0.05454 0.70664
vn 0.70547 0.05454 0.70664
vn 0.70734 -0.01829 0.70664
vn 0.70734 -0.01829 0.70664
vn 0.70171 -0.09093 0.70664
vn 0.70171 -0.09093 0.70664
vn 0.68864 -0.1626 0.70664
vn 0.68864 -0.1626 0.70663
vn 0.66827 -0.23255 0.70663
vn 0.66827 -0.23255 0.70664
vn 0.64082 -0.30004 0.70664
vn 0.64081 -0.30003 0.70664
vn 0.60656 -0.36434 0.70664
vn 0.60656 -0.36434 0.70664
vn 0.56588 -0.42478 0.70664
vn 0.56589 -0.42478 0.70664
vn 0.51921 -0.48072 0.70664
vn 0.51921 -0.48072 0.70664
vn 0.46702 -0.53156 0.70664
vn 0.46702 -0.53156 0.70664
vn 0.40989 -0.57676 0.70664
vn 0.40989 -0.57676 0.70664
vn 0.34841 -0.61585 0.70664
vn 0.34841 -0.61585 0.70664
vn 0.28324 -0.64842 0.70664
vn 0.28324 -0.64841 0.70664
vn 0.21506 -0.6741 0.70664
vn 0.2165 -0.67862 -0.70186
vn -0.21704 -0.67853 -0.70177
vn 0.21557 -0.67392 -0.70665
vn 0.28324 -0.64841 -0.70664
vn 0.28324 -0.64842 -0.70664
vn 0.34841 -0.61585 -0.70664
vn 0.34841 -0.61585 -0.70664
vn 0.40989 -0.57676 -0.70664
vn 0.40989 -0.57676 -0.70664
vn 0.46702 -0.53156 -0.70664
vn 0.46702 -0.53156 -0.70664
vn 0.51921 -0.48072 -0.70664
vn 0.51921 -0.48072 -0.70664
vn 0.56589 -0.42478 -0.70664
vn 0.56588 -0.42478 -0.70664
vn 0.60656 -0.36434 -0.70664
vn 0.60656 -0.36434 -0.70664
vn 0.64081 -0.30004 -0.70664
vn 0.64082 -0.30004 -0.70664
vn 0.66827 -0.23255 -0.70664
vn 0.66827 -0.23255 -0.70663
vn 0.68864 -0.1626 -0.70663
vn 0.68864 -0.1626 -0.70664
vn 0.70171 -0.09093 -0.70664
vn 0.70171 -0.09093 -0.70664
vn 0.70734 -0.01829 -0.70664
vn 0.70734 -0.01829 -0.70664
vn 0.70547 0.05454 -0.70664
vn 0.70547 0.05454 -0.70664
vn 0.69613 0.12679 -0.70664
vn 0.69612 0.12679 -0.70664
vn 0.6794 0.1977 -0.70664
vn 0.6794 0.1977 -0.70663
vn 0.65547 0.26651 -0.70663
vn 0.65547 0.26651 -0.70664
vn 0.62459 0.3325 -0.70664
vn 0.62459 0.3325 -0.70663
vn 0.58709 0.39496 -0.70663
vn 0.58709 0.39496 -0.70664
vn 0.54336 0.45324 -0.70664
vn 0.54336 0.45324 -0.70664
vn 0.49387 0.50671 -0.70664
vn 0.49387 0.5067 -0.70664
vn 0.43915 0.5548 -0.70664
vn 0.43915 0.5548 -0.70664
vn 0.37978 0.59702 -0.70664
vn 0.37978 0.59702 -0.70664
vn 0.31637 0.63291 -0.70664
vn 0.31637 0.63291 -0.70664
vn 0.24961 0.66209 -0.70664
vn 0.24961 0.66208 -0.70664
vn 0.18021 0.68424 -0.70664
vn 0.18021 0.68424 -0.70664
vn 0.1089 0.69914 -0.70664
vn 0.1089 0.69915 -0.70664
vn 0.03643 0.70664 -0.70664
vn 0.03643 0.70663 -0.70664
vn -0.03643 0.70663 -0.70664
vn -0.03643 0.70664 -0.70664
vn -0.1089 0.69915 -0.70664
vn -0.1089 0.69914 -0.70664
vn -0.18021 0.68424 -0.70664
vn -0.18021 0.68424 -0.70664
vn -0.24961 0.66208 -0.70664
vn -0.24961 0.66209 -0.70664
vn -0.31637 0.63291 -0.70664
vn -0.31637 0.63291 -0.70664
vn -0.37978 0.59702 -0.70664
vn -0.37978 0.59702 -0.70664
vn -0.43915 0.5548 -0.70664
vn -0.43915 0.5548 -0.70664
vn -0.49387 0.5067 -0.70664
vn -0.49387 0.50671 -0.70664
vn -0.54336 0.45324 -0.70664
vn -0.54336 0.45324 -0.70664
vn -0.58709 0.39496 -0.70664
vn -0.58709 0.39496 -0.70663
vn -0.62459 0.3325 -0.70663
vn -0.62459 0.3325 -0.70664
vn -0.65547 0.26651 -0.70664
vn -0.65547 0.26651 -0.70663
vn -0.6794 0.1977 -0.70663
vn -0.6794 0.1977 -0.70664
vn -0.69612 0.12679 -0.70664
vn -0.69613 0.12679 -0.70664
vn -0.70547 0.05454 -0.70664
vn -0.70547 0.05454 -0.70664
vn -0.70734 -0.01829 -0.70664
vn -0.70734 -0.01829 -0.70664
vn -0.70171 -0.09093 -0.70664
vn -0.70171 -0.09093 -0.70664
vn -0.68864 -0.1626 -0.70664
vn -0.68864 -0.1626 -0.70663
vn -0.66827 -0.23255 -0.70663
vn -0.66827 -0.23255 -0.70664
vn -0.64082 -0.30004 -0.70664
vn -0.64081 -0.30003 -0.70664
vn -0.60656 -0.36434 -0.70664
vn -0.60656 -0.36434 -0.70664
vn -0.56588 -0.42478 -0.70664
vn -0.56589 -0.42478 -0.70664
vn -0.51921 -0.48072 -0.70664
vn -0.51921 -0.48072 -0.70664
vn -0.46702 -0.53156 -0.70664
vn -0.46702 -0.53156 -0.70664
vn -0.40989 -0.57676 -0.70664
vn -0.40989 -0.57676 -0.70664
vn -0.34841 -0.61585 -0.70664
vn -0.34841 -0.61585 -0.70664
vn -0.28324 -0.64842 -0.70664
vn -0.28324 -0.64841 -0.70664
vn -0.21506 -0.6741 -0.70664
vn -0 0 1
vn -0 0 -1
vn -0.30347 -0.95284 0
vn -0.35528 -0.93476 -0
vn -0.33601 -0.94149 -0.02647
vn -0.29913 -0.95421 0.00351
vn -0.39103 -0.92038 -0
vn -0.42987 -0.90287 -0.00656
vn -0.43716 -0.89917 -0.01968
vn -0.55517 -0.83174 -0
vn -0.53291 -0.8457 -0.0283
vn -0.50871 -0.86094 0
vn -0.47517 -0.8799 -0
vn -0.5868 -0.80973 -0
vn -0.62523 -0.78023 -0.01811
vn -0.62255 -0.78249 -0.01172
vn -0.65977 -0.75147 0
vn -0.70456 -0.70964 0
vn -0.68746 -0.7247 -0.047
vn -0.72698 -0.68666 0
vn -0.7529 -0.65814 0
vn -0.77785 -0.62802 -0.02322
vn -0.7875 -0.61631 -0.00086
vn -0.811 -0.58505 0
vn -0.84219 -0.53919 0
vn -0.83243 -0.55303 -0.03497
vn -0.90555 -0.42423 -0
vn -0.89585 -0.44353 -0.02707
vn -0.88092 -0.47327 0
vn -0.86203 -0.50685 -0
vn -0.92122 -0.38904 -0
vn -0.93733 -0.34833 -0.00866
vn -0.93923 -0.3428 -0.01829
vn -0.97745 -0.21116 -0
vn -0.9709 -0.2378 -0.02835
vn -0.9644 -0.26446 0
vn -0.95349 -0.30141 -0
vn -0.98486 -0.17335 -0
vn -0.99203 -0.12426 -0.02072
vn -0.99146 -0.13007 -0.00982
vn -0.99674 -0.08073 0
vn -0.99979 -0.02068 0
vn -0.99811 -0.04223 -0.0446
vn -0.99992 0.01259 0
vn -0.99869 0.0511 0
vn -0.99574 0.08893 -0.02419
vn -0.99439 0.1058 0
vn -0.98957 0.14404 0
vn -0.9803 0.19752 -0.00119
vn -0.98267 0.18252 -0.03221
vn -0.9456 0.32532 0
vn -0.9524 0.3036 -0.02753
vn -0.96202 0.27297 0
vn -0.97182 0.2357 0
vn -0.93237 0.36151 0
vn -0.91513 0.40302 -0.01087
vn -0.91363 0.40619 -0.0168
vn -0.89458 0.4469 0
vn -0.86377 0.50389 0
vn -0.87542 0.48032 -0.05421
vn -0.849 0.52839 0
vn -0.82801 0.56071 0
vn -0.79826 0.60186 -0.02344
vn -0.80335 0.59546 -0.00782
vn -0.7721 0.6355 0
vn -0.73331 0.67989 0
vn -0.74639 0.66418 -0.04219
vn -0.64064 0.76785 0
vn -0.65422 0.75589 -0.02506
vn -0.68179 0.73155 0
vn -0.70946 0.70474 0
vn -0.61057 0.79196 0
vn -0.57819 0.8159 -0.00266
vn -0.56752 0.82306 -0.02214
vn -0.45286 0.89158 0
vn -0.47389 0.88014 -0.02789
vn -0.50108 0.8654 0
vn -0.53405 0.84545 0
vn -0.41818 0.90836 0
vn -0.37582 0.9266 -0.01318
vn -0.37473 0.92701 -0.01521
vn -0.33163 0.94341 0
vn -0.27096 0.96259 0
vn -0.29464 0.9542 -0.0518
vn -0.24219 0.97023 0
vn -0.20463 0.97884 0
vn -0.15347 0.9878 -0.02626
vn -0.16389 0.98646 -0.00571
vn -0.11244 0.99366 0
vn -0.05485 0.99849 0
vn -0.07402 0.99646 -0.03978
vn 0.07408 0.99725 0
vn 0.05483 0.99816 -0.02583
vn 0.01927 0.99981 0
vn -0.01927 0.99981 -0
vn 0.11244 0.99366 0
vn 0.15352 0.98814 -0.00456
vn 0.16386 0.98626 -0.02096
vn 0.29504 0.95548 0
vn 0.27086 0.96221 -0.02814
vn 0.24219 0.97023 0
vn 0.20463 0.97884 0
vn 0.33163 0.94341 0
vn 0.37581 0.92657 -0.0156
vn 0.37474 0.92703 -0.01352
vn 0.41818 0.90836 -0
vn 0.47407 0.88049 -0
vn 0.45231 0.89049 -0.0494
vn 0.50108 0.8654 -0
vn 0.53405 0.84545 0
vn 0.57795 0.81555 -0.02919
vn 0.56766 0.82326 -0.0035
vn 0.61057 0.79196 -0
vn 0.65443 0.75613 -0
vn 0.64019 0.76731 -0.03737
vn 0.74705 0.66477 0
vn 0.73305 0.67965 -0.0265
vn 0.70946 0.70474 0
vn 0.68179 0.73155 0
vn 0.7721 0.6355 0
vn 0.79846 0.60201 -0.00656
vn 0.80322 0.59536 -0.01967
vn 0.8767 0.48103 0
vn 0.86342 0.50369 -0.0283
vn 0.849 0.52839 0
vn 0.82801 0.56071 0
vn 0.89458 0.4469 0
vn 0.91503 0.40298 -0.01811
vn 0.9137 0.40622 -0.01172
vn 0.93237 0.36151 -0
vn 0.95276 0.30371 -0
vn 0.94456 0.32496 -0.047
vn 0.96202 0.27297 0
vn 0.97182 0.2357 -0
vn 0.98003 0.19747 -0.02322
vn 0.98318 0.18262 -0.00086
vn 0.98957 0.14404 -0
vn 0.99604 0.08895 -0
vn 0.99378 0.10574 -0.03496
vn 0.99911 -0.04228 0
vn 0.99942 -0.02068 -0.02707
vn 0.99992 0.01259 0
vn 0.99869 0.0511 0
vn 0.99674 -0.08073 0
vn 0.99221 -0.12428 -0.00867
vn 0.99134 -0.13005 -0.01829
vn 0.98486 -0.17335 0
vn 0.97129 -0.2379 0
vn 0.97588 -0.21082 -0.05661
vn 0.9644 -0.26446 0
vn 0.95349 -0.30141 0
vn 0.93717 -0.34826 -0.02073
vn 0.93934 -0.34284 -0.00982
vn 0.92122 -0.38904 0
vn 0.89618 -0.44369 0
vn 0.90465 -0.42381 -0.04459
vn 0.88092 -0.47327 0
vn 0.86203 -0.50685 0
vn 0.84194 -0.53903 -0.02419
vn 0.83294 -0.55337 0
vn 0.811 -0.58505 0
vn 0.77806 -0.62819 -0.0012
vn 0.78709 -0.61599 -0.03221
vn 0.68822 -0.7255 0
vn 0.7043 -0.70937 -0.02753
vn 0.72698 -0.68666 0
vn 0.7529 -0.65814 0
vn 0.65977 -0.75147 0
vn 0.62529 -0.78032 -0.01088
vn 0.6225 -0.78244 -0.0168
vn 0.5868 -0.80973 0
vn 0.53313 -0.84603 0
vn 0.55435 -0.83052 -0.0542
vn 0.50871 -0.86094 0
vn 0.30347 -0.95284 0
vn 0.29913 -0.95421 0.00351
vn 0.35496 -0.93393 -0.04212
vn 0.33613 -0.94182 0
vn 0.39103 -0.92038 0
vn 0.43724 -0.89931 -0.00781
vn 0.42976 -0.90264 -0.02345
vn 0.47517 -0.8799 0
vn 0.35528 -0.93476 0
vn 0.33601 -0.94149 0.02647
vn 0.29913 -0.95421 -0.00351
vn 0.42987 -0.90287 0.00656
vn 0.43716 -0.89917 0.01968
vn 0.55517 -0.83174 0
vn 0.53291 -0.8457 0.0283
vn 0.62523 -0.78023 0.01811
vn 0.62255 -0.78249 0.01172
vn 0.70456 -0.70964 0
vn 0.68746 -0.7247 0.047
vn 0.77785 -0.62802 0.02322
vn 0.7875 -0.61631 0.00086
vn 0.84219 -0.53919 0
vn 0.83243 -0.55303 0.03497
vn 0.90555 -0.42423 0
vn 0.89585 -0.44353 0.02707
vn 0.93733 -0.34833 0.00866
vn 0.93923 -0.3428 0.01829
vn 0.97745 -0.21116 0
vn 0.9709 -0.2378 0.02835
vn 0.99203 -0.12426 0.02072
vn 0.99146 -0.13007 0.00982
vn 0.99979 -0.02068 0
vn 0.99811 -0.04223 0.0446
vn 0.99574 0.08893 0.02419
vn 0.99439 0.1058 0
vn 0.9803 0.19752 0.00119
vn 0.98267 0.18252 0.03221
vn 0.9456 0.32532 -0
vn 0.9524 0.3036 0.02753
vn 0.91513 0.40302 0.01087
vn 0.91363 0.40619 0.0168
vn 0.86377 0.50389 0
vn 0.87542 0.48032 0.05421
vn 0.79826 0.60186 0.02344
vn 0.80335 0.59546 0.00782
vn 0.73331 0.67989 0
vn 0.74639 0.66418 0.04219
vn 0.64064 0.76785 -0
vn 0.65422 0.75589 0.02506
vn 0.57819 0.8159 0.00266
vn 0.56752 0.82306 0.02214
vn 0.45286 0.89158 -0
vn 0.47389 0.88014 0.02789
vn 0.37582 0.9266 0.01318
vn 0.37473 0.92701 0.01521
vn 0.27096 0.96259 0
vn 0.29464 0.9542 0.0518
vn 0.15347 0.9878 0.02626
vn 0.16389 0.98646 0.00571
vn 0.05485 0.99849 0
vn 0.07402 0.99646 0.03978
vn -0.07408 0.99725 0
vn -0.05483 0.99816 0.02583
vn -0.01927 0.99981 0
vn 0.01927 0.99981 0
vn -0.15352 0.98814 0.00456
vn -0.16386 0.98626 0.02096
vn -0.29504 0.95548 0
vn -0.27086 0.96221 0.02814
vn -0.37581 0.92657 0.0156
vn -0.37474 0.92703 0.01352
vn -0.47407 0.88049 0
vn -0.45231 0.89049 0.0494
vn -0.57795 0.81555 0.02919
vn -0.56766 0.82326 0.0035
vn -0.65443 0.75613 0
vn -0.64019 0.76731 0.03737
vn -0.74705 0.66477 0
vn -0.73305 0.67965 0.0265
vn -0.79846 0.60201 0.00656
vn -0.80322 0.59536 0.01967
vn -0.8767 0.48103 0
vn -0.86342 0.50369 0.0283
vn -0.91503 0.40298 0.01811
vn -0.9137 0.40622 0.01172
vn -0.95276 0.30371 0
vn -0.94456 0.32496 0.047
vn -0.98003 0.19747 0.02322
vn -0.98318 0.18262 0.00086
vn -0.99604 0.08895 0
vn -0.99378 0.10574 0.03496
vn -0.99911 -0.04228 0
vn -0.99942 -0.02068 0.02707
vn -0.99221 -0.12428 0.00867
vn -0.99134 -0.13005 0.01829
vn -0.97129 -0.2379 -0
vn -0.97588 -0.21082 0.05661
vn -0.93717 -0.34826 0.02073
vn -0.93934 -0.34284 0.00982
vn -0.89618 -0.44369 -0
vn -0.90465 -0.42381 0.04459
vn -0.84194 -0.53903 0.02419
vn -0.83294 -0.55337 0
vn -0.77806 -0.62819 0.0012
vn -0.78709 -0.61599 0.03221
vn -0.68822 -0.7255 0
vn -0.7043 -0.70937 0.02753
vn -0.62529 -0.78032 0.01088
vn -0.6225 -0.78244 0.0168
vn -0.53313 -0.84603 -0
vn -0.55435 -0.83052 0.0542
vn -0.29913 -0.95421 -0.00351
vn -0.35496 -0.93393 0.04212
vn -0.33613 -0.94182 0
vn -0.43724 -0.89931 0.00781
vn -0.42976 -0.90264 0.02345
vn 0.99619 -0.08716 0
vn 0.96593 -0.25882 0
vn 0.90631 -0.42262 0
vn 0.81915 -0.57357 0
vn 0.70711 -0.70711 0
vn 0.57357 -0.81915 0
vn 0.42262 -0.90631 0
vn 0.25882 -0.96592 0
vn 0.08715 -0.9962 0
vn -0.08715 -0.9962 -0
vn -0.25882 -0.96592 -0
vn -0.42262 -0.90631 -0
vn -0.57357 -0.81915 -0
vn -0.70711 -0.70711 -0
vn -0.81915 -0.57357 -0
vn -0.90631 -0.42262 -0
vn -0.96593 -0.25882 -0
vn -0.99619 -0.08716 -0
vn -0.99619 0.08716 0
vn -0.96593 0.25882 0
vn -0.90631 0.42262 0
vn -0.81915 0.57358 0
vn -0.70711 0.70711 0
vn -0.57358 0.81915 0
vn -0.42262 0.90631 0
vn -0.25882 0.96593 0
vn -0.08716 0.99619 0
vn 0.08716 0.99619 0
vn 0.25882 0.96593 0
vn 0.42262 0.90631 0
vn 0.57358 0.81915 0
vn 0.70711 0.70711 0
vn 0.81915 0.57358 0
vn 0.90631 0.42262 0
vn 0.96593 0.25882 0
vn 0.99619 0.08716 0
vn 0.99619 -0.08716 0
vn 0.96593 -0.25882 0
vn 0.90631 -0.42262 0
vn 0.81915 -0.57358 0
vn 0.70711 -0.70711 0
vn 0.57358 -0.81915 0
vn 0.42262 -0.90631 0
vn 0.25882 -0.96593 0
vn 0.08715 -0.99619 0
vn -0.08715 -0.99619 -0
vn -0.25882 -0.96593 -0
vn -0.42262 -0.90631 -0
vn -0.57358 -0.81915 -0
vn -0.70711 -0.70711 -0
vn -0.81915 -0.57358 -0
vn -0.90631 -0.42262 -0
vn -0.96593 -0.25882 -0
vn -0.99619 -0.08716 -0
vn -0.99619 0.08716 0
vn -0.96593 0.25882 0
vn -0.90631 0.42262 0
vn -0.81915 0.57358 0
vn -0.70711 0.70711 0
vn -0.57358 0.81915 0
vn -0.42261 0.90631 0
vn -0.25882 0.96593 0
vn -0.08716 0.99619 0
vn 0.08716 0.99619 0
vn 0.25882 0.96593 0
vn 0.42261 0.90631 0
vn 0.57358 0.81915 0
vn 0.70711 0.70711 0
vn 0.81915 0.57358 0
vn 0.90631 0.42262 0
vn 0.96593 0.25882 0
vn 0.99619 0.08716 0
vn 0.08715 -0.99619 0
vn -0.08715 -0.99619 -0
vn -0.08716 0.99619 0
vn 0.08716 0.99619 0
vn 0 -1 0
vn 0.10109 -0.31826 0.9426
vn -0.03859 -0.1215 0.99184
vn -0.13281 -0.41777 0.89879
vn -0.21237 -0.66746 0.71372
vn -0.2699 -0.84774 0.45661
vn -0.28862 -0.90633 0.30865
vn -0.30253 -0.95009 0.07619
vn 0.12095 -0.38202 0.9162
vn 0.16891 -0.53339 0.82883
vn 0.2049 -0.64719 0.73427
vn 0.24348 -0.76962 0.59025
vn 0.26589 -0.83984 0.47326
vn 0.29661 -0.93498 0.19452
vn 0.29758 -0.94006 0.1665
vn 0.30189 -0.95324 0.01424
vn -0.30253 -0.9499 0.07848
vn -0.35418 -0.93188 0.07845
vn -0.35245 -0.91603 -0.19151
vn -0.38982 -0.91754 0.07846
vn -0.42856 -0.9001 0.0784
vn -0.42857 -0.90014 0.07793
vn -0.47372 -0.87722 0.07799
vn -0.43605 -0.75906 -0.48341
vn -0.50716 -0.85832 0.07798
vn -0.55348 -0.82921 0.07798
vn -0.50842 -0.74557 -0.43085
vn -0.58501 -0.80727 0.078
vn -0.62343 -0.77799 0.07795
vn -0.62343 -0.77799 0.07789
vn -0.65776 -0.74918 0.07794
vn -0.64999 -0.69406 -0.30951
vn -0.68613 -0.72329 0.07796
vn -0.72477 -0.68457 0.07798
vn -0.62578 -0.57268 -0.52956
vn -0.7506 -0.65613 0.078
vn -0.7851 -0.61444 0.07795
vn -0.78508 -0.61442 0.07839
vn -0.8085 -0.58324 0.07845
vn -0.8321 -0.5535 0.03541
vn -0.8304 -0.55169 0.07795
vn -0.85941 -0.50531 0.07799
vn -0.73592 -0.41157 -0.53761
vn -0.87824 -0.47182 0.07799
vn -0.9028 -0.42294 0.07797
vn -0.87817 -0.40583 -0.25323
vn -0.91838 -0.38784 0.07846
vn -0.93449 -0.34726 0.0784
vn -0.93452 -0.34728 0.07796
vn -0.95059 -0.30049 0.07802
vn -0.85383 -0.24435 -0.45963
vn -0.96147 -0.26365 0.07792
vn -0.97448 -0.21052 0.07792
vn -0.87013 -0.1779 -0.4596
vn -0.98186 -0.17282 0.078
vn -0.98923 -0.12391 0.07795
vn -0.98919 -0.1239 0.07841
vn -0.99366 -0.08048 0.07847
vn -0.96628 -0.04594 -0.25335
vn -0.99607 -0.04215 0.07795
vn -0.99688 0.01255 0.07797
vn -0.84283 0.02489 -0.53761
vn -0.99565 0.05095 0.07798
vn -0.9913 0.10605 0.07794
vn -0.99378 0.10574 0.03492
vn -0.98652 0.1436 0.07847
vn -0.98016 0.18206 0.07841
vn -0.98019 0.18206 0.07798
vn -0.96886 0.23499 0.07803
vn -0.81962 0.21866 -0.52954
vn -0.9591 0.27214 0.07795
vn -0.94273 0.32433 0.07793
vn -0.8972 0.31513 -0.30941
vn -0.92953 0.36041 0.07797
vn -0.9124 0.40182 0.07791
vn -0.9124 0.40182 0.07793
vn -0.89186 0.44554 0.07798
vn -0.7954 0.42621 -0.43091
vn -0.87404 0.47957 0.07796
vn -0.84642 0.52679 0.07797
vn -0.73748 0.47163 -0.48341
vn -0.82549 0.559 0.07799
vn -0.79605 0.60019 0.07794
vn -0.58522 0.60276 -0.5424
vn -0.79602 0.60017 0.07838
vn -0.76972 0.63354 0.07844
vn -0.73582 0.64944 -0.19181
vn -0.74478 0.66275 0.07793
vn -0.7073 0.7026 0.07796
vn -0.67971 0.72932 0.07797
vn -0.63869 0.76551 0.07793
vn -0.63861 0.76812 -0.04667
vn -0.60868 0.78952 0.0785
vn -0.5764 0.81339 0.07844
vn -0.57643 0.81342 0.07791
vn -0.53242 0.84288 0.07796
vn -0.43938 0.73392 -0.51799
vn -0.49956 0.86276 0.07799
vn -0.45148 0.88887 0.07797
vn -0.41679 0.83623 -0.35638
vn -0.41691 0.9056 0.07797
vn -0.37471 0.92386 0.07792
vn -0.37471 0.92386 0.07793
vn -0.33062 0.94054 0.07799
vn -0.2785 0.87469 -0.39669
vn -0.29414 0.95258 0.07794
vn -0.24145 0.96728 0.07796
vn -0.19807 0.84143 -0.50275
vn -0.20401 0.97586 0.07799
vn -0.15306 0.98514 0.07793
vn 0 0.8391 -0.54398
vn -0.15305 0.9851 0.07841
vn -0.11209 0.9906 0.07847
vn -0.07638 0.98949 -0.12276
vn -0.07385 0.99422 0.07794
vn -0.01921 0.99677 0.07797
vn 0.01921 0.99677 0.07798
vn 0.07385 0.99422 0.07794
vn 0.07638 0.98949 -0.12276
vn 0.11209 0.9906 0.07847
vn 0.15305 0.9851 0.07841
vn 0.15305 0.98514 0.07793
vn 0.20401 0.97586 0.07798
vn 0.19808 0.84144 -0.50274
vn 0.24145 0.96728 0.07796
vn 0.29414 0.95258 0.07794
vn 0.2785 0.87469 -0.39669
vn 0.33062 0.94054 0.07799
vn 0.37471 0.92386 0.07793
vn 0.37471 0.92386 0.07792
vn 0.41691 0.9056 0.07797
vn 0.41679 0.83623 -0.35638
vn 0.45148 0.88887 0.07797
vn 0.49956 0.86276 0.07799
vn 0.43938 0.73391 -0.518
vn 0.53242 0.84288 0.07796
vn 0.57643 0.81342 0.07791
vn 0.57641 0.81339 0.07844
vn 0.60868 0.78952 0.0785
vn 0.63861 0.76812 -0.04667
vn 0.63869 0.76551 0.07793
vn 0.67971 0.72932 0.07797
vn 0.58522 0.60276 -0.5424
vn 0.7073 0.7026 0.07796
vn 0.74478 0.66275 0.07794
vn 0.73582 0.64944 -0.19181
vn 0.76972 0.63354 0.07844
vn 0.79603 0.60016 0.07838
vn 0.79605 0.60019 0.07793
vn 0.82549 0.559 0.07799
vn 0.73749 0.47163 -0.4834
vn 0.84642 0.52679 0.07797
vn 0.87404 0.47957 0.07796
vn 0.7954 0.42621 -0.43091
vn 0.89186 0.44554 0.07798
vn 0.9124 0.40182 0.07793
vn 0.9124 0.40182 0.07791
vn 0.92953 0.36041 0.07797
vn 0.8972 0.31513 -0.30941
vn 0.94273 0.32433 0.07793
vn 0.9591 0.27214 0.07795
vn 0.8196 0.21866 -0.52957
vn 0.96887 0.23499 0.07797
vn 0.98019 0.18207 0.07793
vn 0.98016 0.18206 0.07841
vn 0.98652 0.1436 0.07847
vn 0.9937 0.10631 0.03557
vn 0.99136 0.10548 0.07793
vn 0.99565 0.05095 0.07798
vn 0.84283 0.02489 -0.53761
vn 0.99688 0.01255 0.07798
vn 0.99607 -0.04215 0.07795
vn 0.96628 -0.04594 -0.25335
vn 0.99366 -0.08048 0.07847
vn 0.98919 -0.12391 0.07841
vn 0.98923 -0.12391 0.07794
vn 0.98186 -0.17282 0.078
vn 0.87013 -0.1779 -0.45959
vn 0.97448 -0.21052 0.07792
vn 0.96147 -0.26365 0.07792
vn 0.85383 -0.24435 -0.45964
vn 0.95059 -0.30049 0.07802
vn 0.93452 -0.34727 0.07797
vn 0.93448 -0.34727 0.0784
vn 0.91838 -0.38784 0.07846
vn 0.87817 -0.40583 -0.25323
vn 0.9028 -0.42294 0.07796
vn 0.87824 -0.47182 0.07799
vn 0.73592 -0.41157 -0.53761
vn 0.85941 -0.50531 0.078
vn 0.83008 -0.55217 0.07795
vn 0.83243 -0.55304 0.03475
vn 0.8085 -0.58324 0.07845
vn 0.78507 -0.61442 0.07839
vn 0.7851 -0.61444 0.07795
vn 0.7506 -0.65613 0.078
vn 0.62579 -0.57269 -0.52954
vn 0.72477 -0.68456 0.07802
vn 0.68613 -0.72329 0.078
vn 0.64999 -0.69406 -0.3095
vn 0.65776 -0.74918 0.07794
vn 0.62343 -0.77799 0.07789
vn 0.62342 -0.77799 0.07795
vn 0.58501 -0.80727 0.078
vn 0.50842 -0.74557 -0.43085
vn 0.55348 -0.82921 0.07798
vn 0.50716 -0.85832 0.07798
vn 0.43604 -0.75906 -0.48342
vn 0.47372 -0.87722 0.07799
vn 0.42858 -0.90014 0.07794
vn 0.42856 -0.90011 0.0784
vn 0.38982 -0.91754 0.07846
vn 0.35245 -0.91603 -0.19151
vn 0.35418 -0.93188 0.07845
vn 0.30253 -0.9499 0.07848
vn 0.30216 -0.94878 0.09231
vn 0.29508 -0.92654 0.23337
vn 0.34919 -0.90756 0.23325
vn 0.34918 -0.90755 0.2333
vn 0.41801 -0.87797 0.2333
vn 0.41807 -0.87808 0.23281
vn 0.48443 -0.84328 0.23281
vn 0.48443 -0.84328 0.23282
vn 0.54791 -0.80348 0.23282
vn 0.54791 -0.80349 0.23281
vn 0.60815 -0.75892 0.23281
vn 0.60814 -0.75891 0.23285
vn 0.66476 -0.70984 0.23285
vn 0.66477 -0.70985 0.23281
vn 0.71744 -0.65656 0.23282
vn 0.71744 -0.65656 0.23282
vn 0.76586 -0.59937 0.23282
vn 0.76577 -0.59931 0.2333
vn 0.80963 -0.53858 0.2333
vn 0.80973 -0.53863 0.23284
vn 0.84879 -0.4747 0.23284
vn 0.84879 -0.4747 0.23284
vn 0.88282 -0.40794 0.23284
vn 0.88272 -0.4079 0.23328
vn 0.9115 -0.33873 0.23328
vn 0.91162 -0.33877 0.23279
vn 0.93499 -0.26758 0.23278
vn 0.93498 -0.26758 0.23283
vn 0.95281 -0.1948 0.23283
vn 0.95281 -0.1948 0.23282
vn 0.96498 -0.12086 0.23282
vn 0.96487 -0.12086 0.23327
vn 0.97131 -0.04622 0.23327
vn 0.97142 -0.04622 0.23281
vn 0.9721 0.02871 0.23281
vn 0.97208 0.0287 0.23287
vn 0.96699 0.10346 0.23287
vn 0.9669 0.10345 0.23325
vn 0.95607 0.17757 0.23325
vn 0.95617 0.1776 0.23282
vn 0.93966 0.25068 0.23282
vn 0.93964 0.25068 0.23287
vn 0.91756 0.32228 0.23286
vn 0.91756 0.32228 0.23287
vn 0.89002 0.39196 0.23287
vn 0.89003 0.39197 0.23281
vn 0.85722 0.45933 0.23281
vn 0.85721 0.45932 0.23283
vn 0.8193 0.52396 0.23283
vn 0.8193 0.52395 0.23285
vn 0.77653 0.58548 0.23284
vn 0.77645 0.58541 0.23328
vn 0.72908 0.64345 0.23328
vn 0.72916 0.64352 0.23283
vn 0.67745 0.69775 0.23283
vn 0.67745 0.69774 0.23285
vn 0.62171 0.74783 0.23286
vn 0.62165 0.74775 0.23327
vn 0.56225 0.79339 0.23326
vn 0.5623 0.79348 0.23281
vn 0.49955 0.83442 0.23281
vn 0.49955 0.83441 0.23282
vn 0.43382 0.8704 0.23282
vn 0.43383 0.8704 0.23279
vn 0.36553 0.90122 0.23279
vn 0.36553 0.90121 0.23283
vn 0.29506 0.92668 0.23282
vn 0.29506 0.92667 0.23284
vn 0.22284 0.94664 0.23284
vn 0.22284 0.94664 0.23284
vn 0.14929 0.96099 0.23284
vn 0.14928 0.96089 0.23325
vn 0.07487 0.96953 0.23325
vn 0.07487 0.96964 0.2328
vn -0 0.97252 0.2328
vn 0 0.97252 0.23281
vn -0.07488 0.96964 0.23281
vn -0.07486 0.96953 0.23325
vn -0.14928 0.96089 0.23325
vn -0.1493 0.96099 0.23283
vn -0.22284 0.94664 0.23283
vn -0.22284 0.94664 0.23284
vn -0.29506 0.92667 0.23284
vn -0.29506 0.92668 0.23282
vn -0.36553 0.90121 0.23283
vn -0.36553 0.90122 0.23279
vn -0.43383 0.8704 0.23279
vn -0.43382 0.8704 0.23282
vn -0.49955 0.83441 0.23282
vn -0.49955 0.83442 0.23282
vn -0.56231 0.79348 0.23282
vn -0.56224 0.79339 0.23326
vn -0.62165 0.74776 0.23327
vn -0.62172 0.74783 0.23285
vn -0.67745 0.69775 0.23284
vn -0.67745 0.69775 0.23284
vn -0.72916 0.64352 0.23284
vn -0.72908 0.64345 0.23328
vn -0.77645 0.58542 0.23328
vn -0.77653 0.58548 0.23284
vn -0.8193 0.52395 0.23284
vn -0.8193 0.52396 0.23283
vn -0.85721 0.45932 0.23283
vn -0.85722 0.45933 0.23281
vn -0.89003 0.39197 0.23281
vn -0.89002 0.39196 0.23287
vn -0.91756 0.32228 0.23287
vn -0.91756 0.32228 0.23286
vn -0.93964 0.25068 0.23287
vn -0.93967 0.25069 0.23278
vn -0.95618 0.17759 0.23278
vn -0.95606 0.17758 0.23325
vn -0.9669 0.10345 0.23325
vn -0.96699 0.10346 0.23287
vn -0.97209 0.0287 0.23287
vn -0.9721 0.0287 0.23282
vn -0.97142 -0.04623 0.23282
vn -0.97131 -0.04621 0.23327
vn -0.96487 -0.12085 0.23327
vn -0.96498 -0.12087 0.23281
vn -0.95281 -0.1948 0.23281
vn -0.95281 -0.1948 0.23283
vn -0.93498 -0.26758 0.23283
vn -0.93499 -0.26758 0.23279
vn -0.91161 -0.33877 0.23279
vn -0.91151 -0.33873 0.23328
vn -0.88273 -0.40789 0.23328
vn -0.88282 -0.40794 0.23283
vn -0.84879 -0.4747 0.23283
vn -0.84879 -0.4747 0.23285
vn -0.80972 -0.53864 0.23285
vn -0.80964 -0.53857 0.2333
vn -0.76577 -0.5993 0.2333
vn -0.76586 -0.59938 0.23281
vn -0.71744 -0.65656 0.23281
vn -0.71744 -0.65655 0.23285
vn -0.66476 -0.70984 0.23285
vn -0.66476 -0.70984 0.23285
vn -0.60814 -0.75891 0.23285
vn -0.60815 -0.75892 0.23281
vn -0.54791 -0.80349 0.23281
vn -0.54791 -0.80348 0.23282
vn -0.48443 -0.84328 0.23282
vn -0.48443 -0.84328 0.23282
vn -0.41806 -0.87808 0.23282
vn -0.41802 -0.87797 0.2333
vn -0.34918 -0.90755 0.2333
vn -0.34919 -0.90756 0.23325
vn -0.29512 -0.92652 0.23337
vn -0.29548 -0.92829 0.22576
vn 0.33179 -0.86235 0.38245
vn 0.33179 -0.86235 0.38245
vn 0.3972 -0.83425 0.38245
vn 0.3972 -0.83425 0.38244
vn 0.46025 -0.80119 0.38244
vn 0.46025 -0.8012 0.38242
vn 0.52057 -0.76339 0.38242
vn 0.52056 -0.76338 0.38245
vn 0.57779 -0.72104 0.38245
vn 0.57779 -0.72104 0.38243
vn 0.63159 -0.67442 0.38243
vn 0.63159 -0.67442 0.38244
vn 0.68164 -0.62379 0.38243
vn 0.68163 -0.62378 0.38247
vn 0.72763 -0.56945 0.38247
vn 0.72763 -0.56946 0.38244
vn 0.76932 -0.51175 0.38244
vn 0.76932 -0.51176 0.38242
vn 0.80644 -0.45101 0.38243
vn 0.80645 -0.45101 0.3824
vn 0.83877 -0.38759 0.3824
vn 0.83875 -0.38758 0.38246
vn 0.8661 -0.32185 0.38246
vn 0.86609 -0.32185 0.38249
vn 0.8883 -0.25422 0.38249
vn 0.88831 -0.25422 0.38245
vn 0.90525 -0.18508 0.38245
vn 0.90524 -0.18508 0.38247
vn 0.91681 -0.11484 0.38247
vn 0.91681 -0.11484 0.38245
vn 0.92293 -0.04391 0.38245
vn 0.92294 -0.04391 0.38243
vn 0.92358 0.02727 0.38243
vn 0.92359 0.02727 0.38241
vn 0.91875 0.0983 0.38241
vn 0.91872 0.09829 0.38248
vn 0.90843 0.16873 0.38248
vn 0.90843 0.16873 0.38248
vn 0.89274 0.23817 0.38248
vn 0.89276 0.23817 0.38244
vn 0.87177 0.3062 0.38244
vn 0.87178 0.3062 0.3824
vn 0.84562 0.37241 0.3824
vn 0.84559 0.3724 0.38248
vn 0.81442 0.43639 0.38248
vn 0.81443 0.4364 0.38243
vn 0.77842 0.49781 0.38243
vn 0.77842 0.49781 0.38241
vn 0.73779 0.55626 0.38242
vn 0.73778 0.55626 0.38243
vn 0.69277 0.61141 0.38243
vn 0.69276 0.6114 0.38245
vn 0.64364 0.66292 0.38245
vn 0.64364 0.66293 0.38242
vn 0.59069 0.71051 0.38242
vn 0.59069 0.7105 0.38246
vn 0.53423 0.75387 0.38246
vn 0.53424 0.75388 0.38243
vn 0.47462 0.79277 0.38243
vn 0.47462 0.79278 0.38241
vn 0.41218 0.82696 0.38241
vn 0.41217 0.82694 0.38247
vn 0.34728 0.85622 0.38247
vn 0.34729 0.85624 0.38242
vn 0.28034 0.88044 0.38241
vn 0.28033 0.88043 0.38244
vn 0.21172 0.8994 0.38244
vn 0.21172 0.8994 0.38244
vn 0.14185 0.91303 0.38244
vn 0.14185 0.91302 0.38245
vn 0.07113 0.92123 0.38245
vn 0.07113 0.92123 0.38246
vn 0 0.92397 0.38246
vn -0.07113 0.92123 0.38246
vn -0.07113 0.92123 0.38245
vn -0.14185 0.91302 0.38245
vn -0.14185 0.91303 0.38244
vn -0.21172 0.8994 0.38244
vn -0.21172 0.8994 0.38244
vn -0.28033 0.88043 0.38244
vn -0.28034 0.88044 0.38241
vn -0.34729 0.85624 0.38242
vn -0.34728 0.85622 0.38247
vn -0.41216 0.82694 0.38247
vn -0.41218 0.82696 0.38241
vn -0.47462 0.79278 0.38241
vn -0.47462 0.79277 0.38243
vn -0.53424 0.75388 0.38243
vn -0.53423 0.75387 0.38246
vn -0.59069 0.7105 0.38246
vn -0.5907 0.71051 0.38242
vn -0.64364 0.66293 0.38242
vn -0.64364 0.66292 0.38245
vn -0.69276 0.6114 0.38245
vn -0.69277 0.61141 0.38243
vn -0.73778 0.55626 0.38243
vn -0.73779 0.55626 0.38242
vn -0.77842 0.49781 0.38241
vn -0.77842 0.49781 0.38243
vn -0.81443 0.4364 0.38243
vn -0.81441 0.43639 0.38248
vn -0.84559 0.3724 0.38248
vn -0.84562 0.37241 0.3824
vn -0.87178 0.3062 0.3824
vn -0.87177 0.3062 0.38244
vn -0.89276 0.23817 0.38244
vn -0.89274 0.23817 0.38248
vn -0.90843 0.16873 0.38248
vn -0.90843 0.16873 0.38248
vn -0.91872 0.09829 0.38248
vn -0.91875 0.0983 0.38241
vn -0.92359 0.02727 0.38241
vn -0.92358 0.02727 0.38243
vn -0.92294 -0.04391 0.38243
vn -0.92293 -0.04391 0.38245
vn -0.91681 -0.11484 0.38245
vn -0.91681 -0.11484 0.38247
vn -0.90524 -0.18508 0.38247
vn -0.90525 -0.18508 0.38245
vn -0.88831 -0.25422 0.38245
vn -0.8883 -0.25422 0.38249
vn -0.86609 -0.32185 0.38249
vn -0.8661 -0.32186 0.38246
vn -0.83875 -0.38758 0.38246
vn -0.83877 -0.38759 0.3824
vn -0.80645 -0.45101 0.3824
vn -0.80644 -0.45101 0.38243
vn -0.76932 -0.51176 0.38242
vn -0.76932 -0.51175 0.38244
vn -0.72763 -0.56946 0.38244
vn -0.72763 -0.56945 0.38247
vn -0.68163 -0.62378 0.38247
vn -0.68164 -0.62379 0.38243
vn -0.63159 -0.67442 0.38244
vn -0.63159 -0.67442 0.38243
vn -0.57779 -0.72104 0.38243
vn -0.57779 -0.72104 0.38245
vn -0.52056 -0.76338 0.38245
vn -0.52057 -0.76339 0.38242
vn -0.46025 -0.8012 0.38242
vn -0.46025 -0.80119 0.38244
vn -0.3972 -0.83425 0.38244
vn -0.3972 -0.83425 0.38245
vn -0.33179 -0.86235 0.38245
vn -0.33179 -0.86235 0.38245
vn -0.28019 -0.88039 0.38262
vn -0.27981 -0.87886 0.38641
vn 0.29134 -0.91354 0.28384
vn 0.27693 -0.87177 0.40414
vn 0.28029 -0.88036 0.38262
vn 0.25868 -0.81251 0.52242
vn 0.30624 -0.79593 0.52221
vn 0.30624 -0.79594 0.52221
vn 0.36661 -0.77 0.52221
vn 0.36661 -0.76999 0.52222
vn 0.4248 -0.73948 0.52222
vn 0.4248 -0.73948 0.52221
vn 0.48047 -0.70459 0.52221
vn 0.48047 -0.70459 0.52221
vn 0.53329 -0.66551 0.52221
vn 0.53328 -0.6655 0.52223
vn 0.58293 -0.62246 0.52223
vn 0.58294 -0.62247 0.52223
vn 0.62913 -0.57574 0.52223
vn 0.62914 -0.57575 0.5222
vn 0.6716 -0.52561 0.5222
vn 0.67158 -0.52559 0.52224
vn 0.71005 -0.47233 0.52223
vn 0.71006 -0.47233 0.52223
vn 0.74431 -0.41626 0.52223
vn 0.7443 -0.41626 0.52226
vn 0.77413 -0.35772 0.52226
vn 0.77416 -0.35773 0.5222
vn 0.79941 -0.29707 0.5222
vn 0.79942 -0.29707 0.52218
vn 0.81992 -0.23465 0.52218
vn 0.8199 -0.23464 0.52222
vn 0.83553 -0.17082 0.52222
vn 0.83553 -0.17082 0.52222
vn 0.8462 -0.10599 0.52222
vn 0.84619 -0.10599 0.52224
vn 0.85183 -0.04053 0.52224
vn 0.85183 -0.04053 0.52224
vn 0.85243 0.02517 0.52224
vn 0.85243 0.02517 0.52224
vn 0.84796 0.09072 0.52224
vn 0.848 0.09073 0.52217
vn 0.8385 0.15574 0.52218
vn 0.83847 0.15574 0.52221
vn 0.824 0.21983 0.52221
vn 0.82401 0.21983 0.52219
vn 0.80464 0.28262 0.52219
vn 0.80461 0.28261 0.52223
vn 0.78047 0.34372 0.52223
vn 0.78049 0.34373 0.5222
vn 0.75171 0.40279 0.5222
vn 0.75169 0.40278 0.52224
vn 0.71845 0.45946 0.52223
vn 0.71846 0.45946 0.52222
vn 0.68095 0.51341 0.52222
vn 0.68095 0.51341 0.52222
vn 0.63941 0.56431 0.52221
vn 0.63941 0.56432 0.5222
vn 0.59407 0.61187 0.52221
vn 0.59407 0.61187 0.52221
vn 0.5452 0.65579 0.5222
vn 0.54519 0.65578 0.52222
vn 0.49309 0.69581 0.52222
vn 0.49308 0.6958 0.52224
vn 0.43805 0.7317 0.52224
vn 0.43805 0.7317 0.52224
vn 0.38042 0.76325 0.52224
vn 0.38042 0.76326 0.52222
vn 0.32053 0.79028 0.52222
vn 0.32053 0.79028 0.52222
vn 0.25874 0.81261 0.52222
vn 0.25874 0.81261 0.52222
vn 0.19541 0.83012 0.52222
vn 0.19541 0.83013 0.52221
vn 0.13092 0.84271 0.52221
vn 0.13092 0.84272 0.5222
vn 0.06566 0.85029 0.5222
vn 0.06566 0.85029 0.5222
vn 0 0.85282 0.5222
vn -0.06566 0.85029 0.5222
vn -0.06566 0.85029 0.5222
vn -0.13092 0.84272 0.5222
vn -0.13092 0.84271 0.52221
vn -0.19541 0.83013 0.52221
vn -0.19541 0.83012 0.52222
vn -0.25874 0.81261 0.52222
vn -0.25874 0.81261 0.52222
vn -0.32053 0.79028 0.52222
vn -0.32053 0.79028 0.52222
vn -0.38042 0.76326 0.52222
vn -0.38042 0.76325 0.52224
vn -0.43805 0.7317 0.52224
vn -0.43805 0.7317 0.52224
vn -0.49308 0.6958 0.52224
vn -0.49309 0.69581 0.52222
vn -0.54519 0.65578 0.52222
vn -0.5452 0.65579 0.5222
vn -0.59407 0.61187 0.52221
vn -0.59407 0.61187 0.52221
vn -0.63941 0.56432 0.5222
vn -0.63941 0.56431 0.52221
vn -0.68095 0.51341 0.52222
vn -0.68095 0.51341 0.52222
vn -0.71846 0.45946 0.52222
vn -0.71845 0.45946 0.52223
vn -0.75169 0.40278 0.52224
vn -0.75171 0.40279 0.5222
vn -0.78049 0.34372 0.5222
vn -0.78047 0.34372 0.52223
vn -0.80461 0.28261 0.52223
vn -0.80464 0.28262 0.52219
vn -0.82401 0.21983 0.52219
vn -0.824 0.21983 0.52221
vn -0.83847 0.15574 0.52221
vn -0.8385 0.15574 0.52218
vn -0.848 0.09073 0.52217
vn -0.84796 0.09072 0.52224
vn -0.85243 0.02517 0.52224
vn -0.85243 0.02517 0.52224
vn -0.85183 -0.04053 0.52224
vn -0.85183 -0.04053 0.52224
vn -0.84619 -0.10599 0.52224
vn -0.8462 -0.10599 0.52222
vn -0.83553 -0.17082 0.52222
vn -0.83553 -0.17082 0.52222
vn -0.8199 -0.23464 0.52222
vn -0.81992 -0.23465 0.52218
vn -0.79942 -0.29708 0.52218
vn -0.79941 -0.29707 0.5222
vn -0.77416 -0.35773 0.5222
vn -0.77414 -0.35772 0.52226
vn -0.7443 -0.41626 0.52226
vn -0.74431 -0.41627 0.52223
vn -0.71006 -0.47233 0.52223
vn -0.71005 -0.47233 0.52223
vn -0.67158 -0.52559 0.52224
vn -0.6716 -0.52561 0.5222
vn -0.62914 -0.57575 0.5222
vn -0.62913 -0.57574 0.52223
vn -0.58294 -0.62247 0.52223
vn -0.58293 -0.62246 0.52223
vn -0.53328 -0.6655 0.52223
vn -0.53329 -0.66551 0.52221
vn -0.48047 -0.70459 0.52221
vn -0.48047 -0.70459 0.52221
vn -0.4248 -0.73948 0.52221
vn -0.4248 -0.73948 0.52222
vn -0.36661 -0.76999 0.52222
vn -0.36661 -0.77 0.52221
vn -0.30624 -0.79594 0.52221
vn -0.30624 -0.79593 0.52221
vn -0.25855 -0.81255 0.52242
vn -0.25662 -0.80542 0.53427
vn 0.26027 -0.81975 0.51017
vn 0.23191 -0.72423 0.6494
vn 0.27314 -0.7099 0.64918
vn 0.27315 -0.70992 0.64916
vn 0.32699 -0.68678 0.64916
vn 0.32698 -0.68676 0.64918
vn 0.37888 -0.65955 0.64918
vn 0.37889 -0.65956 0.64917
vn 0.42854 -0.62843 0.64918
vn 0.42854 -0.62843 0.64918
vn 0.47565 -0.59357 0.64918
vn 0.47566 -0.59358 0.64916
vn 0.51994 -0.5552 0.64916
vn 0.51995 -0.55521 0.64914
vn 0.56115 -0.51353 0.64915
vn 0.56113 -0.51352 0.64918
vn 0.599 -0.46879 0.64918
vn 0.59901 -0.4688 0.64916
vn 0.63333 -0.42129 0.64916
vn 0.63333 -0.42129 0.64916
vn 0.66388 -0.37129 0.64916
vn 0.66387 -0.37128 0.64917
vn 0.69049 -0.31907 0.64917
vn 0.69049 -0.31907 0.64917
vn 0.713 -0.26496 0.64917
vn 0.71298 -0.26495 0.64919
vn 0.73127 -0.20928 0.64919
vn 0.7313 -0.20929 0.64916
vn 0.74524 -0.15236 0.64916
vn 0.74523 -0.15236 0.64917
vn 0.75474 -0.09454 0.64917
vn 0.75477 -0.09454 0.64914
vn 0.75981 -0.03615 0.64914
vn 0.7598 -0.03615 0.64915
vn 0.76033 0.02245 0.64915
vn 0.76031 0.02245 0.64917
vn 0.75633 0.08092 0.64917
vn 0.75633 0.08092 0.64917
vn 0.74785 0.13891 0.64917
vn 0.74786 0.13891 0.64916
vn 0.73494 0.19607 0.64916
vn 0.73493 0.19607 0.64918
vn 0.71765 0.25207 0.64918
vn 0.71768 0.25207 0.64915
vn 0.69614 0.30658 0.64915
vn 0.69613 0.30657 0.64916
vn 0.67046 0.35926 0.64916
vn 0.67046 0.35926 0.64916
vn 0.64082 0.40981 0.64916
vn 0.64079 0.40979 0.64919
vn 0.60734 0.45791 0.6492
vn 0.60735 0.45792 0.64919
vn 0.57029 0.50331 0.64919
vn 0.57028 0.50331 0.6492
vn 0.52984 0.54572 0.6492
vn 0.52985 0.54573 0.64918
vn 0.48626 0.5849 0.64919
vn 0.48629 0.58493 0.64914
vn 0.43981 0.62063 0.64914
vn 0.4398 0.62061 0.64917
vn 0.39071 0.65262 0.64917
vn 0.39072 0.65264 0.64916
vn 0.33931 0.68078 0.64916
vn 0.33931 0.68078 0.64915
vn 0.2859 0.70488 0.64915
vn 0.28589 0.70487 0.64918
vn 0.23077 0.72478 0.64918
vn 0.23078 0.72481 0.64915
vn 0.1743 0.74042 0.64915
vn 0.17429 0.74038 0.6492
vn 0.11677 0.7516 0.6492
vn 0.11677 0.75162 0.64918
vn 0.05856 0.75838 0.64918
vn 0.05856 0.75839 0.64917
vn 0 0.76064 0.64917
vn -0.05856 0.75839 0.64917
vn -0.05856 0.75838 0.64918
vn -0.11677 0.75162 0.64918
vn -0.11677 0.7516 0.6492
vn -0.17429 0.74038 0.6492
vn -0.1743 0.74042 0.64915
vn -0.23078 0.72481 0.64915
vn -0.23077 0.72478 0.64918
vn -0.28589 0.70487 0.64918
vn -0.2859 0.70488 0.64915
vn -0.33932 0.68078 0.64915
vn -0.33931 0.68078 0.64916
vn -0.39072 0.65264 0.64916
vn -0.39071 0.65262 0.64917
vn -0.4398 0.62061 0.64917
vn -0.43981 0.62063 0.64914
vn -0.48629 0.58493 0.64914
vn -0.48626 0.5849 0.64919
vn -0.52985 0.54573 0.64918
vn -0.52984 0.54572 0.6492
vn -0.57028 0.50331 0.6492
vn -0.57029 0.50331 0.64919
vn -0.60735 0.45792 0.64919
vn -0.60734 0.45791 0.6492
vn -0.64079 0.40979 0.6492
vn -0.64082 0.40981 0.64916
vn -0.67047 0.35926 0.64916
vn -0.67046 0.35926 0.64916
vn -0.69613 0.30657 0.64916
vn -0.69614 0.30658 0.64915
vn -0.71768 0.25207 0.64915
vn -0.71765 0.25207 0.64918
vn -0.73493 0.19607 0.64918
vn -0.73494 0.19607 0.64916
vn -0.74786 0.13891 0.64916
vn -0.74785 0.13891 0.64917
vn -0.75633 0.08092 0.64917
vn -0.75633 0.08092 0.64917
vn -0.76031 0.02245 0.64917
vn -0.76033 0.02245 0.64915
vn -0.7598 -0.03615 0.64915
vn -0.75981 -0.03615 0.64914
vn -0.75477 -0.09454 0.64914
vn -0.75474 -0.09454 0.64917
vn -0.74523 -0.15236 0.64917
vn -0.74524 -0.15236 0.64916
vn -0.7313 -0.20929 0.64916
vn -0.73127 -0.20928 0.64919
vn -0.71298 -0.26495 0.64919
vn -0.713 -0.26496 0.64917
vn -0.69049 -0.31907 0.64917
vn -0.69049 -0.31907 0.64917
vn -0.66387 -0.37128 0.64917
vn -0.66388 -0.37129 0.64916
vn -0.63333 -0.42129 0.64916
vn -0.63333 -0.42129 0.64916
vn -0.59901 -0.4688 0.64916
vn -0.599 -0.46879 0.64918
vn -0.56113 -0.51351 0.64918
vn -0.56115 -0.51353 0.64915
vn -0.51995 -0.55521 0.64914
vn -0.51994 -0.5552 0.64916
vn -0.47566 -0.59358 0.64916
vn -0.47565 -0.59357 0.64918
vn -0.42854 -0.62843 0.64918
vn -0.42854 -0.62843 0.64918
vn -0.37889 -0.65956 0.64917
vn -0.37888 -0.65955 0.64918
vn -0.32698 -0.68676 0.64918
vn -0.32699 -0.68678 0.64916
vn -0.27315 -0.70992 0.64916
vn -0.27314 -0.7099 0.64918
vn -0.23041 -0.72472 0.64938
vn -0.22899 -0.7197 0.65543
vn 0.22281 -0.70027 0.67822
vn 0.19694 -0.61896 0.76034
vn 0.23331 -0.60639 0.76017
vn 0.23331 -0.60637 0.76018
vn 0.2793 -0.58661 0.76018
vn 0.27931 -0.58664 0.76016
vn 0.32365 -0.5634 0.76016
vn 0.32363 -0.56337 0.76018
vn 0.36604 -0.53679 0.76018
vn 0.36605 -0.53679 0.76017
vn 0.40629 -0.50702 0.76017
vn 0.40629 -0.50701 0.76018
vn 0.44412 -0.47423 0.76017
vn 0.44412 -0.47424 0.76017
vn 0.47931 -0.43864 0.76017
vn 0.47932 -0.43865 0.76015
vn 0.51167 -0.40045 0.76015
vn 0.51166 -0.40044 0.76017
vn 0.54097 -0.35986 0.76017
vn 0.54095 -0.35985 0.76018
vn 0.56705 -0.31713 0.76018
vn 0.56708 -0.31715 0.76015
vn 0.58982 -0.27255 0.76015
vn 0.58981 -0.27254 0.76016
vn 0.60904 -0.22633 0.76016
vn 0.60905 -0.22633 0.76015
vn 0.62467 -0.17877 0.76015
vn 0.62465 -0.17876 0.76017
vn 0.63656 -0.13014 0.76017
vn 0.63656 -0.13015 0.76016
vn 0.64469 -0.08075 0.76016
vn 0.64469 -0.08075 0.76017
vn 0.64899 -0.03088 0.76017
vn 0.64897 -0.03088 0.76018
vn 0.64943 0.01918 0.76018
vn 0.64946 0.01918 0.76016
vn 0.64605 0.06912 0.76016
vn 0.64602 0.06912 0.76019
vn 0.63878 0.11865 0.76019
vn 0.63881 0.11865 0.76016
vn 0.62778 0.16748 0.76016
vn 0.62777 0.16748 0.76017
vn 0.61301 0.21531 0.76017
vn 0.613 0.21531 0.76018
vn 0.5946 0.26186 0.76018
vn 0.59461 0.26186 0.76018
vn 0.57268 0.30686 0.76018
vn 0.5727 0.30687 0.76016
vn 0.54737 0.35005 0.76016
vn 0.54738 0.35006 0.76016
vn 0.5188 0.39116 0.76016
vn 0.51879 0.39115 0.76017
vn 0.48714 0.42993 0.76017
vn 0.48714 0.42993 0.76016
vn 0.4526 0.46616 0.76016
vn 0.45261 0.46617 0.76015
vn 0.41538 0.49963 0.76015
vn 0.41536 0.49962 0.76017
vn 0.37566 0.53011 0.76017
vn 0.37567 0.53011 0.76017
vn 0.33374 0.55746 0.76017
vn 0.33374 0.55746 0.76017
vn 0.28983 0.5815 0.76017
vn 0.28983 0.5815 0.76017
vn 0.2442 0.60209 0.76017
vn 0.2442 0.60209 0.76016
vn 0.19713 0.61911 0.76016
vn 0.19712 0.61909 0.76018
vn 0.14887 0.63242 0.76018
vn 0.14888 0.63246 0.76015
vn 0.09975 0.64205 0.76015
vn 0.09975 0.64203 0.76017
vn 0.05002 0.6478 0.76017
vn 0.05002 0.64778 0.76018
vn 0 0.64971 0.76018
vn -0.05002 0.64778 0.76018
vn -0.05002 0.6478 0.76017
vn -0.09974 0.64203 0.76017
vn -0.09975 0.64205 0.76015
vn -0.14888 0.63246 0.76015
vn -0.14887 0.63242 0.76018
vn -0.19712 0.61909 0.76018
vn -0.19713 0.61911 0.76016
vn -0.2442 0.60209 0.76016
vn -0.2442 0.60209 0.76017
vn -0.28983 0.5815 0.76017
vn -0.28983 0.5815 0.76017
vn -0.33374 0.55746 0.76017
vn -0.33374 0.55746 0.76017
vn -0.37567 0.53011 0.76017
vn -0.37566 0.53011 0.76017
vn -0.41536 0.49962 0.76017
vn -0.41538 0.49963 0.76015
vn -0.45261 0.46617 0.76015
vn -0.4526 0.46616 0.76016
vn -0.48714 0.42993 0.76016
vn -0.48714 0.42993 0.76017
vn -0.51879 0.39115 0.76017
vn -0.5188 0.39116 0.76016
vn -0.54738 0.35006 0.76016
vn -0.54737 0.35005 0.76016
vn -0.5727 0.30687 0.76016
vn -0.57268 0.30686 0.76018
vn -0.59461 0.26186 0.76018
vn -0.5946 0.26186 0.76018
vn -0.613 0.21531 0.76018
vn -0.61301 0.21531 0.76017
vn -0.62777 0.16748 0.76017
vn -0.62778 0.16748 0.76016
vn -0.63881 0.11865 0.76016
vn -0.63878 0.11865 0.76019
vn -0.64602 0.06912 0.76019
vn -0.64605 0.06912 0.76016
vn -0.64946 0.01918 0.76016
vn -0.64943 0.01918 0.76018
vn -0.64897 -0.03088 0.76018
vn -0.64899 -0.03088 0.76017
vn -0.64469 -0.08075 0.76017
vn -0.64469 -0.08075 0.76016
vn -0.63656 -0.13015 0.76016
vn -0.63656 -0.13014 0.76017
vn -0.62465 -0.17876 0.76017
vn -0.62467 -0.17877 0.76015
vn -0.60905 -0.22633 0.76015
vn -0.60904 -0.22633 0.76016
vn -0.58981 -0.27254 0.76016
vn -0.58982 -0.27255 0.76015
vn -0.56708 -0.31715 0.76015
vn -0.56705 -0.31713 0.76018
vn -0.54095 -0.35984 0.76018
vn -0.54097 -0.35986 0.76017
vn -0.51166 -0.40044 0.76017
vn -0.51167 -0.40045 0.76015
vn -0.47932 -0.43865 0.76015
vn -0.47931 -0.43864 0.76017
vn -0.44412 -0.47424 0.76017
vn -0.44412 -0.47423 0.76017
vn -0.40629 -0.50701 0.76018
vn -0.40629 -0.50702 0.76017
vn -0.36605 -0.53679 0.76017
vn -0.36604 -0.53679 0.76018
vn -0.32363 -0.56337 0.76018
vn -0.32364 -0.5634 0.76016
vn -0.27931 -0.58664 0.76016
vn -0.2793 -0.58661 0.76018
vn -0.23331 -0.60637 0.76018
vn -0.23331 -0.60639 0.76017
vn -0.19668 -0.61904 0.76033
vn -0.19114 -0.59984 0.77696
vn 0.19249 -0.60602 0.77181
vn 0.15904 -0.4978 0.85259
vn 0.18773 -0.48793 0.85246
vn 0.18773 -0.48792 0.85246
vn 0.22474 -0.47202 0.85246
vn 0.22473 -0.47201 0.85247
vn 0.2604 -0.45331 0.85247
vn 0.26041 -0.45331 0.85247
vn 0.29453 -0.43192 0.85247
vn 0.29454 -0.43192 0.85246
vn 0.32692 -0.40797 0.85246
vn 0.32692 -0.40797 0.85246
vn 0.35736 -0.38159 0.85246
vn 0.35734 -0.38158 0.85247
vn 0.38566 -0.35293 0.85247
vn 0.38566 -0.35294 0.85247
vn 0.41169 -0.3222 0.85247
vn 0.41169 -0.3222 0.85247
vn 0.43527 -0.28955 0.85247
vn 0.43529 -0.28955 0.85246
vn 0.45629 -0.25518 0.85246
vn 0.45628 -0.25518 0.85247
vn 0.47457 -0.21929 0.85246
vn 0.47457 -0.21929 0.85247
vn 0.49004 -0.18211 0.85247
vn 0.49003 -0.1821 0.85248
vn 0.50259 -0.14383 0.85248
vn 0.5026 -0.14384 0.85247
vn 0.51218 -0.10471 0.85247
vn 0.5122 -0.10472 0.85246
vn 0.51874 -0.06498 0.85246
vn 0.51873 -0.06497 0.85246
vn 0.52219 -0.02485 0.85246
vn 0.5222 -0.02485 0.85246
vn 0.52256 0.01543 0.85246
vn 0.52255 0.01543 0.85247
vn 0.51981 0.05561 0.85247
vn 0.51982 0.05561 0.85247
vn 0.51399 0.09547 0.85247
vn 0.51398 0.09547 0.85247
vn 0.5051 0.13475 0.85247
vn 0.50513 0.13476 0.85246
vn 0.49325 0.17325 0.85246
vn 0.49325 0.17325 0.85246
vn 0.47845 0.21071 0.85246
vn 0.47844 0.2107 0.85247
vn 0.4608 0.24691 0.85247
vn 0.4608 0.24691 0.85247
vn 0.44042 0.28165 0.85247
vn 0.44042 0.28165 0.85247
vn 0.41743 0.31472 0.85247
vn 0.41744 0.31473 0.85246
vn 0.39197 0.34594 0.85246
vn 0.39197 0.34593 0.85246
vn 0.36417 0.37508 0.85246
vn 0.36416 0.37507 0.85247
vn 0.3342 0.40199 0.85247
vn 0.3342 0.40199 0.85248
vn 0.30226 0.42652 0.85248
vn 0.30228 0.42655 0.85246
vn 0.26854 0.44856 0.85246
vn 0.26853 0.44854 0.85247
vn 0.2332 0.46788 0.85247
vn 0.2332 0.46787 0.85247
vn 0.19649 0.48444 0.85247
vn 0.19649 0.48446 0.85246
vn 0.15861 0.49815 0.85246
vn 0.15861 0.49815 0.85246
vn 0.11979 0.50888 0.85246
vn 0.11978 0.50885 0.85248
vn 0.08025 0.51656 0.85248
vn 0.08026 0.51658 0.85247
vn 0.04025 0.52122 0.85247
vn 0.04025 0.52124 0.85246
vn 0 0.52279 0.85246
vn -0.04025 0.52124 0.85246
vn -0.04025 0.52122 0.85247
vn -0.08026 0.51658 0.85247
vn -0.08025 0.51656 0.85248
vn -0.11978 0.50885 0.85248
vn -0.11979 0.50888 0.85246
vn -0.15861 0.49815 0.85246
vn -0.15861 0.49815 0.85246
vn -0.19649 0.48446 0.85246
vn -0.19648 0.48444 0.85247
vn -0.2332 0.46787 0.85247
vn -0.2332 0.46788 0.85247
vn -0.26853 0.44854 0.85247
vn -0.26854 0.44856 0.85246
vn -0.30228 0.42655 0.85246
vn -0.30226 0.42652 0.85248
vn -0.3342 0.40199 0.85248
vn -0.3342 0.40199 0.85247
vn -0.36416 0.37507 0.85247
vn -0.36417 0.37508 0.85246
vn -0.39197 0.34593 0.85246
vn -0.39197 0.34594 0.85246
vn -0.41744 0.31473 0.85246
vn -0.41743 0.31472 0.85247
vn -0.44042 0.28165 0.85247
vn -0.44042 0.28165 0.85247
vn -0.4608 0.24691 0.85247
vn -0.4608 0.24691 0.85247
vn -0.47844 0.2107 0.85247
vn -0.47845 0.21071 0.85246
vn -0.49325 0.17325 0.85246
vn -0.49325 0.17325 0.85246
vn -0.50513 0.13476 0.85246
vn -0.5051 0.13475 0.85247
vn -0.51398 0.09547 0.85247
vn -0.51399 0.09547 0.85247
vn -0.51982 0.05561 0.85247
vn -0.51981 0.05561 0.85247
vn -0.52255 0.01543 0.85247
vn -0.52256 0.01543 0.85246
vn -0.5222 -0.02485 0.85246
vn -0.52219 -0.02485 0.85246
vn -0.51873 -0.06497 0.85246
vn -0.51874 -0.06498 0.85246
vn -0.5122 -0.10472 0.85246
vn -0.51218 -0.10471 0.85247
vn -0.5026 -0.14384 0.85247
vn -0.50259 -0.14383 0.85248
vn -0.49003 -0.1821 0.85248
vn -0.49004 -0.18211 0.85247
vn -0.47457 -0.21929 0.85247
vn -0.47457 -0.21929 0.85246
vn -0.45628 -0.25518 0.85247
vn -0.45629 -0.25518 0.85246
vn -0.43529 -0.28955 0.85246
vn -0.43527 -0.28955 0.85247
vn -0.41169 -0.3222 0.85247
vn -0.41169 -0.3222 0.85247
vn -0.38566 -0.35294 0.85247
vn -0.38566 -0.35293 0.85247
vn -0.35734 -0.38158 0.85247
vn -0.35736 -0.38159 0.85246
vn -0.32692 -0.40797 0.85246
vn -0.32692 -0.40797 0.85246
vn -0.29454 -0.43192 0.85246
vn -0.29453 -0.43192 0.85247
vn -0.26041 -0.45331 0.85247
vn -0.2604 -0.45331 0.85247
vn -0.22473 -0.47201 0.85247
vn -0.22474 -0.47202 0.85246
vn -0.18773 -0.48792 0.85246
vn -0.18773 -0.48793 0.85246
vn -0.15807 -0.49812 0.85258
vn -0.15472 -0.48668 0.85977
vn 0.14363 -0.45179 0.88049
vn 0.11596 -0.36476 0.92385
vn 0.1375 -0.35738 0.92378
vn 0.13751 -0.35739 0.92378
vn 0.16461 -0.34574 0.92378
vn 0.16461 -0.34574 0.92378
vn 0.19074 -0.33204 0.92378
vn 0.19074 -0.33204 0.92378
vn 0.21574 -0.31637 0.92378
vn 0.21573 -0.31636 0.92378
vn 0.23945 -0.29881 0.92378
vn 0.23945 -0.29882 0.92378
vn 0.26175 -0.2795 0.92378
vn 0.26175 -0.2795 0.92378
vn 0.28249 -0.25852 0.92378
vn 0.28249 -0.25852 0.92378
vn 0.30156 -0.23601 0.92378
vn 0.30155 -0.236 0.92378
vn 0.31882 -0.21208 0.92378
vn 0.31883 -0.21209 0.92378
vn 0.33421 -0.18691 0.92378
vn 0.3342 -0.18691 0.92378
vn 0.3476 -0.16062 0.92378
vn 0.3476 -0.16062 0.92378
vn 0.35893 -0.13338 0.92378
vn 0.35894 -0.13339 0.92378
vn 0.36815 -0.10536 0.92378
vn 0.36815 -0.10536 0.92378
vn 0.37517 -0.0767 0.92378
vn 0.37516 -0.0767 0.92378
vn 0.37995 -0.04759 0.92378
vn 0.37995 -0.04759 0.92378
vn 0.38248 -0.0182 0.92378
vn 0.3825 -0.0182 0.92378
vn 0.38276 0.0113 0.92378
vn 0.38276 0.0113 0.92378
vn 0.38075 0.04074 0.92378
vn 0.38076 0.04074 0.92377
vn 0.3765 0.06993 0.92377
vn 0.37649 0.06993 0.92378
vn 0.36999 0.09871 0.92378
vn 0.36997 0.0987 0.92378
vn 0.36128 0.12689 0.92378
vn 0.36129 0.1269 0.92378
vn 0.35045 0.15434 0.92378
vn 0.35045 0.15434 0.92378
vn 0.33753 0.18086 0.92378
vn 0.33752 0.18085 0.92378
vn 0.32259 0.2063 0.92378
vn 0.32261 0.20631 0.92378
vn 0.30576 0.23053 0.92378
vn 0.30576 0.23053 0.92378
vn 0.28711 0.25339 0.92378
vn 0.2871 0.25339 0.92378
vn 0.26674 0.27474 0.92378
vn 0.26675 0.27474 0.92378
vn 0.2448 0.29446 0.92378
vn 0.2448 0.29446 0.92378
vn 0.2214 0.31243 0.92378
vn 0.2214 0.31243 0.92378
vn 0.19669 0.32855 0.92378
vn 0.1967 0.32855 0.92378
vn 0.17082 0.34272 0.92378
vn 0.17082 0.34272 0.92378
vn 0.14393 0.35485 0.92378
vn 0.14392 0.35484 0.92378
vn 0.11617 0.36486 0.92378
vn 0.11617 0.36486 0.92378
vn 0.08774 0.37273 0.92378
vn 0.08774 0.37274 0.92378
vn 0.05879 0.37839 0.92378
vn 0.05879 0.37838 0.92378
vn 0.02948 0.38178 0.92378
vn 0.02948 0.3818 0.92378
vn 0 0.38293 0.92378
vn -0.02948 0.3818 0.92378
vn -0.02948 0.38178 0.92378
vn -0.05879 0.37838 0.92378
vn -0.05879 0.37839 0.92378
vn -0.08774 0.37274 0.92378
vn -0.08774 0.37273 0.92378
vn -0.11617 0.36486 0.92378
vn -0.11617 0.36486 0.92378
vn -0.14392 0.35484 0.92378
vn -0.14393 0.35485 0.92378
vn -0.17082 0.34272 0.92378
vn -0.17082 0.34272 0.92378
vn -0.1967 0.32855 0.92378
vn -0.19669 0.32855 0.92378
vn -0.2214 0.31243 0.92378
vn -0.2214 0.31243 0.92378
vn -0.2448 0.29446 0.92378
vn -0.2448 0.29446 0.92378
vn -0.26675 0.27474 0.92378
vn -0.26674 0.27474 0.92378
vn -0.2871 0.25339 0.92378
vn -0.28711 0.25339 0.92378
vn -0.30576 0.23053 0.92378
vn -0.30576 0.23053 0.92378
vn -0.32261 0.20631 0.92378
vn -0.32259 0.2063 0.92378
vn -0.33752 0.18085 0.92378
vn -0.33753 0.18086 0.92378
vn -0.35045 0.15434 0.92378
vn -0.35045 0.15434 0.92378
vn -0.36129 0.1269 0.92378
vn -0.36128 0.12689 0.92378
vn -0.36997 0.0987 0.92378
vn -0.36999 0.09871 0.92378
vn -0.37649 0.06993 0.92378
vn -0.3765 0.06993 0.92377
vn -0.38076 0.04074 0.92377
vn -0.38075 0.04074 0.92378
vn -0.38276 0.0113 0.92378
vn -0.38276 0.0113 0.92378
vn -0.3825 -0.0182 0.92378
vn -0.38248 -0.0182 0.92378
vn -0.37995 -0.04759 0.92378
vn -0.37995 -0.04759 0.92378
vn -0.37516 -0.0767 0.92378
vn -0.37517 -0.0767 0.92378
vn -0.36815 -0.10536 0.92378
vn -0.36815 -0.10536 0.92378
vn -0.35894 -0.13339 0.92378
vn -0.35893 -0.13338 0.92378
vn -0.3476 -0.16062 0.92378
vn -0.3476 -0.16062 0.92378
vn -0.3342 -0.18691 0.92378
vn -0.33421 -0.18691 0.92378
vn -0.31883 -0.21209 0.92378
vn -0.31882 -0.21208 0.92378
vn -0.30155 -0.236 0.92378
vn -0.30156 -0.23601 0.92378
vn -0.28249 -0.25852 0.92378
vn -0.28249 -0.25852 0.92378
vn -0.26175 -0.2795 0.92378
vn -0.26175 -0.2795 0.92378
vn -0.23945 -0.29882 0.92378
vn -0.23945 -0.29881 0.92378
vn -0.21573 -0.31636 0.92378
vn -0.21574 -0.31637 0.92378
vn -0.19074 -0.33204 0.92378
vn -0.19074 -0.33204 0.92378
vn -0.16461 -0.34574 0.92378
vn -0.16461 -0.34574 0.92378
vn -0.13751 -0.35739 0.92378
vn -0.1375 -0.35738 0.92378
vn -0.1156 -0.36488 0.92385
vn -0.10387 -0.32531 0.93989
vn 0.07458 -0.23417 0.96933
vn 0.07059 -0.22257 0.97236
vn 0.08389 -0.21802 0.97233
vn 0.08389 -0.21803 0.97233
vn 0.10042 -0.21092 0.97233
vn 0.10042 -0.21092 0.97233
vn 0.11636 -0.20256 0.97233
vn 0.11637 -0.20257 0.97233
vn 0.13162 -0.19301 0.97233
vn 0.13162 -0.19301 0.97233
vn 0.14609 -0.18231 0.97233
vn 0.14608 -0.1823 0.97233
vn 0.15968 -0.17051 0.97233
vn 0.15968 -0.17051 0.97233
vn 0.17234 -0.15771 0.97233
vn 0.17234 -0.15771 0.97233
vn 0.18397 -0.14397 0.97233
vn 0.18397 -0.14398 0.97233
vn 0.19451 -0.12939 0.97233
vn 0.1945 -0.12938 0.97233
vn 0.20388 -0.11402 0.97233
vn 0.20389 -0.11403 0.97233
vn 0.21207 -0.09799 0.97233
vn 0.21207 -0.098 0.97233
vn 0.21899 -0.08138 0.97233
vn 0.21898 -0.08138 0.97233
vn 0.22459 -0.06427 0.97233
vn 0.22459 -0.06427 0.97233
vn 0.22887 -0.04679 0.97233
vn 0.22887 -0.04679 0.97233
vn 0.23179 -0.02903 0.97233
vn 0.2318 -0.02903 0.97233
vn 0.23335 -0.0111 0.97233
vn 0.23334 -0.0111 0.97233
vn 0.2335 0.0069 0.97233
vn 0.2335 0.0069 0.97233
vn 0.23228 0.02485 0.97233
vn 0.23228 0.02485 0.97233
vn 0.22967 0.04266 0.97233
vn 0.22968 0.04266 0.97233
vn 0.22571 0.06022 0.97233
vn 0.22571 0.06022 0.97233
vn 0.22041 0.07742 0.97233
vn 0.22041 0.07741 0.97233
vn 0.21379 0.09415 0.97233
vn 0.2138 0.09416 0.97233
vn 0.20592 0.11034 0.97233
vn 0.20592 0.11034 0.97233
vn 0.19681 0.12586 0.97233
vn 0.1968 0.12586 0.97233
vn 0.18653 0.14064 0.97233
vn 0.18653 0.14064 0.97233
vn 0.17515 0.15458 0.97233
vn 0.17515 0.15458 0.97233
vn 0.16273 0.16761 0.97233
vn 0.16272 0.1676 0.97233
vn 0.14934 0.17963 0.97233
vn 0.14935 0.17964 0.97233
vn 0.13507 0.1906 0.97233
vn 0.13506 0.19059 0.97233
vn 0.11999 0.20042 0.97233
vn 0.12 0.20044 0.97233
vn 0.10421 0.20908 0.97233
vn 0.10421 0.20908 0.97233
vn 0.0878 0.21648 0.97233
vn 0.0878 0.21648 0.97233
vn 0.07087 0.22259 0.97233
vn 0.07088 0.22261 0.97233
vn 0.05353 0.2274 0.97233
vn 0.05353 0.2274 0.97233
vn 0.03586 0.23085 0.97233
vn 0.03586 0.23084 0.97233
vn 0.01798 0.23291 0.97233
vn 0.01798 0.23291 0.97233
vn 0 0.2336 0.97233
vn -0.01798 0.23291 0.97233
vn -0.01798 0.23291 0.97233
vn -0.03586 0.23084 0.97233
vn -0.03586 0.23085 0.97233
vn -0.05353 0.2274 0.97233
vn -0.05353 0.2274 0.97233
vn -0.07088 0.22261 0.97233
vn -0.07087 0.22259 0.97233
vn -0.0878 0.21648 0.97233
vn -0.0878 0.21648 0.97233
vn -0.10421 0.20908 0.97233
vn -0.10421 0.20908 0.97233
vn -0.12 0.20044 0.97233
vn -0.11999 0.20042 0.97233
vn -0.13506 0.19059 0.97233
vn -0.13507 0.1906 0.97233
vn -0.14935 0.17964 0.97233
vn -0.14934 0.17963 0.97233
vn -0.16272 0.1676 0.97233
vn -0.16273 0.16761 0.97233
vn -0.17515 0.15458 0.97233
vn -0.17515 0.15458 0.97233
vn -0.18653 0.14064 0.97233
vn -0.18653 0.14064 0.97233
vn -0.1968 0.12586 0.97233
vn -0.19681 0.12586 0.97233
vn -0.20592 0.11034 0.97233
vn -0.20592 0.11034 0.97233
vn -0.2138 0.09416 0.97233
vn -0.21379 0.09415 0.97233
vn -0.22041 0.07741 0.97233
vn -0.22041 0.07742 0.97233
vn -0.22571 0.06022 0.97233
vn -0.22571 0.06022 0.97233
vn -0.22968 0.04266 0.97233
vn -0.22967 0.04266 0.97233
vn -0.23228 0.02485 0.97233
vn -0.23228 0.02485 0.97233
vn -0.2335 0.0069 0.97233
vn -0.2335 0.0069 0.97233
vn -0.23334 -0.0111 0.97233
vn -0.23335 -0.0111 0.97233
vn -0.2318 -0.02903 0.97233
vn -0.23179 -0.02903 0.97233
vn -0.22887 -0.04679 0.97233
vn -0.22887 -0.04679 0.97233
vn -0.22459 -0.06427 0.97233
vn -0.22459 -0.06427 0.97233
vn -0.21898 -0.08137 0.97233
vn -0.21899 -0.08138 0.97233
vn -0.21207 -0.098 0.97233
vn -0.21207 -0.09799 0.97233
vn -0.20389 -0.11403 0.97233
vn -0.20388 -0.11402 0.97233
vn -0.1945 -0.12938 0.97233
vn -0.19451 -0.12939 0.97233
vn -0.18397 -0.14398 0.97233
vn -0.18397 -0.14397 0.97233
vn -0.17234 -0.15771 0.97233
vn -0.17234 -0.15771 0.97233
vn -0.15968 -0.17051 0.97233
vn -0.15968 -0.17051 0.97233
vn -0.14608 -0.1823 0.97233
vn -0.14609 -0.18231 0.97233
vn -0.13162 -0.19301 0.97233
vn -0.13162 -0.19301 0.97233
vn -0.11637 -0.20257 0.97233
vn -0.11636 -0.20256 0.97233
vn -0.10042 -0.21092 0.97233
vn -0.10042 -0.21092 0.97233
vn -0.08389 -0.21803 0.97233
vn -0.08389 -0.21802 0.97233
vn -0.07029 -0.22267 0.97236
vn -0.06323 -0.1991 0.97794
vn 0.02527 -0.07923 0.99654
vn 0.02374 -0.0748 0.99692
vn 0.0282 -0.07328 0.99691
vn 0.0282 -0.07328 0.99691
vn 0.03375 -0.07089 0.99691
vn 0.03375 -0.07089 0.99691
vn 0.03911 -0.06808 0.99691
vn 0.03911 -0.06808 0.99691
vn 0.04424 -0.06487 0.99691
vn 0.04424 -0.06487 0.99691
vn 0.0491 -0.06127 0.99691
vn 0.0491 -0.06127 0.99691
vn 0.05367 -0.05731 0.99691
vn 0.05367 -0.05731 0.99691
vn 0.05792 -0.05301 0.99691
vn 0.05792 -0.05301 0.99691
vn 0.06183 -0.04839 0.99691
vn 0.06183 -0.04839 0.99691
vn 0.06538 -0.04349 0.99691
vn 0.06538 -0.04349 0.99691
vn 0.06853 -0.03833 0.99691
vn 0.06853 -0.03833 0.99691
vn 0.07128 -0.03294 0.99691
vn 0.07127 -0.03293 0.99691
vn 0.0736 -0.02735 0.99691
vn 0.0736 -0.02735 0.99691
vn 0.07549 -0.0216 0.99691
vn 0.07549 -0.0216 0.99691
vn 0.07693 -0.01573 0.99691
vn 0.07693 -0.01573 0.99691
vn 0.07791 -0.00976 0.99691
vn 0.07791 -0.00976 0.99691
vn 0.07843 -0.00373 0.99691
vn 0.07843 -0.00373 0.99691
vn 0.07848 0.00232 0.99691
vn 0.07848 0.00232 0.99691
vn 0.07807 0.00835 0.99691
vn 0.07807 0.00835 0.99691
vn 0.0772 0.01434 0.99691
vn 0.0772 0.01434 0.99691
vn 0.07586 0.02024 0.99691
vn 0.07586 0.02024 0.99691
vn 0.07408 0.02602 0.99691
vn 0.07408 0.02602 0.99691
vn 0.07186 0.03165 0.99691
vn 0.07185 0.03164 0.99691
vn 0.0692 0.03708 0.99691
vn 0.06921 0.03708 0.99691
vn 0.06615 0.0423 0.99691
vn 0.06615 0.0423 0.99691
vn 0.06269 0.04727 0.99691
vn 0.06269 0.04727 0.99691
vn 0.05887 0.05196 0.99691
vn 0.05887 0.05195 0.99691
vn 0.05469 0.05633 0.99691
vn 0.0547 0.05633 0.99691
vn 0.0502 0.06038 0.99691
vn 0.0502 0.06038 0.99691
vn 0.0454 0.06406 0.99691
vn 0.0454 0.06406 0.99691
vn 0.04033 0.06737 0.99691
vn 0.04033 0.06737 0.99691
vn 0.03502 0.07027 0.99691
vn 0.03503 0.07027 0.99691
vn 0.02951 0.07276 0.99691
vn 0.02951 0.07276 0.99691
vn 0.02382 0.07482 0.99691
vn 0.02382 0.07481 0.99691
vn 0.01799 0.07642 0.99691
vn 0.01799 0.07643 0.99691
vn 0.01205 0.07758 0.99691
vn 0.01205 0.07759 0.99691
vn 0.00605 0.07829 0.99691
vn 0.00604 0.07829 0.99691
vn 0 0.07852 0.99691
vn -0.00604 0.07829 0.99691
vn -0.00605 0.07829 0.99691
vn -0.01205 0.07759 0.99691
vn -0.01205 0.07758 0.99691
vn -0.01799 0.07643 0.99691
vn -0.01799 0.07642 0.99691
vn -0.02382 0.07481 0.99691
vn -0.02382 0.07482 0.99691
vn -0.02951 0.07276 0.99691
vn -0.02951 0.07276 0.99691
vn -0.03503 0.07027 0.99691
vn -0.03502 0.07027 0.99691
vn -0.04033 0.06737 0.99691
vn -0.04033 0.06737 0.99691
vn -0.0454 0.06406 0.99691
vn -0.0454 0.06406 0.99691
vn -0.0502 0.06038 0.99691
vn -0.0502 0.06038 0.99691
vn -0.0547 0.05633 0.99691
vn -0.05469 0.05633 0.99691
vn -0.05887 0.05195 0.99691
vn -0.05887 0.05196 0.99691
vn -0.06269 0.04727 0.99691
vn -0.06269 0.04727 0.99691
vn -0.06615 0.0423 0.99691
vn -0.06615 0.0423 0.99691
vn -0.06921 0.03708 0.99691
vn -0.0692 0.03708 0.99691
vn -0.07185 0.03164 0.99691
vn -0.07186 0.03165 0.99691
vn -0.07408 0.02602 0.99691
vn -0.07408 0.02602 0.99691
vn -0.07586 0.02024 0.99691
vn -0.07586 0.02024 0.99691
vn -0.0772 0.01434 0.99691
vn -0.0772 0.01434 0.99691
vn -0.07807 0.00835 0.99691
vn -0.07807 0.00835 0.99691
vn -0.07848 0.00232 0.99691
vn -0.07848 0.00232 0.99691
vn -0.07843 -0.00373 0.99691
vn -0.07843 -0.00373 0.99691
vn -0.07791 -0.00976 0.99691
vn -0.07791 -0.00976 0.99691
vn -0.07693 -0.01573 0.99691
vn -0.07693 -0.01573 0.99691
vn -0.07549 -0.0216 0.99691
vn -0.07549 -0.0216 0.99691
vn -0.0736 -0.02735 0.99691
vn -0.0736 -0.02735 0.99691
vn -0.07127 -0.03293 0.99691
vn -0.07128 -0.03294 0.99691
vn -0.06853 -0.03833 0.99691
vn -0.06853 -0.03833 0.99691
vn -0.06538 -0.04349 0.99691
vn -0.06538 -0.04349 0.99691
vn -0.06183 -0.04839 0.99691
vn -0.06183 -0.04839 0.99691
vn -0.05792 -0.05301 0.99691
vn -0.05792 -0.05301 0.99691
vn -0.05367 -0.05731 0.99691
vn -0.05367 -0.05731 0.99691
vn -0.0491 -0.06127 0.99691
vn -0.0491 -0.06127 0.99691
vn -0.04424 -0.06487 0.99691
vn -0.04424 -0.06487 0.99691
vn -0.03911 -0.06808 0.99691
vn -0.03911 -0.06808 0.99691
vn -0.03375 -0.07089 0.99691
vn -0.03375 -0.07089 0.99691
vn -0.0282 -0.07328 0.99691
vn -0.0282 -0.07328 0.99691
vn -0.02333 -0.07494 0.99692
vn -0.01475 -0.04648 0.99881
vn 0.99607 -0.04215 -0.07795
vn 0.74478 0.66275 -0.07793
vn 0.07385 0.99422 -0.07794
vn -0.63869 0.76551 -0.07793
vn -0.99136 0.10548 -0.07793
vn -0.9028 -0.42294 -0.07796
vn 0.08389 -0.21803 -0.97233
vn -0.26027 -0.81975 -0.51017
vn -0.22281 -0.70027 -0.67822
vn -0.19249 -0.60603 -0.7718
vn -0.14363 -0.45178 -0.88049
vn 0.30253 -0.9499 -0.07848
vn 0.29548 -0.92829 -0.22576
vn 0.27981 -0.87886 -0.38641
vn 0.22899 -0.7197 -0.65544
vn 0.15472 -0.48668 -0.85977
vn 0.03858 -0.12149 -0.99184
vn 0.06324 -0.19911 -0.97794
vn 0.07029 -0.22267 -0.97236
vn 0.10387 -0.3253 -0.93989
vn -0.12095 -0.38202 -0.9162
vn -0.1011 -0.31828 -0.94259
vn -0.07458 -0.23417 -0.96933
vn -0.24348 -0.76962 -0.59025
vn -0.26589 -0.83984 -0.47326
vn -0.29134 -0.91354 -0.28384
vn -0.27693 -0.87177 -0.40414
vn -0.28029 -0.88036 -0.38262
vn -0.25868 -0.81251 -0.52242
vn -0.30253 -0.9499 -0.07848
vn -0.30189 -0.95324 -0.01424
vn -0.30216 -0.94878 -0.09231
vn -0.29508 -0.92654 -0.23337
vn -0.29758 -0.94006 -0.1665
vn -0.29661 -0.93498 -0.19452
vn 0.01475 -0.04648 -0.99881
vn 0.02333 -0.07494 -0.99692
vn 0.0282 -0.07328 -0.99691
vn 0.0282 -0.07328 -0.99691
vn 0.03375 -0.07089 -0.99691
vn 0.03911 -0.06808 -0.99691
vn 0.03375 -0.07089 -0.99691
vn 0.10042 -0.21092 -0.97233
vn 0.08389 -0.21803 -0.97233
vn 0.1375 -0.35738 -0.92378
vn 0.1156 -0.36488 -0.92385
vn 0.13281 -0.41777 -0.89879
vn 0.04424 -0.06487 -0.99691
vn 0.03911 -0.06808 -0.99691
vn 0.11636 -0.20256 -0.97233
vn 0.10042 -0.21092 -0.97233
vn 0.16461 -0.34574 -0.92378
vn 0.13751 -0.35739 -0.92378
vn 0.18773 -0.48792 -0.85246
vn 0.15807 -0.49812 -0.85258
vn 0.19114 -0.59983 -0.77696
vn 0.0491 -0.06127 -0.99691
vn 0.04424 -0.06487 -0.99691
vn 0.13162 -0.19301 -0.97233
vn 0.11637 -0.20257 -0.97233
vn 0.19074 -0.33204 -0.92378
vn 0.16461 -0.34574 -0.92378
vn 0.22473 -0.47202 -0.85246
vn 0.18773 -0.48792 -0.85246
vn 0.23331 -0.60639 -0.76017
vn 0.19668 -0.61904 -0.76033
vn 0.21237 -0.66746 -0.71372
vn 0.05367 -0.05731 -0.99691
vn 0.0491 -0.06127 -0.99691
vn 0.14609 -0.18231 -0.97233
vn 0.13162 -0.19301 -0.97233
vn 0.21574 -0.31637 -0.92378
vn 0.19074 -0.33204 -0.92378
vn 0.2604 -0.45331 -0.85247
vn 0.22473 -0.47201 -0.85247
vn 0.2793 -0.58661 -0.76018
vn 0.23331 -0.60638 -0.76018
vn 0.27314 -0.7099 -0.64918
vn 0.23041 -0.72472 -0.64938
vn 0.25662 -0.80542 -0.53427
vn 0.05792 -0.05301 -0.99691
vn 0.05367 -0.05731 -0.99691
vn 0.15969 -0.17051 -0.97233
vn 0.14608 -0.1823 -0.97233
vn 0.23945 -0.29881 -0.92378
vn 0.21573 -0.31636 -0.92378
vn 0.29453 -0.43191 -0.85247
vn 0.2604 -0.45331 -0.85247
vn 0.32365 -0.5634 -0.76016
vn 0.27931 -0.58664 -0.76016
vn 0.32699 -0.68678 -0.64916
vn 0.27314 -0.70992 -0.64916
vn 0.30624 -0.79593 -0.52221
vn 0.25855 -0.81255 -0.52242
vn 0.26989 -0.84773 -0.45663
vn 0.06183 -0.04839 -0.99691
vn 0.05792 -0.05301 -0.99691
vn 0.17234 -0.15771 -0.97233
vn 0.15969 -0.17051 -0.97233
vn 0.26175 -0.2795 -0.92378
vn 0.23945 -0.29882 -0.92378
vn 0.32692 -0.40797 -0.85246
vn 0.29454 -0.43192 -0.85246
vn 0.36605 -0.53679 -0.76018
vn 0.32363 -0.56337 -0.76018
vn 0.37888 -0.65955 -0.64918
vn 0.32698 -0.68676 -0.64918
vn 0.36661 -0.77 -0.52221
vn 0.30624 -0.79594 -0.52221
vn 0.33179 -0.86235 -0.38245
vn 0.28019 -0.88039 -0.38262
vn 0.28862 -0.90633 -0.30865
vn -0.3972 -0.83425 -0.38245
vn 0.06538 -0.04349 -0.99691
vn 0.06183 -0.04839 -0.99691
vn 0.18397 -0.14398 -0.97233
vn 0.17234 -0.15771 -0.97233
vn 0.28249 -0.25852 -0.92378
vn 0.26175 -0.2795 -0.92378
vn 0.35736 -0.38159 -0.85246
vn 0.32692 -0.40797 -0.85246
vn 0.40629 -0.50702 -0.76017
vn 0.36605 -0.53679 -0.76017
vn 0.42854 -0.62843 -0.64918
vn 0.37889 -0.65956 -0.64918
vn 0.4248 -0.73948 -0.52222
vn 0.36661 -0.76999 -0.52222
vn 0.3972 -0.83425 -0.38245
vn 0.33179 -0.86235 -0.38245
vn 0.34919 -0.90756 -0.23325
vn 0.29512 -0.92652 -0.23337
vn 0.30253 -0.95009 -0.07619
vn -0.41801 -0.87797 -0.2333
vn -0.41807 -0.87808 -0.23281
vn -0.48443 -0.84328 -0.23281
vn -0.60815 -0.75892 -0.23281
vn -0.54791 -0.80349 -0.23281
vn -0.52057 -0.76339 -0.38242
vn -0.46025 -0.8012 -0.38242
vn -0.4248 -0.73948 -0.52222
vn -0.36661 -0.76999 -0.52222
vn -0.32699 -0.68678 -0.64916
vn -0.27315 -0.70992 -0.64916
vn -0.23331 -0.60639 -0.76017
vn -0.19694 -0.61896 -0.76034
vn -0.2049 -0.64719 -0.73427
vn -0.66476 -0.70984 -0.23285
vn -0.60814 -0.75891 -0.23285
vn -0.57779 -0.72104 -0.38244
vn -0.52056 -0.76338 -0.38245
vn -0.48047 -0.70459 -0.52221
vn -0.4248 -0.73948 -0.52221
vn -0.37888 -0.65955 -0.64918
vn -0.32698 -0.68676 -0.64918
vn -0.2793 -0.58661 -0.76018
vn -0.23331 -0.60638 -0.76018
vn -0.18773 -0.48792 -0.85246
vn -0.15904 -0.4978 -0.85259
vn -0.16891 -0.53339 -0.82883
vn -0.76586 -0.59937 -0.23282
vn -0.71744 -0.65656 -0.23282
vn -0.68164 -0.62379 -0.38243
vn -0.63159 -0.67442 -0.38243
vn -0.58293 -0.62246 -0.52223
vn -0.53328 -0.6655 -0.52223
vn -0.47564 -0.59357 -0.64918
vn -0.42854 -0.62843 -0.64918
vn -0.36605 -0.53679 -0.76018
vn -0.32363 -0.56337 -0.76018
vn -0.2604 -0.45331 -0.85247
vn -0.22473 -0.47201 -0.85247
vn -0.16461 -0.34574 -0.92378
vn -0.13751 -0.35739 -0.92378
vn -0.08389 -0.21803 -0.97233
vn -0.07059 -0.22257 -0.97236
vn -0.02527 -0.07922 -0.99654
vn -0.03911 -0.06808 -0.99691
vn -0.04424 -0.06487 -0.99691
vn -0.13162 -0.19301 -0.97233
vn -0.14609 -0.18231 -0.97233
vn -0.23945 -0.29882 -0.92378
vn -0.26175 -0.2795 -0.92378
vn -0.35734 -0.38158 -0.85247
vn -0.38566 -0.35293 -0.85247
vn -0.47933 -0.43865 -0.76015
vn -0.51167 -0.40045 -0.76015
vn -0.59901 -0.4688 -0.64916
vn -0.63333 -0.42129 -0.64916
vn -0.71006 -0.47233 -0.52223
vn -0.74431 -0.41626 -0.52223
vn -0.80645 -0.45101 -0.3824
vn -0.83877 -0.38759 -0.3824
vn -0.88272 -0.4079 -0.23328
vn -0.9115 -0.33873 -0.23328
vn -0.04424 -0.06487 -0.99691
vn -0.0491 -0.06127 -0.99691
vn -0.14608 -0.1823 -0.97233
vn -0.15969 -0.17051 -0.97233
vn -0.26175 -0.2795 -0.92378
vn -0.28249 -0.25852 -0.92378
vn -0.38566 -0.35294 -0.85247
vn -0.41169 -0.3222 -0.85247
vn -0.51166 -0.40044 -0.76017
vn -0.54097 -0.35986 -0.76017
vn -0.63333 -0.42129 -0.64916
vn -0.66388 -0.37128 -0.64916
vn -0.7443 -0.41626 -0.52226
vn -0.77413 -0.35772 -0.52226
vn -0.83875 -0.38758 -0.38246
vn -0.8661 -0.32185 -0.38246
vn -0.91162 -0.33877 -0.23279
vn -0.93499 -0.26758 -0.23278
vn -0.05367 -0.05731 -0.99691
vn -0.05792 -0.05301 -0.99691
vn -0.17234 -0.15771 -0.97233
vn -0.18397 -0.14398 -0.97233
vn -0.30155 -0.236 -0.92378
vn -0.31882 -0.21208 -0.92378
vn -0.43528 -0.28955 -0.85246
vn -0.45628 -0.25518 -0.85246
vn -0.56709 -0.31715 -0.76015
vn -0.58982 -0.27255 -0.76015
vn -0.69049 -0.31907 -0.64917
vn -0.713 -0.26496 -0.64917
vn -0.79942 -0.29707 -0.52218
vn -0.81992 -0.23465 -0.52218
vn -0.88832 -0.25422 -0.38245
vn -0.90525 -0.18508 -0.38245
vn -0.95281 -0.1948 -0.23282
vn -0.96498 -0.12086 -0.23282
vn -0.05792 -0.05301 -0.99691
vn -0.06183 -0.04839 -0.99691
vn -0.18397 -0.14398 -0.97233
vn -0.19451 -0.12939 -0.97233
vn -0.31883 -0.21209 -0.92378
vn -0.33421 -0.18691 -0.92378
vn -0.45627 -0.25518 -0.85247
vn -0.47457 -0.21929 -0.85247
vn -0.58981 -0.27254 -0.76016
vn -0.60904 -0.22633 -0.76016
vn -0.71298 -0.26495 -0.64919
vn -0.73126 -0.20928 -0.6492
vn -0.8199 -0.23464 -0.52222
vn -0.83553 -0.17082 -0.52222
vn -0.90524 -0.18508 -0.38247
vn -0.91681 -0.11484 -0.38247
vn -0.96487 -0.12086 -0.23327
vn -0.97131 -0.04622 -0.23327
vn -0.06853 -0.03833 -0.99691
vn -0.07128 -0.03294 -0.99691
vn -0.21207 -0.098 -0.97233
vn -0.21899 -0.08138 -0.97233
vn -0.35894 -0.13339 -0.92378
vn -0.36815 -0.10536 -0.92378
vn -0.50259 -0.14383 -0.85247
vn -0.51218 -0.10471 -0.85247
vn -0.63656 -0.13015 -0.76016
vn -0.64469 -0.08075 -0.76016
vn -0.75477 -0.09454 -0.64914
vn -0.75981 -0.03615 -0.64914
vn -0.85183 -0.04053 -0.52224
vn -0.85243 0.02517 -0.52224
vn -0.92359 0.02727 -0.38241
vn -0.91875 0.0983 -0.38241
vn -0.9669 0.10345 -0.23325
vn -0.95607 0.17757 -0.23325
vn -0.07127 -0.03294 -0.99691
vn -0.0736 -0.02735 -0.99691
vn -0.21898 -0.08138 -0.97233
vn -0.22459 -0.06428 -0.97233
vn -0.36815 -0.10536 -0.92378
vn -0.37517 -0.0767 -0.92378
vn -0.5122 -0.10472 -0.85246
vn -0.51874 -0.06498 -0.85246
vn -0.64469 -0.08075 -0.76017
vn -0.64899 -0.03088 -0.76017
vn -0.7598 -0.03615 -0.64915
vn -0.76033 0.02245 -0.64915
vn -0.85243 0.02517 -0.52224
vn -0.84796 0.09072 -0.52224
vn -0.91872 0.09829 -0.38248
vn -0.90843 0.16873 -0.38248
vn -0.95617 0.1776 -0.23282
vn -0.93966 0.25068 -0.23282
vn -0.07549 -0.0216 -0.99691
vn -0.07693 -0.01573 -0.99691
vn -0.22887 -0.04679 -0.97233
vn -0.23179 -0.02903 -0.97233
vn -0.37995 -0.04759 -0.92378
vn -0.38249 -0.0182 -0.92378
vn -0.5222 -0.02485 -0.85246
vn -0.52256 0.01543 -0.85246
vn -0.64946 0.01918 -0.76015
vn -0.64606 0.06912 -0.76015
vn -0.75633 0.08092 -0.64917
vn -0.74785 0.13891 -0.64917
vn -0.83847 0.15574 -0.52221
vn -0.824 0.21983 -0.52221
vn -0.89276 0.23817 -0.38243
vn -0.87177 0.3062 -0.38244
vn -0.91756 0.32228 -0.23287
vn -0.89002 0.39196 -0.23287
vn -0.07693 -0.01573 -0.99691
vn -0.07791 -0.00976 -0.99691
vn -0.2318 -0.02903 -0.97233
vn -0.23335 -0.0111 -0.97233
vn -0.3825 -0.0182 -0.92378
vn -0.38276 0.0113 -0.92378
vn -0.52255 0.01543 -0.85247
vn -0.51981 0.05561 -0.85247
vn -0.64602 0.06912 -0.76018
vn -0.63878 0.11865 -0.76018
vn -0.74786 0.13891 -0.64916
vn -0.73494 0.19607 -0.64916
vn -0.82401 0.21983 -0.52219
vn -0.80464 0.28262 -0.52219
vn -0.87178 0.3062 -0.3824
vn -0.84562 0.37241 -0.3824
vn -0.89003 0.39197 -0.23281
vn -0.85722 0.45933 -0.23281
vn -0.07843 -0.00373 -0.99691
vn -0.07848 0.00232 -0.99691
vn -0.2335 0.0069 -0.97233
vn -0.23228 0.02485 -0.97233
vn -0.38076 0.04074 -0.92377
vn -0.3765 0.06993 -0.92377
vn -0.51398 0.09547 -0.85247
vn -0.5051 0.13475 -0.85247
vn -0.62777 0.16748 -0.76017
vn -0.61301 0.21531 -0.76017
vn -0.71768 0.25207 -0.64915
vn -0.69614 0.30658 -0.64915
vn -0.78049 0.34373 -0.5222
vn -0.75171 0.40279 -0.5222
vn -0.81443 0.4364 -0.38242
vn -0.77842 0.49781 -0.38243
vn -0.8193 0.52395 -0.23285
vn -0.77653 0.58548 -0.23284
vn -0.07848 0.00232 -0.99691
vn -0.07807 0.00835 -0.99691
vn -0.23228 0.02485 -0.97233
vn -0.22968 0.04266 -0.97233
vn -0.37649 0.06993 -0.92378
vn -0.36999 0.09871 -0.92378
vn -0.50512 0.13476 -0.85246
vn -0.49325 0.17325 -0.85246
vn -0.613 0.21531 -0.76018
vn -0.5946 0.26186 -0.76018
vn -0.69613 0.30657 -0.64916
vn -0.67046 0.35926 -0.64916
vn -0.75169 0.40278 -0.52224
vn -0.71845 0.45946 -0.52223
vn -0.77842 0.49781 -0.38241
vn -0.73779 0.55626 -0.38242
vn -0.77645 0.58541 -0.23328
vn -0.72908 0.64345 -0.23328
vn -0.07586 0.02024 -0.99691
vn -0.07408 0.02602 -0.99691
vn -0.22041 0.07742 -0.97233
vn -0.21379 0.09415 -0.97233
vn -0.35045 0.15434 -0.92378
vn -0.33753 0.18086 -0.92378
vn -0.4608 0.24691 -0.85247
vn -0.44042 0.28165 -0.85247
vn -0.54738 0.35006 -0.76015
vn -0.51881 0.39116 -0.76015
vn -0.60735 0.45792 -0.64919
vn -0.57029 0.50331 -0.64919
vn -0.63941 0.56432 -0.5222
vn -0.59407 0.61187 -0.52221
vn -0.64364 0.66293 -0.38242
vn -0.5907 0.71052 -0.38242
vn -0.62165 0.74775 -0.23327
vn -0.56225 0.79339 -0.23326
vn -0.07408 0.02602 -0.99691
vn -0.07186 0.03165 -0.99691
vn -0.2138 0.09416 -0.97233
vn -0.20592 0.11034 -0.97233
vn -0.33752 0.18085 -0.92378
vn -0.32259 0.2063 -0.92378
vn -0.44042 0.28165 -0.85247
vn -0.41743 0.31472 -0.85247
vn -0.51879 0.39115 -0.76017
vn -0.48714 0.42993 -0.76017
vn -0.57028 0.50331 -0.6492
vn -0.52984 0.54572 -0.6492
vn -0.59407 0.61187 -0.52221
vn -0.5452 0.65579 -0.5222
vn -0.59069 0.7105 -0.38246
vn -0.53423 0.75387 -0.38246
vn -0.5623 0.79348 -0.23281
vn -0.49955 0.83442 -0.23281
vn -0.06921 0.03708 -0.99691
vn -0.06615 0.0423 -0.99691
vn -0.1968 0.12586 -0.97233
vn -0.18653 0.14064 -0.97233
vn -0.30576 0.23053 -0.92378
vn -0.28711 0.25339 -0.92378
vn -0.39197 0.34593 -0.85246
vn -0.36417 0.37508 -0.85246
vn -0.45261 0.46617 -0.76015
vn -0.41538 0.49963 -0.76015
vn -0.48628 0.58493 -0.64915
vn -0.43981 0.62063 -0.64914
vn -0.49308 0.6958 -0.52224
vn -0.43805 0.7317 -0.52224
vn -0.47462 0.79278 -0.38241
vn -0.41218 0.82697 -0.38241
vn -0.43383 0.8704 -0.23279
vn -0.36553 0.90122 -0.23279
vn -0.06615 0.0423 -0.99691
vn -0.06269 0.04727 -0.99691
vn -0.18653 0.14064 -0.97233
vn -0.17515 0.15458 -0.97233
vn -0.2871 0.25339 -0.92378
vn -0.26674 0.27474 -0.92378
vn -0.36416 0.37507 -0.85247
vn -0.3342 0.40199 -0.85247
vn -0.41536 0.49962 -0.76017
vn -0.37567 0.53011 -0.76017
vn -0.4398 0.62061 -0.64917
vn -0.39071 0.65262 -0.64917
vn -0.43805 0.7317 -0.52224
vn -0.38042 0.76325 -0.52224
vn -0.41217 0.82694 -0.38247
vn -0.34728 0.85622 -0.38247
vn -0.36553 0.90121 -0.23283
vn -0.29506 0.92668 -0.23282
vn -0.05887 0.05195 -0.99691
vn -0.05469 0.05633 -0.99691
vn -0.16272 0.1676 -0.97233
vn -0.14934 0.17963 -0.97233
vn -0.2448 0.29446 -0.92378
vn -0.2214 0.31243 -0.92378
vn -0.30228 0.42655 -0.85246
vn -0.26854 0.44856 -0.85246
vn -0.33374 0.55746 -0.76017
vn -0.28983 0.5815 -0.76017
vn -0.33931 0.68078 -0.64916
vn -0.2859 0.70488 -0.64916
vn -0.32053 0.79028 -0.52222
vn -0.25874 0.81261 -0.52222
vn -0.28033 0.88043 -0.38244
vn -0.21172 0.8994 -0.38244
vn -0.22284 0.94664 -0.23284
vn -0.14929 0.96099 -0.23284
vn -0.0547 0.05633 -0.99691
vn -0.0502 0.06038 -0.99691
vn -0.14935 0.17964 -0.97233
vn -0.13507 0.19061 -0.97233
vn -0.22141 0.31243 -0.92378
vn -0.1967 0.32855 -0.92378
vn -0.26853 0.44854 -0.85247
vn -0.2332 0.46788 -0.85247
vn -0.28983 0.5815 -0.76016
vn -0.2442 0.60209 -0.76016
vn -0.28589 0.70487 -0.64918
vn -0.23077 0.72478 -0.64918
vn -0.25874 0.81261 -0.52222
vn -0.19541 0.83012 -0.52222
vn -0.21172 0.8994 -0.38243
vn -0.14185 0.91303 -0.38244
vn -0.14928 0.96089 -0.23325
vn -0.07487 0.96953 -0.23325
vn -0.04033 0.06737 -0.99691
vn -0.03502 0.07027 -0.99691
vn -0.10421 0.20908 -0.97233
vn -0.0878 0.21648 -0.97233
vn -0.14392 0.35484 -0.92378
vn -0.11617 0.36486 -0.92378
vn -0.15861 0.49815 -0.85246
vn -0.11979 0.50888 -0.85246
vn -0.14888 0.63246 -0.76015
vn -0.09975 0.64205 -0.76015
vn -0.11677 0.75162 -0.64918
vn -0.05856 0.75837 -0.64918
vn -0.06566 0.85029 -0.5222
vn 0 0.85282 -0.5222
vn 0 0.92397 -0.38246
vn 0.07113 0.92123 -0.38246
vn 0.07486 0.96953 -0.23325
vn 0.14928 0.96089 -0.23325
vn -0.03503 0.07027 -0.99691
vn -0.02951 0.07276 -0.99691
vn -0.0878 0.21648 -0.97233
vn -0.07088 0.22259 -0.97233
vn -0.11617 0.36486 -0.92378
vn -0.08774 0.37273 -0.92378
vn -0.11978 0.50885 -0.85248
vn -0.08025 0.51656 -0.85248
vn -0.09975 0.64203 -0.76017
vn -0.05002 0.6478 -0.76016
vn -0.05856 0.75839 -0.64917
vn 0 0.76064 -0.64917
vn 0.06566 0.85029 -0.5222
vn 0.07113 0.92123 -0.38245
vn 0.14185 0.91302 -0.38245
vn 0.1493 0.96099 -0.23283
vn 0.22284 0.94664 -0.23283
vn -0.02382 0.07481 -0.99691
vn -0.01799 0.07642 -0.99691
vn -0.05353 0.2274 -0.97233
vn -0.03586 0.23085 -0.97233
vn -0.05879 0.37838 -0.92378
vn -0.02948 0.38178 -0.92378
vn -0.04025 0.52124 -0.85246
vn 0 0.52279 -0.85246
vn 0 0.64971 -0.76018
vn 0.05002 0.64778 -0.76018
vn 0.05856 0.75837 -0.64918
vn 0.11677 0.75162 -0.64918
vn 0.13092 0.84271 -0.52221
vn 0.19541 0.83013 -0.52221
vn 0.21172 0.8994 -0.38244
vn 0.28033 0.88043 -0.38244
vn 0.29506 0.92668 -0.23282
vn 0.36553 0.90121 -0.23283
vn -0.01799 0.07643 -0.99691
vn -0.01205 0.07758 -0.99691
vn -0.03586 0.23084 -0.97233
vn -0.01798 0.23292 -0.97233
vn -0.02948 0.3818 -0.92378
vn 0 0.38293 -0.92378
vn 0.04025 0.52124 -0.85246
vn 0.05002 0.6478 -0.76016
vn 0.09975 0.64203 -0.76017
vn 0.11677 0.7516 -0.6492
vn 0.17429 0.74038 -0.6492
vn 0.19541 0.83012 -0.52222
vn 0.25874 0.81261 -0.52222
vn 0.28034 0.88044 -0.38241
vn 0.34729 0.85624 -0.38242
vn 0.36553 0.90122 -0.23279
vn 0.43383 0.8704 -0.23279
vn -0.00604 0.07829 -0.99691
vn 0 0.07852 -0.99691
vn 0 0.2336 -0.97233
vn 0.01798 0.23291 -0.97233
vn 0.02948 0.38178 -0.92378
vn 0.05879 0.37838 -0.92378
vn 0.08025 0.51656 -0.85248
vn 0.11978 0.50885 -0.85248
vn 0.14887 0.63242 -0.76018
vn 0.19712 0.61909 -0.76018
vn 0.23077 0.72478 -0.64918
vn 0.28589 0.70487 -0.64918
vn 0.32053 0.79028 -0.52222
vn 0.38042 0.76326 -0.52222
vn 0.41218 0.82696 -0.38241
vn 0.47462 0.79278 -0.38241
vn 0.49955 0.83442 -0.23282
vn 0.56231 0.79348 -0.23282
vn 0.00604 0.07829 -0.99691
vn 0.01798 0.23292 -0.97233
vn 0.03586 0.23084 -0.97233
vn 0.05879 0.37839 -0.92378
vn 0.08774 0.37274 -0.92378
vn 0.11979 0.50888 -0.85246
vn 0.15861 0.49815 -0.85246
vn 0.19713 0.61911 -0.76016
vn 0.24421 0.60209 -0.76016
vn 0.2859 0.70488 -0.64916
vn 0.33931 0.68078 -0.64916
vn 0.38042 0.76325 -0.52224
vn 0.43805 0.7317 -0.52224
vn 0.47462 0.79277 -0.38242
vn 0.53424 0.75388 -0.38242
vn 0.56224 0.79339 -0.23326
vn 0.62165 0.74776 -0.23327
vn 0.01799 0.07642 -0.99691
vn 0.02382 0.07481 -0.99691
vn 0.07087 0.22259 -0.97233
vn 0.0878 0.21648 -0.97233
vn 0.14393 0.35485 -0.92378
vn 0.17082 0.34272 -0.92378
vn 0.2332 0.46788 -0.85247
vn 0.26853 0.44854 -0.85247
vn 0.33374 0.55746 -0.76017
vn 0.37567 0.53011 -0.76017
vn 0.43981 0.62063 -0.64914
vn 0.48629 0.58492 -0.64915
vn 0.5452 0.65579 -0.5222
vn 0.59407 0.61187 -0.52221
vn 0.64364 0.66292 -0.38245
vn 0.69276 0.6114 -0.38245
vn 0.72908 0.64345 -0.23328
vn 0.77645 0.58542 -0.23328
vn 0.02382 0.07482 -0.99691
vn 0.02951 0.07276 -0.99691
vn 0.0878 0.21648 -0.97233
vn 0.10421 0.20908 -0.97233
vn 0.17082 0.34272 -0.92378
vn 0.1967 0.32855 -0.92378
vn 0.26854 0.44856 -0.85246
vn 0.30228 0.42655 -0.85246
vn 0.37567 0.53011 -0.76017
vn 0.41536 0.49962 -0.76017
vn 0.48626 0.5849 -0.64919
vn 0.52985 0.54573 -0.64919
vn 0.59407 0.61187 -0.52221
vn 0.63941 0.56432 -0.5222
vn 0.69277 0.61141 -0.38243
vn 0.73778 0.55626 -0.38243
vn 0.77653 0.58548 -0.23284
vn 0.8193 0.52395 -0.23284
vn 0.03502 0.07027 -0.99691
vn 0.04033 0.06737 -0.99691
vn 0.11999 0.20042 -0.97233
vn 0.13506 0.19059 -0.97233
vn 0.2214 0.31243 -0.92378
vn 0.2448 0.29446 -0.92378
vn 0.3342 0.40199 -0.85247
vn 0.36416 0.37507 -0.85247
vn 0.4526 0.46616 -0.76016
vn 0.48714 0.42993 -0.76016
vn 0.57029 0.50331 -0.64919
vn 0.60735 0.45792 -0.64919
vn 0.68095 0.51341 -0.52222
vn 0.71846 0.45946 -0.52222
vn 0.77842 0.49781 -0.38243
vn 0.81443 0.4364 -0.38242
vn 0.85722 0.45933 -0.23281
vn 0.89003 0.39197 -0.23281
vn 0.04033 0.06737 -0.99691
vn 0.0454 0.06406 -0.99691
vn 0.13507 0.19061 -0.97233
vn 0.14935 0.17964 -0.97233
vn 0.2448 0.29446 -0.92378
vn 0.26675 0.27474 -0.92378
vn 0.36417 0.37508 -0.85246
vn 0.39197 0.34593 -0.85246
vn 0.48714 0.42993 -0.76017
vn 0.51879 0.39115 -0.76017
vn 0.60734 0.45791 -0.6492
vn 0.64079 0.40979 -0.6492
vn 0.71845 0.45946 -0.52223
vn 0.75169 0.40278 -0.52224
vn 0.81442 0.43639 -0.38248
vn 0.84559 0.3724 -0.38248
vn 0.89002 0.39196 -0.23287
vn 0.91756 0.32228 -0.23287
vn 0.0502 0.06038 -0.99691
vn 0.0547 0.05633 -0.99691
vn 0.16273 0.16761 -0.97233
vn 0.17515 0.15458 -0.97233
vn 0.28711 0.25339 -0.92378
vn 0.30576 0.23053 -0.92378
vn 0.41743 0.31472 -0.85247
vn 0.44042 0.28165 -0.85247
vn 0.54737 0.35005 -0.76016
vn 0.5727 0.30687 -0.76016
vn 0.67046 0.35926 -0.64916
vn 0.69613 0.30657 -0.64916
vn 0.78047 0.34372 -0.52223
vn 0.80461 0.28261 -0.52223
vn 0.87177 0.3062 -0.38243
vn 0.89276 0.23817 -0.38243
vn 0.93967 0.25069 -0.23278
vn 0.95618 0.17759 -0.23278
vn 0.06615 0.0423 -0.99691
vn 0.06921 0.03708 -0.99691
vn 0.20592 0.11034 -0.97233
vn 0.2138 0.09416 -0.97233
vn 0.35045 0.15434 -0.92378
vn 0.36129 0.1269 -0.92378
vn 0.49325 0.17325 -0.85246
vn 0.50512 0.13476 -0.85246
vn 0.62778 0.16748 -0.76016
vn 0.63881 0.11865 -0.76016
vn 0.74785 0.13891 -0.64917
vn 0.75633 0.08092 -0.64917
vn 0.84796 0.09072 -0.52224
vn 0.85243 0.02517 -0.52224
vn 0.92358 0.02727 -0.38243
vn 0.92294 -0.04391 -0.38243
vn 0.97131 -0.04621 -0.23327
vn 0.96487 -0.12085 -0.23327
vn 0.0692 0.03708 -0.99691
vn 0.07185 0.03164 -0.99691
vn 0.21379 0.09415 -0.97233
vn 0.22041 0.07742 -0.97233
vn 0.36128 0.12689 -0.92378
vn 0.36997 0.0987 -0.92378
vn 0.5051 0.13475 -0.85247
vn 0.51398 0.09547 -0.85247
vn 0.63878 0.11865 -0.76018
vn 0.64602 0.06912 -0.76018
vn 0.75632 0.08092 -0.64917
vn 0.76031 0.02245 -0.64917
vn 0.85243 0.02517 -0.52224
vn 0.85183 -0.04053 -0.52224
vn 0.92293 -0.04391 -0.38245
vn 0.91681 -0.11484 -0.38245
vn 0.96498 -0.12087 -0.23281
vn 0.95281 -0.1948 -0.23281
vn 0.07408 0.02602 -0.99691
vn 0.07586 0.02024 -0.99691
vn 0.22571 0.06022 -0.97233
vn 0.22968 0.04266 -0.97233
vn 0.3765 0.06993 -0.92377
vn 0.38076 0.04074 -0.92377
vn 0.51981 0.05561 -0.85247
vn 0.52255 0.01543 -0.85247
vn 0.64943 0.01918 -0.76018
vn 0.64898 -0.03088 -0.76018
vn 0.75981 -0.03615 -0.64914
vn 0.75477 -0.09454 -0.64914
vn 0.8462 -0.10599 -0.52222
vn 0.83553 -0.17082 -0.52222
vn 0.90525 -0.18508 -0.38245
vn 0.88831 -0.25422 -0.38245
vn 0.93499 -0.26758 -0.23279
vn 0.91161 -0.33877 -0.23279
vn 0.07586 0.02024 -0.99691
vn 0.0772 0.01434 -0.99691
vn 0.22968 0.04266 -0.97233
vn 0.23228 0.02485 -0.97233
vn 0.38075 0.04074 -0.92378
vn 0.38276 0.0113 -0.92378
vn 0.52256 0.01543 -0.85246
vn 0.5222 -0.02485 -0.85246
vn 0.64899 -0.03088 -0.76017
vn 0.64469 -0.08075 -0.76017
vn 0.75474 -0.09454 -0.64917
vn 0.74522 -0.15236 -0.64917
vn 0.83553 -0.17082 -0.52222
vn 0.8199 -0.23464 -0.52222
vn 0.8883 -0.25422 -0.38248
vn 0.86609 -0.32185 -0.38248
vn 0.91151 -0.33873 -0.23328
vn 0.88273 -0.40789 -0.23328
vn 0.07807 0.00835 -0.99691
vn 0.07848 0.00232 -0.99691
vn 0.2335 0.0069 -0.97233
vn 0.23334 -0.0111 -0.97233
vn 0.38249 -0.0182 -0.92378
vn 0.37995 -0.04759 -0.92378
vn 0.51874 -0.06498 -0.85246
vn 0.5122 -0.10472 -0.85246
vn 0.63656 -0.13014 -0.76017
vn 0.62465 -0.17876 -0.76017
vn 0.73126 -0.20928 -0.6492
vn 0.71298 -0.26495 -0.64919
vn 0.79941 -0.29707 -0.5222
vn 0.77416 -0.35773 -0.5222
vn 0.83877 -0.38759 -0.3824
vn 0.80645 -0.45101 -0.3824
vn 0.84879 -0.4747 -0.23285
vn 0.80972 -0.53864 -0.23285
vn 0.07791 -0.00976 -0.99691
vn 0.07693 -0.01573 -0.99691
vn 0.22887 -0.04679 -0.97233
vn 0.22459 -0.06427 -0.97233
vn 0.36815 -0.10536 -0.92378
vn 0.35894 -0.13339 -0.92378
vn 0.49004 -0.18211 -0.85247
vn 0.47456 -0.21929 -0.85247
vn 0.58982 -0.27255 -0.76015
vn 0.56709 -0.31715 -0.76015
vn 0.66388 -0.37128 -0.64916
vn 0.63333 -0.42129 -0.64916
vn 0.71005 -0.47233 -0.52223
vn 0.67158 -0.52559 -0.52224
vn 0.72763 -0.56945 -0.38247
vn 0.68163 -0.62378 -0.38247
vn 0.71744 -0.65655 -0.23285
vn 0.66476 -0.70984 -0.23285
vn 0.07693 -0.01573 -0.99691
vn 0.07549 -0.0216 -0.99691
vn 0.22459 -0.06428 -0.97233
vn 0.21898 -0.08138 -0.97233
vn 0.35893 -0.13338 -0.92378
vn 0.3476 -0.16062 -0.92378
vn 0.47457 -0.21929 -0.85247
vn 0.45627 -0.25518 -0.85247
vn 0.56705 -0.31713 -0.76018
vn 0.54096 -0.35985 -0.76018
vn 0.63333 -0.42129 -0.64916
vn 0.59901 -0.4688 -0.64916
vn 0.6716 -0.52561 -0.5222
vn 0.62914 -0.57575 -0.5222
vn 0.68164 -0.62379 -0.38243
vn 0.63159 -0.67442 -0.38243
vn 0.66476 -0.70984 -0.23285
vn 0.60814 -0.75891 -0.23285
vn 0.62343 -0.77799 -0.07795
vn 0.58501 -0.80727 -0.078
vn 0.0736 -0.02735 -0.99691
vn 0.07127 -0.03294 -0.99691
vn 0.21207 -0.09799 -0.97233
vn 0.20389 -0.11403 -0.97233
vn 0.33421 -0.18691 -0.92378
vn 0.31883 -0.21209 -0.92378
vn 0.43527 -0.28955 -0.85247
vn 0.41169 -0.3222 -0.85247
vn 0.51167 -0.40045 -0.76015
vn 0.47933 -0.43865 -0.76015
vn 0.56115 -0.51353 -0.64915
vn 0.51995 -0.55521 -0.64915
vn 0.58293 -0.62246 -0.52223
vn 0.53328 -0.6655 -0.52223
vn 0.57779 -0.72104 -0.38244
vn 0.52056 -0.76338 -0.38245
vn 0.54791 -0.80348 -0.23282
vn 0.48443 -0.84328 -0.23282
vn 0.07128 -0.03294 -0.99691
vn 0.06853 -0.03833 -0.99691
vn 0.20388 -0.11402 -0.97233
vn 0.1945 -0.12938 -0.97233
vn 0.31882 -0.21208 -0.92378
vn 0.30155 -0.236 -0.92378
vn 0.41169 -0.3222 -0.85247
vn 0.38566 -0.35294 -0.85247
vn 0.47932 -0.43864 -0.76017
vn 0.44412 -0.47424 -0.76017
vn 0.51994 -0.5552 -0.64916
vn 0.47566 -0.59358 -0.64916
vn 0.53329 -0.66551 -0.52221
vn 0.48047 -0.70459 -0.52221
vn 0.52057 -0.76339 -0.38242
vn 0.46025 -0.8012 -0.38242
vn 0.48443 -0.84328 -0.23282
vn 0.41806 -0.87808 -0.23282
vn 0.42856 -0.9001 -0.0784
vn 0.38982 -0.91754 -0.07846
vn -0.30624 -0.79593 -0.52221
vn -0.33179 -0.86235 -0.38245
vn -0.33179 -0.86235 -0.38245
vn -0.34918 -0.90755 -0.2333
vn -0.34919 -0.90756 -0.23325
vn -0.35245 -0.91603 0.19151
vn -0.35418 -0.93188 -0.07845
vn -0.55348 -0.82921 -0.07798
vn -0.50716 -0.85832 -0.07798
vn -0.43604 -0.75906 0.48342
vn -0.47372 -0.87722 -0.07799
vn -0.42858 -0.90014 -0.07794
vn -0.42856 -0.90011 -0.0784
vn -0.38982 -0.91754 -0.07846
vn -0.23191 -0.72423 -0.6494
vn -0.27314 -0.7099 -0.64918
vn -0.30624 -0.79594 -0.52221
vn -0.36661 -0.77 -0.52221
vn -0.3972 -0.83425 -0.38244
vn -0.46025 -0.80119 -0.38244
vn -0.48443 -0.84328 -0.23282
vn -0.54791 -0.80348 -0.23282
vn -0.50842 -0.74557 0.43085
vn -0.72477 -0.68456 -0.07802
vn -0.68613 -0.72329 -0.078
vn -0.64999 -0.69406 0.3095
vn -0.65776 -0.74918 -0.07794
vn -0.62343 -0.77799 -0.07789
vn -0.62342 -0.77799 -0.07795
vn -0.58501 -0.80727 -0.078
vn -0.11596 -0.36476 -0.92385
vn -0.1375 -0.35738 -0.92378
vn -0.18773 -0.48792 -0.85246
vn -0.22473 -0.47201 -0.85246
vn -0.27931 -0.58664 -0.76016
vn -0.32365 -0.5634 -0.76016
vn -0.37889 -0.65956 -0.64918
vn -0.42854 -0.62843 -0.64918
vn -0.48047 -0.70459 -0.52221
vn -0.53329 -0.66551 -0.52221
vn -0.57779 -0.72104 -0.38243
vn -0.63159 -0.67442 -0.38243
vn -0.66477 -0.70985 -0.23281
vn -0.71744 -0.65656 -0.23282
vn -0.62579 -0.57269 0.52954
vn -0.83243 -0.55304 -0.03475
vn -0.8085 -0.58324 -0.07845
vn -0.78507 -0.61442 -0.07839
vn -0.7851 -0.61444 -0.07795
vn -0.7506 -0.65613 -0.078
vn -0.02374 -0.0748 -0.99692
vn -0.0282 -0.07328 -0.99691
vn -0.08389 -0.21803 -0.97233
vn -0.10042 -0.21092 -0.97233
vn -0.16461 -0.34574 -0.92378
vn -0.19074 -0.33204 -0.92378
vn -0.2604 -0.45331 -0.85247
vn -0.29453 -0.43191 -0.85247
vn -0.36605 -0.53679 -0.76017
vn -0.40629 -0.50702 -0.76017
vn -0.47566 -0.59358 -0.64916
vn -0.51994 -0.5552 -0.64916
vn -0.58294 -0.62247 -0.52223
vn -0.62913 -0.57574 -0.52223
vn -0.68163 -0.62378 -0.38247
vn -0.72763 -0.56946 -0.38247
vn -0.76577 -0.59931 -0.2333
vn -0.80963 -0.53858 -0.2333
vn -0.83008 -0.55217 -0.07795
vn -0.85941 -0.50531 -0.078
vn -0.0282 -0.07328 -0.99691
vn -0.03375 -0.07089 -0.99691
vn -0.10042 -0.21092 -0.97233
vn -0.11636 -0.20256 -0.97233
vn -0.19074 -0.33204 -0.92378
vn -0.21574 -0.31637 -0.92378
vn -0.29454 -0.43192 -0.85246
vn -0.32692 -0.40797 -0.85246
vn -0.40629 -0.50702 -0.76017
vn -0.44412 -0.47423 -0.76017
vn -0.51995 -0.55521 -0.64915
vn -0.56115 -0.51353 -0.64915
vn -0.62914 -0.57575 -0.5222
vn -0.6716 -0.52561 -0.5222
vn -0.72763 -0.56946 -0.38244
vn -0.76932 -0.51175 -0.38244
vn -0.80973 -0.53863 -0.23284
vn -0.84879 -0.4747 -0.23285
vn -0.73592 -0.41157 0.53761
vn -0.87824 -0.47182 -0.07799
vn -0.03375 -0.07089 -0.99691
vn -0.03911 -0.06808 -0.99691
vn -0.11637 -0.20257 -0.97233
vn -0.13162 -0.19301 -0.97233
vn -0.21573 -0.31636 -0.92378
vn -0.23945 -0.29881 -0.92378
vn -0.32692 -0.40797 -0.85246
vn -0.35736 -0.38159 -0.85246
vn -0.44412 -0.47424 -0.76017
vn -0.47932 -0.43864 -0.76017
vn -0.56113 -0.51351 -0.64918
vn -0.599 -0.46879 -0.64918
vn -0.67158 -0.52559 -0.52224
vn -0.71005 -0.47233 -0.52223
vn -0.76932 -0.51176 -0.38242
vn -0.80644 -0.45101 -0.38242
vn -0.84879 -0.4747 -0.23284
vn -0.88282 -0.40794 -0.23284
vn -0.87817 -0.40583 0.25323
vn -0.97448 -0.21052 -0.07792
vn -0.96147 -0.26365 -0.07792
vn -0.85383 -0.24435 0.45964
vn -0.95059 -0.30049 -0.07802
vn -0.93452 -0.34727 -0.07797
vn -0.93448 -0.34727 -0.0784
vn -0.91838 -0.38784 -0.07846
vn -0.0491 -0.06127 -0.99691
vn -0.05367 -0.05731 -0.99691
vn -0.15969 -0.17051 -0.97233
vn -0.17234 -0.15771 -0.97233
vn -0.28249 -0.25852 -0.92378
vn -0.30156 -0.23601 -0.92378
vn -0.41169 -0.3222 -0.85247
vn -0.43527 -0.28955 -0.85247
vn -0.54095 -0.35985 -0.76018
vn -0.56705 -0.31713 -0.76018
vn -0.66387 -0.37128 -0.64917
vn -0.69049 -0.31907 -0.64917
vn -0.77416 -0.35773 -0.5222
vn -0.79941 -0.29707 -0.5222
vn -0.86609 -0.32185 -0.38248
vn -0.8883 -0.25422 -0.38248
vn -0.93498 -0.26758 -0.23283
vn -0.95281 -0.1948 -0.23283
vn -0.87013 -0.1779 0.45959
vn -0.99688 0.01255 -0.07798
vn -0.99607 -0.04215 -0.07795
vn -0.96628 -0.04594 0.25335
vn -0.99366 -0.08048 -0.07847
vn -0.98919 -0.12391 -0.07841
vn -0.98923 -0.12391 -0.07794
vn -0.98186 -0.17282 -0.078
vn -0.99565 0.05095 -0.07798
vn -0.84283 0.02489 0.53761
vn -0.9721 0.02871 -0.23281
vn -0.97142 -0.04622 -0.23281
vn -0.92293 -0.04391 -0.38245
vn -0.91681 -0.11484 -0.38245
vn -0.8462 -0.10599 -0.52222
vn -0.83553 -0.17082 -0.52222
vn -0.74524 -0.15236 -0.64916
vn -0.73129 -0.20928 -0.64916
vn -0.62467 -0.17877 -0.76015
vn -0.60905 -0.22633 -0.76015
vn -0.49004 -0.1821 -0.85247
vn -0.47456 -0.21929 -0.85247
vn -0.3476 -0.16062 -0.92378
vn -0.3342 -0.18691 -0.92378
vn -0.20388 -0.11402 -0.97233
vn -0.1945 -0.12938 -0.97233
vn -0.06538 -0.04349 -0.99691
vn -0.06183 -0.04839 -0.99691
vn -0.06538 -0.04349 -0.99691
vn -0.06853 -0.03833 -0.99691
vn -0.20389 -0.11403 -0.97233
vn -0.21207 -0.09799 -0.97233
vn -0.3476 -0.16062 -0.92378
vn -0.35893 -0.13338 -0.92378
vn -0.49002 -0.1821 -0.85248
vn -0.50259 -0.14383 -0.85248
vn -0.62465 -0.17877 -0.76017
vn -0.63656 -0.13014 -0.76017
vn -0.74522 -0.15236 -0.64917
vn -0.75474 -0.09454 -0.64917
vn -0.84619 -0.10599 -0.52224
vn -0.85183 -0.04053 -0.52224
vn -0.92294 -0.04391 -0.38243
vn -0.92358 0.02727 -0.38243
vn -0.97208 0.0287 -0.23288
vn -0.96699 0.10346 -0.23287
vn -0.9937 0.10631 -0.03557
vn -0.94273 0.32433 -0.07793
vn -0.9591 0.27214 -0.07795
vn -0.8196 0.21866 0.52957
vn -0.96887 0.23499 -0.07797
vn -0.98019 0.18207 -0.07793
vn -0.98016 0.18206 -0.07841
vn -0.98652 0.1436 -0.07847
vn -0.0736 -0.02735 -0.99691
vn -0.07549 -0.0216 -0.99691
vn -0.22459 -0.06427 -0.97233
vn -0.22887 -0.04679 -0.97233
vn -0.37516 -0.0767 -0.92378
vn -0.37995 -0.04759 -0.92378
vn -0.51873 -0.06497 -0.85247
vn -0.52219 -0.02485 -0.85247
vn -0.64898 -0.03088 -0.76018
vn -0.64943 0.01918 -0.76018
vn -0.76031 0.02245 -0.64917
vn -0.75632 0.08092 -0.64917
vn -0.848 0.09073 -0.52218
vn -0.8385 0.15574 -0.52218
vn -0.90843 0.16873 -0.38248
vn -0.89274 0.23817 -0.38248
vn -0.93964 0.25068 -0.23287
vn -0.91756 0.32228 -0.23286
vn -0.8972 0.31513 0.30941
vn -0.84642 0.52679 -0.07797
vn -0.87404 0.47957 -0.07796
vn -0.7954 0.42621 0.43091
vn -0.89186 0.44554 -0.07798
vn -0.9124 0.40182 -0.07793
vn -0.9124 0.40182 -0.07791
vn -0.92953 0.36041 -0.07797
vn -0.07791 -0.00976 -0.99691
vn -0.07843 -0.00373 -0.99691
vn -0.23334 -0.0111 -0.97233
vn -0.2335 0.0069 -0.97233
vn -0.38276 0.0113 -0.92378
vn -0.38075 0.04074 -0.92378
vn -0.51982 0.05561 -0.85247
vn -0.51399 0.09547 -0.85247
vn -0.63881 0.11865 -0.76016
vn -0.62778 0.16748 -0.76016
vn -0.73493 0.19607 -0.64918
vn -0.71765 0.25207 -0.64918
vn -0.80461 0.28261 -0.52223
vn -0.78047 0.34372 -0.52223
vn -0.84559 0.3724 -0.38248
vn -0.81442 0.43639 -0.38248
vn -0.85721 0.45932 -0.23283
vn -0.8193 0.52396 -0.23283
vn -0.73749 0.47163 0.4834
vn -0.7073 0.7026 -0.07796
vn -0.74478 0.66275 -0.07793
vn -0.73582 0.64944 0.19181
vn -0.76972 0.63354 -0.07844
vn -0.79603 0.60016 -0.07838
vn -0.79605 0.60019 -0.07793
vn -0.82549 0.559 -0.07799
vn -0.67971 0.72932 -0.07797
vn -0.58522 0.60276 0.5424
vn -0.67745 0.69775 -0.23283
vn -0.72916 0.64352 -0.23283
vn -0.69277 0.61141 -0.38243
vn -0.73778 0.55626 -0.38243
vn -0.68095 0.51341 -0.52222
vn -0.71846 0.45946 -0.52222
vn -0.64082 0.40981 -0.64916
vn -0.67046 0.35926 -0.64916
vn -0.57268 0.30686 -0.76018
vn -0.59461 0.26186 -0.76018
vn -0.47845 0.21071 -0.85246
vn -0.49325 0.17325 -0.85246
vn -0.36128 0.12689 -0.92378
vn -0.36997 0.0987 -0.92378
vn -0.22571 0.06022 -0.97233
vn -0.22968 0.04266 -0.97233
vn -0.0772 0.01434 -0.99691
vn -0.07807 0.00835 -0.99691
vn -0.0772 0.01434 -0.99691
vn -0.07586 0.02024 -0.99691
vn -0.22572 0.06022 -0.97233
vn -0.22041 0.07742 -0.97233
vn -0.36129 0.1269 -0.92378
vn -0.35045 0.15434 -0.92378
vn -0.47844 0.2107 -0.85247
vn -0.4608 0.24691 -0.85247
vn -0.5727 0.30687 -0.76016
vn -0.54737 0.35005 -0.76016
vn -0.64079 0.40979 -0.6492
vn -0.60734 0.45791 -0.6492
vn -0.68095 0.51341 -0.52222
vn -0.63941 0.56431 -0.52221
vn -0.69276 0.6114 -0.38245
vn -0.64364 0.66292 -0.38245
vn -0.67745 0.69774 -0.23285
vn -0.62171 0.74783 -0.23286
vn -0.63861 0.76812 0.04667
vn -0.45148 0.88887 -0.07797
vn -0.49956 0.86276 -0.07799
vn -0.43938 0.73391 0.518
vn -0.53242 0.84288 -0.07796
vn -0.57643 0.81342 -0.07791
vn -0.57641 0.81339 -0.07844
vn -0.60868 0.78952 -0.0785
vn -0.07185 0.03164 -0.99691
vn -0.0692 0.03708 -0.99691
vn -0.20592 0.11034 -0.97233
vn -0.19681 0.12586 -0.97233
vn -0.32261 0.20631 -0.92378
vn -0.30577 0.23053 -0.92378
vn -0.41744 0.31473 -0.85246
vn -0.39197 0.34594 -0.85246
vn -0.48714 0.42993 -0.76016
vn -0.4526 0.46616 -0.76016
vn -0.52985 0.54573 -0.64919
vn -0.48626 0.5849 -0.64919
vn -0.54519 0.65578 -0.52222
vn -0.49309 0.69581 -0.52222
vn -0.53424 0.75388 -0.38242
vn -0.47462 0.79277 -0.38242
vn -0.49955 0.83441 -0.23282
vn -0.43382 0.8704 -0.23282
vn -0.41679 0.83623 0.35638
vn -0.24145 0.96728 -0.07796
vn -0.29414 0.95258 -0.07794
vn -0.2785 0.87469 0.39669
vn -0.33062 0.94054 -0.07799
vn -0.37471 0.92386 -0.07793
vn -0.37471 0.92386 -0.07792
vn -0.41691 0.9056 -0.07797
vn -0.06269 0.04727 -0.99691
vn -0.05887 0.05196 -0.99691
vn -0.17515 0.15458 -0.97233
vn -0.16273 0.16761 -0.97233
vn -0.26675 0.27474 -0.92378
vn -0.2448 0.29446 -0.92378
vn -0.3342 0.40199 -0.85248
vn -0.30226 0.42652 -0.85248
vn -0.37567 0.53011 -0.76017
vn -0.33374 0.55746 -0.76017
vn -0.39072 0.65264 -0.64916
vn -0.33931 0.68078 -0.64916
vn -0.38042 0.76326 -0.52222
vn -0.32053 0.79028 -0.52222
vn -0.34729 0.85624 -0.38242
vn -0.28034 0.88044 -0.38241
vn -0.29506 0.92667 -0.23284
vn -0.22284 0.94664 -0.23284
vn -0.19808 0.84144 0.50274
vn -0.01921 0.99677 -0.07798
vn -0.07385 0.99422 -0.07794
vn -0.07638 0.98949 0.12276
vn -0.11209 0.9906 -0.07847
vn -0.15305 0.9851 -0.07841
vn -0.15305 0.98514 -0.07793
vn -0.20401 0.97586 -0.07798
vn -0.0502 0.06038 -0.99691
vn -0.0454 0.06406 -0.99691
vn -0.13506 0.19059 -0.97233
vn -0.11999 0.20042 -0.97233
vn -0.1967 0.32855 -0.92378
vn -0.17082 0.34272 -0.92378
vn -0.2332 0.46787 -0.85248
vn -0.19648 0.48444 -0.85248
vn -0.24421 0.60209 -0.76016
vn -0.19713 0.61911 -0.76016
vn -0.23078 0.7248 -0.64915
vn -0.17429 0.74042 -0.64915
vn -0.19541 0.83013 -0.52221
vn -0.13092 0.84271 -0.52221
vn -0.14185 0.91302 -0.38245
vn -0.07113 0.92123 -0.38245
vn -0.07487 0.96964 -0.2328
vn 0 0.97252 -0.2328
vn -0 0.8391 0.54398
vn 0.01921 0.99677 -0.07797
vn -0.0454 0.06406 -0.99691
vn -0.04033 0.06737 -0.99691
vn -0.12 0.20044 -0.97233
vn -0.10421 0.20908 -0.97233
vn -0.17082 0.34272 -0.92378
vn -0.14393 0.35485 -0.92378
vn -0.19649 0.48446 -0.85246
vn -0.15861 0.49815 -0.85246
vn -0.19712 0.61909 -0.76018
vn -0.14887 0.63242 -0.76018
vn -0.17429 0.74038 -0.6492
vn -0.11677 0.7516 -0.6492
vn -0.13092 0.84272 -0.5222
vn -0.06566 0.85029 -0.5222
vn -0.07113 0.92123 -0.38246
vn 0 0.97252 -0.23281
vn 0.07488 0.96964 -0.23281
vn 0.07638 0.98949 0.12276
vn 0.29414 0.95258 -0.07794
vn 0.24145 0.96728 -0.07796
vn 0.19807 0.84143 0.50275
vn 0.20401 0.97586 -0.07799
vn 0.15306 0.98514 -0.07793
vn 0.15305 0.9851 -0.07841
vn 0.11209 0.9906 -0.07847
vn -0.02951 0.07276 -0.99691
vn -0.02382 0.07482 -0.99691
vn -0.07088 0.22261 -0.97233
vn -0.05353 0.2274 -0.97233
vn -0.08774 0.37274 -0.92378
vn -0.05879 0.37839 -0.92378
vn -0.08026 0.51658 -0.85247
vn -0.04025 0.52122 -0.85247
vn -0.05002 0.64778 -0.76018
vn 0.05856 0.75839 -0.64917
vn 0.06566 0.85029 -0.5222
vn 0.13092 0.84272 -0.5222
vn 0.14185 0.91303 -0.38244
vn 0.21172 0.8994 -0.38243
vn 0.22284 0.94664 -0.23284
vn 0.29506 0.92667 -0.23284
vn 0.2785 0.87469 0.39669
vn 0.49956 0.86276 -0.07799
vn 0.45148 0.88887 -0.07797
vn 0.41679 0.83623 0.35638
vn 0.41691 0.9056 -0.07797
vn 0.37471 0.92386 -0.07792
vn 0.37471 0.92386 -0.07793
vn 0.33062 0.94054 -0.07799
vn -0.01205 0.07759 -0.99691
vn -0.00605 0.07829 -0.99691
vn -0.01798 0.23291 -0.97233
vn 0.02948 0.3818 -0.92378
vn 0.04025 0.52122 -0.85247
vn 0.08026 0.51658 -0.85247
vn 0.09975 0.64205 -0.76015
vn 0.14888 0.63246 -0.76015
vn 0.1743 0.74042 -0.64915
vn 0.23078 0.7248 -0.64915
vn 0.25874 0.81261 -0.52222
vn 0.32053 0.79028 -0.52222
vn 0.34728 0.85622 -0.38247
vn 0.41217 0.82694 -0.38247
vn 0.43382 0.8704 -0.23282
vn 0.49955 0.83441 -0.23282
vn 0.43938 0.73392 0.51799
vn 0.67971 0.72932 -0.07797
vn 0.63869 0.76551 -0.07793
vn 0.63861 0.76812 0.04667
vn 0.60868 0.78952 -0.0785
vn 0.5764 0.81339 -0.07844
vn 0.57643 0.81342 -0.07791
vn 0.53242 0.84288 -0.07796
vn 0.00605 0.07829 -0.99691
vn 0.01205 0.07759 -0.99691
vn 0.03586 0.23085 -0.97233
vn 0.05353 0.2274 -0.97233
vn 0.08774 0.37273 -0.92378
vn 0.11617 0.36486 -0.92378
vn 0.15861 0.49815 -0.85246
vn 0.19649 0.48446 -0.85246
vn 0.2442 0.60209 -0.76016
vn 0.28983 0.5815 -0.76016
vn 0.33931 0.68078 -0.64916
vn 0.39072 0.65264 -0.64916
vn 0.43805 0.7317 -0.52224
vn 0.49308 0.6958 -0.52224
vn 0.53423 0.75387 -0.38246
vn 0.59069 0.7105 -0.38246
vn 0.62172 0.74783 -0.23285
vn 0.67745 0.69775 -0.23285
vn 0.58522 0.60276 0.5424
vn 0.7073 0.7026 -0.07796
vn 0.01205 0.07758 -0.99691
vn 0.01799 0.07643 -0.99691
vn 0.05353 0.2274 -0.97233
vn 0.07088 0.22261 -0.97233
vn 0.11617 0.36486 -0.92378
vn 0.14392 0.35484 -0.92378
vn 0.19648 0.48444 -0.85248
vn 0.2332 0.46787 -0.85248
vn 0.28983 0.5815 -0.76017
vn 0.33374 0.55746 -0.76017
vn 0.39071 0.65262 -0.64917
vn 0.4398 0.62061 -0.64917
vn 0.49309 0.69581 -0.52222
vn 0.54519 0.65578 -0.52222
vn 0.5907 0.71051 -0.38242
vn 0.64364 0.66293 -0.38242
vn 0.67745 0.69775 -0.23284
vn 0.72916 0.64352 -0.23284
vn 0.73582 0.64944 0.19181
vn 0.87404 0.47957 -0.07796
vn 0.84642 0.52679 -0.07797
vn 0.73748 0.47163 0.48341
vn 0.82549 0.559 -0.07799
vn 0.79605 0.60019 -0.07794
vn 0.79602 0.60017 -0.07838
vn 0.76972 0.63354 -0.07844
vn 0.02951 0.07276 -0.99691
vn 0.03503 0.07027 -0.99691
vn 0.10421 0.20908 -0.97233
vn 0.12 0.20044 -0.97233
vn 0.1967 0.32855 -0.92378
vn 0.22141 0.31243 -0.92378
vn 0.30226 0.42652 -0.85248
vn 0.3342 0.40199 -0.85248
vn 0.41538 0.49963 -0.76015
vn 0.45261 0.46617 -0.76015
vn 0.52984 0.54572 -0.6492
vn 0.57028 0.50331 -0.6492
vn 0.63941 0.56431 -0.52221
vn 0.68095 0.51341 -0.52222
vn 0.73779 0.55626 -0.38242
vn 0.77842 0.49781 -0.38241
vn 0.8193 0.52396 -0.23283
vn 0.85721 0.45932 -0.23283
vn 0.7954 0.42621 0.43091
vn 0.9591 0.27214 -0.07795
vn 0.94273 0.32433 -0.07793
vn 0.8972 0.31513 0.30941
vn 0.92953 0.36041 -0.07797
vn 0.9124 0.40182 -0.07791
vn 0.9124 0.40182 -0.07793
vn 0.89186 0.44554 -0.07798
vn 0.0454 0.06406 -0.99691
vn 0.0502 0.06038 -0.99691
vn 0.14934 0.17963 -0.97233
vn 0.16272 0.1676 -0.97233
vn 0.26674 0.27474 -0.92378
vn 0.2871 0.25339 -0.92378
vn 0.39197 0.34594 -0.85246
vn 0.41744 0.31473 -0.85246
vn 0.51881 0.39116 -0.76015
vn 0.54738 0.35006 -0.76015
vn 0.64082 0.40981 -0.64916
vn 0.67046 0.35926 -0.64916
vn 0.75171 0.40279 -0.5222
vn 0.78049 0.34372 -0.5222
vn 0.84562 0.37241 -0.3824
vn 0.87178 0.3062 -0.3824
vn 0.91756 0.32228 -0.23286
vn 0.93964 0.25068 -0.23287
vn 0.81962 0.21866 0.52954
vn 0.99378 0.10574 -0.03492
vn 0.98652 0.1436 -0.07847
vn 0.98016 0.18206 -0.07841
vn 0.98019 0.18206 -0.07798
vn 0.96886 0.23499 -0.07803
vn 0.05469 0.05633 -0.99691
vn 0.05887 0.05195 -0.99691
vn 0.17515 0.15458 -0.97233
vn 0.18653 0.14064 -0.97233
vn 0.30577 0.23053 -0.92378
vn 0.32261 0.20631 -0.92378
vn 0.44042 0.28165 -0.85247
vn 0.4608 0.24691 -0.85247
vn 0.57268 0.30686 -0.76018
vn 0.59461 0.26186 -0.76018
vn 0.69614 0.30658 -0.64915
vn 0.71768 0.25207 -0.64915
vn 0.80464 0.28262 -0.52219
vn 0.82401 0.21983 -0.52219
vn 0.89274 0.23817 -0.38248
vn 0.90843 0.16873 -0.38248
vn 0.95606 0.17758 -0.23325
vn 0.9669 0.10345 -0.23325
vn 0.9913 0.10605 -0.07794
vn 0.99565 0.05095 -0.07798
vn 0.05887 0.05196 -0.99691
vn 0.06269 0.04727 -0.99691
vn 0.18653 0.14064 -0.97233
vn 0.1968 0.12586 -0.97233
vn 0.32259 0.2063 -0.92378
vn 0.33752 0.18085 -0.92378
vn 0.4608 0.24691 -0.85247
vn 0.47844 0.2107 -0.85247
vn 0.5946 0.26186 -0.76018
vn 0.613 0.21531 -0.76018
vn 0.71765 0.25207 -0.64918
vn 0.73493 0.19607 -0.64918
vn 0.824 0.21983 -0.52221
vn 0.83847 0.15574 -0.52221
vn 0.90843 0.16873 -0.38248
vn 0.91872 0.09829 -0.38248
vn 0.96699 0.10346 -0.23287
vn 0.97209 0.02871 -0.23287
vn 0.84283 0.02489 0.53761
vn 0.99688 0.01255 -0.07797
vn 0.06269 0.04727 -0.99691
vn 0.06615 0.0423 -0.99691
vn 0.19681 0.12586 -0.97233
vn 0.20592 0.11034 -0.97233
vn 0.33753 0.18086 -0.92378
vn 0.35045 0.15434 -0.92378
vn 0.47845 0.21071 -0.85246
vn 0.49325 0.17325 -0.85246
vn 0.61301 0.21531 -0.76017
vn 0.62777 0.16748 -0.76017
vn 0.73494 0.19607 -0.64916
vn 0.74786 0.13891 -0.64916
vn 0.8385 0.15574 -0.52218
vn 0.848 0.09073 -0.52218
vn 0.91875 0.0983 -0.38241
vn 0.92359 0.02727 -0.38241
vn 0.9721 0.0287 -0.23282
vn 0.97142 -0.04623 -0.23282
vn 0.96628 -0.04594 0.25335
vn 0.96147 -0.26365 -0.07792
vn 0.97448 -0.21052 -0.07792
vn 0.87013 -0.1779 0.4596
vn 0.98186 -0.17282 -0.078
vn 0.98923 -0.12391 -0.07795
vn 0.98919 -0.1239 -0.07841
vn 0.99366 -0.08048 -0.07847
vn 0.07186 0.03165 -0.99691
vn 0.07408 0.02602 -0.99691
vn 0.22041 0.07742 -0.97233
vn 0.22572 0.06022 -0.97233
vn 0.36999 0.09871 -0.92378
vn 0.37649 0.06993 -0.92378
vn 0.51399 0.09547 -0.85247
vn 0.51982 0.05561 -0.85247
vn 0.64606 0.06912 -0.76015
vn 0.64946 0.01918 -0.76015
vn 0.76033 0.02245 -0.64915
vn 0.7598 -0.03615 -0.64915
vn 0.85183 -0.04053 -0.52224
vn 0.84619 -0.10599 -0.52224
vn 0.91681 -0.11484 -0.38247
vn 0.90524 -0.18508 -0.38247
vn 0.95281 -0.1948 -0.23283
vn 0.93498 -0.26758 -0.23283
vn 0.85383 -0.24435 0.45963
vn 0.87824 -0.47182 -0.07799
vn 0.9028 -0.42294 -0.07797
vn 0.87817 -0.40583 0.25323
vn 0.91838 -0.38784 -0.07846
vn 0.93449 -0.34726 -0.0784
vn 0.93452 -0.34728 -0.07796
vn 0.95059 -0.30049 -0.07802
vn 0.0772 0.01434 -0.99691
vn 0.07807 0.00835 -0.99691
vn 0.23228 0.02485 -0.97233
vn 0.2335 0.0069 -0.97233
vn 0.38276 0.0113 -0.92378
vn 0.3825 -0.0182 -0.92378
vn 0.52219 -0.02485 -0.85247
vn 0.51873 -0.06497 -0.85247
vn 0.64469 -0.08075 -0.76016
vn 0.63656 -0.13015 -0.76016
vn 0.74524 -0.15236 -0.64916
vn 0.73129 -0.20929 -0.64916
vn 0.81992 -0.23465 -0.52218
vn 0.79942 -0.29708 -0.52218
vn 0.8661 -0.32186 -0.38246
vn 0.83875 -0.38758 -0.38246
vn 0.88282 -0.40794 -0.23283
vn 0.84879 -0.4747 -0.23283
vn 0.73592 -0.41157 0.53761
vn 0.78508 -0.61442 -0.07839
vn 0.8085 -0.58324 -0.07845
vn 0.8321 -0.5535 -0.03541
vn 0.8304 -0.55169 -0.07795
vn 0.85941 -0.50531 -0.07799
vn 0.07848 0.00232 -0.99691
vn 0.07843 -0.00373 -0.99691
vn 0.23335 -0.0111 -0.97233
vn 0.2318 -0.02903 -0.97233
vn 0.37995 -0.04759 -0.92378
vn 0.37516 -0.0767 -0.92378
vn 0.51218 -0.10471 -0.85247
vn 0.50259 -0.14383 -0.85247
vn 0.62467 -0.17877 -0.76015
vn 0.60905 -0.22633 -0.76015
vn 0.713 -0.26496 -0.64917
vn 0.69049 -0.31907 -0.64917
vn 0.77414 -0.35772 -0.52226
vn 0.7443 -0.41626 -0.52226
vn 0.80644 -0.45101 -0.38242
vn 0.76932 -0.51176 -0.38242
vn 0.80964 -0.53857 -0.2333
vn 0.76577 -0.5993 -0.2333
vn 0.7851 -0.61444 -0.07795
vn 0.7506 -0.65613 -0.078
vn 0.07843 -0.00373 -0.99691
vn 0.07791 -0.00976 -0.99691
vn 0.23179 -0.02903 -0.97233
vn 0.22887 -0.04679 -0.97233
vn 0.37517 -0.0767 -0.92378
vn 0.36815 -0.10536 -0.92378
vn 0.50259 -0.14383 -0.85248
vn 0.49002 -0.1821 -0.85248
vn 0.60904 -0.22633 -0.76016
vn 0.58981 -0.27254 -0.76016
vn 0.69049 -0.31907 -0.64917
vn 0.66387 -0.37128 -0.64917
vn 0.74431 -0.41627 -0.52223
vn 0.71006 -0.47233 -0.52223
vn 0.76932 -0.51175 -0.38244
vn 0.72763 -0.56946 -0.38244
vn 0.76586 -0.59938 -0.23281
vn 0.71744 -0.65656 -0.23281
vn 0.62578 -0.57268 0.52956
vn 0.62343 -0.77799 -0.07789
vn 0.65776 -0.74918 -0.07794
vn 0.64999 -0.69406 0.30951
vn 0.68613 -0.72329 -0.07796
vn 0.72477 -0.68457 -0.07798
vn 0.07549 -0.0216 -0.99691
vn 0.0736 -0.02735 -0.99691
vn 0.21899 -0.08138 -0.97233
vn 0.21207 -0.098 -0.97233
vn 0.3476 -0.16062 -0.92378
vn 0.3342 -0.18691 -0.92378
vn 0.45628 -0.25518 -0.85246
vn 0.43528 -0.28955 -0.85246
vn 0.54097 -0.35986 -0.76017
vn 0.51166 -0.40044 -0.76017
vn 0.599 -0.46879 -0.64918
vn 0.56113 -0.51351 -0.64918
vn 0.62913 -0.57574 -0.52223
vn 0.58294 -0.62247 -0.52223
vn 0.63159 -0.67442 -0.38243
vn 0.57779 -0.72104 -0.38243
vn 0.60815 -0.75892 -0.23281
vn 0.54791 -0.80349 -0.23281
vn 0.50842 -0.74557 0.43085
vn 0.42857 -0.90014 -0.07793
vn 0.47372 -0.87722 -0.07799
vn 0.43605 -0.75906 0.48341
vn 0.50716 -0.85832 -0.07798
vn 0.55348 -0.82921 -0.07798
vn 0.06853 -0.03833 -0.99691
vn 0.06538 -0.04349 -0.99691
vn 0.19451 -0.12939 -0.97233
vn 0.18397 -0.14398 -0.97233
vn 0.30156 -0.23601 -0.92378
vn 0.28249 -0.25852 -0.92378
vn 0.38566 -0.35293 -0.85247
vn 0.35734 -0.38157 -0.85247
vn 0.44412 -0.47423 -0.76017
vn 0.40629 -0.50702 -0.76017
vn 0.47564 -0.59357 -0.64918
vn 0.42854 -0.62843 -0.64918
vn 0.48047 -0.70459 -0.52221
vn 0.4248 -0.73948 -0.52221
vn 0.46025 -0.80119 -0.38244
vn 0.3972 -0.83425 -0.38244
vn 0.41802 -0.87797 -0.2333
vn 0.34918 -0.90755 -0.2333
vn 0.35245 -0.91603 0.19151
vn 0.35418 -0.93188 -0.07845
vn 0.24235 -0.67907 -0.69291
vn 0.24303 -0.68106 -0.69072
vn 0.24383 -0.68364 -0.68788
vn 0.24424 -0.68504 -0.68634
vn 0.20643 -0.67651 -0.70691
vn 0.20704 -0.67671 -0.70654
vn 0.20756 -0.67694 -0.70617
vn 0.20542 -0.6774 -0.70635
vn 0.20524 -0.67712 -0.70667
vn 0.20531 -0.67673 -0.70703
vn 0.20564 -0.67649 -0.70716
vn 0.24475 -0.68679 -0.68441
vn 0.24529 -0.68878 -0.68221
vn 0.25116 -0.71091 -0.65691
vn 0.20586 -0.67787 -0.70577
vn 0.20575 -0.67778 -0.70589
vn -0.20555 -0.67754 -0.70618
vn -0.20525 -0.67708 -0.70671
vn -0.20717 -0.67677 -0.70644
vn -0.2064 -0.67651 -0.70692
vn -0.20568 -0.67649 -0.70715
vn -0.2053 -0.67677 -0.70699
vn -0.24392 -0.68393 -0.68756
vn -0.20571 -0.67773 -0.70595
vn -0.20596 -0.67794 -0.70568
vn -0.25116 -0.71094 -0.65687
vn -0.24529 -0.68881 -0.68218
vn -0.24476 -0.68682 -0.68438
vn -0.24342 -0.68232 -0.68934
vn -0.24294 -0.68079 -0.69102
vn -0.24235 -0.67906 -0.69292
vn 0.20796 -0.67716 -0.70584
vn 0.25891 -0.71382 -0.65071
vn 0.24021 -0.66555 -0.70664
vn 0.30941 -0.63641 -0.70658
vn 0.30941 -0.63641 -0.70657
vn 0.37726 -0.59869 -0.70657
vn 0.37726 -0.59869 -0.70657
vn 0.44057 -0.55376 -0.70657
vn 0.44057 -0.55376 -0.70657
vn 0.49858 -0.50217 -0.70657
vn 0.49858 -0.50217 -0.70657
vn 0.55058 -0.44453 -0.70657
vn 0.55058 -0.44454 -0.70657
vn 0.59596 -0.38155 -0.70657
vn 0.59596 -0.38155 -0.70657
vn 0.63417 -0.31397 -0.70657
vn 0.63417 -0.31398 -0.70657
vn 0.66475 -0.24262 -0.70657
vn 0.66475 -0.24262 -0.70657
vn 0.68732 -0.16835 -0.70657
vn 0.68732 -0.16835 -0.70657
vn 0.70163 -0.09205 -0.70657
vn 0.70163 -0.09205 -0.70657
vn 0.70749 -0.01464 -0.70657
vn 0.70749 -0.01464 -0.70657
vn 0.70483 0.06295 -0.70657
vn 0.70483 0.06295 -0.70658
vn 0.6937 0.13977 -0.70658
vn 0.6937 0.13977 -0.70657
vn 0.67421 0.21492 -0.70657
vn 0.67421 0.21492 -0.70657
vn 0.64662 0.28748 -0.70657
vn 0.64662 0.28748 -0.70657
vn 0.61124 0.35658 -0.70657
vn 0.61123 0.35657 -0.70658
vn 0.5685 0.42138 -0.70657
vn 0.5685 0.42138 -0.70658
vn 0.51892 0.48112 -0.70658
vn 0.51892 0.48112 -0.70657
vn 0.4631 0.53506 -0.70657
vn 0.4631 0.53506 -0.70657
vn 0.4017 0.58257 -0.70657
vn 0.4017 0.58257 -0.70657
vn 0.33547 0.62307 -0.70657
vn 0.33547 0.62307 -0.70657
vn 0.2652 0.65606 -0.70657
vn 0.2652 0.65606 -0.70657
vn 0.19174 0.68117 -0.70657
vn 0.19174 0.68117 -0.70657
vn 0.11598 0.69807 -0.70657
vn 0.11598 0.69807 -0.70657
vn 0.03881 0.70658 -0.70657
vn 0.03881 0.70657 -0.70658
vn -0.03881 0.70657 -0.70658
vn -0.03882 0.70657 -0.70657
vn -0.11598 0.69807 -0.70657
vn -0.11598 0.69807 -0.70657
vn -0.19174 0.68117 -0.70657
vn -0.19174 0.68117 -0.70657
vn -0.2652 0.65606 -0.70657
vn -0.2652 0.65606 -0.70657
vn -0.33547 0.62307 -0.70657
vn -0.33547 0.62307 -0.70657
vn -0.4017 0.58257 -0.70657
vn -0.4017 0.58257 -0.70657
vn -0.4631 0.53506 -0.70657
vn -0.4631 0.53506 -0.70657
vn -0.51892 0.48112 -0.70657
vn -0.51892 0.48112 -0.70658
vn -0.5685 0.42138 -0.70658
vn -0.5685 0.42138 -0.70657
vn -0.61123 0.35657 -0.70658
vn -0.61124 0.35658 -0.70657
vn -0.64662 0.28748 -0.70657
vn -0.64662 0.28748 -0.70657
vn -0.67422 0.21492 -0.70657
vn -0.67421 0.21492 -0.70657
vn -0.6937 0.13977 -0.70657
vn -0.6937 0.13977 -0.70658
vn -0.70483 0.06295 -0.70658
vn -0.70483 0.06295 -0.70657
vn -0.70749 -0.01464 -0.70657
vn -0.70749 -0.01464 -0.70657
vn -0.70163 -0.09205 -0.70657
vn -0.70163 -0.09205 -0.70657
vn -0.68732 -0.16835 -0.70657
vn -0.68732 -0.16835 -0.70657
vn -0.66475 -0.24262 -0.70657
vn -0.66475 -0.24262 -0.70657
vn -0.63417 -0.31398 -0.70657
vn -0.63417 -0.31397 -0.70657
vn -0.59596 -0.38155 -0.70657
vn -0.59596 -0.38155 -0.70657
vn -0.55058 -0.44454 -0.70657
vn -0.55058 -0.44453 -0.70657
vn -0.49858 -0.50217 -0.70657
vn -0.49858 -0.50217 -0.70657
vn -0.44057 -0.55376 -0.70657
vn -0.44057 -0.55376 -0.70657
vn -0.37726 -0.59869 -0.70657
vn -0.37726 -0.59869 -0.70657
vn -0.30941 -0.63641 -0.70657
vn -0.30941 -0.63641 -0.70658
vn -0.24126 -0.66514 -0.70667
vn -0.25048 -0.70806 -0.66023
vn -0.20801 -0.6772 -0.70578
vn -0.20745 -0.67689 -0.70625
vn 0.20555 -0.67754 0.70618
vn 0.20525 -0.67708 0.70671
vn 0.20717 -0.67677 0.70644
vn 0.2064 -0.67651 0.70692
vn 0.20568 -0.67649 0.70715
vn 0.2053 -0.67677 0.70699
vn 0.24392 -0.68393 0.68756
vn 0.20572 -0.67774 0.70594
vn 0.20596 -0.67794 0.70568
vn 0.25116 -0.71094 0.65687
vn 0.2453 -0.68881 0.68218
vn 0.24476 -0.68682 0.68438
vn 0.24343 -0.68232 0.68933
vn 0.24294 -0.68078 0.69102
vn 0.24235 -0.67906 0.69292
vn -0.24235 -0.67907 0.69291
vn -0.24303 -0.68106 0.69072
vn -0.24383 -0.68364 0.68788
vn -0.24424 -0.68503 0.68635
vn -0.20643 -0.67651 0.70691
vn -0.20704 -0.67671 0.70654
vn -0.20756 -0.67694 0.70617
vn -0.20543 -0.67741 0.70634
vn -0.20524 -0.67712 0.70667
vn -0.20531 -0.67673 0.70703
vn -0.20564 -0.67649 0.70716
vn -0.24475 -0.68679 0.68441
vn -0.24529 -0.68879 0.6822
vn -0.25116 -0.71091 0.65691
vn -0.20586 -0.67787 0.70577
vn -0.20574 -0.67778 0.7059
vn -0.20796 -0.67716 0.70584
vn -0.25891 -0.71382 0.65071
vn -0.24021 -0.66555 0.70664
vn -0.30941 -0.63641 0.70658
vn -0.30941 -0.63641 0.70657
vn -0.37726 -0.59869 0.70657
vn -0.37726 -0.59869 0.70657
vn -0.44057 -0.55376 0.70657
vn -0.44057 -0.55376 0.70657
vn -0.49858 -0.50217 0.70657
vn -0.49858 -0.50217 0.70657
vn -0.55058 -0.44453 0.70657
vn -0.55058 -0.44454 0.70657
vn -0.59596 -0.38155 0.70657
vn -0.59596 -0.38155 0.70657
vn -0.63417 -0.31397 0.70657
vn -0.63417 -0.31398 0.70657
vn -0.66475 -0.24262 0.70657
vn -0.66475 -0.24262 0.70657
vn -0.68732 -0.16835 0.70657
vn -0.68732 -0.16835 0.70657
vn -0.70163 -0.09205 0.70657
vn -0.70163 -0.09205 0.70657
vn -0.70749 -0.01464 0.70657
vn -0.70749 -0.01464 0.70657
vn -0.70483 0.06295 0.70657
vn -0.70483 0.06295 0.70658
vn -0.6937 0.13977 0.70658
vn -0.6937 0.13977 0.70657
vn -0.67421 0.21492 0.70657
vn -0.67421 0.21492 0.70657
vn -0.64662 0.28748 0.70657
vn -0.64662 0.28748 0.70657
vn -0.61124 0.35658 0.70657
vn -0.61123 0.35657 0.70658
vn -0.5685 0.42138 0.70657
vn -0.5685 0.42138 0.70658
vn -0.51892 0.48112 0.70658
vn -0.51892 0.48112 0.70657
vn -0.4631 0.53506 0.70657
vn -0.4631 0.53506 0.70657
vn -0.4017 0.58257 0.70657
vn -0.4017 0.58257 0.70657
vn -0.33547 0.62307 0.70657
vn -0.33547 0.62307 0.70657
vn -0.2652 0.65606 0.70657
vn -0.2652 0.65606 0.70657
vn -0.19174 0.68117 0.70657
vn -0.19174 0.68117 0.70657
vn -0.11598 0.69807 0.70657
vn -0.11598 0.69807 0.70657
vn -0.03881 0.70658 0.70657
vn -0.03881 0.70657 0.70658
vn 0.03881 0.70657 0.70658
vn 0.03882 0.70657 0.70657
vn 0.11598 0.69807 0.70657
vn 0.11598 0.69807 0.70657
vn 0.19174 0.68117 0.70657
vn 0.19174 0.68117 0.70657
vn 0.2652 0.65606 0.70657
vn 0.2652 0.65606 0.70657
vn 0.33547 0.62307 0.70657
vn 0.33547 0.62307 0.70657
vn 0.4017 0.58257 0.70657
vn 0.4017 0.58257 0.70657
vn 0.4631 0.53506 0.70657
vn 0.4631 0.53506 0.70657
vn 0.51892 0.48112 0.70657
vn 0.51892 0.48112 0.70658
vn 0.5685 0.42138 0.70658
vn 0.5685 0.42138 0.70657
vn 0.61123 0.35657 0.70658
vn 0.61124 0.35658 0.70657
vn 0.64662 0.28748 0.70657
vn 0.64662 0.28748 0.70657
vn 0.67422 0.21492 0.70657
vn 0.67421 0.21492 0.70657
vn 0.6937 0.13977 0.70657
vn 0.6937 0.13977 0.70658
vn 0.70483 0.06295 0.70658
vn 0.70483 0.06295 0.70657
vn 0.70749 -0.01464 0.70657
vn 0.70749 -0.01464 0.70657
vn 0.70163 -0.09205 0.70657
vn 0.70163 -0.09205 0.70657
vn 0.68732 -0.16835 0.70657
vn 0.68732 -0.16835 0.70657
vn 0.66475 -0.24262 0.70657
vn 0.66475 -0.24262 0.70657
vn 0.63417 -0.31398 0.70657
vn 0.63417 -0.31397 0.70657
vn 0.59596 -0.38155 0.70657
vn 0.59596 -0.38155 0.70657
vn 0.55058 -0.44454 0.70657
vn 0.55058 -0.44453 0.70657
vn 0.49858 -0.50217 0.70657
vn 0.49858 -0.50217 0.70657
vn 0.44057 -0.55376 0.70657
vn 0.44057 -0.55376 0.70657
vn 0.37726 -0.59869 0.70657
vn 0.37726 -0.59869 0.70657
vn 0.30941 -0.63641 0.70657
vn 0.30941 -0.63641 0.70658
vn 0.24126 -0.66514 0.70667
vn 0.25048 -0.70806 0.66023
vn 0.20801 -0.6772 0.70578
vn 0.20745 -0.67689 0.70625
vn -0.08393 -0.99647 -0
vn -0.17035 -0.98538 -0
vn -0.25255 -0.96758 -0
vn -0.33596 -0.94188 -0
vn -0.41378 -0.91038 -0
vn -0.49159 -0.87082 -0
vn -0.56291 -0.82652 -0
vn -0.63278 -0.77433 -0
vn -0.69555 -0.71848 -0
vn -0.75552 -0.65512 -0
vn -0.80784 -0.5894 -0
vn -0.85614 -0.51674 -0
vn -0.89648 -0.44308 -0
vn -0.93169 -0.36326 -0
vn -0.95889 -0.28378 -0
vn -0.97997 -0.19913 -0
vn -0.99323 -0.11618 -0
vn -0.99957 -0.02918 -0
vn 0.99957 -0.02918 0
vn 0.99323 -0.11618 0
vn 0.97997 -0.19913 0
vn 0.95889 -0.28378 0
vn 0.93169 -0.36326 0
vn 0.89648 -0.44308 0
vn 0.85614 -0.51674 0
vn 0.80784 -0.5894 0
vn 0.75552 -0.65512 0
vn 0.69555 -0.71848 0
vn 0.63278 -0.77433 0
vn 0.56291 -0.82652 0
vn 0.49159 -0.87082 0
vn 0.41378 -0.91038 0
vn 0.33596 -0.94188 0
vn 0.25255 -0.96758 0
vn 0.17035 -0.98538 0
vn 0.08393 -0.99647 0
vn -0.30394 -0.95269 0
vn -0.40029 -0.91639 0
vn -0.4924 -0.87037 0
vn -0.57929 -0.81512 0
vn -0.66003 -0.75124 0
vn -0.73378 -0.67938 0
vn -0.79975 -0.60033 0
vn -0.85724 -0.51491 0
vn -0.90565 -0.42403 0
vn -0.94445 -0.32866 0
vn -0.97324 -0.2298 0
vn -0.99171 -0.12851 0
vn -0.99967 -0.02585 0
vn -0.99703 0.07708 0
vn -0.98381 0.17919 0
vn -0.96017 0.2794 0
vn -0.92635 0.37666 0
vn -0.88271 0.46991 0
vn -0.82971 0.55819 0
vn -0.76792 0.64055 0
vn -0.69798 0.71612 0
vn -0.62064 0.78409 0
vn -0.53673 0.84376 0
vn -0.44712 0.89447 0
vn -0.35277 0.93571 0
vn -0.25469 0.96702 0
vn -0.1539 0.98809 0
vn -0.05148 0.99867 0
vn 0.05148 0.99867 -0
vn 0.1539 0.98809 -0
vn 0.25469 0.96702 -0
vn 0.35277 0.93571 -0
vn 0.44712 0.89447 -0
vn 0.53673 0.84376 -0
vn 0.62064 0.78409 -0
vn 0.69798 0.71612 -0
vn 0.76792 0.64055 -0
vn 0.82971 0.55819 -0
vn 0.88271 0.46991 -0
vn 0.92635 0.37666 -0
vn 0.96017 0.2794 -0
vn 0.98381 0.17919 -0
vn 0.99703 0.07708 -0
vn 0.99967 -0.02585 0
vn 0.99171 -0.12851 0
vn 0.97324 -0.2298 0
vn 0.94445 -0.32866 0
vn 0.90565 -0.42403 0
vn 0.85724 -0.51491 0
vn 0.79975 -0.60033 0
vn 0.73378 -0.67938 0
vn 0.66003 -0.75124 0
vn 0.57929 -0.81512 0
vn 0.4924 -0.87037 0
vn 0.40029 -0.91639 0
vn 0.30394 -0.95269 0
vn -0.0139 -0.16508 -0.98618
vn -0.02741 -0.32547 -0.94515
vn -0.04016 -0.47677 -0.87811
vn -0.05178 -0.6148 -0.78698
vn -0.06198 -0.73586 -0.67429
vn -0.07046 -0.83659 -0.54329
vn -0.08367 -0.99342 -0.07817
vn -0.9979 -0.02913 0.05779
vn -0.12819 -0.02354 -0.99147
vn -0.24938 -0.04358 -0.96742
vn -0.40726 -0.06796 -0.91078
vn -0.5417 -0.0833 -0.83643
vn -0.69447 -0.03707 -0.71857
vn -0.96929 0.13665 -0.20445
vn -0.88867 -0.0191 -0.45815
vn -0.75624 -0.0166 -0.65408
vn -0.79053 -0.02772 -0.61179
vn -0.82444 -0.02872 -0.56522
vn -0.68854 -0.02108 -0.72489
vn -0.68204 -0.09777 -0.72475
vn -0.60167 -0.07828 -0.7949
vn -0.48672 -0.07015 -0.87074
vn -0.34354 -0.04778 -0.93792
vn -0.186 -0.01566 -0.98243
vn -0.05541 -0.00083 -0.99846
vn -0.99974 0.01031 -0.02054
vn -0.99666 -0.02303 -0.07841
vn -0.98685 -0.14147 -0.07818
vn -0.99274 -0.11613 0.03131
vn -0.97695 -0.19852 -0.07843
vn -0.94929 -0.30453 -0.07818
vn -0.95874 -0.28374 0.0176
vn -0.92882 -0.36214 -0.07845
vn -0.88498 -0.45902 -0.0782
vn -0.89648 -0.44307 0.00388
vn -0.8535 -0.51515 -0.07845
vn -0.79573 -0.60058 -0.07819
vn -0.8078 -0.58937 -0.00983
vn -0.7532 -0.6531 -0.07844
vn -0.68408 -0.72521 -0.07818
vn -0.69536 -0.71828 -0.02354
vn -0.63083 -0.77194 -0.07847
vn -0.55315 -0.82941 -0.0782
vn -0.56252 -0.82594 -0.03726
vn -0.49008 -0.86814 -0.07846
vn -0.40662 -0.91025 -0.07818
vn -0.41324 -0.9092 -0.05094
vn -0.33492 -0.93897 -0.07846
vn -0.24864 -0.96544 -0.07818
vn -0.25202 -0.96557 -0.06454
vn -0.16982 -0.98235 -0.07845
vn -0.97245 0.00996 -0.23291
vn -0.96272 -0.13801 -0.23265
vn -0.96271 -0.138 -0.23267
vn -0.92607 -0.29708 -0.23267
vn -0.92607 -0.29709 -0.23265
vn -0.86334 -0.4478 -0.23264
vn -0.86334 -0.44779 -0.23266
vn -0.77627 -0.58589 -0.23266
vn -0.77627 -0.58588 -0.23268
vn -0.66734 -0.70747 -0.23269
vn -0.66734 -0.70747 -0.23268
vn -0.53962 -0.80912 -0.23268
vn -0.53961 -0.80913 -0.23264
vn -0.39668 -0.88799 -0.23263
vn -0.39668 -0.88799 -0.23263
vn -0.24256 -0.94183 -0.23263
vn -0.24257 -0.94182 -0.23267
vn -0.08367 -0.99342 -0.07819
vn -0.08279 -0.98289 -0.16456
vn -0.07981 -0.96928 -0.23264
vn -0.08145 -0.96708 -0.24109
vn -0.07938 -0.94251 -0.32461
vn -0.96748 0.11249 -0.22657
vn -0.97019 0.00717 -0.24224
vn -0.92414 0.00643 -0.38199
vn -0.915 -0.13116 -0.38154
vn -0.915 -0.13117 -0.38152
vn -0.88017 -0.28236 -0.38153
vn -0.88017 -0.28236 -0.38153
vn -0.82055 -0.4256 -0.38153
vn -0.82055 -0.4256 -0.38153
vn -0.73781 -0.55685 -0.38153
vn -0.73781 -0.55685 -0.38152
vn -0.63427 -0.67241 -0.38152
vn -0.63427 -0.67241 -0.38153
vn -0.51287 -0.76903 -0.38153
vn -0.51287 -0.76903 -0.38153
vn -0.37702 -0.84397 -0.38153
vn -0.37702 -0.84397 -0.38154
vn -0.23054 -0.89514 -0.38154
vn -0.23055 -0.89513 -0.38155
vn -0.07443 -0.92138 -0.38146
vn -0.07701 -0.91434 -0.39756
vn -0.85284 -0.00976 -0.52208
vn -0.84482 -0.12111 -0.52116
vn -0.84482 -0.12111 -0.52116
vn -0.81267 -0.26071 -0.52116
vn -0.81266 -0.2607 -0.52116
vn -0.75761 -0.39296 -0.52116
vn -0.75761 -0.39295 -0.52117
vn -0.68121 -0.51414 -0.52117
vn -0.68122 -0.51415 -0.52115
vn -0.58563 -0.62084 -0.52115
vn -0.58563 -0.62084 -0.52115
vn -0.47354 -0.71005 -0.52115
vn -0.47353 -0.71003 -0.52117
vn -0.3481 -0.77923 -0.52117
vn -0.3481 -0.77924 -0.52116
vn -0.21286 -0.82649 -0.52116
vn -0.21286 -0.82649 -0.52116
vn -0.07162 -0.85045 -0.52116
vn -0.06201 -0.8771 -0.47629
vn -0.75942 -0.03875 -0.64944
vn -0.75383 -0.10806 -0.64812
vn -0.75384 -0.10807 -0.64811
vn -0.72514 -0.23263 -0.64811
vn -0.72514 -0.23263 -0.64811
vn -0.67602 -0.35063 -0.64812
vn -0.67602 -0.35064 -0.64811
vn -0.60785 -0.45877 -0.64811
vn -0.60784 -0.45876 -0.64813
vn -0.52254 -0.55396 -0.64813
vn -0.52255 -0.55397 -0.64812
vn -0.42253 -0.63356 -0.64812
vn -0.42254 -0.63357 -0.64812
vn -0.31061 -0.69532 -0.64812
vn -0.31061 -0.69532 -0.64811
vn -0.18994 -0.73748 -0.64811
vn -0.18994 -0.73748 -0.64811
vn -0.06391 -0.75886 -0.64811
vn -0.05661 -0.78675 -0.61468
vn -0.64297 -0.09859 -0.75952
vn -0.61967 -0.19879 -0.75927
vn -0.61967 -0.19879 -0.75927
vn -0.57769 -0.29963 -0.75927
vn -0.57768 -0.29963 -0.75928
vn -0.51943 -0.39203 -0.75928
vn -0.51944 -0.39204 -0.75927
vn -0.44655 -0.47341 -0.75926
vn -0.44654 -0.47339 -0.75928
vn -0.36107 -0.54141 -0.75928
vn -0.36107 -0.54142 -0.75927
vn -0.26543 -0.59418 -0.75927
vn -0.26543 -0.59418 -0.75927
vn -0.16231 -0.6302 -0.75927
vn -0.16231 -0.63021 -0.75927
vn -0.05462 -0.64848 -0.75927
vn -0.04931 -0.67481 -0.73635
vn -0.51617 -0.08566 -0.85219
vn -0.4988 -0.16002 -0.85182
vn -0.4988 -0.16002 -0.85182
vn -0.46501 -0.24119 -0.85181
vn -0.46502 -0.2412 -0.85181
vn -0.41812 -0.31558 -0.85181
vn -0.41812 -0.31557 -0.85182
vn -0.35944 -0.38105 -0.85182
vn -0.35945 -0.38106 -0.85182
vn -0.29065 -0.43581 -0.85182
vn -0.29065 -0.43581 -0.85182
vn -0.21366 -0.47829 -0.85182
vn -0.21366 -0.47829 -0.85181
vn -0.13065 -0.50729 -0.85181
vn -0.13065 -0.50729 -0.85182
vn -0.04396 -0.52199 -0.85182
vn -0.04036 -0.54419 -0.83799
vn -0.37712 -0.06734 -0.92371
vn -0.36549 -0.11725 -0.9234
vn -0.36549 -0.11725 -0.9234
vn -0.34073 -0.17673 -0.9234
vn -0.34073 -0.17673 -0.9234
vn -0.30637 -0.23123 -0.9234
vn -0.30638 -0.23124 -0.92339
vn -0.26339 -0.27923 -0.92339
vn -0.26339 -0.27922 -0.9234
vn -0.21297 -0.31935 -0.9234
vn -0.21297 -0.31934 -0.9234
vn -0.15655 -0.35046 -0.9234
vn -0.15655 -0.35045 -0.9234
vn -0.09573 -0.3717 -0.9234
vn -0.09573 -0.37171 -0.9234
vn -0.03221 -0.38248 -0.9234
vn -0.03003 -0.39857 -0.91665
vn -0.22986 -0.04207 -0.97231
vn -0.22303 -0.07155 -0.97218
vn -0.22304 -0.07155 -0.97218
vn -0.20793 -0.10785 -0.97218
vn -0.20793 -0.10785 -0.97218
vn -0.18696 -0.14111 -0.97218
vn -0.18696 -0.14111 -0.97218
vn -0.16072 -0.17039 -0.97218
vn -0.16072 -0.17038 -0.97218
vn -0.12996 -0.19487 -0.97218
vn -0.12996 -0.19487 -0.97218
vn -0.09554 -0.21386 -0.97218
vn -0.09554 -0.21387 -0.97218
vn -0.05842 -0.22683 -0.97218
vn -0.05842 -0.22683 -0.97218
vn -0.01966 -0.2334 -0.97218
vn -0.01866 -0.24188 -0.97013
vn -0.07718 -0.01446 -0.99691
vn -0.07497 -0.02405 -0.9969
vn -0.07497 -0.02405 -0.9969
vn -0.06989 -0.03625 -0.9969
vn -0.06989 -0.03625 -0.9969
vn -0.06284 -0.04743 -0.9969
vn -0.06284 -0.04743 -0.9969
vn -0.05403 -0.05727 -0.9969
vn -0.05403 -0.05727 -0.9969
vn -0.04369 -0.0655 -0.9969
vn -0.04369 -0.0655 -0.9969
vn -0.03211 -0.07189 -0.9969
vn -0.03211 -0.07189 -0.9969
vn -0.01964 -0.07625 -0.9969
vn -0.01964 -0.07625 -0.9969
vn -0.00661 -0.07846 -0.9969
vn -0.00661 -0.07846 -0.9969
vn 0 -0.07846 -0.99692
vn 0 -0.1651 -0.98628
vn 0 -0.24192 -0.9703
vn 0 -0.3256 -0.94551
vn 0 -0.39875 -0.91706
vn 0 -0.47716 -0.87882
vn 0 -0.54464 -0.83867
vn 0 -0.61563 -0.78804
vn 0 -0.67563 -0.73724
vn 0 -0.73728 -0.67559
vn 0 -0.78801 -0.61566
vn 0 -0.83867 -0.54464
vn 0 -0.87879 -0.47721
vn 0 -0.91706 -0.39874
vn 0 -0.9455 -0.32563
vn 0 -0.9703 -0.2419
vn 0 -0.98627 -0.16512
vn 0 -0.99692 -0.07846
vn 0.95594 -0.28291 -0.07831
vn 0.89373 -0.44171 -0.07832
vn 0.80536 -0.58759 -0.07828
vn 0.69342 -0.71627 -0.07825
vn 0.56118 -0.82398 -0.07826
vn 0.41251 -0.90759 -0.07822
vn 0.25177 -0.96462 -0.0782
vn 0.97282 0.10298 -0.20742
vn 0.05179 -0.0097 -0.99861
vn 0.07866 -0.00802 -0.99687
vn 0.2313 -0.03572 -0.97223
vn 0.17663 -0.03237 -0.98375
vn 0.12783 -0.02347 -0.99152
vn 0.37897 -0.05896 -0.92353
vn 0.33522 -0.05963 -0.94025
vn 0.24808 -0.04324 -0.96777
vn 0.51787 -0.07756 -0.85194
vn 0.4791 -0.07964 -0.87414
vn 0.4072 -0.06795 -0.91081
vn 0.6449 -0.08867 -0.75911
vn 0.59176 -0.09086 -0.80098
vn 0.54132 -0.08324 -0.83669
vn 0.75942 -0.03877 -0.64944
vn 0.6942 -0.03711 -0.71883
vn 0.97246 0.00722 -0.23295
vn 0.90658 0.00619 -0.42198
vn 0.92391 -0.01332 -0.38238
vn 0.86484 -0.01283 -0.50188
vn 0.85284 -0.0097 -0.52208
vn 0.81243 -0.03599 -0.58195
vn 0.75612 -0.01587 -0.65424
vn 0.99018 -0.11583 -0.07833
vn 0.9965 -0.02909 -0.07843
vn 0.96708 0.11745 -0.22575
vn 0.97027 0.00994 -0.24184
vn 0.99974 0.01031 -0.02054
vn 0.99974 0.01033 -0.0205
vn 0.08162 -0.96912 -0.23267
vn 0.08367 -0.99342 -0.07819
vn 0.08367 -0.99342 -0.07817
vn 0.08279 -0.98289 -0.16456
vn 0.0794 -0.96724 -0.24113
vn 0.06765 -0.85087 -0.521
vn 0.07381 -0.87639 -0.47591
vn 0.07757 -0.92109 -0.38155
vn 0.07294 -0.91462 -0.39768
vn 0.07938 -0.94251 -0.32461
vn 0.0596 -0.75937 -0.64793
vn 0.06622 -0.78628 -0.61431
vn 0.07046 -0.83659 -0.54329
vn 0.97695 -0.19852 -0.07843
vn 0.98988 -0.1419 -0.00264
vn 0.96271 -0.13801 -0.23267
vn 0.96272 -0.138 -0.23265
vn 0.91501 -0.13117 -0.38152
vn 0.915 -0.13117 -0.38154
vn 0.84482 -0.12111 -0.52116
vn 0.84482 -0.12111 -0.52116
vn 0.75384 -0.10806 -0.64811
vn 0.75383 -0.10807 -0.64812
vn 0.68208 -0.09778 -0.72471
vn 0.68857 -0.0204 -0.72488
vn 0.05043 -0.64903 -0.75909
vn 0.05681 -0.67454 -0.73605
vn 0.06198 -0.73586 -0.67429
vn 0.04032 -0.52252 -0.85167
vn 0.04582 -0.54406 -0.83779
vn 0.05178 -0.6148 -0.78698
vn 0.02948 -0.38291 -0.92331
vn 0.03357 -0.39852 -0.91654
vn 0.04016 -0.47677 -0.87811
vn 0.01815 -0.23365 -0.97215
vn 0.02037 -0.24187 -0.9701
vn 0.02741 -0.32547 -0.94515
vn 0.00661 -0.07846 -0.9969
vn 0.00661 -0.07846 -0.9969
vn 0.0139 -0.16508 -0.98618
vn 0.16982 -0.98235 -0.07845
vn 0.24887 -0.96635 -0.06509
vn 0.24256 -0.94182 -0.23267
vn 0.24257 -0.94183 -0.23263
vn 0.23054 -0.89514 -0.38155
vn 0.23055 -0.89514 -0.38154
vn 0.21287 -0.82649 -0.52116
vn 0.21286 -0.82649 -0.52116
vn 0.18994 -0.73748 -0.64811
vn 0.18994 -0.73748 -0.64811
vn 0.16231 -0.63021 -0.75927
vn 0.16231 -0.63021 -0.75927
vn 0.13065 -0.50729 -0.85182
vn 0.13065 -0.50729 -0.85181
vn 0.09573 -0.37171 -0.9234
vn 0.09573 -0.3717 -0.9234
vn 0.05842 -0.22683 -0.97218
vn 0.05842 -0.22683 -0.97218
vn 0.01964 -0.07625 -0.9969
vn 0.01964 -0.07625 -0.9969
vn 0.33492 -0.93897 -0.07846
vn 0.4073 -0.91175 -0.05308
vn 0.39668 -0.88799 -0.23263
vn 0.39668 -0.88799 -0.23263
vn 0.37702 -0.84397 -0.38154
vn 0.37702 -0.84397 -0.38153
vn 0.3481 -0.77924 -0.52116
vn 0.3481 -0.77923 -0.52117
vn 0.31061 -0.69532 -0.64811
vn 0.31061 -0.69532 -0.64812
vn 0.26543 -0.59418 -0.75927
vn 0.26543 -0.59418 -0.75927
vn 0.21366 -0.47829 -0.85181
vn 0.21366 -0.47829 -0.85182
vn 0.15655 -0.35045 -0.9234
vn 0.15656 -0.35046 -0.9234
vn 0.09554 -0.21387 -0.97218
vn 0.09554 -0.21386 -0.97218
vn 0.03211 -0.07189 -0.9969
vn 0.03211 -0.07189 -0.9969
vn 0.49008 -0.86814 -0.07846
vn 0.55435 -0.83122 -0.04207
vn 0.53962 -0.80913 -0.23264
vn 0.53961 -0.80913 -0.23268
vn 0.51287 -0.76903 -0.38153
vn 0.51287 -0.76903 -0.38153
vn 0.47353 -0.71004 -0.52117
vn 0.47354 -0.71005 -0.52115
vn 0.42254 -0.63357 -0.64812
vn 0.42253 -0.63356 -0.64812
vn 0.36108 -0.54141 -0.75927
vn 0.36107 -0.54141 -0.75928
vn 0.29065 -0.43581 -0.85182
vn 0.29065 -0.43581 -0.85182
vn 0.21297 -0.31934 -0.9234
vn 0.21298 -0.31934 -0.9234
vn 0.12996 -0.19487 -0.97218
vn 0.12996 -0.19487 -0.97218
vn 0.04369 -0.0655 -0.9969
vn 0.04369 -0.0655 -0.9969
vn 0.63083 -0.77194 -0.07847
vn 0.68582 -0.72706 -0.03206
vn 0.66734 -0.70747 -0.23268
vn 0.66734 -0.70747 -0.23269
vn 0.63427 -0.67241 -0.38153
vn 0.63427 -0.67241 -0.38152
vn 0.58563 -0.62084 -0.52115
vn 0.58563 -0.62084 -0.52115
vn 0.52255 -0.55397 -0.64812
vn 0.52254 -0.55396 -0.64813
vn 0.44654 -0.47339 -0.75928
vn 0.44655 -0.4734 -0.75926
vn 0.35945 -0.38106 -0.85182
vn 0.35944 -0.38106 -0.85182
vn 0.26339 -0.27922 -0.9234
vn 0.26339 -0.27923 -0.92339
vn 0.16072 -0.17038 -0.97218
vn 0.16072 -0.17039 -0.97218
vn 0.05403 -0.05727 -0.9969
vn 0.05402 -0.05727 -0.9969
vn 0.7532 -0.6531 -0.07844
vn 0.79796 -0.60226 -0.02313
vn 0.77627 -0.58589 -0.23268
vn 0.77628 -0.58589 -0.23266
vn 0.73781 -0.55685 -0.38152
vn 0.7378 -0.55685 -0.38153
vn 0.68122 -0.51414 -0.52115
vn 0.68121 -0.51414 -0.52117
vn 0.60783 -0.45876 -0.64813
vn 0.60785 -0.45877 -0.64811
vn 0.51944 -0.39204 -0.75927
vn 0.51943 -0.39203 -0.75928
vn 0.41811 -0.31557 -0.85182
vn 0.41813 -0.31557 -0.85181
vn 0.30638 -0.23124 -0.92339
vn 0.30637 -0.23123 -0.9234
vn 0.18696 -0.14111 -0.97218
vn 0.18696 -0.14111 -0.97218
vn 0.06284 -0.04743 -0.9969
vn 0.06284 -0.04743 -0.9969
vn 0.8535 -0.51515 -0.07845
vn 0.88759 -0.46038 -0.01526
vn 0.86334 -0.4478 -0.23266
vn 0.86334 -0.44779 -0.23264
vn 0.82055 -0.4256 -0.38153
vn 0.82055 -0.4256 -0.38153
vn 0.75761 -0.39296 -0.52117
vn 0.75761 -0.39296 -0.52116
vn 0.67602 -0.35064 -0.64811
vn 0.67602 -0.35064 -0.64812
vn 0.57768 -0.29963 -0.75928
vn 0.57769 -0.29963 -0.75927
vn 0.46502 -0.24119 -0.85181
vn 0.46501 -0.24119 -0.85181
vn 0.34073 -0.17673 -0.9234
vn 0.34073 -0.17673 -0.9234
vn 0.20793 -0.10785 -0.97218
vn 0.20793 -0.10785 -0.97218
vn 0.06989 -0.03625 -0.9969
vn 0.06989 -0.03625 -0.9969
vn 0.92882 -0.36214 -0.07845
vn 0.95217 -0.30545 -0.00842
vn 0.92608 -0.29708 -0.23265
vn 0.92607 -0.29709 -0.23267
vn 0.88017 -0.28236 -0.38153
vn 0.88017 -0.28236 -0.38153
vn 0.81266 -0.2607 -0.52116
vn 0.81267 -0.2607 -0.52116
vn 0.72514 -0.23263 -0.64811
vn 0.61967 -0.19879 -0.75927
vn 0.61967 -0.19879 -0.75927
vn 0.4988 -0.16002 -0.85182
vn 0.4988 -0.16002 -0.85182
vn 0.36549 -0.11725 -0.9234
vn 0.36549 -0.11725 -0.9234
vn 0.22304 -0.07155 -0.97218
vn 0.22303 -0.07155 -0.97218
vn 0.07497 -0.02405 -0.9969
vn 0.07497 -0.02405 -0.9969
vn -0.95594 -0.28291 0.07831
vn -0.89373 -0.44171 0.07831
vn -0.80536 -0.58759 0.07828
vn -0.69342 -0.71627 0.07825
vn -0.56118 -0.82398 0.07826
vn -0.41251 -0.90759 0.07822
vn -0.25177 -0.96462 0.0782
vn -0.97282 0.10298 0.20742
vn -0.96708 0.11745 0.22575
vn -0.99018 -0.11583 0.07833
vn -0.9965 -0.02909 0.07842
vn -0.99974 0.01033 0.0205
vn -0.05179 -0.0097 0.99861
vn -0.07867 -0.00802 0.99687
vn -0.23129 -0.03572 0.97223
vn -0.17663 -0.03237 0.98375
vn -0.12783 -0.02347 0.99152
vn -0.37897 -0.05896 0.92353
vn -0.33522 -0.05963 0.94025
vn -0.24808 -0.04324 0.96777
vn -0.51787 -0.07756 0.85194
vn -0.4791 -0.07964 0.87414
vn -0.4072 -0.06795 0.91081
vn -0.6449 -0.08867 0.75911
vn -0.59177 -0.09086 0.80097
vn -0.54131 -0.08324 0.83669
vn -0.75942 -0.03878 0.64944
vn -0.6942 -0.03712 0.71883
vn -0.99974 0.01031 0.02054
vn -0.97027 0.00994 0.24184
vn -0.97246 0.00722 0.23296
vn -0.90658 0.00619 0.42198
vn -0.92391 -0.01332 0.38238
vn -0.86485 -0.01283 0.50187
vn -0.85284 -0.0097 0.52208
vn -0.81242 -0.03599 0.58195
vn -0.75612 -0.01587 0.65424
vn -0.08162 -0.96912 0.23267
vn -0.08367 -0.99342 0.07819
vn -0.08367 -0.99342 0.07817
vn -0.08279 -0.98289 0.16456
vn -0.0794 -0.96724 0.24113
vn -0.06765 -0.85087 0.521
vn -0.07381 -0.87639 0.4759
vn -0.07757 -0.92109 0.38155
vn -0.07294 -0.91462 0.39768
vn -0.07938 -0.94251 0.32461
vn -0.0596 -0.75937 0.64793
vn -0.06622 -0.78628 0.61431
vn -0.07046 -0.83659 0.54329
vn -0.97695 -0.19852 0.07843
vn -0.98988 -0.1419 0.00264
vn -0.96271 -0.13801 0.23267
vn -0.96272 -0.138 0.23265
vn -0.91501 -0.13117 0.38152
vn -0.915 -0.13117 0.38154
vn -0.84482 -0.12111 0.52116
vn -0.84483 -0.12111 0.52116
vn -0.75384 -0.10806 0.64811
vn -0.75383 -0.10807 0.64812
vn -0.68208 -0.09778 0.72471
vn -0.68857 -0.0204 0.72488
vn -0.05043 -0.64903 0.75909
vn -0.05681 -0.67453 0.73605
vn -0.06198 -0.73586 0.67429
vn -0.04032 -0.52252 0.85167
vn -0.04582 -0.54406 0.83779
vn -0.05178 -0.61481 0.78698
vn -0.02948 -0.38291 0.92331
vn -0.03357 -0.39852 0.91654
vn -0.04016 -0.47677 0.87811
vn -0.01815 -0.23364 0.97215
vn -0.02037 -0.24187 0.9701
vn -0.02741 -0.32547 0.94515
vn -0.00661 -0.07847 0.99689
vn -0.00661 -0.07846 0.9969
vn -0.0139 -0.16503 0.98619
vn -0.16982 -0.98235 0.07845
vn -0.24887 -0.96635 0.06509
vn -0.24256 -0.94182 0.23267
vn -0.24257 -0.94183 0.23263
vn -0.23054 -0.89514 0.38155
vn -0.23055 -0.89514 0.38154
vn -0.21287 -0.82649 0.52115
vn -0.21286 -0.82649 0.52116
vn -0.18994 -0.73747 0.64812
vn -0.18994 -0.73748 0.64811
vn -0.16231 -0.63021 0.75927
vn -0.16231 -0.63021 0.75927
vn -0.13065 -0.50729 0.85182
vn -0.13065 -0.50729 0.85181
vn -0.09573 -0.37171 0.9234
vn -0.09573 -0.3717 0.9234
vn -0.05842 -0.22682 0.97218
vn -0.05842 -0.22683 0.97218
vn -0.01964 -0.07625 0.99689
vn -0.01964 -0.07625 0.9969
vn -0.33492 -0.93897 0.07846
vn -0.4073 -0.91175 0.05308
vn -0.39668 -0.88799 0.23263
vn -0.39668 -0.88799 0.23263
vn -0.37702 -0.84397 0.38154
vn -0.37702 -0.84397 0.38153
vn -0.3481 -0.77924 0.52116
vn -0.3481 -0.77924 0.52117
vn -0.31061 -0.69532 0.64811
vn -0.31061 -0.69532 0.64812
vn -0.26543 -0.59418 0.75927
vn -0.26543 -0.59418 0.75927
vn -0.21366 -0.47829 0.85181
vn -0.21366 -0.47829 0.85182
vn -0.15655 -0.35045 0.9234
vn -0.15656 -0.35046 0.9234
vn -0.09554 -0.21386 0.97218
vn -0.09553 -0.21386 0.97218
vn -0.03212 -0.07189 0.9969
vn -0.03212 -0.07189 0.9969
vn -0.49008 -0.86814 0.07845
vn -0.55435 -0.83122 0.04207
vn -0.53962 -0.80913 0.23264
vn -0.53961 -0.80912 0.23268
vn -0.51287 -0.76903 0.38153
vn -0.51287 -0.76903 0.38153
vn -0.47353 -0.71004 0.52117
vn -0.47354 -0.71005 0.52114
vn -0.42254 -0.63357 0.64812
vn -0.42253 -0.63356 0.64812
vn -0.36108 -0.54141 0.75927
vn -0.36107 -0.54141 0.75928
vn -0.29065 -0.43581 0.85182
vn -0.29065 -0.43581 0.85182
vn -0.21297 -0.31934 0.9234
vn -0.21298 -0.31934 0.9234
vn -0.12996 -0.19487 0.97218
vn -0.12995 -0.19486 0.97218
vn -0.04369 -0.06551 0.9969
vn -0.04369 -0.06551 0.9969
vn -0.63083 -0.77194 0.07847
vn -0.68582 -0.72706 0.03206
vn -0.66734 -0.70747 0.23268
vn -0.66734 -0.70747 0.23269
vn -0.63427 -0.67241 0.38153
vn -0.63427 -0.67241 0.38152
vn -0.58563 -0.62084 0.52114
vn -0.58563 -0.62084 0.52115
vn -0.52255 -0.55397 0.64812
vn -0.52254 -0.55396 0.64814
vn -0.44654 -0.47339 0.75928
vn -0.44655 -0.4734 0.75926
vn -0.35945 -0.38106 0.85182
vn -0.35944 -0.38106 0.85182
vn -0.26339 -0.27922 0.9234
vn -0.26339 -0.27923 0.92339
vn -0.16072 -0.17038 0.97218
vn -0.16072 -0.17038 0.97218
vn -0.05403 -0.05728 0.9969
vn -0.05403 -0.05728 0.9969
vn -0.7532 -0.6531 0.07844
vn -0.79796 -0.60226 0.02313
vn -0.77627 -0.58589 0.23269
vn -0.77628 -0.58589 0.23266
vn -0.73781 -0.55685 0.38152
vn -0.7378 -0.55685 0.38153
vn -0.68122 -0.51414 0.52115
vn -0.68121 -0.51414 0.52117
vn -0.60783 -0.45876 0.64813
vn -0.60785 -0.45877 0.64811
vn -0.51944 -0.39204 0.75927
vn -0.51943 -0.39203 0.75928
vn -0.41811 -0.31557 0.85182
vn -0.41813 -0.31557 0.85181
vn -0.30638 -0.23124 0.92339
vn -0.30637 -0.23123 0.9234
vn -0.18695 -0.1411 0.97218
vn -0.18696 -0.1411 0.97218
vn -0.06285 -0.04743 0.9969
vn -0.06285 -0.04743 0.9969
vn -0.8535 -0.51515 0.07845
vn -0.88759 -0.46038 0.01526
vn -0.86334 -0.4478 0.23266
vn -0.86334 -0.44779 0.23264
vn -0.82055 -0.4256 0.38153
vn -0.82055 -0.4256 0.38153
vn -0.75761 -0.39296 0.52117
vn -0.75761 -0.39296 0.52116
vn -0.67602 -0.35064 0.64811
vn -0.67602 -0.35064 0.64812
vn -0.57768 -0.29963 0.75928
vn -0.57769 -0.29963 0.75927
vn -0.46502 -0.24119 0.85181
vn -0.46501 -0.24119 0.85181
vn -0.34073 -0.17673 0.9234
vn -0.34073 -0.17673 0.9234
vn -0.20792 -0.10785 0.97218
vn -0.20792 -0.10784 0.97218
vn -0.0699 -0.03625 0.9969
vn -0.0699 -0.03625 0.9969
vn -0.92882 -0.36214 0.07845
vn -0.95217 -0.30545 0.00842
vn -0.92608 -0.29708 0.23265
vn -0.92607 -0.29709 0.23267
vn -0.88017 -0.28236 0.38153
vn -0.88017 -0.28236 0.38153
vn -0.81267 -0.2607 0.52116
vn -0.81267 -0.2607 0.52116
vn -0.72514 -0.23263 0.64812
vn -0.61967 -0.19879 0.75927
vn -0.61967 -0.19879 0.75927
vn -0.4988 -0.16002 0.85182
vn -0.4988 -0.16002 0.85182
vn -0.36549 -0.11725 0.9234
vn -0.36549 -0.11725 0.9234
vn -0.22303 -0.07155 0.97218
vn -0.22303 -0.07155 0.97218
vn -0.07498 -0.02405 0.9969
vn -0.07498 -0.02405 0.9969
vn 0 -0.99692 0.07846
vn 0 -0.98627 0.16513
vn 0 -0.9703 0.2419
vn 0 -0.9455 0.32563
vn 0 -0.91706 0.39874
vn 0 -0.87879 0.47721
vn 0 -0.83867 0.54464
vn 0 -0.78801 0.61567
vn 0 -0.73728 0.67559
vn 0 -0.67563 0.73724
vn 0 -0.61563 0.78803
vn 0 -0.54464 0.83867
vn 0 -0.47716 0.87882
vn 0 -0.39875 0.91706
vn 0 -0.3256 0.94551
vn 0 -0.24192 0.9703
vn 0 -0.16505 0.98629
vn 0 -0.07847 0.99692
vn 0.0139 -0.16503 0.98619
vn 0.02741 -0.32547 0.94515
vn 0.04016 -0.47677 0.87811
vn 0.05178 -0.61481 0.78698
vn 0.06198 -0.73586 0.67429
vn 0.07046 -0.83659 0.54329
vn 0.08367 -0.99342 0.07817
vn 0.9979 -0.02913 -0.05779
vn 0.1282 -0.02353 0.99147
vn 0.24938 -0.04358 0.96742
vn 0.40726 -0.06796 0.91078
vn 0.54171 -0.0833 0.83643
vn 0.69447 -0.03708 0.71857
vn 0.96929 0.13665 0.20445
vn 0.88867 -0.0191 0.45815
vn 0.75624 -0.01661 0.65408
vn 0.79053 -0.02772 0.6118
vn 0.82444 -0.02872 0.56522
vn 0.68854 -0.02108 0.72489
vn 0.68204 -0.09777 0.72475
vn 0.60167 -0.07828 0.7949
vn 0.48672 -0.07015 0.87074
vn 0.34354 -0.04778 0.93792
vn 0.186 -0.01566 0.98243
vn 0.05541 -0.00083 0.99846
vn 0.99974 0.01031 0.02054
vn 0.99666 -0.02303 0.07841
vn 0.98685 -0.14147 0.07818
vn 0.99274 -0.11613 -0.03131
vn 0.97695 -0.19852 0.07843
vn 0.94929 -0.30453 0.07818
vn 0.95874 -0.28374 -0.0176
vn 0.92882 -0.36214 0.07845
vn 0.88498 -0.45902 0.0782
vn 0.89648 -0.44307 -0.00388
vn 0.8535 -0.51515 0.07845
vn 0.79573 -0.60058 0.07818
vn 0.8078 -0.58937 0.00983
vn 0.7532 -0.6531 0.07844
vn 0.68408 -0.72521 0.07818
vn 0.69536 -0.71828 0.02354
vn 0.63083 -0.77194 0.07847
vn 0.55315 -0.82941 0.0782
vn 0.56252 -0.82594 0.03726
vn 0.49008 -0.86814 0.07845
vn 0.40662 -0.91025 0.07818
vn 0.41324 -0.9092 0.05094
vn 0.33492 -0.93897 0.07846
vn 0.24864 -0.96544 0.07818
vn 0.25202 -0.96557 0.06454
vn 0.16982 -0.98235 0.07845
vn 0.97245 0.00996 0.23291
vn 0.96272 -0.13801 0.23265
vn 0.96271 -0.138 0.23267
vn 0.92607 -0.29708 0.23267
vn 0.92607 -0.29709 0.23265
vn 0.86334 -0.4478 0.23264
vn 0.86334 -0.44779 0.23266
vn 0.77627 -0.58589 0.23266
vn 0.77627 -0.58588 0.23269
vn 0.66734 -0.70747 0.23269
vn 0.66734 -0.70747 0.23268
vn 0.53962 -0.80912 0.23268
vn 0.53961 -0.80913 0.23264
vn 0.39668 -0.88799 0.23263
vn 0.39668 -0.88799 0.23263
vn 0.24256 -0.94183 0.23263
vn 0.24257 -0.94182 0.23267
vn 0.08367 -0.99342 0.07819
vn 0.08279 -0.98289 0.16456
vn 0.07981 -0.96928 0.23264
vn 0.08145 -0.96708 0.24109
vn 0.07938 -0.94251 0.32461
vn 0.96748 0.11249 0.22657
vn 0.97019 0.00717 0.24224
vn 0.92414 0.00643 0.38199
vn 0.915 -0.13116 0.38154
vn 0.915 -0.13117 0.38152
vn 0.88017 -0.28236 0.38153
vn 0.88017 -0.28236 0.38153
vn 0.82055 -0.4256 0.38153
vn 0.82055 -0.4256 0.38153
vn 0.73781 -0.55685 0.38153
vn 0.73781 -0.55685 0.38152
vn 0.63427 -0.67241 0.38152
vn 0.63427 -0.67241 0.38153
vn 0.51287 -0.76903 0.38153
vn 0.51287 -0.76903 0.38153
vn 0.37702 -0.84397 0.38153
vn 0.37702 -0.84397 0.38154
vn 0.23054 -0.89514 0.38154
vn 0.23055 -0.89513 0.38155
vn 0.07443 -0.92138 0.38146
vn 0.07701 -0.91434 0.39756
vn 0.85284 -0.00976 0.52208
vn 0.84483 -0.12111 0.52116
vn 0.84482 -0.12111 0.52116
vn 0.81267 -0.26071 0.52116
vn 0.81267 -0.2607 0.52116
vn 0.75761 -0.39296 0.52116
vn 0.75761 -0.39295 0.52117
vn 0.68121 -0.51414 0.52117
vn 0.68122 -0.51415 0.52115
vn 0.58563 -0.62084 0.52115
vn 0.58563 -0.62084 0.52114
vn 0.47354 -0.71005 0.52114
vn 0.47353 -0.71003 0.52117
vn 0.3481 -0.77923 0.52117
vn 0.3481 -0.77924 0.52116
vn 0.21287 -0.82649 0.52116
vn 0.21286 -0.82649 0.52115
vn 0.07162 -0.85045 0.52115
vn 0.06201 -0.8771 0.47629
vn 0.75942 -0.03875 0.64944
vn 0.75383 -0.10806 0.64812
vn 0.75384 -0.10807 0.64811
vn 0.72514 -0.23263 0.64812
vn 0.67602 -0.35063 0.64812
vn 0.67602 -0.35064 0.64811
vn 0.60785 -0.45877 0.64811
vn 0.60784 -0.45876 0.64813
vn 0.52254 -0.55396 0.64814
vn 0.52255 -0.55397 0.64812
vn 0.42253 -0.63356 0.64812
vn 0.42253 -0.63357 0.64812
vn 0.31061 -0.69532 0.64812
vn 0.31061 -0.69532 0.64811
vn 0.18994 -0.73748 0.64811
vn 0.18994 -0.73747 0.64812
vn 0.06391 -0.75886 0.64812
vn 0.05661 -0.78674 0.61468
vn 0.64297 -0.09859 0.75952
vn 0.61967 -0.19879 0.75927
vn 0.61967 -0.19879 0.75927
vn 0.57769 -0.29963 0.75927
vn 0.57768 -0.29963 0.75928
vn 0.51943 -0.39203 0.75928
vn 0.51944 -0.39204 0.75927
vn 0.44655 -0.47341 0.75926
vn 0.44654 -0.47339 0.75928
vn 0.36107 -0.54141 0.75928
vn 0.36107 -0.54142 0.75927
vn 0.26543 -0.59418 0.75927
vn 0.26543 -0.59418 0.75927
vn 0.16231 -0.6302 0.75927
vn 0.16231 -0.63021 0.75927
vn 0.05462 -0.64848 0.75927
vn 0.04931 -0.6748 0.73635
vn 0.51617 -0.08566 0.85219
vn 0.4988 -0.16002 0.85182
vn 0.4988 -0.16002 0.85182
vn 0.46501 -0.24119 0.85181
vn 0.46502 -0.2412 0.85181
vn 0.41812 -0.31558 0.85181
vn 0.41812 -0.31557 0.85182
vn 0.35944 -0.38105 0.85182
vn 0.35945 -0.38106 0.85182
vn 0.29065 -0.43581 0.85182
vn 0.29065 -0.43581 0.85182
vn 0.21366 -0.47829 0.85182
vn 0.21366 -0.47829 0.85181
vn 0.13065 -0.50729 0.85181
vn 0.13065 -0.50729 0.85182
vn 0.04396 -0.52199 0.85182
vn 0.04036 -0.54419 0.83799
vn 0.37712 -0.06734 0.92371
vn 0.36549 -0.11725 0.9234
vn 0.36549 -0.11725 0.9234
vn 0.34073 -0.17673 0.9234
vn 0.34073 -0.17673 0.9234
vn 0.30637 -0.23123 0.9234
vn 0.30638 -0.23124 0.92339
vn 0.26339 -0.27923 0.92339
vn 0.26339 -0.27922 0.9234
vn 0.21297 -0.31935 0.9234
vn 0.21297 -0.31934 0.9234
vn 0.15655 -0.35046 0.9234
vn 0.15655 -0.35045 0.9234
vn 0.09573 -0.3717 0.9234
vn 0.09573 -0.37171 0.9234
vn 0.03221 -0.38248 0.9234
vn 0.03003 -0.39857 0.91665
vn 0.22985 -0.04207 0.97232
vn 0.22303 -0.07155 0.97218
vn 0.22303 -0.07155 0.97218
vn 0.20792 -0.10784 0.97218
vn 0.20792 -0.10785 0.97218
vn 0.18696 -0.1411 0.97218
vn 0.18695 -0.1411 0.97218
vn 0.16072 -0.17038 0.97218
vn 0.16072 -0.17038 0.97218
vn 0.12996 -0.19486 0.97218
vn 0.12996 -0.19487 0.97218
vn 0.09553 -0.21386 0.97218
vn 0.09554 -0.21386 0.97218
vn 0.05842 -0.22683 0.97218
vn 0.05842 -0.22682 0.97218
vn 0.01966 -0.2334 0.97218
vn 0.01866 -0.24188 0.97013
vn 0.07719 -0.01446 0.99691
vn 0.07498 -0.02405 0.9969
vn 0.07498 -0.02405 0.9969
vn 0.0699 -0.03625 0.9969
vn 0.0699 -0.03625 0.9969
vn 0.06285 -0.04743 0.9969
vn 0.06285 -0.04743 0.9969
vn 0.05403 -0.05728 0.9969
vn 0.05403 -0.05728 0.9969
vn 0.04369 -0.06551 0.9969
vn 0.04369 -0.06551 0.9969
vn 0.03212 -0.07189 0.9969
vn 0.03212 -0.07189 0.9969
vn 0.01964 -0.07625 0.9969
vn 0.01964 -0.07625 0.99689
vn 0.00661 -0.07847 0.99689
vn 0.00661 -0.07846 0.9969
f 1//1 2//1 3//1
f 3//1 2//1 4//1
f 3//1 4//1 5//1
f 6//1 7//1 8//1
f 9//1 6//1 10//1
f 10//1 6//1 11//1
f 12//1 13//1 14//1
f 14//1 13//1 15//1
f 1//1 3//1 16//1
f 16//1 3//1 6//1
f 16//1 6//1 17//1
f 18//1 19//1 14//1
f 14//1 19//1 20//1
f 14//1 20//1 12//1
f 15//1 21//1 14//1
f 14//1 21//1 22//1
f 14//1 22//1 23//1
f 23//1 24//1 14//1
f 14//1 24//1 25//1
f 14//1 25//1 26//1
f 26//1 25//1 27//1
f 28//1 29//1 6//1
f 6//1 29//1 30//1
f 6//1 30//1 31//1
f 8//1 32//1 6//1
f 6//1 32//1 33//1
f 6//1 33//1 11//1
f 18//1 14//1 6//1
f 6//1 14//1 34//1
f 6//1 34//1 28//1
f 31//1 35//1 6//1
f 6//1 35//1 36//1
f 6//1 36//1 7//1
f 9//1 37//1 6//1
f 6//1 37//1 38//1
f 6//1 38//1 17//1
f 17//1 38//1 39//1
f 17//1 39//1 40//1
f 40//1 39//1 41//1
f 42//1 43//1 44//1
f 44//1 43//1 45//1
f 44//1 45//1 46//1
f 46//1 45//1 26//1
f 46//1 26//1 47//1
f 47//1 26//1 27//1
f 48//2 49//2 50//2
f 50//2 49//2 51//2
f 50//2 51//2 52//2
f 53//2 54//2 55//2
f 56//2 53//2 57//2
f 57//2 53//2 58//2
f 59//2 60//2 61//2
f 61//2 60//2 62//2
f 48//2 50//2 63//2
f 63//2 50//2 53//2
f 63//2 53//2 64//2
f 65//2 66//2 61//2
f 61//2 66//2 67//2
f 61//2 67//2 59//2
f 62//2 68//2 61//2
f 61//2 68//2 69//2
f 61//2 69//2 70//2
f 70//2 71//2 61//2
f 61//2 71//2 72//2
f 61//2 72//2 73//2
f 73//2 72//2 74//2
f 75//2 76//2 53//2
f 53//2 76//2 77//2
f 53//2 77//2 78//2
f 55//2 79//2 53//2
f 53//2 79//2 80//2
f 53//2 80//2 58//2
f 65//2 61//2 53//2
f 53//2 61//2 81//2
f 53//2 81//2 75//2
f 78//2 82//2 53//2
f 53//2 82//2 83//2
f 53//2 83//2 54//2
f 56//2 84//2 53//2
f 53//2 84//2 85//2
f 53//2 85//2 64//2
f 64//2 85//2 86//2
f 64//2 86//2 87//2
f 87//2 86//2 88//2
f 74//2 89//2 73//2
f 73//2 89//2 90//2
f 73//2 90//2 91//2
f 91//2 90//2 92//2
f 91//2 92//2 93//2
f 93//2 92//2 94//2
f 95//3 42//3 44//3
f 96//4 91//4 93//4
f 44//5 97//5 95//5
f 95//6 97//6 98//6
f 95//7 98//7 99//7
f 99//8 98//8 100//8
f 99//9 100//9 101//9
f 101//10 100//10 102//10
f 101//11 102//11 103//11
f 103//12 102//12 104//12
f 103//13 104//13 105//13
f 105//14 104//14 106//14
f 105//15 106//15 107//15
f 107//16 106//16 108//16
f 107//17 108//17 109//17
f 109//18 108//18 110//18
f 109//19 110//19 111//19
f 111//20 110//20 112//20
f 111//21 112//21 113//21
f 113//22 112//22 114//22
f 113//23 114//23 115//23
f 115//24 114//24 116//24
f 115//25 116//25 117//25
f 117//26 116//26 118//26
f 117//27 118//27 119//27
f 119//28 118//28 120//28
f 119//29 120//29 121//29
f 121//30 120//30 122//30
f 121//31 122//31 123//31
f 123//32 122//32 124//32
f 123//33 124//33 125//33
f 125//34 124//34 126//34
f 125//35 126//35 127//35
f 127//36 126//36 128//36
f 127//37 128//37 129//37
f 129//38 128//38 130//38
f 129//39 130//39 131//39
f 131//40 130//40 132//40
f 131//41 132//41 133//41
f 133//42 132//42 134//42
f 133//43 134//43 135//43
f 135//44 134//44 136//44
f 135//45 136//45 137//45
f 137//46 136//46 138//46
f 137//47 138//47 139//47
f 139//48 138//48 140//48
f 139//49 140//49 141//49
f 141//50 140//50 142//50
f 141//51 142//51 143//51
f 143//52 142//52 144//52
f 143//53 144//53 145//53
f 145//54 144//54 146//54
f 145//55 146//55 147//55
f 147//56 146//56 148//56
f 147//57 148//57 149//57
f 149//58 148//58 150//58
f 149//59 150//59 151//59
f 151//60 150//60 152//60
f 151//61 152//61 153//61
f 153//62 152//62 154//62
f 153//63 154//63 155//63
f 155//64 154//64 156//64
f 155//65 156//65 157//65
f 157//66 156//66 158//66
f 157//67 158//67 159//67
f 159//68 158//68 160//68
f 159//69 160//69 161//69
f 161//70 160//70 162//70
f 161//71 162//71 163//71
f 163//72 162//72 164//72
f 163//73 164//73 165//73
f 165//74 164//74 166//74
f 165//75 166//75 167//75
f 167//76 166//76 168//76
f 167//77 168//77 169//77
f 169//78 168//78 170//78
f 169//79 170//79 171//79
f 171//80 170//80 172//80
f 171//81 172//81 173//81
f 173//82 172//82 174//82
f 173//83 174//83 175//83
f 175//84 174//84 176//84
f 175//85 176//85 177//85
f 177//86 176//86 178//86
f 177//87 178//87 179//87
f 179//88 178//88 180//88
f 179//89 180//89 181//89
f 181//90 180//90 182//90
f 181//91 182//91 183//91
f 183//92 182//92 184//92
f 183//93 184//93 185//93
f 185//94 184//94 186//94
f 185//95 186//95 187//95
f 187//96 186//96 188//96
f 187//97 188//97 189//97
f 189//98 188//98 190//98
f 189//99 190//99 191//99
f 191//100 190//100 192//100
f 191//101 192//101 193//101
f 193//102 192//102 194//102
f 193//103 194//103 195//103
f 195//104 194//104 196//104
f 195//105 196//105 197//105
f 197//106 196//106 198//106
f 197//107 198//107 199//107
f 199//108 198//108 200//108
f 199//109 200//109 201//109
f 201//110 200//110 202//110
f 201//111 202//111 203//111
f 203//112 202//112 96//112
f 203//113 96//113 204//113
f 204//114 96//114 93//114
f 205//115 94//115 92//115
f 206//116 45//116 43//116
f 92//117 207//117 205//117
f 205//118 207//118 208//118
f 205//119 208//119 209//119
f 209//120 208//120 210//120
f 209//121 210//121 211//121
f 211//122 210//122 212//122
f 211//123 212//123 213//123
f 213//124 212//124 214//124
f 213//125 214//125 215//125
f 215//126 214//126 216//126
f 215//127 216//127 217//127
f 217//128 216//128 218//128
f 217//129 218//129 219//129
f 219//130 218//130 220//130
f 219//131 220//131 221//131
f 221//132 220//132 222//132
f 221//133 222//133 223//133
f 223//134 222//134 224//134
f 223//135 224//135 225//135
f 225//136 224//136 226//136
f 225//137 226//137 227//137
f 227//138 226//138 228//138
f 227//139 228//139 229//139
f 229//140 228//140 230//140
f 229//141 230//141 231//141
f 231//142 230//142 232//142
f 231//143 232//143 233//143
f 233//144 232//144 234//144
f 233//145 234//145 235//145
f 235//146 234//146 236//146
f 235//147 236//147 237//147
f 237//148 236//148 238//148
f 237//149 238//149 239//149
f 239//150 238//150 240//150
f 239//151 240//151 241//151
f 241//152 240//152 242//152
f 241//153 242//153 243//153
f 243//154 242//154 244//154
f 243//155 244//155 245//155
f 245//156 244//156 246//156
f 245//157 246//157 247//157
f 247//158 246//158 248//158
f 247//159 248//159 249//159
f 249//160 248//160 250//160
f 249//161 250//161 251//161
f 251//162 250//162 252//162
f 251//163 252//163 253//163
f 253//164 252//164 254//164
f 253//165 254//165 255//165
f 255//166 254//166 256//166
f 255//167 256//167 257//167
f 257//168 256//168 258//168
f 257//169 258//169 259//169
f 259//170 258//170 260//170
f 259//171 260//171 261//171
f 261//172 260//172 262//172
f 261//173 262//173 263//173
f 263//174 262//174 264//174
f 263//175 264//175 265//175
f 265//176 264//176 266//176
f 265//177 266//177 267//177
f 267//178 266//178 268//178
f 267//179 268//179 269//179
f 269//180 268//180 270//180
f 269//181 270//181 271//181
f 271//182 270//182 272//182
f 271//183 272//183 273//183
f 273//184 272//184 274//184
f 273//185 274//185 275//185
f 275//186 274//186 276//186
f 275//187 276//187 277//187
f 277//188 276//188 278//188
f 277//189 278//189 279//189
f 279//190 278//190 280//190
f 279//191 280//191 281//191
f 281//192 280//192 282//192
f 281//193 282//193 283//193
f 283//194 282//194 284//194
f 283//195 284//195 285//195
f 285//196 284//196 286//196
f 285//197 286//197 287//197
f 287//198 286//198 288//198
f 287//199 288//199 289//199
f 289//200 288//200 290//200
f 289//201 290//201 291//201
f 291//202 290//202 292//202
f 291//203 292//203 293//203
f 293//204 292//204 294//204
f 293//205 294//205 295//205
f 295//206 294//206 296//206
f 295//207 296//207 297//207
f 297//208 296//208 298//208
f 297//209 298//209 299//209
f 299//210 298//210 300//210
f 299//211 300//211 301//211
f 301//212 300//212 302//212
f 301//213 302//213 303//213
f 303//214 302//214 304//214
f 303//215 304//215 305//215
f 305//216 304//216 306//216
f 305//217 306//217 307//217
f 307//218 306//218 308//218
f 307//219 308//219 309//219
f 309//220 308//220 310//220
f 309//221 310//221 311//221
f 311//222 310//222 312//222
f 311//223 312//223 313//223
f 313//224 312//224 206//224
f 313//225 206//225 314//225
f 314//226 206//226 43//226
f 97//227 44//227 46//227
f 192//227 315//227 194//227
f 194//227 315//227 316//227
f 194//227 316//227 196//227
f 196//227 316//227 317//227
f 196//227 317//227 198//227
f 73//227 91//227 318//227
f 318//227 91//227 96//227
f 317//227 319//227 198//227
f 198//227 319//227 320//227
f 198//227 320//227 200//227
f 200//227 320//227 321//227
f 200//227 321//227 202//227
f 202//227 321//227 322//227
f 202//227 322//227 96//227
f 96//227 322//227 323//227
f 96//227 323//227 318//227
f 46//227 324//227 97//227
f 97//227 324//227 325//227
f 97//227 325//227 98//227
f 98//227 325//227 326//227
f 98//227 326//227 100//227
f 100//227 326//227 327//227
f 100//227 327//227 102//227
f 162//227 328//227 164//227
f 164//227 328//227 329//227
f 164//227 329//227 166//227
f 166//227 329//227 330//227
f 166//227 330//227 168//227
f 150//227 331//227 152//227
f 152//227 331//227 332//227
f 152//227 332//227 154//227
f 154//227 332//227 333//227
f 154//227 333//227 156//227
f 333//227 334//227 156//227
f 156//227 334//227 335//227
f 156//227 335//227 158//227
f 158//227 335//227 336//227
f 158//227 336//227 160//227
f 160//227 336//227 337//227
f 160//227 337//227 162//227
f 162//227 337//227 338//227
f 162//227 338//227 328//227
f 330//227 339//227 168//227
f 168//227 339//227 340//227
f 168//227 340//227 170//227
f 170//227 340//227 341//227
f 170//227 341//227 172//227
f 172//227 341//227 342//227
f 172//227 342//227 174//227
f 342//227 343//227 174//227
f 174//227 343//227 344//227
f 174//227 344//227 176//227
f 176//227 344//227 345//227
f 176//227 345//227 178//227
f 178//227 345//227 346//227
f 178//227 346//227 180//227
f 327//227 347//227 102//227
f 102//227 347//227 348//227
f 102//227 348//227 104//227
f 104//227 348//227 349//227
f 104//227 349//227 106//227
f 106//227 349//227 350//227
f 106//227 350//227 108//227
f 144//227 351//227 146//227
f 146//227 351//227 352//227
f 146//227 352//227 148//227
f 148//227 352//227 353//227
f 148//227 353//227 150//227
f 150//227 353//227 354//227
f 150//227 354//227 331//227
f 114//227 355//227 116//227
f 116//227 355//227 356//227
f 116//227 356//227 118//227
f 118//227 356//227 357//227
f 118//227 357//227 120//227
f 126//227 358//227 128//227
f 128//227 358//227 359//227
f 128//227 359//227 130//227
f 130//227 359//227 360//227
f 130//227 360//227 132//227
f 186//227 361//227 188//227
f 188//227 361//227 362//227
f 188//227 362//227 190//227
f 190//227 362//227 363//227
f 190//227 363//227 192//227
f 192//227 363//227 364//227
f 192//227 364//227 315//227
f 350//227 365//227 108//227
f 108//227 365//227 366//227
f 108//227 366//227 110//227
f 110//227 366//227 367//227
f 110//227 367//227 112//227
f 112//227 367//227 368//227
f 112//227 368//227 114//227
f 114//227 368//227 369//227
f 114//227 369//227 355//227
f 360//227 370//227 132//227
f 132//227 370//227 371//227
f 132//227 371//227 134//227
f 134//227 371//227 372//227
f 134//227 372//227 136//227
f 136//227 372//227 373//227
f 136//227 373//227 138//227
f 373//227 374//227 138//227
f 138//227 374//227 375//227
f 138//227 375//227 140//227
f 140//227 375//227 376//227
f 140//227 376//227 142//227
f 142//227 376//227 377//227
f 142//227 377//227 144//227
f 144//227 377//227 378//227
f 144//227 378//227 351//227
f 346//227 379//227 180//227
f 180//227 379//227 380//227
f 180//227 380//227 182//227
f 182//227 380//227 381//227
f 182//227 381//227 184//227
f 184//227 381//227 382//227
f 184//227 382//227 186//227
f 186//227 382//227 383//227
f 186//227 383//227 361//227
f 357//227 384//227 120//227
f 120//227 384//227 385//227
f 120//227 385//227 122//227
f 122//227 385//227 386//227
f 122//227 386//227 124//227
f 124//227 386//227 387//227
f 124//227 387//227 126//227
f 126//227 387//227 388//227
f 126//227 388//227 358//227
f 207//228 92//228 90//228
f 212//228 389//228 214//228
f 214//228 389//228 390//228
f 214//228 390//228 216//228
f 216//228 390//228 391//228
f 216//228 391//228 218//228
f 90//228 392//228 207//228
f 207//228 392//228 393//228
f 207//228 393//228 208//228
f 208//228 393//228 394//228
f 208//228 394//228 210//228
f 210//228 394//228 395//228
f 210//228 395//228 212//228
f 212//228 395//228 396//228
f 212//228 396//228 389//228
f 248//228 397//228 250//228
f 250//228 397//228 398//228
f 250//228 398//228 252//228
f 252//228 398//228 399//228
f 252//228 399//228 254//228
f 242//228 400//228 244//228
f 244//228 400//228 401//228
f 244//228 401//228 246//228
f 246//228 401//228 402//228
f 246//228 402//228 248//228
f 248//228 402//228 403//228
f 248//228 403//228 397//228
f 399//228 404//228 254//228
f 254//228 404//228 405//228
f 254//228 405//228 256//228
f 256//228 405//228 406//228
f 256//228 406//228 258//228
f 258//228 406//228 407//228
f 258//228 407//228 260//228
f 308//228 408//228 310//228
f 310//228 408//228 409//228
f 310//228 409//228 312//228
f 312//228 409//228 410//228
f 312//228 410//228 206//228
f 26//228 45//228 411//228
f 411//228 45//228 206//228
f 411//228 206//228 412//228
f 412//228 206//228 410//228
f 230//228 413//228 232//228
f 232//228 413//228 414//228
f 232//228 414//228 234//228
f 234//228 414//228 415//228
f 234//228 415//228 236//228
f 415//228 416//228 236//228
f 236//228 416//228 417//228
f 236//228 417//228 238//228
f 238//228 417//228 418//228
f 238//228 418//228 240//228
f 240//228 418//228 419//228
f 240//228 419//228 242//228
f 242//228 419//228 420//228
f 242//228 420//228 400//228
f 407//228 421//228 260//228
f 260//228 421//228 422//228
f 260//228 422//228 262//228
f 262//228 422//228 423//228
f 262//228 423//228 264//228
f 264//228 423//228 424//228
f 264//228 424//228 266//228
f 424//228 425//228 266//228
f 266//228 425//228 426//228
f 266//228 426//228 268//228
f 268//228 426//228 427//228
f 268//228 427//228 270//228
f 270//228 427//228 428//228
f 270//228 428//228 272//228
f 391//228 429//228 218//228
f 218//228 429//228 430//228
f 218//228 430//228 220//228
f 220//228 430//228 431//228
f 220//228 431//228 222//228
f 222//228 431//228 432//228
f 222//228 432//228 224//228
f 284//228 433//228 286//228
f 286//228 433//228 434//228
f 286//228 434//228 288//228
f 288//228 434//228 435//228
f 288//228 435//228 290//228
f 435//228 436//228 290//228
f 290//228 436//228 437//228
f 290//228 437//228 292//228
f 292//228 437//228 438//228
f 292//228 438//228 294//228
f 294//228 438//228 439//228
f 294//228 439//228 296//228
f 302//228 440//228 304//228
f 304//228 440//228 441//228
f 304//228 441//228 306//228
f 306//228 441//228 442//228
f 306//228 442//228 308//228
f 308//228 442//228 443//228
f 308//228 443//228 408//228
f 432//228 444//228 224//228
f 224//228 444//228 445//228
f 224//228 445//228 226//228
f 226//228 445//228 446//228
f 226//228 446//228 228//228
f 228//228 446//228 447//228
f 228//228 447//228 230//228
f 230//228 447//228 448//228
f 230//228 448//228 413//228
f 428//228 449//228 272//228
f 272//228 449//228 450//228
f 272//228 450//228 274//228
f 274//228 450//228 451//228
f 274//228 451//228 276//228
f 276//228 451//228 452//228
f 276//228 452//228 278//228
f 452//228 453//228 278//228
f 278//228 453//228 454//228
f 278//228 454//228 280//228
f 280//228 454//228 455//228
f 280//228 455//228 282//228
f 282//228 455//228 456//228
f 282//228 456//228 284//228
f 284//228 456//228 457//228
f 284//228 457//228 433//228
f 439//228 458//228 296//228
f 296//228 458//228 459//228
f 296//228 459//228 298//228
f 298//228 459//228 460//228
f 298//228 460//228 300//228
f 300//228 460//228 461//228
f 300//228 461//228 302//228
f 302//228 461//228 462//228
f 302//228 462//228 440//228
f 41//229 39//229 463//229
f 464//230 465//230 463//230
f 463//231 465//231 466//231
f 463//232 466//232 41//232
f 464//233 467//233 465//233
f 465//234 467//234 468//234
f 465//235 468//235 469//235
f 470//236 471//236 472//236
f 472//237 471//237 469//237
f 472//238 469//238 473//238
f 473//239 469//239 468//239
f 470//240 474//240 471//240
f 471//241 474//241 475//241
f 471//242 475//242 476//242
f 476//243 475//243 477//243
f 476//244 477//244 478//244
f 478//245 477//245 479//245
f 479//246 480//246 478//246
f 478//247 480//247 481//247
f 478//248 481//248 482//248
f 481//249 483//249 482//249
f 482//250 483//250 484//250
f 482//251 484//251 485//251
f 485//252 484//252 486//252
f 487//253 488//253 489//253
f 489//254 488//254 485//254
f 489//255 485//255 490//255
f 490//256 485//256 486//256
f 487//257 491//257 488//257
f 488//258 491//258 492//258
f 488//259 492//259 493//259
f 494//260 495//260 496//260
f 496//261 495//261 493//261
f 496//262 493//262 497//262
f 497//263 493//263 492//263
f 494//264 498//264 495//264
f 495//265 498//265 499//265
f 495//266 499//266 500//266
f 500//267 499//267 501//267
f 500//268 501//268 502//268
f 502//269 501//269 503//269
f 503//270 504//270 502//270
f 502//271 504//271 505//271
f 502//272 505//272 506//272
f 505//273 507//273 506//273
f 506//274 507//274 508//274
f 506//275 508//275 509//275
f 509//276 508//276 510//276
f 511//277 512//277 513//277
f 513//278 512//278 509//278
f 513//279 509//279 514//279
f 514//280 509//280 510//280
f 511//281 515//281 512//281
f 512//282 515//282 516//282
f 512//283 516//283 517//283
f 517//284 516//284 518//284
f 517//285 518//285 519//285
f 519//286 518//286 520//286
f 519//287 520//287 521//287
f 521//288 522//288 519//288
f 519//289 522//289 523//289
f 519//290 523//290 524//290
f 524//291 523//291 525//291
f 524//292 525//292 526//292
f 526//293 525//293 527//293
f 528//294 529//294 530//294
f 530//295 529//295 526//295
f 530//296 526//296 531//296
f 531//297 526//297 527//297
f 528//298 532//298 529//298
f 529//299 532//299 533//299
f 529//300 533//300 534//300
f 535//301 536//301 537//301
f 537//302 536//302 534//302
f 537//303 534//303 538//303
f 538//304 534//304 533//304
f 535//305 539//305 536//305
f 536//306 539//306 540//306
f 536//307 540//307 541//307
f 541//308 540//308 542//308
f 541//309 542//309 543//309
f 543//310 542//310 544//310
f 543//311 544//311 545//311
f 545//312 546//312 543//312
f 543//313 546//313 547//313
f 543//314 547//314 548//314
f 548//315 547//315 549//315
f 548//316 549//316 550//316
f 550//317 549//317 551//317
f 552//318 553//318 554//318
f 554//319 553//319 550//319
f 554//320 550//320 555//320
f 555//321 550//321 551//321
f 552//322 556//322 553//322
f 553//323 556//323 557//323
f 553//324 557//324 558//324
f 559//325 560//325 561//325
f 561//326 560//326 558//326
f 561//327 558//327 562//327
f 562//328 558//328 557//328
f 559//329 563//329 560//329
f 560//330 563//330 564//330
f 560//331 564//331 565//331
f 565//332 564//332 566//332
f 565//333 566//333 567//333
f 567//334 566//334 568//334
f 567//335 568//335 569//335
f 569//336 570//336 567//336
f 567//337 570//337 571//337
f 567//338 571//338 572//338
f 572//339 571//339 573//339
f 572//340 573//340 574//340
f 574//341 573//341 575//341
f 576//342 577//342 578//342
f 578//343 577//343 574//343
f 578//344 574//344 579//344
f 579//345 574//345 575//345
f 576//346 580//346 577//346
f 577//347 580//347 581//347
f 577//348 581//348 582//348
f 583//349 584//349 585//349
f 585//350 584//350 582//350
f 585//351 582//351 586//351
f 586//352 582//352 581//352
f 583//353 587//353 584//353
f 584//354 587//354 588//354
f 584//355 588//355 589//355
f 589//356 588//356 590//356
f 589//357 590//357 591//357
f 591//358 590//358 592//358
f 592//359 593//359 591//359
f 591//360 593//360 594//360
f 591//361 594//361 595//361
f 594//362 596//362 595//362
f 595//363 596//363 597//363
f 595//364 597//364 598//364
f 598//365 597//365 599//365
f 600//366 601//366 602//366
f 602//367 601//367 598//367
f 602//368 598//368 603//368
f 603//369 598//369 599//369
f 600//370 604//370 601//370
f 601//371 604//371 605//371
f 601//372 605//372 606//372
f 606//373 605//373 607//373
f 606//374 607//374 608//374
f 608//375 607//375 609//375
f 608//376 609//376 610//376
f 610//377 611//377 608//377
f 608//378 611//378 612//378
f 608//379 612//379 613//379
f 613//380 612//380 614//380
f 613//381 614//381 615//381
f 615//382 614//382 616//382
f 616//383 617//383 615//383
f 615//384 617//384 618//384
f 615//385 618//385 619//385
f 618//386 620//386 619//386
f 619//387 620//387 621//387
f 619//388 621//388 622//388
f 622//389 621//389 623//389
f 624//390 625//390 626//390
f 626//391 625//391 622//391
f 626//392 622//392 627//392
f 627//393 622//393 623//393
f 624//394 628//394 625//394
f 625//395 628//395 629//395
f 625//396 629//396 630//396
f 630//397 629//397 631//397
f 630//398 631//398 632//398
f 632//399 631//399 633//399
f 632//400 633//400 634//400
f 50//401 52//401 635//401
f 635//402 52//402 636//402
f 635//403 636//403 637//403
f 637//404 636//404 638//404
f 637//405 638//405 639//405
f 639//406 638//406 632//406
f 639//407 632//407 640//407
f 640//408 632//408 634//408
f 641//228 642//228 643//228
f 643//228 642//228 644//228
f 645//228 646//228 643//228
f 647//228 648//228 642//228
f 642//228 648//228 649//228
f 642//228 649//228 644//228
f 650//228 651//228 652//228
f 652//228 651//228 653//228
f 654//228 655//228 642//228
f 642//228 655//228 656//228
f 642//228 656//228 647//228
f 657//228 658//228 659//228
f 660//228 661//228 662//228
f 662//228 661//228 663//228
f 662//228 663//228 664//228
f 665//228 666//228 667//228
f 668//228 669//228 670//228
f 670//228 669//228 671//228
f 670//228 671//228 672//228
f 668//228 673//228 669//228
f 669//228 673//228 674//228
f 669//228 674//228 675//228
f 675//228 674//228 676//228
f 676//228 677//228 675//228
f 675//228 677//228 678//228
f 675//228 678//228 652//228
f 652//228 678//228 679//228
f 652//228 679//228 650//228
f 657//228 659//228 680//228
f 658//228 657//228 681//228
f 681//228 657//228 682//228
f 681//228 682//228 683//228
f 684//228 685//228 662//228
f 662//228 685//228 686//228
f 687//228 688//228 689//228
f 689//228 688//228 690//228
f 689//228 690//228 691//228
f 691//228 690//228 692//228
f 693//228 694//228 695//228
f 695//228 694//228 696//228
f 695//228 696//228 697//228
f 697//228 696//228 698//228
f 699//228 700//228 701//228
f 683//228 682//228 702//228
f 702//228 682//228 703//228
f 702//228 703//228 704//228
f 705//228 706//228 707//228
f 708//228 709//228 710//228
f 710//228 709//228 711//228
f 710//228 711//228 712//228
f 686//228 713//228 662//228
f 662//228 713//228 714//228
f 662//228 714//228 660//228
f 646//228 715//228 643//228
f 643//228 715//228 716//228
f 643//228 716//228 641//228
f 687//228 717//228 688//228
f 688//228 717//228 718//228
f 688//228 718//228 719//228
f 719//228 718//228 720//228
f 719//228 720//228 721//228
f 722//228 723//228 724//228
f 684//228 667//228 685//228
f 685//228 667//228 666//228
f 685//228 666//228 725//228
f 725//228 666//228 694//228
f 725//228 694//228 726//228
f 726//228 694//228 693//228
f 727//228 728//228 729//228
f 729//228 728//228 730//228
f 730//228 731//228 729//228
f 729//228 731//228 732//228
f 729//228 732//228 667//228
f 667//228 732//228 733//228
f 667//228 733//228 665//228
f 701//228 734//228 699//228
f 699//228 734//228 735//228
f 699//228 735//228 727//228
f 727//228 735//228 736//228
f 727//228 736//228 728//228
f 672//228 671//228 737//228
f 737//228 671//228 738//228
f 737//228 738//228 739//228
f 739//228 738//228 740//228
f 739//228 740//228 741//228
f 741//228 740//228 742//228
f 741//228 742//228 700//228
f 700//228 742//228 743//228
f 700//228 743//228 701//228
f 712//228 744//228 710//228
f 710//228 744//228 745//228
f 710//228 745//228 703//228
f 703//228 745//228 746//228
f 703//228 746//228 704//228
f 706//228 747//228 707//228
f 707//228 747//228 748//228
f 707//228 748//228 749//228
f 749//228 748//228 750//228
f 749//228 750//228 710//228
f 710//228 750//228 751//228
f 710//228 751//228 708//228
f 711//228 752//228 712//228
f 712//228 752//228 753//228
f 712//228 753//228 754//228
f 755//228 719//228 756//228
f 756//228 719//228 721//228
f 756//228 721//228 642//228
f 642//228 721//228 757//228
f 642//228 757//228 654//228
f 724//228 723//228 758//228
f 758//228 723//228 759//228
f 758//228 759//228 760//228
f 760//228 759//228 761//228
f 760//228 761//228 762//228
f 762//228 761//228 763//228
f 762//228 763//228 764//228
f 659//228 765//228 680//228
f 680//228 765//228 766//228
f 680//228 766//228 767//228
f 767//228 766//228 768//228
f 767//228 768//228 769//228
f 769//228 768//228 770//228
f 769//228 770//228 771//228
f 771//228 770//228 772//228
f 771//228 772//228 773//228
f 773//228 772//228 653//228
f 773//228 653//228 774//228
f 774//228 653//228 651//228
f 645//228 643//228 707//228
f 707//228 643//228 775//228
f 707//228 775//228 705//228
f 664//228 776//228 662//228
f 662//228 776//228 777//228
f 662//228 777//228 778//228
f 778//228 777//228 779//228
f 778//228 779//228 646//228
f 646//228 779//228 780//228
f 646//228 780//228 715//228
f 781//228 782//228 762//228
f 724//228 783//228 722//228
f 722//228 783//228 784//228
f 722//228 784//228 785//228
f 785//228 784//228 786//228
f 754//228 787//228 712//228
f 712//228 787//228 788//228
f 712//228 788//228 789//228
f 789//228 788//228 790//228
f 790//228 791//228 789//228
f 789//228 791//228 792//228
f 789//228 792//228 690//228
f 690//228 792//228 793//228
f 690//228 793//228 692//228
f 794//228 795//228 796//228
f 796//228 795//228 797//228
f 798//228 799//228 800//228
f 801//228 802//228 794//228
f 794//228 802//228 803//228
f 794//228 803//228 795//228
f 786//228 804//228 785//228
f 785//228 804//228 805//228
f 785//228 805//228 696//228
f 696//228 805//228 806//228
f 696//228 806//228 698//228
f 798//228 800//228 807//228
f 799//228 808//228 800//228
f 800//228 808//228 809//228
f 800//228 809//228 810//228
f 762//228 782//228 794//228
f 794//228 782//228 811//228
f 794//228 811//228 801//228
f 797//228 807//228 796//228
f 796//228 807//228 800//228
f 796//228 800//228 812//228
f 812//228 800//228 813//228
f 812//228 813//228 756//228
f 756//228 813//228 814//228
f 756//228 814//228 755//228
f 810//228 815//228 800//228
f 800//228 815//228 816//228
f 800//228 816//228 817//228
f 764//228 818//228 762//228
f 762//228 818//228 819//228
f 762//228 819//228 781//228
f 88//401 86//401 820//401
f 821//409 822//409 820//409
f 820//410 822//410 823//410
f 820//411 823//411 88//411
f 821//405 824//405 822//405
f 822//412 824//412 825//412
f 822//413 825//413 826//413
f 827//414 828//414 829//414
f 829//415 828//415 826//415
f 829//400 826//400 830//400
f 830//408 826//408 825//408
f 827//397 831//397 828//397
f 828//416 831//416 832//416
f 828//417 832//417 833//417
f 833//394 832//394 834//394
f 833//418 834//418 835//418
f 835//419 834//419 836//419
f 836//392 837//392 835//392
f 835//393 837//393 838//393
f 835//420 838//420 839//420
f 838//421 840//421 839//421
f 839//387 840//387 841//387
f 839//422 841//422 842//422
f 842//423 841//423 843//423
f 844//424 845//424 846//424
f 846//425 845//425 842//425
f 846//383 842//383 847//383
f 847//384 842//384 843//384
f 844//380 848//380 845//380
f 845//426 848//426 849//426
f 845//427 849//427 850//427
f 851//428 852//428 853//428
f 853//429 852//429 850//429
f 853//376 850//376 854//376
f 854//377 850//377 849//377
f 851//373 855//373 852//373
f 852//430 855//430 856//430
f 852//431 856//431 857//431
f 857//370 856//370 858//370
f 857//432 858//432 859//432
f 859//433 858//433 860//433
f 860//368 861//368 859//368
f 859//369 861//369 862//369
f 859//434 862//434 863//434
f 862//435 864//435 863//435
f 863//363 864//363 865//363
f 863//436 865//436 866//436
f 866//437 865//437 867//437
f 868//438 869//438 870//438
f 870//439 869//439 866//439
f 870//359 866//359 871//359
f 871//360 866//360 867//360
f 868//356 872//356 869//356
f 869//440 872//440 873//440
f 869//441 873//441 874//441
f 874//353 873//353 875//353
f 874//442 875//442 876//442
f 876//443 875//443 877//443
f 876//351 877//351 878//351
f 878//352 879//352 876//352
f 876//444 879//444 880//444
f 876//445 880//445 881//445
f 881//346 880//346 882//346
f 881//446 882//446 883//446
f 883//447 882//447 884//447
f 885//448 886//448 887//448
f 887//449 886//449 883//449
f 887//345 883//345 888//345
f 888//344 883//344 884//344
f 885//339 889//339 886//339
f 886//450 889//450 890//450
f 886//451 890//451 891//451
f 892//452 893//452 894//452
f 894//453 893//453 891//453
f 894//335 891//335 895//335
f 895//336 891//336 890//336
f 892//332 896//332 893//332
f 893//454 896//454 897//454
f 893//455 897//455 898//455
f 898//329 897//329 899//329
f 898//456 899//456 900//456
f 900//457 899//457 901//457
f 900//327 901//327 902//327
f 902//328 903//328 900//328
f 900//458 903//458 904//458
f 900//459 904//459 905//459
f 905//322 904//322 906//322
f 905//460 906//460 907//460
f 907//461 906//461 908//461
f 909//462 910//462 911//462
f 911//463 910//463 907//463
f 911//464 907//464 912//464
f 912//465 907//465 908//465
f 909//315 913//315 910//315
f 910//466 913//466 914//466
f 910//467 914//467 915//467
f 916//468 917//468 918//468
f 918//469 917//469 915//469
f 918//311 915//311 919//311
f 919//312 915//312 914//312
f 916//308 920//308 917//308
f 917//470 920//470 921//470
f 917//471 921//471 922//471
f 922//305 921//305 923//305
f 922//472 923//472 924//472
f 924//473 923//473 925//473
f 924//303 925//303 926//303
f 926//304 927//304 924//304
f 924//474 927//474 928//474
f 924//475 928//475 929//475
f 929//298 928//298 930//298
f 929//476 930//476 931//476
f 931//477 930//477 932//477
f 933//478 934//478 935//478
f 935//479 934//479 931//479
f 935//297 931//297 936//297
f 936//296 931//296 932//296
f 933//291 937//291 934//291
f 934//480 937//480 938//480
f 934//481 938//481 939//481
f 940//482 941//482 942//482
f 942//483 941//483 939//483
f 942//287 939//287 943//287
f 943//288 939//288 938//288
f 940//284 944//284 941//284
f 941//484 944//484 945//484
f 941//485 945//485 946//485
f 946//281 945//281 947//281
f 946//486 947//486 948//486
f 948//487 947//487 949//487
f 949//279 950//279 948//279
f 948//280 950//280 951//280
f 948//488 951//488 952//488
f 951//489 953//489 952//489
f 952//274 953//274 954//274
f 952//490 954//490 955//490
f 955//491 954//491 956//491
f 957//492 958//492 959//492
f 959//493 958//493 955//493
f 959//270 955//270 960//270
f 960//271 955//271 956//271
f 957//267 961//267 958//267
f 958//494 961//494 962//494
f 958//495 962//495 963//495
f 963//264 962//264 964//264
f 963//496 964//496 965//496
f 965//497 964//497 966//497
f 965//262 966//262 967//262
f 967//263 968//263 965//263
f 965//498 968//498 969//498
f 965//499 969//499 970//499
f 970//257 969//257 971//257
f 970//500 971//500 972//500
f 972//501 971//501 973//501
f 973//255 974//255 972//255
f 972//256 974//256 975//256
f 972//502 975//502 976//502
f 975//503 977//503 976//503
f 976//250 977//250 978//250
f 976//504 978//504 979//504
f 979//505 978//505 980//505
f 981//506 982//506 983//506
f 983//507 982//507 979//507
f 983//246 979//246 984//246
f 984//247 979//247 980//247
f 981//243 985//243 982//243
f 982//508 985//508 986//508
f 982//509 986//509 987//509
f 987//240 986//240 988//240
f 987//510 988//510 989//510
f 989//511 988//511 990//511
f 989//238 990//238 991//238
f 3//229 5//229 992//229
f 992//512 5//512 993//512
f 992//513 993//513 994//513
f 994//514 993//514 995//514
f 994//233 995//233 996//233
f 996//515 995//515 989//515
f 996//516 989//516 997//516
f 997//239 989//239 991//239
f 998//227 999//227 1000//227
f 1001//227 1002//227 1003//227
f 1001//227 1003//227 1004//227
f 1002//227 1005//227 1003//227
f 1003//227 1005//227 1006//227
f 1003//227 1006//227 1007//227
f 1008//227 1009//227 1010//227
f 1011//227 1012//227 1013//227
f 1013//227 1012//227 1014//227
f 1013//227 1014//227 1015//227
f 1016//227 1017//227 1018//227
f 1018//227 1017//227 1012//227
f 1018//227 1012//227 1019//227
f 1019//227 1012//227 1011//227
f 1016//227 1020//227 1017//227
f 1017//227 1020//227 1021//227
f 1017//227 1021//227 1022//227
f 1023//227 1024//227 1025//227
f 1025//227 1024//227 1026//227
f 1025//227 1026//227 1027//227
f 1027//227 1026//227 1028//227
f 1027//227 1028//227 1029//227
f 1029//227 1028//227 1022//227
f 1029//227 1022//227 1030//227
f 1030//227 1022//227 1021//227
f 1031//227 1032//227 1033//227
f 1034//227 1035//227 1036//227
f 1036//227 1035//227 1037//227
f 1036//227 1037//227 1033//227
f 1033//227 1037//227 1038//227
f 1033//227 1038//227 1031//227
f 1032//227 1039//227 1033//227
f 1033//227 1039//227 1040//227
f 1033//227 1040//227 1041//227
f 1042//227 1043//227 1044//227
f 1045//227 1046//227 1047//227
f 999//227 1048//227 1000//227
f 1000//227 1048//227 1049//227
f 1000//227 1049//227 1050//227
f 1007//227 1051//227 1003//227
f 1003//227 1051//227 1033//227
f 1003//227 1033//227 1052//227
f 1052//227 1033//227 1041//227
f 1042//227 1044//227 1053//227
f 1054//227 1055//227 1045//227
f 1047//227 1056//227 1045//227
f 1045//227 1056//227 1057//227
f 1045//227 1057//227 1024//227
f 1058//227 1059//227 1060//227
f 1061//227 1062//227 1063//227
f 1063//227 1062//227 1064//227
f 1063//227 1064//227 1065//227
f 1065//227 1064//227 1066//227
f 1065//227 1066//227 1067//227
f 1010//227 1009//227 1068//227
f 1068//227 1009//227 1069//227
f 1068//227 1069//227 1070//227
f 1071//227 1072//227 1073//227
f 998//227 1000//227 1044//227
f 1044//227 1000//227 1074//227
f 1044//227 1074//227 1053//227
f 1060//227 1075//227 1058//227
f 1058//227 1075//227 1076//227
f 1058//227 1076//227 1046//227
f 1046//227 1076//227 1077//227
f 1046//227 1077//227 1047//227
f 1061//227 1063//227 1078//227
f 1078//227 1063//227 1079//227
f 1078//227 1079//227 1080//227
f 1080//227 1079//227 1081//227
f 1080//227 1081//227 1082//227
f 1082//227 1081//227 1083//227
f 1082//227 1083//227 1084//227
f 1084//227 1083//227 1085//227
f 1084//227 1085//227 1059//227
f 1059//227 1085//227 1086//227
f 1059//227 1086//227 1060//227
f 1087//227 1088//227 1089//227
f 1090//227 1091//227 1092//227
f 1092//227 1091//227 1068//227
f 1092//227 1068//227 1093//227
f 1093//227 1068//227 1070//227
f 1094//227 1095//227 1096//227
f 1097//227 1098//227 1014//227
f 1014//227 1098//227 1099//227
f 1014//227 1099//227 1015//227
f 1023//227 1100//227 1024//227
f 1024//227 1100//227 1101//227
f 1024//227 1101//227 1045//227
f 1045//227 1101//227 1102//227
f 1045//227 1102//227 1054//227
f 1103//227 1104//227 1044//227
f 1044//227 1104//227 1105//227
f 1044//227 1105//227 1106//227
f 1106//227 1105//227 1107//227
f 1106//227 1107//227 1055//227
f 1055//227 1107//227 1108//227
f 1055//227 1108//227 1045//227
f 1050//227 1073//227 1000//227
f 1000//227 1073//227 1072//227
f 1000//227 1072//227 1109//227
f 1109//227 1072//227 1091//227
f 1109//227 1091//227 1110//227
f 1110//227 1091//227 1090//227
f 1111//227 1112//227 1113//227
f 1113//227 1112//227 1114//227
f 1114//227 1115//227 1113//227
f 1113//227 1115//227 1116//227
f 1113//227 1116//227 1073//227
f 1073//227 1116//227 1117//227
f 1073//227 1117//227 1071//227
f 1043//227 1118//227 1044//227
f 1044//227 1118//227 1035//227
f 1044//227 1035//227 1103//227
f 1103//227 1035//227 1034//227
f 1119//227 1120//227 1121//227
f 1121//227 1120//227 1122//227
f 1121//227 1122//227 1003//227
f 1003//227 1122//227 1123//227
f 1003//227 1123//227 1004//227
f 1096//227 1095//227 1124//227
f 1067//227 1125//227 1065//227
f 1065//227 1125//227 1126//227
f 1065//227 1126//227 1127//227
f 1127//227 1126//227 1128//227
f 1128//227 1129//227 1127//227
f 1127//227 1129//227 1130//227
f 1127//227 1130//227 1120//227
f 1120//227 1130//227 1131//227
f 1120//227 1131//227 1122//227
f 1132//227 1133//227 1134//227
f 1089//227 1088//227 1010//227
f 1010//227 1088//227 1135//227
f 1010//227 1135//227 1008//227
f 1095//227 1136//227 1124//227
f 1124//227 1136//227 1137//227
f 1124//227 1137//227 1111//227
f 1111//227 1137//227 1138//227
f 1111//227 1138//227 1112//227
f 1094//227 1096//227 1139//227
f 1139//227 1096//227 1140//227
f 1139//227 1140//227 1141//227
f 1141//227 1140//227 1142//227
f 1141//227 1142//227 1143//227
f 1143//227 1142//227 1144//227
f 1143//227 1144//227 1097//227
f 1097//227 1144//227 1145//227
f 1097//227 1145//227 1098//227
f 1132//227 1134//227 1146//227
f 1147//227 1148//227 1149//227
f 1149//227 1148//227 1150//227
f 1087//227 1089//227 1151//227
f 1151//227 1089//227 1152//227
f 1151//227 1152//227 1153//227
f 1153//227 1152//227 1154//227
f 1153//227 1154//227 1155//227
f 1155//227 1154//227 1156//227
f 1155//227 1156//227 1148//227
f 1148//227 1156//227 1157//227
f 1148//227 1157//227 1150//227
f 1158//227 1159//227 1160//227
f 1160//227 1159//227 1161//227
f 1161//227 1146//227 1160//227
f 1160//227 1146//227 1134//227
f 1160//227 1134//227 1162//227
f 1162//227 1134//227 1163//227
f 1162//227 1163//227 1121//227
f 1121//227 1163//227 1164//227
f 1121//227 1164//227 1119//227
f 1133//227 1165//227 1134//227
f 1134//227 1165//227 1166//227
f 1134//227 1166//227 1167//227
f 1147//227 1168//227 1148//227
f 1148//227 1168//227 1169//227
f 1148//227 1169//227 1158//227
f 1158//227 1169//227 1170//227
f 1158//227 1170//227 1171//227
f 1171//227 1172//227 1158//227
f 1158//227 1172//227 1173//227
f 1158//227 1173//227 1159//227
f 1167//227 1174//227 1134//227
f 1134//227 1174//227 1175//227
f 1134//227 1175//227 1176//227
f 1140//517 767//517 1142//517
f 1142//517 767//517 769//517
f 1142//518 769//518 1144//518
f 1144//518 769//518 771//518
f 1144//519 771//519 1145//519
f 1145//519 771//519 773//519
f 1145//520 773//520 1098//520
f 1098//520 773//520 774//520
f 1098//521 774//521 1099//521
f 1099//521 774//521 651//521
f 1099//522 651//522 1015//522
f 1015//522 651//522 650//522
f 1015//523 650//523 1013//523
f 1013//523 650//523 679//523
f 1013//524 679//524 1011//524
f 1011//524 679//524 678//524
f 1011//525 678//525 1019//525
f 1019//525 678//525 677//525
f 1019//526 677//526 1018//526
f 1018//526 677//526 676//526
f 1018//527 676//527 1016//527
f 1016//527 676//527 674//527
f 1016//528 674//528 1020//528
f 1020//528 674//528 673//528
f 1020//529 673//529 1021//529
f 1021//529 673//529 668//529
f 1021//530 668//530 1030//530
f 1030//530 668//530 670//530
f 1030//531 670//531 1029//531
f 1029//531 670//531 672//531
f 1029//532 672//532 1027//532
f 1027//532 672//532 737//532
f 1027//533 737//533 1025//533
f 1025//533 737//533 739//533
f 1025//534 739//534 1023//534
f 1023//534 739//534 741//534
f 1023//535 741//535 1100//535
f 1100//535 741//535 700//535
f 1100//536 700//536 1101//536
f 1101//536 700//536 699//536
f 1101//537 699//537 1102//537
f 1102//537 699//537 727//537
f 1102//538 727//538 1054//538
f 1054//538 727//538 729//538
f 1054//539 729//539 1055//539
f 1055//539 729//539 667//539
f 1055//540 667//540 1106//540
f 1106//540 667//540 684//540
f 1106//541 684//541 1044//541
f 1044//541 684//541 662//541
f 1044//542 662//542 998//542
f 998//542 662//542 778//542
f 998//543 778//543 999//543
f 999//543 778//543 646//543
f 999//544 646//544 1048//544
f 1048//544 646//544 645//544
f 1048//545 645//545 1049//545
f 1049//545 645//545 707//545
f 1049//546 707//546 1050//546
f 1050//546 707//546 749//546
f 1050//547 749//547 1073//547
f 1073//547 749//547 710//547
f 1073//548 710//548 1113//548
f 1113//548 710//548 703//548
f 1113//549 703//549 1111//549
f 1111//549 703//549 682//549
f 1111//550 682//550 1124//550
f 1124//550 682//550 657//550
f 1124//551 657//551 1096//551
f 1096//551 657//551 680//551
f 1096//552 680//552 1140//552
f 1140//552 680//552 767//552
f 1090//553 792//553 1110//553
f 1110//553 792//553 791//553
f 1110//554 791//554 1109//554
f 1109//554 791//554 790//554
f 1109//555 790//555 1000//555
f 1000//555 790//555 788//555
f 1000//556 788//556 1074//556
f 1074//556 788//556 787//556
f 1074//557 787//557 1053//557
f 1053//557 787//557 754//557
f 1053//558 754//558 1042//558
f 1042//558 754//558 753//558
f 1042//559 753//559 1043//559
f 1043//559 753//559 752//559
f 1043//560 752//560 1118//560
f 1118//560 752//560 711//560
f 1118//561 711//561 1035//561
f 1035//561 711//561 709//561
f 1035//562 709//562 1037//562
f 1037//562 709//562 708//562
f 1037//563 708//563 1038//563
f 1038//563 708//563 751//563
f 1038//564 751//564 1031//564
f 1031//564 751//564 750//564
f 1031//565 750//565 1032//565
f 1032//565 750//565 748//565
f 1032//566 748//566 1039//566
f 1039//566 748//566 747//566
f 1039//567 747//567 1040//567
f 1040//567 747//567 706//567
f 1040//568 706//568 1041//568
f 1041//568 706//568 705//568
f 1041//569 705//569 1052//569
f 1052//569 705//569 775//569
f 1052//570 775//570 1003//570
f 1003//570 775//570 643//570
f 1003//571 643//571 1121//571
f 1121//571 643//571 644//571
f 1121//572 644//572 1162//572
f 1162//572 644//572 649//572
f 1162//573 649//573 1160//573
f 1160//573 649//573 648//573
f 1160//574 648//574 1158//574
f 1158//574 648//574 647//574
f 1158//575 647//575 1148//575
f 1148//575 647//575 656//575
f 1148//576 656//576 1155//576
f 1155//576 656//576 655//576
f 1155//577 655//577 1153//577
f 1153//577 655//577 654//577
f 1153//578 654//578 1151//578
f 1151//578 654//578 757//578
f 1151//579 757//579 1087//579
f 1087//579 757//579 721//579
f 1087//580 721//580 1088//580
f 1088//580 721//580 720//580
f 1088//581 720//581 1135//581
f 1135//581 720//581 718//581
f 1135//582 718//582 1008//582
f 1008//582 718//582 717//582
f 1008//583 717//583 1009//583
f 1009//583 717//583 687//583
f 1009//584 687//584 1069//584
f 1069//584 687//584 689//584
f 1069//585 689//585 1070//585
f 1070//585 689//585 691//585
f 1070//586 691//586 1093//586
f 1093//586 691//586 692//586
f 1093//587 692//587 1092//587
f 1092//587 692//587 793//587
f 1092//588 793//588 1090//588
f 1090//588 793//588 792//588
f 1033//553 642//553 1036//553
f 1036//553 642//553 641//553
f 1036//554 641//554 1034//554
f 1034//554 641//554 716//554
f 1034//555 716//555 1103//555
f 1103//555 716//555 715//555
f 1103//556 715//556 1104//556
f 1104//556 715//556 780//556
f 1104//557 780//557 1105//557
f 1105//557 780//557 779//557
f 1105//558 779//558 1107//558
f 1107//558 779//558 777//558
f 1107//559 777//559 1108//559
f 1108//559 777//559 776//559
f 1108//560 776//560 1045//560
f 1045//560 776//560 664//560
f 1045//589 664//589 1046//589
f 1046//589 664//589 663//589
f 1046//590 663//590 1058//590
f 1058//590 663//590 661//590
f 1058//563 661//563 1059//563
f 1059//563 661//563 660//563
f 1059//564 660//564 1084//564
f 1084//564 660//564 714//564
f 1084//565 714//565 1082//565
f 1082//565 714//565 713//565
f 1082//566 713//566 1080//566
f 1080//566 713//566 686//566
f 1080//567 686//567 1078//567
f 1078//567 686//567 685//567
f 1078//568 685//568 1061//568
f 1061//568 685//568 725//568
f 1061//569 725//569 1062//569
f 1062//569 725//569 726//569
f 1062//570 726//570 1064//570
f 1064//570 726//570 693//570
f 1064//571 693//571 1066//571
f 1066//571 693//571 695//571
f 1066//572 695//572 1067//572
f 1067//572 695//572 697//572
f 1067//573 697//573 1125//573
f 1125//573 697//573 698//573
f 1125//574 698//574 1126//574
f 1126//574 698//574 806//574
f 1126//575 806//575 1128//575
f 1128//575 806//575 805//575
f 1128//576 805//576 1129//576
f 1129//576 805//576 804//576
f 1129//577 804//577 1130//577
f 1130//577 804//577 786//577
f 1130//578 786//578 1131//578
f 1131//578 786//578 784//578
f 1131//591 784//591 1122//591
f 1122//591 784//591 783//591
f 1122//592 783//592 1123//592
f 1123//592 783//592 724//592
f 1123//581 724//581 1004//581
f 1004//581 724//581 758//581
f 1004//582 758//582 1001//582
f 1001//582 758//582 760//582
f 1001//583 760//583 1002//583
f 1002//583 760//583 762//583
f 1002//584 762//584 1005//584
f 1005//584 762//584 794//584
f 1005//585 794//585 1006//585
f 1006//585 794//585 796//585
f 1006//586 796//586 1007//586
f 1007//586 796//586 812//586
f 1007//587 812//587 1051//587
f 1051//587 812//587 756//587
f 1051//588 756//588 1033//588
f 1033//588 756//588 642//588
f 1177//593 1178//593 1179//593
f 1179//593 1178//593 1180//593
f 75//594 81//594 1181//594
f 47//595 27//595 1182//595
f 24//596 23//596 1183//596
f 21//597 15//597 1184//597
f 12//598 20//598 1185//598
f 19//599 18//599 1186//599
f 1187//600 6//600 3//600
f 75//601 1181//601 76//601
f 78//602 77//602 1188//602
f 83//603 82//603 1189//603
f 55//604 54//604 1190//604
f 80//605 79//605 1191//605
f 56//606 57//606 1192//606
f 56//607 1192//607 84//607
f 86//608 85//608 1193//608
f 3//609 992//609 1187//609
f 1187//610 992//610 994//610
f 1187//611 994//611 1194//611
f 1194//612 994//612 996//612
f 1194//613 996//613 1195//613
f 996//614 997//614 1195//614
f 1195//615 997//615 991//615
f 1195//616 991//616 1196//616
f 991//617 990//617 1196//617
f 1196//618 990//618 988//618
f 1196//619 988//619 1197//619
f 1197//620 988//620 986//620
f 1197//621 986//621 1198//621
f 986//622 985//622 1198//622
f 1198//623 985//623 981//623
f 1198//624 981//624 1199//624
f 981//625 983//625 1199//625
f 1199//626 983//626 984//626
f 1199//627 984//627 1200//627
f 1200//628 984//628 980//628
f 1200//629 980//629 1201//629
f 980//630 978//630 1201//630
f 1201//631 978//631 977//631
f 1201//632 977//632 1202//632
f 977//633 975//633 1202//633
f 1202//634 975//634 974//634
f 1202//635 974//635 1203//635
f 974//636 973//636 1203//636
f 1203//637 973//637 971//637
f 1203//638 971//638 1204//638
f 1204//639 971//639 969//639
f 1204//640 969//640 1205//640
f 969//641 968//641 1205//641
f 1205//642 968//642 967//642
f 1205//643 967//643 1206//643
f 967//644 966//644 1206//644
f 1206//645 966//645 964//645
f 1206//646 964//646 1207//646
f 1207//647 964//647 962//647
f 1207//648 962//648 1208//648
f 962//649 961//649 1208//649
f 1208//650 961//650 957//650
f 1208//651 957//651 1209//651
f 957//652 959//652 1209//652
f 1209//653 959//653 960//653
f 1209//654 960//654 1210//654
f 1210//655 960//655 956//655
f 1210//656 956//656 1211//656
f 956//657 954//657 1211//657
f 1211//658 954//658 953//658
f 1211//659 953//659 1212//659
f 953//660 951//660 1212//660
f 1212//661 951//661 950//661
f 1212//662 950//662 1213//662
f 950//663 949//663 1213//663
f 1213//664 949//664 947//664
f 1213//665 947//665 1214//665
f 1214//666 947//666 945//666
f 1214//667 945//667 1215//667
f 945//668 944//668 1215//668
f 1215//669 944//669 940//669
f 1215//670 940//670 1216//670
f 940//671 942//671 1216//671
f 1216//672 942//672 943//672
f 1216//673 943//673 1217//673
f 1217//674 943//674 938//674
f 1217//675 938//675 1218//675
f 936//676 1219//676 1220//676
f 938//677 937//677 1218//677
f 1218//678 937//678 933//678
f 1218//679 933//679 1220//679
f 1220//680 933//680 935//680
f 1220//681 935//681 936//681
f 936//682 932//682 1219//682
f 1219//683 932//683 930//683
f 1219//684 930//684 1221//684
f 1221//685 930//685 928//685
f 1221//686 928//686 1222//686
f 928//687 927//687 1222//687
f 1222//688 927//688 926//688
f 1222//689 926//689 1223//689
f 926//690 925//690 1223//690
f 1223//691 925//691 923//691
f 1223//692 923//692 1224//692
f 1224//693 923//693 921//693
f 1224//694 921//694 1225//694
f 921//695 920//695 1225//695
f 1225//696 920//696 916//696
f 1225//697 916//697 1226//697
f 916//698 918//698 1226//698
f 1226//699 918//699 919//699
f 1226//700 919//700 1227//700
f 1227//701 919//701 914//701
f 1227//702 914//702 1228//702
f 912//703 1229//703 1230//703
f 914//704 913//704 1228//704
f 1228//705 913//705 909//705
f 1228//706 909//706 1230//706
f 1230//707 909//707 911//707
f 1230//708 911//708 912//708
f 912//709 908//709 1229//709
f 1229//710 908//710 906//710
f 1229//711 906//711 1231//711
f 1231//712 906//712 904//712
f 1231//713 904//713 1232//713
f 904//714 903//714 1232//714
f 1232//715 903//715 902//715
f 1232//716 902//716 1233//716
f 902//717 901//717 1233//717
f 1233//718 901//718 899//718
f 1233//719 899//719 1234//719
f 1234//720 899//720 897//720
f 1234//721 897//721 1235//721
f 897//722 896//722 1235//722
f 1235//723 896//723 892//723
f 1235//724 892//724 1236//724
f 892//725 894//725 1236//725
f 1236//726 894//726 895//726
f 1236//727 895//727 1237//727
f 1237//728 895//728 890//728
f 1237//729 890//729 1238//729
f 890//730 889//730 1238//730
f 1238//731 889//731 885//731
f 1238//732 885//732 1239//732
f 885//733 887//733 1239//733
f 1239//734 887//734 888//734
f 1239//735 888//735 1240//735
f 888//736 884//736 1240//736
f 1240//737 884//737 882//737
f 1240//738 882//738 1241//738
f 1241//739 882//739 880//739
f 1241//740 880//740 1242//740
f 880//741 879//741 1242//741
f 1242//742 879//742 878//742
f 1242//743 878//743 1243//743
f 878//744 877//744 1243//744
f 1243//745 877//745 875//745
f 1243//746 875//746 1244//746
f 1244//747 875//747 873//747
f 1244//748 873//748 1245//748
f 873//749 872//749 1245//749
f 1245//750 872//750 868//750
f 1245//751 868//751 1246//751
f 868//752 870//752 1246//752
f 1246//753 870//753 871//753
f 1246//754 871//754 1247//754
f 1247//755 871//755 867//755
f 1247//756 867//756 1248//756
f 867//757 865//757 1248//757
f 1248//758 865//758 864//758
f 1248//759 864//759 1249//759
f 864//760 862//760 1249//760
f 1249//761 862//761 861//761
f 1249//762 861//762 1250//762
f 861//763 860//763 1250//763
f 1250//764 860//764 858//764
f 1250//765 858//765 1251//765
f 1251//766 858//766 856//766
f 1251//767 856//767 1252//767
f 856//768 855//768 1252//768
f 1252//769 855//769 851//769
f 1252//770 851//770 1253//770
f 851//771 853//771 1253//771
f 1253//772 853//772 854//772
f 1253//773 854//773 1254//773
f 1254//774 854//774 849//774
f 1254//775 849//775 1255//775
f 849//776 848//776 1255//776
f 1255//777 848//777 844//777
f 1255//778 844//778 1256//778
f 844//779 846//779 1256//779
f 1256//780 846//780 847//780
f 1256//781 847//781 1257//781
f 1257//782 847//782 843//782
f 1257//783 843//783 1258//783
f 843//784 841//784 1258//784
f 1258//785 841//785 840//785
f 1258//786 840//786 1259//786
f 840//787 838//787 1259//787
f 1259//788 838//788 837//788
f 1259//789 837//789 1260//789
f 837//790 836//790 1260//790
f 1260//791 836//791 834//791
f 1260//792 834//792 1261//792
f 1261//793 834//793 832//793
f 1261//794 832//794 1262//794
f 832//795 831//795 1262//795
f 1262//796 831//796 827//796
f 1262//797 827//797 1263//797
f 827//798 829//798 1263//798
f 1263//799 829//799 830//799
f 1263//800 830//800 1264//800
f 1264//801 830//801 825//801
f 1264//802 825//802 1265//802
f 825//803 824//803 1265//803
f 1265//804 824//804 821//804
f 1265//805 821//805 1193//805
f 1193//806 821//806 820//806
f 1193//807 820//807 86//807
f 85//808 84//808 1193//808
f 1193//809 84//809 1192//809
f 1193//810 1192//810 1265//810
f 1265//811 1192//811 1266//811
f 1265//812 1266//812 1264//812
f 1264//813 1266//813 1267//813
f 1264//814 1267//814 1263//814
f 1263//815 1267//815 1268//815
f 1263//816 1268//816 1262//816
f 1262//817 1268//817 1269//817
f 1262//818 1269//818 1261//818
f 1261//819 1269//819 1270//819
f 1261//820 1270//820 1260//820
f 1260//821 1270//821 1271//821
f 1260//822 1271//822 1259//822
f 1259//823 1271//823 1272//823
f 1259//824 1272//824 1258//824
f 1258//825 1272//825 1273//825
f 1258//826 1273//826 1257//826
f 1257//827 1273//827 1274//827
f 1257//828 1274//828 1256//828
f 1256//829 1274//829 1275//829
f 1256//830 1275//830 1255//830
f 1255//831 1275//831 1276//831
f 1255//832 1276//832 1254//832
f 1254//833 1276//833 1277//833
f 1254//834 1277//834 1253//834
f 1253//835 1277//835 1278//835
f 1253//836 1278//836 1252//836
f 1252//837 1278//837 1279//837
f 1252//838 1279//838 1251//838
f 1251//839 1279//839 1280//839
f 1251//840 1280//840 1250//840
f 1250//841 1280//841 1281//841
f 1250//842 1281//842 1249//842
f 1249//843 1281//843 1282//843
f 1249//844 1282//844 1248//844
f 1248//845 1282//845 1283//845
f 1248//846 1283//846 1247//846
f 1247//847 1283//847 1284//847
f 1247//848 1284//848 1246//848
f 1246//849 1284//849 1285//849
f 1246//850 1285//850 1245//850
f 1245//851 1285//851 1286//851
f 1245//852 1286//852 1244//852
f 1244//853 1286//853 1287//853
f 1244//854 1287//854 1243//854
f 1243//855 1287//855 1288//855
f 1243//856 1288//856 1242//856
f 1242//857 1288//857 1289//857
f 1242//858 1289//858 1241//858
f 1241//859 1289//859 1290//859
f 1241//860 1290//860 1240//860
f 1240//861 1290//861 1291//861
f 1240//862 1291//862 1239//862
f 1239//863 1291//863 1292//863
f 1239//864 1292//864 1238//864
f 1238//865 1292//865 1293//865
f 1238//866 1293//866 1237//866
f 1237//867 1293//867 1294//867
f 1237//868 1294//868 1236//868
f 1236//869 1294//869 1295//869
f 1236//870 1295//870 1235//870
f 1235//871 1295//871 1296//871
f 1235//872 1296//872 1234//872
f 1234//873 1296//873 1297//873
f 1234//874 1297//874 1233//874
f 1233//875 1297//875 1298//875
f 1233//876 1298//876 1232//876
f 1232//877 1298//877 1299//877
f 1232//878 1299//878 1231//878
f 1231//879 1299//879 1300//879
f 1231//880 1300//880 1229//880
f 1229//881 1300//881 1301//881
f 1229//882 1301//882 1230//882
f 1230//883 1301//883 1302//883
f 1230//884 1302//884 1228//884
f 1228//885 1302//885 1303//885
f 1228//886 1303//886 1227//886
f 1227//887 1303//887 1304//887
f 1227//888 1304//888 1226//888
f 1226//889 1304//889 1305//889
f 1226//890 1305//890 1225//890
f 1225//891 1305//891 1306//891
f 1225//892 1306//892 1224//892
f 1224//893 1306//893 1307//893
f 1224//894 1307//894 1223//894
f 1223//895 1307//895 1308//895
f 1223//896 1308//896 1222//896
f 1222//897 1308//897 1309//897
f 1222//898 1309//898 1221//898
f 1221//899 1309//899 1310//899
f 1221//900 1310//900 1219//900
f 1219//901 1310//901 1311//901
f 1219//902 1311//902 1220//902
f 1220//903 1311//903 1312//903
f 1220//904 1312//904 1218//904
f 1218//905 1312//905 1313//905
f 1218//906 1313//906 1217//906
f 1217//907 1313//907 1314//907
f 1217//908 1314//908 1216//908
f 1216//909 1314//909 1315//909
f 1216//910 1315//910 1215//910
f 1215//911 1315//911 1316//911
f 1215//912 1316//912 1214//912
f 1214//913 1316//913 1317//913
f 1214//914 1317//914 1213//914
f 1213//915 1317//915 1318//915
f 1213//916 1318//916 1212//916
f 1212//917 1318//917 1319//917
f 1212//918 1319//918 1211//918
f 1211//919 1319//919 1320//919
f 1211//920 1320//920 1210//920
f 1210//921 1320//921 1321//921
f 1210//922 1321//922 1209//922
f 1209//923 1321//923 1322//923
f 1209//924 1322//924 1208//924
f 1208//925 1322//925 1323//925
f 1208//926 1323//926 1207//926
f 1207//927 1323//927 1324//927
f 1207//928 1324//928 1206//928
f 1206//929 1324//929 1325//929
f 1206//930 1325//930 1205//930
f 1205//931 1325//931 1326//931
f 1205//932 1326//932 1204//932
f 1204//933 1326//933 1327//933
f 1204//934 1327//934 1203//934
f 1203//935 1327//935 1328//935
f 1203//936 1328//936 1202//936
f 1202//937 1328//937 1329//937
f 1202//938 1329//938 1201//938
f 1201//939 1329//939 1330//939
f 1201//940 1330//940 1200//940
f 1200//941 1330//941 1331//941
f 1200//942 1331//942 1199//942
f 1199//943 1331//943 1332//943
f 1199//944 1332//944 1198//944
f 1198//945 1332//945 1333//945
f 1198//946 1333//946 1197//946
f 1197//947 1333//947 1334//947
f 1197//948 1334//948 1196//948
f 1196//949 1334//949 1335//949
f 1196//950 1335//950 1195//950
f 1195//951 1335//951 1336//951
f 1195//952 1336//952 1194//952
f 1194//953 1336//953 1337//953
f 1194//954 1337//954 1187//954
f 1187//955 1337//955 1186//955
f 1187//956 1186//956 6//956
f 6//957 1186//957 18//957
f 1192//958 1338//958 1266//958
f 1266//959 1338//959 1339//959
f 1266//960 1339//960 1267//960
f 1267//961 1339//961 1340//961
f 1267//962 1340//962 1268//962
f 1268//963 1340//963 1341//963
f 1268//964 1341//964 1269//964
f 1269//965 1341//965 1342//965
f 1269//966 1342//966 1270//966
f 1270//967 1342//967 1343//967
f 1270//968 1343//968 1271//968
f 1271//969 1343//969 1344//969
f 1271//970 1344//970 1272//970
f 1272//971 1344//971 1345//971
f 1272//972 1345//972 1273//972
f 1273//973 1345//973 1346//973
f 1273//974 1346//974 1274//974
f 1274//975 1346//975 1347//975
f 1274//976 1347//976 1275//976
f 1275//977 1347//977 1348//977
f 1275//978 1348//978 1276//978
f 1276//979 1348//979 1349//979
f 1276//980 1349//980 1277//980
f 1277//981 1349//981 1350//981
f 1277//982 1350//982 1278//982
f 1278//983 1350//983 1351//983
f 1278//984 1351//984 1279//984
f 1279//985 1351//985 1352//985
f 1279//986 1352//986 1280//986
f 1280//987 1352//987 1353//987
f 1280//988 1353//988 1281//988
f 1281//989 1353//989 1354//989
f 1281//990 1354//990 1282//990
f 1282//991 1354//991 1355//991
f 1282//992 1355//992 1283//992
f 1283//993 1355//993 1356//993
f 1283//994 1356//994 1284//994
f 1284//995 1356//995 1357//995
f 1284//996 1357//996 1285//996
f 1285//997 1357//997 1358//997
f 1285//998 1358//998 1286//998
f 1286//999 1358//999 1359//999
f 1286//1000 1359//1000 1287//1000
f 1287//1001 1359//1001 1360//1001
f 1287//1002 1360//1002 1288//1002
f 1288//1003 1360//1003 1361//1003
f 1288//1004 1361//1004 1289//1004
f 1289//1005 1361//1005 1362//1005
f 1289//1006 1362//1006 1290//1006
f 1290//1007 1362//1007 1363//1007
f 1290//1008 1363//1008 1291//1008
f 1291//1009 1363//1009 1364//1009
f 1291//1010 1364//1010 1292//1010
f 1292//1011 1364//1011 1365//1011
f 1292//1012 1365//1012 1293//1012
f 1293//1013 1365//1013 1366//1013
f 1293//1014 1366//1014 1294//1014
f 1294//1015 1366//1015 1367//1015
f 1294//1016 1367//1016 1295//1016
f 1295//1017 1367//1017 1368//1017
f 1295//1018 1368//1018 1296//1018
f 1296//1019 1368//1019 1369//1019
f 1296//1020 1369//1020 1297//1020
f 1297//1021 1369//1021 1370//1021
f 1297//1022 1370//1022 1298//1022
f 1298//1023 1370//1023 1371//1023
f 1298//1024 1371//1024 1299//1024
f 1299//1025 1371//1025 1372//1025
f 1299//1026 1372//1026 1300//1026
f 1300//1027 1372//1027 1373//1027
f 1300//1028 1373//1028 1301//1028
f 1301//1029 1373//1029 1374//1029
f 1301//1030 1374//1030 1302//1030
f 1302//1030 1374//1030 1375//1030
f 1302//1031 1375//1031 1303//1031
f 1303//1032 1375//1032 1376//1032
f 1303//1033 1376//1033 1304//1033
f 1304//1034 1376//1034 1377//1034
f 1304//1035 1377//1035 1305//1035
f 1305//1036 1377//1036 1378//1036
f 1305//1037 1378//1037 1306//1037
f 1306//1038 1378//1038 1379//1038
f 1306//1039 1379//1039 1307//1039
f 1307//1040 1379//1040 1380//1040
f 1307//1041 1380//1041 1308//1041
f 1308//1042 1380//1042 1381//1042
f 1308//1043 1381//1043 1309//1043
f 1309//1044 1381//1044 1382//1044
f 1309//1045 1382//1045 1310//1045
f 1310//1046 1382//1046 1383//1046
f 1310//1047 1383//1047 1311//1047
f 1311//1048 1383//1048 1384//1048
f 1311//1049 1384//1049 1312//1049
f 1312//1050 1384//1050 1385//1050
f 1312//1051 1385//1051 1313//1051
f 1313//1052 1385//1052 1386//1052
f 1313//1053 1386//1053 1314//1053
f 1314//1054 1386//1054 1387//1054
f 1314//1055 1387//1055 1315//1055
f 1315//1056 1387//1056 1388//1056
f 1315//1057 1388//1057 1316//1057
f 1316//1058 1388//1058 1389//1058
f 1316//1059 1389//1059 1317//1059
f 1317//1060 1389//1060 1390//1060
f 1317//1061 1390//1061 1318//1061
f 1318//1062 1390//1062 1391//1062
f 1318//1063 1391//1063 1319//1063
f 1319//1064 1391//1064 1392//1064
f 1319//1065 1392//1065 1320//1065
f 1320//1066 1392//1066 1393//1066
f 1320//1067 1393//1067 1321//1067
f 1321//1068 1393//1068 1394//1068
f 1321//1069 1394//1069 1322//1069
f 1322//1070 1394//1070 1395//1070
f 1322//1071 1395//1071 1323//1071
f 1323//1072 1395//1072 1396//1072
f 1323//1073 1396//1073 1324//1073
f 1324//1074 1396//1074 1397//1074
f 1324//1075 1397//1075 1325//1075
f 1325//1076 1397//1076 1398//1076
f 1325//1077 1398//1077 1326//1077
f 1326//1078 1398//1078 1399//1078
f 1326//1079 1399//1079 1327//1079
f 1327//1080 1399//1080 1400//1080
f 1327//1081 1400//1081 1328//1081
f 1328//1082 1400//1082 1401//1082
f 1328//1083 1401//1083 1329//1083
f 1329//1084 1401//1084 1402//1084
f 1329//1085 1402//1085 1330//1085
f 1330//1086 1402//1086 1403//1086
f 1330//1087 1403//1087 1331//1087
f 1331//1088 1403//1088 1404//1088
f 1331//1089 1404//1089 1332//1089
f 1332//1090 1404//1090 1405//1090
f 1332//1091 1405//1091 1333//1091
f 1333//1092 1405//1092 1406//1092
f 1333//1093 1406//1093 1334//1093
f 1334//1094 1406//1094 1407//1094
f 1334//1095 1407//1095 1335//1095
f 1335//1096 1407//1096 1408//1096
f 1335//1097 1408//1097 1336//1097
f 1336//1098 1408//1098 1409//1098
f 1336//1099 1409//1099 1337//1099
f 1337//1100 1409//1100 1410//1100
f 1337//1101 1410//1101 1186//1101
f 1186//1102 1410//1102 1185//1102
f 1186//1103 1185//1103 19//1103
f 19//1104 1185//1104 20//1104
f 57//1105 58//1105 1192//1105
f 1192//1106 58//1106 80//1106
f 1192//1107 80//1107 1338//1107
f 1338//1108 80//1108 1191//1108
f 1338//1109 1191//1109 1339//1109
f 1339//1110 1191//1110 1411//1110
f 1339//1111 1411//1111 1340//1111
f 1340//1112 1411//1112 1412//1112
f 1340//1113 1412//1113 1341//1113
f 1341//1114 1412//1114 1413//1114
f 1341//1115 1413//1115 1342//1115
f 1342//1116 1413//1116 1414//1116
f 1342//1117 1414//1117 1343//1117
f 1343//1118 1414//1118 1415//1118
f 1343//1119 1415//1119 1344//1119
f 1344//1120 1415//1120 1416//1120
f 1344//1121 1416//1121 1345//1121
f 1345//1122 1416//1122 1417//1122
f 1345//1123 1417//1123 1346//1123
f 1346//1124 1417//1124 1418//1124
f 1346//1125 1418//1125 1347//1125
f 1347//1126 1418//1126 1419//1126
f 1347//1127 1419//1127 1348//1127
f 1348//1128 1419//1128 1420//1128
f 1348//1129 1420//1129 1349//1129
f 1349//1130 1420//1130 1421//1130
f 1349//1131 1421//1131 1350//1131
f 1350//1132 1421//1132 1422//1132
f 1350//1133 1422//1133 1351//1133
f 1351//1134 1422//1134 1423//1134
f 1351//1135 1423//1135 1352//1135
f 1352//1136 1423//1136 1424//1136
f 1352//1137 1424//1137 1353//1137
f 1353//1138 1424//1138 1425//1138
f 1353//1139 1425//1139 1354//1139
f 1354//1140 1425//1140 1426//1140
f 1354//1141 1426//1141 1355//1141
f 1355//1142 1426//1142 1427//1142
f 1355//1143 1427//1143 1356//1143
f 1356//1144 1427//1144 1428//1144
f 1356//1145 1428//1145 1357//1145
f 1357//1146 1428//1146 1429//1146
f 1357//1147 1429//1147 1358//1147
f 1358//1148 1429//1148 1430//1148
f 1358//1149 1430//1149 1359//1149
f 1359//1150 1430//1150 1431//1150
f 1359//1151 1431//1151 1360//1151
f 1360//1152 1431//1152 1432//1152
f 1360//1153 1432//1153 1361//1153
f 1361//1154 1432//1154 1433//1154
f 1361//1155 1433//1155 1362//1155
f 1362//1156 1433//1156 1434//1156
f 1362//1157 1434//1157 1363//1157
f 1363//1158 1434//1158 1435//1158
f 1363//1159 1435//1159 1364//1159
f 1364//1160 1435//1160 1436//1160
f 1364//1161 1436//1161 1365//1161
f 1365//1162 1436//1162 1437//1162
f 1365//1163 1437//1163 1366//1163
f 1366//1164 1437//1164 1438//1164
f 1366//1165 1438//1165 1367//1165
f 1367//1166 1438//1166 1439//1166
f 1367//1167 1439//1167 1368//1167
f 1368//1168 1439//1168 1440//1168
f 1368//1169 1440//1169 1369//1169
f 1369//1170 1440//1170 1441//1170
f 1369//1171 1441//1171 1370//1171
f 1370//1172 1441//1172 1442//1172
f 1370//1173 1442//1173 1371//1173
f 1371//1174 1442//1174 1443//1174
f 1371//1175 1443//1175 1372//1175
f 1372//1176 1443//1176 1444//1176
f 1372//1177 1444//1177 1373//1177
f 1373//1178 1444//1178 1445//1178
f 1373//1179 1445//1179 1374//1179
f 1374//1180 1445//1180 1446//1180
f 1374//1181 1446//1181 1375//1181
f 1375//1181 1446//1181 1447//1181
f 1375//1182 1447//1182 1376//1182
f 1376//1183 1447//1183 1448//1183
f 1376//1184 1448//1184 1377//1184
f 1377//1185 1448//1185 1449//1185
f 1377//1186 1449//1186 1378//1186
f 1378//1187 1449//1187 1450//1187
f 1378//1188 1450//1188 1379//1188
f 1379//1189 1450//1189 1451//1189
f 1379//1190 1451//1190 1380//1190
f 1380//1191 1451//1191 1452//1191
f 1380//1192 1452//1192 1381//1192
f 1381//1193 1452//1193 1453//1193
f 1381//1194 1453//1194 1382//1194
f 1382//1195 1453//1195 1454//1195
f 1382//1196 1454//1196 1383//1196
f 1383//1197 1454//1197 1455//1197
f 1383//1198 1455//1198 1384//1198
f 1384//1199 1455//1199 1456//1199
f 1384//1200 1456//1200 1385//1200
f 1385//1201 1456//1201 1457//1201
f 1385//1202 1457//1202 1386//1202
f 1386//1203 1457//1203 1458//1203
f 1386//1204 1458//1204 1387//1204
f 1387//1205 1458//1205 1459//1205
f 1387//1206 1459//1206 1388//1206
f 1388//1207 1459//1207 1460//1207
f 1388//1208 1460//1208 1389//1208
f 1389//1209 1460//1209 1461//1209
f 1389//1210 1461//1210 1390//1210
f 1390//1211 1461//1211 1462//1211
f 1390//1212 1462//1212 1391//1212
f 1391//1213 1462//1213 1463//1213
f 1391//1214 1463//1214 1392//1214
f 1392//1215 1463//1215 1464//1215
f 1392//1216 1464//1216 1393//1216
f 1393//1217 1464//1217 1465//1217
f 1393//1218 1465//1218 1394//1218
f 1394//1219 1465//1219 1466//1219
f 1394//1220 1466//1220 1395//1220
f 1395//1221 1466//1221 1467//1221
f 1395//1222 1467//1222 1396//1222
f 1396//1223 1467//1223 1468//1223
f 1396//1224 1468//1224 1397//1224
f 1397//1225 1468//1225 1469//1225
f 1397//1226 1469//1226 1398//1226
f 1398//1227 1469//1227 1470//1227
f 1398//1228 1470//1228 1399//1228
f 1399//1229 1470//1229 1471//1229
f 1399//1230 1471//1230 1400//1230
f 1400//1231 1471//1231 1472//1231
f 1400//1232 1472//1232 1401//1232
f 1401//1233 1472//1233 1473//1233
f 1401//1234 1473//1234 1402//1234
f 1402//1235 1473//1235 1474//1235
f 1402//1236 1474//1236 1403//1236
f 1403//1237 1474//1237 1475//1237
f 1403//1238 1475//1238 1404//1238
f 1404//1239 1475//1239 1476//1239
f 1404//1240 1476//1240 1405//1240
f 1405//1241 1476//1241 1477//1241
f 1405//1242 1477//1242 1406//1242
f 1406//1243 1477//1243 1478//1243
f 1406//1244 1478//1244 1407//1244
f 1407//1245 1478//1245 1479//1245
f 1407//1246 1479//1246 1408//1246
f 1408//1247 1479//1247 1480//1247
f 1408//1248 1480//1248 1409//1248
f 1409//1249 1480//1249 1481//1249
f 1409//1250 1481//1250 1410//1250
f 1410//1251 1481//1251 1482//1251
f 1410//1252 1482//1252 1185//1252
f 1185//1253 1482//1253 1483//1253
f 1185//1254 1483//1254 12//1254
f 12//1255 1483//1255 13//1255
f 79//1256 55//1256 1191//1256
f 1191//1257 55//1257 1190//1257
f 1191//1258 1190//1258 1411//1258
f 1411//1259 1190//1259 1484//1259
f 1411//1260 1484//1260 1412//1260
f 1412//1261 1484//1261 1485//1261
f 1412//1262 1485//1262 1413//1262
f 1413//1263 1485//1263 1486//1263
f 1413//1264 1486//1264 1414//1264
f 1414//1265 1486//1265 1487//1265
f 1414//1266 1487//1266 1415//1266
f 1415//1267 1487//1267 1488//1267
f 1415//1268 1488//1268 1416//1268
f 1416//1269 1488//1269 1489//1269
f 1416//1270 1489//1270 1417//1270
f 1417//1271 1489//1271 1490//1271
f 1417//1272 1490//1272 1418//1272
f 1418//1273 1490//1273 1491//1273
f 1418//1274 1491//1274 1419//1274
f 1419//1275 1491//1275 1492//1275
f 1419//1276 1492//1276 1420//1276
f 1420//1277 1492//1277 1493//1277
f 1420//1278 1493//1278 1421//1278
f 1421//1279 1493//1279 1494//1279
f 1421//1280 1494//1280 1422//1280
f 1422//1281 1494//1281 1495//1281
f 1422//1282 1495//1282 1423//1282
f 1423//1283 1495//1283 1496//1283
f 1423//1284 1496//1284 1424//1284
f 1424//1285 1496//1285 1497//1285
f 1424//1286 1497//1286 1425//1286
f 1425//1287 1497//1287 1498//1287
f 1425//1288 1498//1288 1426//1288
f 1426//1289 1498//1289 1499//1289
f 1426//1290 1499//1290 1427//1290
f 1427//1291 1499//1291 1500//1291
f 1427//1292 1500//1292 1428//1292
f 1428//1293 1500//1293 1501//1293
f 1428//1294 1501//1294 1429//1294
f 1429//1295 1501//1295 1502//1295
f 1429//1296 1502//1296 1430//1296
f 1430//1297 1502//1297 1503//1297
f 1430//1298 1503//1298 1431//1298
f 1431//1299 1503//1299 1504//1299
f 1431//1300 1504//1300 1432//1300
f 1432//1301 1504//1301 1505//1301
f 1432//1302 1505//1302 1433//1302
f 1433//1303 1505//1303 1506//1303
f 1433//1304 1506//1304 1434//1304
f 1434//1305 1506//1305 1507//1305
f 1434//1306 1507//1306 1435//1306
f 1435//1307 1507//1307 1508//1307
f 1435//1308 1508//1308 1436//1308
f 1436//1309 1508//1309 1509//1309
f 1436//1310 1509//1310 1437//1310
f 1437//1311 1509//1311 1510//1311
f 1437//1312 1510//1312 1438//1312
f 1438//1313 1510//1313 1511//1313
f 1438//1314 1511//1314 1439//1314
f 1439//1315 1511//1315 1512//1315
f 1439//1316 1512//1316 1440//1316
f 1440//1317 1512//1317 1513//1317
f 1440//1318 1513//1318 1441//1318
f 1441//1319 1513//1319 1514//1319
f 1441//1320 1514//1320 1442//1320
f 1442//1321 1514//1321 1515//1321
f 1442//1322 1515//1322 1443//1322
f 1443//1323 1515//1323 1516//1323
f 1443//1324 1516//1324 1444//1324
f 1444//1325 1516//1325 1517//1325
f 1444//1326 1517//1326 1445//1326
f 1445//1327 1517//1327 1518//1327
f 1445//1328 1518//1328 1446//1328
f 1446//1329 1518//1329 1519//1329
f 1446//1330 1519//1330 1447//1330
f 1447//1330 1519//1330 1520//1330
f 1447//1331 1520//1331 1448//1331
f 1448//1332 1520//1332 1521//1332
f 1448//1333 1521//1333 1449//1333
f 1449//1334 1521//1334 1522//1334
f 1449//1335 1522//1335 1450//1335
f 1450//1336 1522//1336 1523//1336
f 1450//1337 1523//1337 1451//1337
f 1451//1338 1523//1338 1524//1338
f 1451//1339 1524//1339 1452//1339
f 1452//1340 1524//1340 1525//1340
f 1452//1341 1525//1341 1453//1341
f 1453//1342 1525//1342 1526//1342
f 1453//1343 1526//1343 1454//1343
f 1454//1344 1526//1344 1527//1344
f 1454//1345 1527//1345 1455//1345
f 1455//1346 1527//1346 1528//1346
f 1455//1347 1528//1347 1456//1347
f 1456//1348 1528//1348 1529//1348
f 1456//1349 1529//1349 1457//1349
f 1457//1350 1529//1350 1530//1350
f 1457//1351 1530//1351 1458//1351
f 1458//1352 1530//1352 1531//1352
f 1458//1353 1531//1353 1459//1353
f 1459//1354 1531//1354 1532//1354
f 1459//1355 1532//1355 1460//1355
f 1460//1356 1532//1356 1533//1356
f 1460//1357 1533//1357 1461//1357
f 1461//1358 1533//1358 1534//1358
f 1461//1359 1534//1359 1462//1359
f 1462//1360 1534//1360 1535//1360
f 1462//1361 1535//1361 1463//1361
f 1463//1362 1535//1362 1536//1362
f 1463//1363 1536//1363 1464//1363
f 1464//1364 1536//1364 1537//1364
f 1464//1365 1537//1365 1465//1365
f 1465//1366 1537//1366 1538//1366
f 1465//1367 1538//1367 1466//1367
f 1466//1368 1538//1368 1539//1368
f 1466//1369 1539//1369 1467//1369
f 1467//1370 1539//1370 1540//1370
f 1467//1371 1540//1371 1468//1371
f 1468//1372 1540//1372 1541//1372
f 1468//1373 1541//1373 1469//1373
f 1469//1374 1541//1374 1542//1374
f 1469//1375 1542//1375 1470//1375
f 1470//1376 1542//1376 1543//1376
f 1470//1377 1543//1377 1471//1377
f 1471//1378 1543//1378 1544//1378
f 1471//1379 1544//1379 1472//1379
f 1472//1380 1544//1380 1545//1380
f 1472//1381 1545//1381 1473//1381
f 1473//1382 1545//1382 1546//1382
f 1473//1383 1546//1383 1474//1383
f 1474//1384 1546//1384 1547//1384
f 1474//1385 1547//1385 1475//1385
f 1475//1386 1547//1386 1548//1386
f 1475//1387 1548//1387 1476//1387
f 1476//1388 1548//1388 1549//1388
f 1476//1389 1549//1389 1477//1389
f 1477//1390 1549//1390 1550//1390
f 1477//1391 1550//1391 1478//1391
f 1478//1392 1550//1392 1551//1392
f 1478//1393 1551//1393 1479//1393
f 1479//1394 1551//1394 1552//1394
f 1479//1395 1552//1395 1480//1395
f 1480//1396 1552//1396 1553//1396
f 1480//1397 1553//1397 1481//1397
f 1481//1398 1553//1398 1554//1398
f 1481//1399 1554//1399 1482//1399
f 1482//1400 1554//1400 1555//1400
f 1482//1401 1555//1401 1483//1401
f 1483//1402 1555//1402 1184//1402
f 1483//1403 1184//1403 13//1403
f 13//1404 1184//1404 15//1404
f 54//1405 83//1405 1190//1405
f 1190//1406 83//1406 1189//1406
f 1190//1407 1189//1407 1484//1407
f 1484//1408 1189//1408 1556//1408
f 1484//1409 1556//1409 1485//1409
f 1485//1410 1556//1410 1557//1410
f 1485//1411 1557//1411 1486//1411
f 1486//1412 1557//1412 1558//1412
f 1486//1413 1558//1413 1487//1413
f 1487//1414 1558//1414 1559//1414
f 1487//1415 1559//1415 1488//1415
f 1488//1416 1559//1416 1560//1416
f 1488//1417 1560//1417 1489//1417
f 1489//1418 1560//1418 1561//1418
f 1489//1419 1561//1419 1490//1419
f 1490//1420 1561//1420 1562//1420
f 1490//1421 1562//1421 1491//1421
f 1491//1422 1562//1422 1563//1422
f 1491//1423 1563//1423 1492//1423
f 1492//1424 1563//1424 1564//1424
f 1492//1425 1564//1425 1493//1425
f 1493//1426 1564//1426 1565//1426
f 1493//1427 1565//1427 1494//1427
f 1494//1428 1565//1428 1566//1428
f 1494//1429 1566//1429 1495//1429
f 1495//1430 1566//1430 1567//1430
f 1495//1431 1567//1431 1496//1431
f 1496//1432 1567//1432 1568//1432
f 1496//1433 1568//1433 1497//1433
f 1497//1434 1568//1434 1569//1434
f 1497//1435 1569//1435 1498//1435
f 1498//1436 1569//1436 1570//1436
f 1498//1437 1570//1437 1499//1437
f 1499//1438 1570//1438 1571//1438
f 1499//1439 1571//1439 1500//1439
f 1500//1440 1571//1440 1572//1440
f 1500//1441 1572//1441 1501//1441
f 1501//1442 1572//1442 1573//1442
f 1501//1443 1573//1443 1502//1443
f 1502//1444 1573//1444 1574//1444
f 1502//1445 1574//1445 1503//1445
f 1503//1446 1574//1446 1575//1446
f 1503//1447 1575//1447 1504//1447
f 1504//1448 1575//1448 1576//1448
f 1504//1449 1576//1449 1505//1449
f 1505//1450 1576//1450 1577//1450
f 1505//1451 1577//1451 1506//1451
f 1506//1452 1577//1452 1578//1452
f 1506//1453 1578//1453 1507//1453
f 1507//1454 1578//1454 1579//1454
f 1507//1455 1579//1455 1508//1455
f 1508//1456 1579//1456 1580//1456
f 1508//1457 1580//1457 1509//1457
f 1509//1458 1580//1458 1581//1458
f 1509//1459 1581//1459 1510//1459
f 1510//1460 1581//1460 1582//1460
f 1510//1461 1582//1461 1511//1461
f 1511//1462 1582//1462 1583//1462
f 1511//1463 1583//1463 1512//1463
f 1512//1464 1583//1464 1584//1464
f 1512//1465 1584//1465 1513//1465
f 1513//1466 1584//1466 1585//1466
f 1513//1467 1585//1467 1514//1467
f 1514//1468 1585//1468 1586//1468
f 1514//1469 1586//1469 1515//1469
f 1515//1470 1586//1470 1587//1470
f 1515//1471 1587//1471 1516//1471
f 1516//1472 1587//1472 1588//1472
f 1516//1473 1588//1473 1517//1473
f 1517//1474 1588//1474 1589//1474
f 1517//1475 1589//1475 1518//1475
f 1518//1476 1589//1476 1590//1476
f 1518//1477 1590//1477 1519//1477
f 1519//1478 1590//1478 1591//1478
f 1519//1479 1591//1479 1520//1479
f 1520//1479 1591//1479 1592//1479
f 1520//1480 1592//1480 1521//1480
f 1521//1481 1592//1481 1593//1481
f 1521//1482 1593//1482 1522//1482
f 1522//1483 1593//1483 1594//1483
f 1522//1484 1594//1484 1523//1484
f 1523//1485 1594//1485 1595//1485
f 1523//1486 1595//1486 1524//1486
f 1524//1487 1595//1487 1596//1487
f 1524//1488 1596//1488 1525//1488
f 1525//1489 1596//1489 1597//1489
f 1525//1490 1597//1490 1526//1490
f 1526//1491 1597//1491 1598//1491
f 1526//1492 1598//1492 1527//1492
f 1527//1493 1598//1493 1599//1493
f 1527//1494 1599//1494 1528//1494
f 1528//1495 1599//1495 1600//1495
f 1528//1496 1600//1496 1529//1496
f 1529//1497 1600//1497 1601//1497
f 1529//1498 1601//1498 1530//1498
f 1530//1499 1601//1499 1602//1499
f 1530//1500 1602//1500 1531//1500
f 1531//1501 1602//1501 1603//1501
f 1531//1502 1603//1502 1532//1502
f 1532//1503 1603//1503 1604//1503
f 1532//1504 1604//1504 1533//1504
f 1533//1505 1604//1505 1605//1505
f 1533//1506 1605//1506 1534//1506
f 1534//1507 1605//1507 1606//1507
f 1534//1508 1606//1508 1535//1508
f 1535//1509 1606//1509 1607//1509
f 1535//1510 1607//1510 1536//1510
f 1536//1511 1607//1511 1608//1511
f 1536//1512 1608//1512 1537//1512
f 1537//1513 1608//1513 1609//1513
f 1537//1514 1609//1514 1538//1514
f 1538//1515 1609//1515 1610//1515
f 1538//1516 1610//1516 1539//1516
f 1539//1517 1610//1517 1611//1517
f 1539//1518 1611//1518 1540//1518
f 1540//1519 1611//1519 1612//1519
f 1540//1520 1612//1520 1541//1520
f 1541//1521 1612//1521 1613//1521
f 1541//1522 1613//1522 1542//1522
f 1542//1523 1613//1523 1614//1523
f 1542//1524 1614//1524 1543//1524
f 1543//1525 1614//1525 1615//1525
f 1543//1526 1615//1526 1544//1526
f 1544//1527 1615//1527 1616//1527
f 1544//1528 1616//1528 1545//1528
f 1545//1529 1616//1529 1617//1529
f 1545//1530 1617//1530 1546//1530
f 1546//1531 1617//1531 1618//1531
f 1546//1532 1618//1532 1547//1532
f 1547//1533 1618//1533 1619//1533
f 1547//1534 1619//1534 1548//1534
f 1548//1535 1619//1535 1620//1535
f 1548//1536 1620//1536 1549//1536
f 1549//1537 1620//1537 1621//1537
f 1549//1538 1621//1538 1550//1538
f 1550//1539 1621//1539 1622//1539
f 1550//1540 1622//1540 1551//1540
f 1551//1541 1622//1541 1623//1541
f 1551//1542 1623//1542 1552//1542
f 1552//1543 1623//1543 1624//1543
f 1552//1544 1624//1544 1553//1544
f 1553//1545 1624//1545 1625//1545
f 1553//1546 1625//1546 1554//1546
f 1554//1547 1625//1547 1626//1547
f 1554//1548 1626//1548 1555//1548
f 1555//1549 1626//1549 1627//1549
f 1555//1550 1627//1550 1184//1550
f 1184//1551 1627//1551 1628//1551
f 1184//1552 1628//1552 21//1552
f 21//1553 1628//1553 22//1553
f 82//1554 78//1554 1189//1554
f 1189//1555 78//1555 1188//1555
f 1189//1556 1188//1556 1556//1556
f 1556//1557 1188//1557 1629//1557
f 1556//1558 1629//1558 1557//1558
f 1557//1559 1629//1559 1630//1559
f 1557//1560 1630//1560 1558//1560
f 1558//1561 1630//1561 1631//1561
f 1558//1562 1631//1562 1559//1562
f 1559//1563 1631//1563 1632//1563
f 1559//1564 1632//1564 1560//1564
f 1560//1565 1632//1565 1633//1565
f 1560//1566 1633//1566 1561//1566
f 1561//1567 1633//1567 1634//1567
f 1561//1568 1634//1568 1562//1568
f 1562//1569 1634//1569 1635//1569
f 1562//1570 1635//1570 1563//1570
f 1563//1571 1635//1571 1636//1571
f 1563//1572 1636//1572 1564//1572
f 1564//1573 1636//1573 1637//1573
f 1564//1574 1637//1574 1565//1574
f 1565//1575 1637//1575 1638//1575
f 1565//1576 1638//1576 1566//1576
f 1566//1577 1638//1577 1639//1577
f 1566//1578 1639//1578 1567//1578
f 1567//1579 1639//1579 1640//1579
f 1567//1580 1640//1580 1568//1580
f 1568//1581 1640//1581 1641//1581
f 1568//1582 1641//1582 1569//1582
f 1569//1583 1641//1583 1642//1583
f 1569//1584 1642//1584 1570//1584
f 1570//1585 1642//1585 1643//1585
f 1570//1586 1643//1586 1571//1586
f 1571//1587 1643//1587 1644//1587
f 1571//1588 1644//1588 1572//1588
f 1572//1589 1644//1589 1645//1589
f 1572//1590 1645//1590 1573//1590
f 1573//1591 1645//1591 1646//1591
f 1573//1592 1646//1592 1574//1592
f 1574//1593 1646//1593 1647//1593
f 1574//1594 1647//1594 1575//1594
f 1575//1595 1647//1595 1648//1595
f 1575//1596 1648//1596 1576//1596
f 1576//1597 1648//1597 1649//1597
f 1576//1598 1649//1598 1577//1598
f 1577//1599 1649//1599 1650//1599
f 1577//1600 1650//1600 1578//1600
f 1578//1601 1650//1601 1651//1601
f 1578//1602 1651//1602 1579//1602
f 1579//1603 1651//1603 1652//1603
f 1579//1604 1652//1604 1580//1604
f 1580//1605 1652//1605 1653//1605
f 1580//1606 1653//1606 1581//1606
f 1581//1607 1653//1607 1654//1607
f 1581//1608 1654//1608 1582//1608
f 1582//1609 1654//1609 1655//1609
f 1582//1610 1655//1610 1583//1610
f 1583//1611 1655//1611 1656//1611
f 1583//1612 1656//1612 1584//1612
f 1584//1613 1656//1613 1657//1613
f 1584//1614 1657//1614 1585//1614
f 1585//1615 1657//1615 1658//1615
f 1585//1616 1658//1616 1586//1616
f 1586//1617 1658//1617 1659//1617
f 1586//1618 1659//1618 1587//1618
f 1587//1619 1659//1619 1660//1619
f 1587//1620 1660//1620 1588//1620
f 1588//1621 1660//1621 1661//1621
f 1588//1622 1661//1622 1589//1622
f 1589//1623 1661//1623 1662//1623
f 1589//1624 1662//1624 1590//1624
f 1590//1625 1662//1625 1663//1625
f 1590//1626 1663//1626 1591//1626
f 1591//1627 1663//1627 1664//1627
f 1591//1628 1664//1628 1592//1628
f 1592//1628 1664//1628 1665//1628
f 1592//1629 1665//1629 1593//1629
f 1593//1630 1665//1630 1666//1630
f 1593//1631 1666//1631 1594//1631
f 1594//1632 1666//1632 1667//1632
f 1594//1633 1667//1633 1595//1633
f 1595//1634 1667//1634 1668//1634
f 1595//1635 1668//1635 1596//1635
f 1596//1636 1668//1636 1669//1636
f 1596//1637 1669//1637 1597//1637
f 1597//1638 1669//1638 1670//1638
f 1597//1639 1670//1639 1598//1639
f 1598//1640 1670//1640 1671//1640
f 1598//1641 1671//1641 1599//1641
f 1599//1642 1671//1642 1672//1642
f 1599//1643 1672//1643 1600//1643
f 1600//1644 1672//1644 1673//1644
f 1600//1645 1673//1645 1601//1645
f 1601//1646 1673//1646 1674//1646
f 1601//1647 1674//1647 1602//1647
f 1602//1648 1674//1648 1675//1648
f 1602//1649 1675//1649 1603//1649
f 1603//1650 1675//1650 1676//1650
f 1603//1651 1676//1651 1604//1651
f 1604//1652 1676//1652 1677//1652
f 1604//1653 1677//1653 1605//1653
f 1605//1654 1677//1654 1678//1654
f 1605//1655 1678//1655 1606//1655
f 1606//1656 1678//1656 1679//1656
f 1606//1657 1679//1657 1607//1657
f 1607//1658 1679//1658 1680//1658
f 1607//1659 1680//1659 1608//1659
f 1608//1660 1680//1660 1681//1660
f 1608//1661 1681//1661 1609//1661
f 1609//1662 1681//1662 1682//1662
f 1609//1663 1682//1663 1610//1663
f 1610//1664 1682//1664 1683//1664
f 1610//1665 1683//1665 1611//1665
f 1611//1666 1683//1666 1684//1666
f 1611//1667 1684//1667 1612//1667
f 1612//1668 1684//1668 1685//1668
f 1612//1669 1685//1669 1613//1669
f 1613//1670 1685//1670 1686//1670
f 1613//1671 1686//1671 1614//1671
f 1614//1672 1686//1672 1687//1672
f 1614//1673 1687//1673 1615//1673
f 1615//1674 1687//1674 1688//1674
f 1615//1675 1688//1675 1616//1675
f 1616//1676 1688//1676 1689//1676
f 1616//1677 1689//1677 1617//1677
f 1617//1678 1689//1678 1690//1678
f 1617//1679 1690//1679 1618//1679
f 1618//1680 1690//1680 1691//1680
f 1618//1681 1691//1681 1619//1681
f 1619//1682 1691//1682 1692//1682
f 1619//1683 1692//1683 1620//1683
f 1620//1684 1692//1684 1693//1684
f 1620//1685 1693//1685 1621//1685
f 1621//1686 1693//1686 1694//1686
f 1621//1687 1694//1687 1622//1687
f 1622//1688 1694//1688 1695//1688
f 1622//1689 1695//1689 1623//1689
f 1623//1690 1695//1690 1696//1690
f 1623//1691 1696//1691 1624//1691
f 1624//1692 1696//1692 1697//1692
f 1624//1693 1697//1693 1625//1693
f 1625//1694 1697//1694 1698//1694
f 1625//1695 1698//1695 1626//1695
f 1626//1696 1698//1696 1699//1696
f 1626//1697 1699//1697 1627//1697
f 1627//1698 1699//1698 1700//1698
f 1627//1699 1700//1699 1628//1699
f 1628//1700 1700//1700 1183//1700
f 1628//1701 1183//1701 22//1701
f 22//1702 1183//1702 23//1702
f 77//1703 76//1703 1188//1703
f 1188//1704 76//1704 1181//1704
f 1188//1705 1181//1705 1629//1705
f 1629//1706 1181//1706 1701//1706
f 1629//1707 1701//1707 1630//1707
f 1630//1708 1701//1708 1702//1708
f 1630//1709 1702//1709 1631//1709
f 1631//1710 1702//1710 1703//1710
f 1631//1711 1703//1711 1632//1711
f 1632//1712 1703//1712 1704//1712
f 1632//1713 1704//1713 1633//1713
f 1633//1714 1704//1714 1705//1714
f 1633//1715 1705//1715 1634//1715
f 1634//1716 1705//1716 1706//1716
f 1634//1717 1706//1717 1635//1717
f 1635//1718 1706//1718 1707//1718
f 1635//1719 1707//1719 1636//1719
f 1636//1720 1707//1720 1708//1720
f 1636//1721 1708//1721 1637//1721
f 1637//1722 1708//1722 1709//1722
f 1637//1723 1709//1723 1638//1723
f 1638//1724 1709//1724 1710//1724
f 1638//1725 1710//1725 1639//1725
f 1639//1726 1710//1726 1711//1726
f 1639//1727 1711//1727 1640//1727
f 1640//1728 1711//1728 1712//1728
f 1640//1729 1712//1729 1641//1729
f 1641//1730 1712//1730 1713//1730
f 1641//1731 1713//1731 1642//1731
f 1642//1732 1713//1732 1714//1732
f 1642//1733 1714//1733 1643//1733
f 1643//1734 1714//1734 1715//1734
f 1643//1735 1715//1735 1644//1735
f 1644//1736 1715//1736 1716//1736
f 1644//1737 1716//1737 1645//1737
f 1645//1738 1716//1738 1717//1738
f 1645//1739 1717//1739 1646//1739
f 1646//1740 1717//1740 1718//1740
f 1646//1741 1718//1741 1647//1741
f 1647//1742 1718//1742 1719//1742
f 1647//1743 1719//1743 1648//1743
f 1648//1744 1719//1744 1720//1744
f 1648//1745 1720//1745 1649//1745
f 1649//1746 1720//1746 1721//1746
f 1649//1747 1721//1747 1650//1747
f 1650//1748 1721//1748 1722//1748
f 1650//1749 1722//1749 1651//1749
f 1651//1750 1722//1750 1723//1750
f 1651//1751 1723//1751 1652//1751
f 1652//1752 1723//1752 1724//1752
f 1652//1753 1724//1753 1653//1753
f 1653//1754 1724//1754 1725//1754
f 1653//1755 1725//1755 1654//1755
f 1654//1756 1725//1756 1726//1756
f 1654//1757 1726//1757 1655//1757
f 1655//1758 1726//1758 1727//1758
f 1655//1759 1727//1759 1656//1759
f 1656//1760 1727//1760 1728//1760
f 1656//1761 1728//1761 1657//1761
f 1657//1762 1728//1762 1729//1762
f 1657//1763 1729//1763 1658//1763
f 1658//1764 1729//1764 1730//1764
f 1658//1765 1730//1765 1659//1765
f 1659//1766 1730//1766 1731//1766
f 1659//1767 1731//1767 1660//1767
f 1660//1768 1731//1768 1732//1768
f 1660//1769 1732//1769 1661//1769
f 1661//1770 1732//1770 1733//1770
f 1661//1771 1733//1771 1662//1771
f 1662//1772 1733//1772 1734//1772
f 1662//1773 1734//1773 1663//1773
f 1663//1774 1734//1774 1735//1774
f 1663//1775 1735//1775 1664//1775
f 1664//1776 1735//1776 1736//1776
f 1664//1777 1736//1777 1665//1777
f 1665//1777 1736//1777 1737//1777
f 1665//1778 1737//1778 1666//1778
f 1666//1779 1737//1779 1738//1779
f 1666//1780 1738//1780 1667//1780
f 1667//1781 1738//1781 1739//1781
f 1667//1782 1739//1782 1668//1782
f 1668//1783 1739//1783 1740//1783
f 1668//1784 1740//1784 1669//1784
f 1669//1785 1740//1785 1741//1785
f 1669//1786 1741//1786 1670//1786
f 1670//1787 1741//1787 1742//1787
f 1670//1788 1742//1788 1671//1788
f 1671//1789 1742//1789 1743//1789
f 1671//1790 1743//1790 1672//1790
f 1672//1791 1743//1791 1744//1791
f 1672//1792 1744//1792 1673//1792
f 1673//1793 1744//1793 1745//1793
f 1673//1794 1745//1794 1674//1794
f 1674//1795 1745//1795 1746//1795
f 1674//1796 1746//1796 1675//1796
f 1675//1797 1746//1797 1747//1797
f 1675//1798 1747//1798 1676//1798
f 1676//1799 1747//1799 1748//1799
f 1676//1800 1748//1800 1677//1800
f 1677//1801 1748//1801 1749//1801
f 1677//1802 1749//1802 1678//1802
f 1678//1803 1749//1803 1750//1803
f 1678//1804 1750//1804 1679//1804
f 1679//1805 1750//1805 1751//1805
f 1679//1806 1751//1806 1680//1806
f 1680//1807 1751//1807 1752//1807
f 1680//1808 1752//1808 1681//1808
f 1681//1809 1752//1809 1753//1809
f 1681//1810 1753//1810 1682//1810
f 1682//1811 1753//1811 1754//1811
f 1682//1812 1754//1812 1683//1812
f 1683//1813 1754//1813 1755//1813
f 1683//1814 1755//1814 1684//1814
f 1684//1815 1755//1815 1756//1815
f 1684//1816 1756//1816 1685//1816
f 1685//1817 1756//1817 1757//1817
f 1685//1818 1757//1818 1686//1818
f 1686//1819 1757//1819 1758//1819
f 1686//1820 1758//1820 1687//1820
f 1687//1821 1758//1821 1759//1821
f 1687//1822 1759//1822 1688//1822
f 1688//1823 1759//1823 1760//1823
f 1688//1824 1760//1824 1689//1824
f 1689//1825 1760//1825 1761//1825
f 1689//1826 1761//1826 1690//1826
f 1690//1827 1761//1827 1762//1827
f 1690//1828 1762//1828 1691//1828
f 1691//1829 1762//1829 1763//1829
f 1691//1830 1763//1830 1692//1830
f 1692//1831 1763//1831 1764//1831
f 1692//1832 1764//1832 1693//1832
f 1693//1833 1764//1833 1765//1833
f 1693//1834 1765//1834 1694//1834
f 1694//1835 1765//1835 1766//1835
f 1694//1836 1766//1836 1695//1836
f 1695//1837 1766//1837 1767//1837
f 1695//1838 1767//1838 1696//1838
f 1696//1839 1767//1839 1768//1839
f 1696//1840 1768//1840 1697//1840
f 1697//1841 1768//1841 1769//1841
f 1697//1842 1769//1842 1698//1842
f 1698//1843 1769//1843 1770//1843
f 1698//1844 1770//1844 1699//1844
f 1699//1845 1770//1845 1771//1845
f 1699//1846 1771//1846 1700//1846
f 1700//1847 1771//1847 1772//1847
f 1700//1848 1772//1848 1183//1848
f 1183//1849 1772//1849 1773//1849
f 1183//1850 1773//1850 24//1850
f 24//1851 1773//1851 25//1851
f 81//1852 61//1852 1181//1852
f 1181//1853 61//1853 1774//1853
f 1181//1854 1774//1854 1701//1854
f 1701//1855 1774//1855 1775//1855
f 1701//1856 1775//1856 1702//1856
f 1702//1857 1775//1857 1776//1857
f 1702//1858 1776//1858 1703//1858
f 1703//1859 1776//1859 1777//1859
f 1703//1860 1777//1860 1704//1860
f 1704//1861 1777//1861 1778//1861
f 1704//1862 1778//1862 1705//1862
f 1705//1863 1778//1863 1779//1863
f 1705//1864 1779//1864 1706//1864
f 1706//1865 1779//1865 1780//1865
f 1706//1866 1780//1866 1707//1866
f 1707//1867 1780//1867 1781//1867
f 1707//1868 1781//1868 1708//1868
f 1708//1869 1781//1869 1782//1869
f 1708//1870 1782//1870 1709//1870
f 1709//1871 1782//1871 1783//1871
f 1709//1872 1783//1872 1710//1872
f 1710//1873 1783//1873 1784//1873
f 1710//1874 1784//1874 1711//1874
f 1711//1875 1784//1875 1785//1875
f 1711//1876 1785//1876 1712//1876
f 1712//1877 1785//1877 1786//1877
f 1712//1878 1786//1878 1713//1878
f 1713//1879 1786//1879 1787//1879
f 1713//1880 1787//1880 1714//1880
f 1714//1881 1787//1881 1788//1881
f 1714//1882 1788//1882 1715//1882
f 1715//1883 1788//1883 1789//1883
f 1715//1884 1789//1884 1716//1884
f 1716//1885 1789//1885 1790//1885
f 1716//1886 1790//1886 1717//1886
f 1717//1887 1790//1887 1791//1887
f 1717//1888 1791//1888 1718//1888
f 1718//1889 1791//1889 1792//1889
f 1718//1890 1792//1890 1719//1890
f 1719//1891 1792//1891 1793//1891
f 1719//1892 1793//1892 1720//1892
f 1720//1893 1793//1893 1794//1893
f 1720//1894 1794//1894 1721//1894
f 1721//1895 1794//1895 1795//1895
f 1721//1896 1795//1896 1722//1896
f 1722//1897 1795//1897 1796//1897
f 1722//1898 1796//1898 1723//1898
f 1723//1899 1796//1899 1797//1899
f 1723//1900 1797//1900 1724//1900
f 1724//1901 1797//1901 1798//1901
f 1724//1902 1798//1902 1725//1902
f 1725//1903 1798//1903 1799//1903
f 1725//1904 1799//1904 1726//1904
f 1726//1905 1799//1905 1800//1905
f 1726//1906 1800//1906 1727//1906
f 1727//1907 1800//1907 1801//1907
f 1727//1908 1801//1908 1728//1908
f 1728//1909 1801//1909 1802//1909
f 1728//1910 1802//1910 1729//1910
f 1729//1911 1802//1911 1803//1911
f 1729//1912 1803//1912 1730//1912
f 1730//1913 1803//1913 1804//1913
f 1730//1914 1804//1914 1731//1914
f 1731//1915 1804//1915 1805//1915
f 1731//1916 1805//1916 1732//1916
f 1732//1917 1805//1917 1806//1917
f 1732//1918 1806//1918 1733//1918
f 1733//1919 1806//1919 1807//1919
f 1733//1920 1807//1920 1734//1920
f 1734//1921 1807//1921 1808//1921
f 1734//1922 1808//1922 1735//1922
f 1735//1923 1808//1923 1809//1923
f 1735//1924 1809//1924 1736//1924
f 1736//1925 1809//1925 1810//1925
f 1736//1926 1810//1926 1737//1926
f 1737//1926 1810//1926 1811//1926
f 1737//1927 1811//1927 1738//1927
f 1738//1928 1811//1928 1812//1928
f 1738//1929 1812//1929 1739//1929
f 1739//1930 1812//1930 1813//1930
f 1739//1931 1813//1931 1740//1931
f 1740//1932 1813//1932 1814//1932
f 1740//1933 1814//1933 1741//1933
f 1741//1934 1814//1934 1815//1934
f 1741//1935 1815//1935 1742//1935
f 1742//1936 1815//1936 1816//1936
f 1742//1937 1816//1937 1743//1937
f 1743//1938 1816//1938 1817//1938
f 1743//1939 1817//1939 1744//1939
f 1744//1940 1817//1940 1818//1940
f 1744//1941 1818//1941 1745//1941
f 1745//1942 1818//1942 1819//1942
f 1745//1943 1819//1943 1746//1943
f 1746//1944 1819//1944 1820//1944
f 1746//1945 1820//1945 1747//1945
f 1747//1946 1820//1946 1821//1946
f 1747//1947 1821//1947 1748//1947
f 1748//1948 1821//1948 1822//1948
f 1748//1949 1822//1949 1749//1949
f 1749//1950 1822//1950 1823//1950
f 1749//1951 1823//1951 1750//1951
f 1750//1952 1823//1952 1824//1952
f 1750//1953 1824//1953 1751//1953
f 1751//1954 1824//1954 1825//1954
f 1751//1955 1825//1955 1752//1955
f 1752//1956 1825//1956 1826//1956
f 1752//1957 1826//1957 1753//1957
f 1753//1958 1826//1958 1827//1958
f 1753//1959 1827//1959 1754//1959
f 1754//1960 1827//1960 1828//1960
f 1754//1961 1828//1961 1755//1961
f 1755//1962 1828//1962 1829//1962
f 1755//1963 1829//1963 1756//1963
f 1756//1964 1829//1964 1830//1964
f 1756//1965 1830//1965 1757//1965
f 1757//1966 1830//1966 1831//1966
f 1757//1967 1831//1967 1758//1967
f 1758//1968 1831//1968 1832//1968
f 1758//1969 1832//1969 1759//1969
f 1759//1970 1832//1970 1833//1970
f 1759//1971 1833//1971 1760//1971
f 1760//1972 1833//1972 1834//1972
f 1760//1973 1834//1973 1761//1973
f 1761//1974 1834//1974 1835//1974
f 1761//1975 1835//1975 1762//1975
f 1762//1976 1835//1976 1836//1976
f 1762//1977 1836//1977 1763//1977
f 1763//1978 1836//1978 1837//1978
f 1763//1979 1837//1979 1764//1979
f 1764//1980 1837//1980 1838//1980
f 1764//1981 1838//1981 1765//1981
f 1765//1982 1838//1982 1839//1982
f 1765//1983 1839//1983 1766//1983
f 1766//1984 1839//1984 1840//1984
f 1766//1985 1840//1985 1767//1985
f 1767//1986 1840//1986 1841//1986
f 1767//1987 1841//1987 1768//1987
f 1768//1988 1841//1988 1842//1988
f 1768//1989 1842//1989 1769//1989
f 1769//1990 1842//1990 1843//1990
f 1769//1991 1843//1991 1770//1991
f 1770//1992 1843//1992 1844//1992
f 1770//1993 1844//1993 1771//1993
f 1771//1994 1844//1994 1845//1994
f 1771//1995 1845//1995 1772//1995
f 1772//1996 1845//1996 1846//1996
f 1772//1997 1846//1997 1773//1997
f 1773//1998 1846//1998 1182//1998
f 1773//1999 1182//1999 25//1999
f 25//2000 1182//2000 27//2000
f 61//2001 73//2001 1774//2001
f 1774//2002 73//2002 318//2002
f 1774//2003 318//2003 1775//2003
f 1775//2004 318//2004 323//2004
f 1775//2005 323//2005 1776//2005
f 1776//2006 323//2006 322//2006
f 1776//2007 322//2007 1777//2007
f 1777//2008 322//2008 321//2008
f 1777//2009 321//2009 1778//2009
f 1778//2010 321//2010 320//2010
f 1778//2011 320//2011 1779//2011
f 1779//2012 320//2012 319//2012
f 1779//2013 319//2013 1780//2013
f 1780//2014 319//2014 317//2014
f 1780//2015 317//2015 1781//2015
f 1781//2016 317//2016 316//2016
f 1781//2017 316//2017 1782//2017
f 1782//2018 316//2018 315//2018
f 1782//2019 315//2019 1783//2019
f 1783//2020 315//2020 364//2020
f 1783//2021 364//2021 1784//2021
f 1784//2022 364//2022 363//2022
f 1784//2023 363//2023 1785//2023
f 1785//2024 363//2024 362//2024
f 1785//2025 362//2025 1786//2025
f 1786//2026 362//2026 361//2026
f 1786//2027 361//2027 1787//2027
f 1787//2028 361//2028 383//2028
f 1787//2029 383//2029 1788//2029
f 1788//2030 383//2030 382//2030
f 1788//2031 382//2031 1789//2031
f 1789//2032 382//2032 381//2032
f 1789//2033 381//2033 1790//2033
f 1790//2034 381//2034 380//2034
f 1790//2035 380//2035 1791//2035
f 1791//2036 380//2036 379//2036
f 1791//2037 379//2037 1792//2037
f 1792//2038 379//2038 346//2038
f 1792//2039 346//2039 1793//2039
f 1793//2040 346//2040 345//2040
f 1793//2041 345//2041 1794//2041
f 1794//2042 345//2042 344//2042
f 1794//2043 344//2043 1795//2043
f 1795//2044 344//2044 343//2044
f 1795//2045 343//2045 1796//2045
f 1796//2046 343//2046 342//2046
f 1796//2047 342//2047 1797//2047
f 1797//2048 342//2048 341//2048
f 1797//2049 341//2049 1798//2049
f 1798//2050 341//2050 340//2050
f 1798//2051 340//2051 1799//2051
f 1799//2052 340//2052 339//2052
f 1799//2053 339//2053 1800//2053
f 1800//2054 339//2054 330//2054
f 1800//2055 330//2055 1801//2055
f 1801//2056 330//2056 329//2056
f 1801//2057 329//2057 1802//2057
f 1802//2058 329//2058 328//2058
f 1802//2059 328//2059 1803//2059
f 1803//2060 328//2060 338//2060
f 1803//2061 338//2061 1804//2061
f 1804//2062 338//2062 337//2062
f 1804//2063 337//2063 1805//2063
f 1805//2064 337//2064 336//2064
f 1805//2065 336//2065 1806//2065
f 1806//2066 336//2066 335//2066
f 1806//2067 335//2067 1807//2067
f 1807//2068 335//2068 334//2068
f 1807//2069 334//2069 1808//2069
f 1808//2070 334//2070 333//2070
f 1808//2071 333//2071 1809//2071
f 1809//2072 333//2072 332//2072
f 1809//2073 332//2073 1810//2073
f 1810//2074 332//2074 331//2074
f 1810//2075 331//2075 1811//2075
f 1811//2075 331//2075 354//2075
f 1811//2076 354//2076 1812//2076
f 1812//2077 354//2077 353//2077
f 1812//2078 353//2078 1813//2078
f 1813//2079 353//2079 352//2079
f 1813//2080 352//2080 1814//2080
f 1814//2081 352//2081 351//2081
f 1814//2082 351//2082 1815//2082
f 1815//2083 351//2083 378//2083
f 1815//2084 378//2084 1816//2084
f 1816//2085 378//2085 377//2085
f 1816//2086 377//2086 1817//2086
f 1817//2087 377//2087 376//2087
f 1817//2088 376//2088 1818//2088
f 1818//2089 376//2089 375//2089
f 1818//2090 375//2090 1819//2090
f 1819//2091 375//2091 374//2091
f 1819//2092 374//2092 1820//2092
f 1820//2093 374//2093 373//2093
f 1820//2094 373//2094 1821//2094
f 1821//2095 373//2095 372//2095
f 1821//2096 372//2096 1822//2096
f 1822//2097 372//2097 371//2097
f 1822//2098 371//2098 1823//2098
f 1823//2099 371//2099 370//2099
f 1823//2100 370//2100 1824//2100
f 1824//2101 370//2101 360//2101
f 1824//2102 360//2102 1825//2102
f 1825//2103 360//2103 359//2103
f 1825//2104 359//2104 1826//2104
f 1826//2105 359//2105 358//2105
f 1826//2106 358//2106 1827//2106
f 1827//2107 358//2107 388//2107
f 1827//2108 388//2108 1828//2108
f 1828//2109 388//2109 387//2109
f 1828//2110 387//2110 1829//2110
f 1829//2111 387//2111 386//2111
f 1829//2112 386//2112 1830//2112
f 1830//2113 386//2113 385//2113
f 1830//2114 385//2114 1831//2114
f 1831//2115 385//2115 384//2115
f 1831//2116 384//2116 1832//2116
f 1832//2117 384//2117 357//2117
f 1832//2118 357//2118 1833//2118
f 1833//2119 357//2119 356//2119
f 1833//2120 356//2120 1834//2120
f 1834//2121 356//2121 355//2121
f 1834//2122 355//2122 1835//2122
f 1835//2123 355//2123 369//2123
f 1835//2124 369//2124 1836//2124
f 1836//2125 369//2125 368//2125
f 1836//2126 368//2126 1837//2126
f 1837//2127 368//2127 367//2127
f 1837//2128 367//2128 1838//2128
f 1838//2129 367//2129 366//2129
f 1838//2130 366//2130 1839//2130
f 1839//2131 366//2131 365//2131
f 1839//2132 365//2132 1840//2132
f 1840//2133 365//2133 350//2133
f 1840//2134 350//2134 1841//2134
f 1841//2135 350//2135 349//2135
f 1841//2136 349//2136 1842//2136
f 1842//2137 349//2137 348//2137
f 1842//2138 348//2138 1843//2138
f 1843//2139 348//2139 347//2139
f 1843//2140 347//2140 1844//2140
f 1844//2141 347//2141 327//2141
f 1844//2142 327//2142 1845//2142
f 1845//2143 327//2143 326//2143
f 1845//2144 326//2144 1846//2144
f 1846//2145 326//2145 325//2145
f 1846//2146 325//2146 1182//2146
f 1182//2147 325//2147 324//2147
f 1182//2148 324//2148 47//2148
f 47//2149 324//2149 46//2149
f 600//2150 602//2150 1847//2150
f 576//2151 578//2151 1848//2151
f 552//2152 554//2152 1849//2152
f 528//2153 530//2153 1850//2153
f 507//2154 505//2154 1851//2154
f 487//2155 489//2155 1852//2155
f 1853//2156 1854//2156 1855//2156
f 32//2157 8//2157 1856//2157
f 7//2158 36//2158 1857//2158
f 35//2159 31//2159 1858//2159
f 30//2160 29//2160 1859//2160
f 50//2161 635//2161 1860//2161
f 1861//2162 65//2162 53//2162
f 1862//2163 67//2163 66//2163
f 1863//2164 62//2164 60//2164
f 1864//2165 70//2165 69//2165
f 89//2166 74//2166 1854//2166
f 1854//2167 74//2167 72//2167
f 1854//2168 72//2168 1855//2168
f 1855//2169 72//2169 71//2169
f 29//2170 28//2170 1865//2170
f 1865//2171 28//2171 34//2171
f 1865//2172 34//2172 14//2172
f 7//2173 1857//2173 8//2173
f 32//2174 1856//2174 33//2174
f 10//2175 11//2175 1866//2175
f 1866//2176 11//2176 33//2176
f 1866//2177 33//2177 1867//2177
f 1867//2178 33//2178 1856//2178
f 1868//2179 463//2179 39//2179
f 39//2180 38//2180 1868//2180
f 1868//2181 38//2181 37//2181
f 1868//2182 37//2182 1866//2182
f 1866//2183 37//2183 9//2183
f 1866//2184 9//2184 10//2184
f 90//2185 89//2185 392//2185
f 392//2186 89//2186 1854//2186
f 392//2187 1854//2187 393//2187
f 393//2188 1854//2188 1853//2188
f 393//2189 1853//2189 394//2189
f 395//2190 394//2190 1869//2190
f 1869//2191 394//2191 1853//2191
f 1869//2192 1853//2192 1870//2192
f 1870//2193 1853//2193 1855//2193
f 1870//2194 1855//2194 1864//2194
f 1864//2195 1855//2195 71//2195
f 1864//2196 71//2196 70//2196
f 396//2197 395//2197 1871//2197
f 1871//2198 395//2198 1869//2198
f 1871//2199 1869//2199 1872//2199
f 1872//2200 1869//2200 1870//2200
f 1872//2201 1870//2201 1873//2201
f 1873//2202 1870//2202 1864//2202
f 1873//2203 1864//2203 1874//2203
f 1874//2204 1864//2204 69//2204
f 1874//2205 69//2205 68//2205
f 389//2206 396//2206 1875//2206
f 1875//2207 396//2207 1871//2207
f 1875//2208 1871//2208 1876//2208
f 1876//2209 1871//2209 1872//2209
f 1876//2210 1872//2210 1877//2210
f 1877//2211 1872//2211 1873//2211
f 1877//2212 1873//2212 1878//2212
f 1878//2213 1873//2213 1874//2213
f 1878//2214 1874//2214 1863//2214
f 1863//2215 1874//2215 68//2215
f 1863//2216 68//2216 62//2216
f 390//2217 389//2217 1879//2217
f 1879//2218 389//2218 1875//2218
f 1879//2219 1875//2219 1880//2219
f 1880//2220 1875//2220 1876//2220
f 1880//2221 1876//2221 1881//2221
f 1881//2222 1876//2222 1877//2222
f 1881//2223 1877//2223 1882//2223
f 1882//2224 1877//2224 1878//2224
f 1882//2225 1878//2225 1883//2225
f 1883//2226 1878//2226 1863//2226
f 1883//2227 1863//2227 1884//2227
f 1884//2228 1863//2228 60//2228
f 1884//2229 60//2229 59//2229
f 391//2230 390//2230 1885//2230
f 1885//2231 390//2231 1879//2231
f 1885//2232 1879//2232 1886//2232
f 1886//2233 1879//2233 1880//2233
f 1886//2234 1880//2234 1887//2234
f 1887//2235 1880//2235 1881//2235
f 1887//2236 1881//2236 1888//2236
f 1888//2237 1881//2237 1882//2237
f 1888//2238 1882//2238 1889//2238
f 1889//2239 1882//2239 1883//2239
f 1889//2240 1883//2240 1890//2240
f 1890//2241 1883//2241 1884//2241
f 1890//2242 1884//2242 1862//2242
f 1862//2243 1884//2243 59//2243
f 1862//2244 59//2244 67//2244
f 429//2245 391//2245 1891//2245
f 1891//2246 391//2246 1885//2246
f 1891//2247 1885//2247 1892//2247
f 1892//2248 1885//2248 1886//2248
f 1892//2249 1886//2249 1893//2249
f 1893//2250 1886//2250 1887//2250
f 1893//2251 1887//2251 1894//2251
f 1894//2252 1887//2252 1888//2252
f 1894//2253 1888//2253 1895//2253
f 1895//2254 1888//2254 1889//2254
f 1895//2255 1889//2255 1896//2255
f 1896//2256 1889//2256 1890//2256
f 1896//2257 1890//2257 1897//2257
f 1897//2258 1890//2258 1862//2258
f 1897//2259 1862//2259 1861//2259
f 1861//2260 1862//2260 66//2260
f 1861//2261 66//2261 65//2261
f 1898//2262 1899//2262 1900//2262
f 430//2263 429//2263 1901//2263
f 1901//2264 429//2264 1891//2264
f 1901//2265 1891//2265 1902//2265
f 1902//2266 1891//2266 1892//2266
f 1902//2267 1892//2267 1903//2267
f 1903//2268 1892//2268 1893//2268
f 1903//2269 1893//2269 1904//2269
f 1904//2270 1893//2270 1894//2270
f 1904//2271 1894//2271 1905//2271
f 1905//2272 1894//2272 1895//2272
f 1905//2273 1895//2273 1906//2273
f 1906//2274 1895//2274 1896//2274
f 1906//2275 1896//2275 1907//2275
f 1907//2276 1896//2276 1897//2276
f 1907//2277 1897//2277 1908//2277
f 1908//2278 1897//2278 1861//2278
f 1908//2279 1861//2279 1860//2279
f 1860//2280 1861//2280 53//2280
f 1860//2281 53//2281 50//2281
f 1909//2282 1899//2282 1910//2282
f 1910//2283 1899//2283 1898//2283
f 1910//2284 1898//2284 1911//2284
f 1912//2285 1913//2285 1914//2285
f 1914//2286 1913//2286 1915//2286
f 1914//2287 1915//2287 1916//2287
f 1916//2288 1915//2288 1917//2288
f 1916//2289 1917//2289 1918//2289
f 1918//2290 1917//2290 1919//2290
f 1918//2291 1919//2291 1920//2291
f 1920//2292 1919//2292 1857//2292
f 1920//2293 1857//2293 1858//2293
f 1858//2294 1857//2294 36//2294
f 1858//2295 36//2295 35//2295
f 1921//2296 1912//2296 1922//2296
f 1922//2297 1912//2297 1914//2297
f 1922//2298 1914//2298 1923//2298
f 1923//2299 1914//2299 1916//2299
f 1923//2300 1916//2300 1924//2300
f 1924//2301 1916//2301 1918//2301
f 1924//2302 1918//2302 1925//2302
f 1925//2303 1918//2303 1920//2303
f 1925//2304 1920//2304 1926//2304
f 1926//2305 1920//2305 1858//2305
f 1926//2306 1858//2306 1859//2306
f 1859//2307 1858//2307 31//2307
f 1859//2308 31//2308 30//2308
f 1927//2309 1928//2309 1929//2309
f 1929//2310 1928//2310 1930//2310
f 1929//2311 1930//2311 1931//2311
f 1931//2312 1930//2312 1932//2312
f 1931//2313 1932//2313 1933//2313
f 1933//2314 1932//2314 1934//2314
f 1933//2315 1934//2315 1935//2315
f 1935//2316 1934//2316 1936//2316
f 1935//2317 1936//2317 1937//2317
f 1937//2318 1936//2318 1938//2318
f 1937//2319 1938//2319 1939//2319
f 1939//2320 1938//2320 1940//2320
f 1939//2321 1940//2321 1941//2321
f 1941//2322 1940//2322 1865//2322
f 1941//2323 1865//2323 1942//2323
f 1942//2324 1865//2324 14//2324
f 1942//2325 14//2325 26//2325
f 410//2326 409//2326 1943//2326
f 1943//2327 409//2327 1944//2327
f 1943//2328 1944//2328 1945//2328
f 1945//2329 1944//2329 1946//2329
f 1945//2330 1946//2330 1947//2330
f 1947//2331 1946//2331 1948//2331
f 1947//2332 1948//2332 1949//2332
f 1949//2333 1948//2333 1950//2333
f 1949//2334 1950//2334 1951//2334
f 1951//2335 1950//2335 1952//2335
f 1951//2336 1952//2336 1953//2336
f 1953//2337 1952//2337 1954//2337
f 1953//2338 1954//2338 1955//2338
f 1955//2339 1954//2339 1956//2339
f 1955//2340 1956//2340 1957//2340
f 1957//2341 1956//2341 1958//2341
f 1957//2342 1958//2342 1959//2342
f 1959//2343 1958//2343 1960//2343
f 409//2344 408//2344 1944//2344
f 1944//2345 408//2345 1961//2345
f 1944//2346 1961//2346 1946//2346
f 1946//2347 1961//2347 1962//2347
f 1946//2348 1962//2348 1948//2348
f 1948//2349 1962//2349 1963//2349
f 1948//2350 1963//2350 1950//2350
f 1950//2351 1963//2351 1964//2351
f 1950//2352 1964//2352 1952//2352
f 1952//2353 1964//2353 1965//2353
f 1952//2354 1965//2354 1954//2354
f 1954//2355 1965//2355 1966//2355
f 1954//2356 1966//2356 1956//2356
f 1956//2357 1966//2357 1967//2357
f 1956//2358 1967//2358 1958//2358
f 1958//2359 1967//2359 1968//2359
f 1958//2360 1968//2360 1960//2360
f 1960//2361 1968//2361 1969//2361
f 443//2362 442//2362 1970//2362
f 1970//2363 442//2363 1971//2363
f 1970//2364 1971//2364 1972//2364
f 1972//2365 1971//2365 1973//2365
f 1972//2366 1973//2366 1974//2366
f 1974//2367 1973//2367 1975//2367
f 1974//2368 1975//2368 1976//2368
f 1976//2369 1975//2369 1977//2369
f 1976//2370 1977//2370 1978//2370
f 1978//2371 1977//2371 1979//2371
f 1978//2372 1979//2372 1980//2372
f 1980//2373 1979//2373 1981//2373
f 1980//2374 1981//2374 1982//2374
f 1982//2375 1981//2375 1983//2375
f 1982//2376 1983//2376 1984//2376
f 1984//2377 1983//2377 1985//2377
f 1984//2378 1985//2378 1986//2378
f 1986//2379 1985//2379 1987//2379
f 442//2380 441//2380 1971//2380
f 1971//2381 441//2381 1988//2381
f 1971//2382 1988//2382 1973//2382
f 1973//2383 1988//2383 1989//2383
f 1973//2384 1989//2384 1975//2384
f 1975//2385 1989//2385 1990//2385
f 1975//2386 1990//2386 1977//2386
f 1977//2387 1990//2387 1991//2387
f 1977//2388 1991//2388 1979//2388
f 1979//2389 1991//2389 1992//2389
f 1979//2390 1992//2390 1981//2390
f 1981//2391 1992//2391 1993//2391
f 1981//2392 1993//2392 1983//2392
f 1983//2393 1993//2393 1994//2393
f 1983//2394 1994//2394 1985//2394
f 1985//2395 1994//2395 1995//2395
f 1985//2396 1995//2396 1987//2396
f 1987//2397 1995//2397 1996//2397
f 462//2398 461//2398 1997//2398
f 1997//2399 461//2399 1998//2399
f 1997//2400 1998//2400 1999//2400
f 1999//2401 1998//2401 2000//2401
f 1999//2402 2000//2402 2001//2402
f 2001//2403 2000//2403 2002//2403
f 2001//2404 2002//2404 2003//2404
f 2003//2405 2002//2405 2004//2405
f 2003//2406 2004//2406 2005//2406
f 2005//2407 2004//2407 2006//2407
f 2005//2408 2006//2408 2007//2408
f 2007//2409 2006//2409 2008//2409
f 2007//2410 2008//2410 2009//2410
f 2009//2411 2008//2411 2010//2411
f 2009//2412 2010//2412 2011//2412
f 2011//2413 2010//2413 2012//2413
f 2011//2414 2012//2414 2013//2414
f 2013//2415 2012//2415 2014//2415
f 461//2416 460//2416 1998//2416
f 1998//2417 460//2417 2015//2417
f 1998//2418 2015//2418 2000//2418
f 2000//2419 2015//2419 2016//2419
f 2000//2420 2016//2420 2002//2420
f 2002//2421 2016//2421 2017//2421
f 2002//2422 2017//2422 2004//2422
f 2004//2423 2017//2423 2018//2423
f 2004//2424 2018//2424 2006//2424
f 2006//2425 2018//2425 2019//2425
f 2006//2426 2019//2426 2008//2426
f 2008//2427 2019//2427 2020//2427
f 2008//2428 2020//2428 2010//2428
f 2010//2429 2020//2429 2021//2429
f 2010//2430 2021//2430 2012//2430
f 2012//2431 2021//2431 2022//2431
f 2012//2432 2022//2432 2014//2432
f 2014//2433 2022//2433 2023//2433
f 459//2434 458//2434 2024//2434
f 2024//2435 458//2435 2025//2435
f 2024//2436 2025//2436 2026//2436
f 2026//2437 2025//2437 2027//2437
f 2026//2438 2027//2438 2028//2438
f 2028//2439 2027//2439 2029//2439
f 2028//2440 2029//2440 2030//2440
f 2030//2441 2029//2441 2031//2441
f 2030//2442 2031//2442 2032//2442
f 2032//2443 2031//2443 2033//2443
f 2032//2444 2033//2444 2034//2444
f 2034//2445 2033//2445 2035//2445
f 2034//2446 2035//2446 2036//2446
f 2036//2447 2035//2447 2037//2447
f 2036//2448 2037//2448 2038//2448
f 2038//2449 2037//2449 2039//2449
f 2038//2450 2039//2450 2040//2450
f 2040//2451 2039//2451 2041//2451
f 458//2452 439//2452 2025//2452
f 2025//2453 439//2453 2042//2453
f 2025//2454 2042//2454 2027//2454
f 2027//2455 2042//2455 2043//2455
f 2027//2456 2043//2456 2029//2456
f 2029//2457 2043//2457 2044//2457
f 2029//2458 2044//2458 2031//2458
f 2031//2459 2044//2459 2045//2459
f 2031//2460 2045//2460 2033//2460
f 2033//2461 2045//2461 2046//2461
f 2033//2462 2046//2462 2035//2462
f 2035//2463 2046//2463 2047//2463
f 2035//2464 2047//2464 2037//2464
f 2037//2465 2047//2465 2048//2465
f 2037//2466 2048//2466 2039//2466
f 2039//2467 2048//2467 2049//2467
f 2039//2468 2049//2468 2041//2468
f 2041//2469 2049//2469 2050//2469
f 438//2470 437//2470 2051//2470
f 2051//2471 437//2471 2052//2471
f 2051//2472 2052//2472 2053//2472
f 2053//2473 2052//2473 2054//2473
f 2053//2474 2054//2474 2055//2474
f 2055//2475 2054//2475 2056//2475
f 2055//2476 2056//2476 2057//2476
f 2057//2477 2056//2477 2058//2477
f 2057//2478 2058//2478 2059//2478
f 2059//2479 2058//2479 2060//2479
f 2059//2480 2060//2480 2061//2480
f 2061//2481 2060//2481 2062//2481
f 2061//2482 2062//2482 2063//2482
f 2063//2483 2062//2483 2064//2483
f 2063//2484 2064//2484 2065//2484
f 2065//2485 2064//2485 2066//2485
f 2065//2486 2066//2486 2067//2486
f 2067//2487 2066//2487 2068//2487
f 437//2488 436//2488 2052//2488
f 2052//2489 436//2489 2069//2489
f 2052//2490 2069//2490 2054//2490
f 2054//2491 2069//2491 2070//2491
f 2054//2492 2070//2492 2056//2492
f 2056//2493 2070//2493 2071//2493
f 2056//2494 2071//2494 2058//2494
f 2058//2495 2071//2495 2072//2495
f 2058//2496 2072//2496 2060//2496
f 2060//2497 2072//2497 2073//2497
f 2060//2498 2073//2498 2062//2498
f 2062//2499 2073//2499 2074//2499
f 2062//2500 2074//2500 2064//2500
f 2064//2501 2074//2501 2075//2501
f 2064//2502 2075//2502 2066//2502
f 2066//2503 2075//2503 2076//2503
f 2066//2504 2076//2504 2068//2504
f 2068//2505 2076//2505 2077//2505
f 434//2506 433//2506 2078//2506
f 2078//2507 433//2507 2079//2507
f 2078//2508 2079//2508 2080//2508
f 2080//2509 2079//2509 2081//2509
f 2080//2510 2081//2510 2082//2510
f 2082//2511 2081//2511 2083//2511
f 2082//2512 2083//2512 2084//2512
f 2084//2513 2083//2513 2085//2513
f 2084//2514 2085//2514 2086//2514
f 2086//2515 2085//2515 2087//2515
f 2086//2516 2087//2516 2088//2516
f 2088//2517 2087//2517 2089//2517
f 2088//2518 2089//2518 2090//2518
f 2090//2519 2089//2519 2091//2519
f 2090//2520 2091//2520 2092//2520
f 2092//2521 2091//2521 2093//2521
f 2092//2522 2093//2522 2094//2522
f 2094//2523 2093//2523 2095//2523
f 433//2524 457//2524 2079//2524
f 2079//2525 457//2525 2096//2525
f 2079//2526 2096//2526 2081//2526
f 2081//2527 2096//2527 2097//2527
f 2081//2528 2097//2528 2083//2528
f 2083//2529 2097//2529 2098//2529
f 2083//2530 2098//2530 2085//2530
f 2085//2531 2098//2531 2099//2531
f 2085//2532 2099//2532 2087//2532
f 2087//2533 2099//2533 2100//2533
f 2087//2534 2100//2534 2089//2534
f 2089//2535 2100//2535 2101//2535
f 2089//2536 2101//2536 2091//2536
f 2091//2537 2101//2537 2102//2537
f 2091//2538 2102//2538 2093//2538
f 2093//2539 2102//2539 2103//2539
f 2093//2540 2103//2540 2095//2540
f 2095//2541 2103//2541 2104//2541
f 456//2542 455//2542 2105//2542
f 2105//2543 455//2543 2106//2543
f 2105//2544 2106//2544 2107//2544
f 2107//2545 2106//2545 2108//2545
f 2107//2546 2108//2546 2109//2546
f 2109//2547 2108//2547 2110//2547
f 2109//2548 2110//2548 2111//2548
f 2111//2549 2110//2549 2112//2549
f 2111//2550 2112//2550 2113//2550
f 2113//2551 2112//2551 2114//2551
f 2113//2552 2114//2552 2115//2552
f 2115//2553 2114//2553 2116//2553
f 2115//2554 2116//2554 2117//2554
f 2117//2555 2116//2555 2118//2555
f 2117//2556 2118//2556 2119//2556
f 2119//2557 2118//2557 2120//2557
f 2119//2558 2120//2558 2121//2558
f 2121//2559 2120//2559 2122//2559
f 455//2560 454//2560 2106//2560
f 2106//2561 454//2561 2123//2561
f 2106//2562 2123//2562 2108//2562
f 2108//2563 2123//2563 2124//2563
f 2108//2564 2124//2564 2110//2564
f 2110//2565 2124//2565 2125//2565
f 2110//2566 2125//2566 2112//2566
f 2112//2567 2125//2567 2126//2567
f 2112//2568 2126//2568 2114//2568
f 2114//2569 2126//2569 2127//2569
f 2114//2570 2127//2570 2116//2570
f 2116//2571 2127//2571 2128//2571
f 2116//2572 2128//2572 2118//2572
f 2118//2573 2128//2573 2129//2573
f 2118//2574 2129//2574 2120//2574
f 2120//2575 2129//2575 2130//2575
f 2120//2576 2130//2576 2122//2576
f 2122//2577 2130//2577 2131//2577
f 453//2578 452//2578 2132//2578
f 2132//2579 452//2579 2133//2579
f 2132//2580 2133//2580 2134//2580
f 2134//2581 2133//2581 2135//2581
f 2134//2582 2135//2582 2136//2582
f 2136//2583 2135//2583 2137//2583
f 2136//2584 2137//2584 2138//2584
f 2138//2585 2137//2585 2139//2585
f 2138//2586 2139//2586 2140//2586
f 2140//2587 2139//2587 2141//2587
f 2140//2588 2141//2588 2142//2588
f 2142//2589 2141//2589 2143//2589
f 2142//2590 2143//2590 2144//2590
f 2144//2591 2143//2591 2145//2591
f 2144//2592 2145//2592 2146//2592
f 2146//2593 2145//2593 2147//2593
f 2146//2594 2147//2594 2148//2594
f 2148//2595 2147//2595 2149//2595
f 452//2596 451//2596 2133//2596
f 2133//2597 451//2597 2150//2597
f 2133//2598 2150//2598 2135//2598
f 2135//2599 2150//2599 2151//2599
f 2135//2600 2151//2600 2137//2600
f 2137//2601 2151//2601 2152//2601
f 2137//2602 2152//2602 2139//2602
f 2139//2603 2152//2603 2153//2603
f 2139//2604 2153//2604 2141//2604
f 2141//2605 2153//2605 2154//2605
f 2141//2606 2154//2606 2143//2606
f 2143//2607 2154//2607 2155//2607
f 2143//2608 2155//2608 2145//2608
f 2145//2609 2155//2609 2156//2609
f 2145//2610 2156//2610 2147//2610
f 2147//2611 2156//2611 2157//2611
f 2147//2612 2157//2612 2149//2612
f 2149//2613 2157//2613 2158//2613
f 449//2614 428//2614 2159//2614
f 2159//2615 428//2615 2160//2615
f 2159//2616 2160//2616 2161//2616
f 2161//2617 2160//2617 2162//2617
f 2161//2618 2162//2618 2163//2618
f 2163//2619 2162//2619 2164//2619
f 2163//2620 2164//2620 2165//2620
f 2165//2621 2164//2621 2166//2621
f 2165//2622 2166//2622 2167//2622
f 2167//2623 2166//2623 2168//2623
f 2167//2624 2168//2624 2169//2624
f 2169//2625 2168//2625 2170//2625
f 2169//2626 2170//2626 2171//2626
f 2171//2627 2170//2627 2172//2627
f 2171//2628 2172//2628 2173//2628
f 2173//2629 2172//2629 2174//2629
f 2173//2630 2174//2630 2175//2630
f 2175//2631 2174//2631 2176//2631
f 428//2632 427//2632 2160//2632
f 2160//2633 427//2633 2177//2633
f 2160//2634 2177//2634 2162//2634
f 2162//2635 2177//2635 2178//2635
f 2162//2636 2178//2636 2164//2636
f 2164//2637 2178//2637 2179//2637
f 2164//2638 2179//2638 2166//2638
f 2166//2639 2179//2639 2180//2639
f 2166//2640 2180//2640 2168//2640
f 2168//2641 2180//2641 2181//2641
f 2168//2642 2181//2642 2170//2642
f 2170//2643 2181//2643 2182//2643
f 2170//2627 2182//2627 2172//2627
f 2172//2644 2182//2644 2183//2644
f 2172//2645 2183//2645 2174//2645
f 2174//2646 2183//2646 2184//2646
f 2174//2647 2184//2647 2176//2647
f 2176//2648 2184//2648 2185//2648
f 426//2649 425//2649 2186//2649
f 2186//2650 425//2650 2187//2650
f 2186//2651 2187//2651 2188//2651
f 2188//2652 2187//2652 2189//2652
f 2188//2653 2189//2653 2190//2653
f 2190//2654 2189//2654 2191//2654
f 2190//2655 2191//2655 2192//2655
f 2192//2656 2191//2656 2193//2656
f 2192//2657 2193//2657 2194//2657
f 2194//2658 2193//2658 2195//2658
f 2194//2659 2195//2659 2196//2659
f 2196//2660 2195//2660 2197//2660
f 2196//2661 2197//2661 2198//2661
f 2198//2662 2197//2662 2199//2662
f 2198//2663 2199//2663 2200//2663
f 2200//2664 2199//2664 2201//2664
f 2200//2665 2201//2665 2202//2665
f 2202//2666 2201//2666 2203//2666
f 425//2667 424//2667 2187//2667
f 2187//2668 424//2668 2204//2668
f 2187//2669 2204//2669 2189//2669
f 2189//2670 2204//2670 2205//2670
f 2189//2671 2205//2671 2191//2671
f 2191//2672 2205//2672 2206//2672
f 2191//2656 2206//2656 2193//2656
f 2193//2673 2206//2673 2207//2673
f 2193//2674 2207//2674 2195//2674
f 2195//2675 2207//2675 2208//2675
f 2195//2676 2208//2676 2197//2676
f 2197//2677 2208//2677 2209//2677
f 2197//2678 2209//2678 2199//2678
f 2199//2679 2209//2679 2210//2679
f 2199//2680 2210//2680 2201//2680
f 2201//2681 2210//2681 2211//2681
f 2201//2682 2211//2682 2203//2682
f 2203//2683 2211//2683 2212//2683
f 423//2684 422//2684 2213//2684
f 2213//2685 422//2685 2214//2685
f 2213//2686 2214//2686 2215//2686
f 2215//2687 2214//2687 2216//2687
f 2215//2688 2216//2688 2217//2688
f 2217//2689 2216//2689 2218//2689
f 2217//2690 2218//2690 2219//2690
f 2219//2691 2218//2691 2220//2691
f 2219//2692 2220//2692 2221//2692
f 2221//2693 2220//2693 2222//2693
f 2221//2694 2222//2694 2223//2694
f 2223//2695 2222//2695 2224//2695
f 2223//2696 2224//2696 2225//2696
f 2225//2697 2224//2697 2226//2697
f 2225//2698 2226//2698 2227//2698
f 2227//2699 2226//2699 2228//2699
f 2227//2700 2228//2700 2229//2700
f 2229//2701 2228//2701 2230//2701
f 422//2685 421//2685 2214//2685
f 2214//2702 421//2702 2231//2702
f 2214//2703 2231//2703 2216//2703
f 2216//2704 2231//2704 2232//2704
f 2216//2705 2232//2705 2218//2705
f 2218//2706 2232//2706 2233//2706
f 2218//2707 2233//2707 2220//2707
f 2220//2708 2233//2708 2234//2708
f 2220//2709 2234//2709 2222//2709
f 2222//2710 2234//2710 2235//2710
f 2222//2711 2235//2711 2224//2711
f 2224//2712 2235//2712 2236//2712
f 2224//2713 2236//2713 2226//2713
f 2226//2714 2236//2714 2237//2714
f 2226//2715 2237//2715 2228//2715
f 2228//2716 2237//2716 2238//2716
f 2228//2717 2238//2717 2230//2717
f 2230//2718 2238//2718 2239//2718
f 406//2719 405//2719 2240//2719
f 2240//2720 405//2720 2241//2720
f 2240//2721 2241//2721 2242//2721
f 2242//2722 2241//2722 2243//2722
f 2242//2723 2243//2723 2244//2723
f 2244//2724 2243//2724 2245//2724
f 2244//2725 2245//2725 2246//2725
f 2246//2726 2245//2726 2247//2726
f 2246//2727 2247//2727 2248//2727
f 2248//2728 2247//2728 2249//2728
f 2248//2729 2249//2729 2250//2729
f 2250//2730 2249//2730 2251//2730
f 2250//2731 2251//2731 2252//2731
f 2252//2732 2251//2732 2253//2732
f 2252//2733 2253//2733 2254//2733
f 2254//2734 2253//2734 2255//2734
f 2254//2735 2255//2735 2256//2735
f 2256//2736 2255//2736 2257//2736
f 405//2737 404//2737 2241//2737
f 2241//2738 404//2738 2258//2738
f 2241//2739 2258//2739 2243//2739
f 2243//2740 2258//2740 2259//2740
f 2243//2741 2259//2741 2245//2741
f 2245//2742 2259//2742 2260//2742
f 2245//2743 2260//2743 2247//2743
f 2247//2744 2260//2744 2261//2744
f 2247//2745 2261//2745 2249//2745
f 2249//2746 2261//2746 2262//2746
f 2249//2747 2262//2747 2251//2747
f 2251//2748 2262//2748 2263//2748
f 2251//2749 2263//2749 2253//2749
f 2253//2750 2263//2750 2264//2750
f 2253//2751 2264//2751 2255//2751
f 2255//2752 2264//2752 2265//2752
f 2255//2753 2265//2753 2257//2753
f 2257//2754 2265//2754 2266//2754
f 399//2755 398//2755 2267//2755
f 2267//2756 398//2756 2268//2756
f 2267//2757 2268//2757 2269//2757
f 2269//2758 2268//2758 2270//2758
f 2269//2759 2270//2759 2271//2759
f 2271//2760 2270//2760 2272//2760
f 2271//2761 2272//2761 2273//2761
f 2273//2762 2272//2762 2274//2762
f 2273//2763 2274//2763 2275//2763
f 2275//2764 2274//2764 2276//2764
f 2275//2765 2276//2765 2277//2765
f 2277//2766 2276//2766 2278//2766
f 2277//2767 2278//2767 2279//2767
f 2279//2768 2278//2768 2280//2768
f 2279//2769 2280//2769 2281//2769
f 2281//2770 2280//2770 2282//2770
f 2281//2771 2282//2771 2283//2771
f 2283//2772 2282//2772 2284//2772
f 398//2773 397//2773 2268//2773
f 2268//2774 397//2774 2285//2774
f 2268//2775 2285//2775 2270//2775
f 2270//2776 2285//2776 2286//2776
f 2270//2777 2286//2777 2272//2777
f 2272//2778 2286//2778 2287//2778
f 2272//2779 2287//2779 2274//2779
f 2274//2780 2287//2780 2288//2780
f 2274//2781 2288//2781 2276//2781
f 2276//2782 2288//2782 2289//2782
f 2276//2783 2289//2783 2278//2783
f 2278//2784 2289//2784 2290//2784
f 2278//2785 2290//2785 2280//2785
f 2280//2786 2290//2786 2291//2786
f 2280//2787 2291//2787 2282//2787
f 2282//2788 2291//2788 2292//2788
f 2282//2789 2292//2789 2284//2789
f 2284//2790 2292//2790 2293//2790
f 403//2791 402//2791 2294//2791
f 2294//2792 402//2792 2295//2792
f 2294//2793 2295//2793 2296//2793
f 2296//2794 2295//2794 2297//2794
f 2296//2795 2297//2795 2298//2795
f 2298//2796 2297//2796 2299//2796
f 2298//2797 2299//2797 2300//2797
f 2300//2798 2299//2798 2301//2798
f 2300//2799 2301//2799 2302//2799
f 2302//2800 2301//2800 2303//2800
f 2302//2801 2303//2801 2304//2801
f 2304//2802 2303//2802 2305//2802
f 2304//2803 2305//2803 2306//2803
f 2306//2804 2305//2804 2307//2804
f 2306//2805 2307//2805 2308//2805
f 2308//2806 2307//2806 2309//2806
f 2308//2807 2309//2807 2310//2807
f 2310//2808 2309//2808 2311//2808
f 420//2809 419//2809 2312//2809
f 2312//2810 419//2810 2313//2810
f 2312//2811 2313//2811 2314//2811
f 2314//2812 2313//2812 2315//2812
f 2314//2813 2315//2813 2316//2813
f 2316//2814 2315//2814 2317//2814
f 2316//2815 2317//2815 2318//2815
f 2318//2816 2317//2816 2319//2816
f 2318//2817 2319//2817 2320//2817
f 2320//2818 2319//2818 2321//2818
f 2320//2819 2321//2819 2322//2819
f 2322//2820 2321//2820 2323//2820
f 2322//2821 2323//2821 2324//2821
f 2324//2822 2323//2822 2325//2822
f 2324//2823 2325//2823 2326//2823
f 2326//2824 2325//2824 2327//2824
f 2326//2825 2327//2825 2328//2825
f 2328//2826 2327//2826 2329//2826
f 419//2827 418//2827 2313//2827
f 2313//2828 418//2828 2330//2828
f 2313//2829 2330//2829 2315//2829
f 2315//2830 2330//2830 2331//2830
f 2315//2831 2331//2831 2317//2831
f 2317//2832 2331//2832 2332//2832
f 2317//2833 2332//2833 2319//2833
f 2319//2834 2332//2834 2333//2834
f 2319//2835 2333//2835 2321//2835
f 2321//2836 2333//2836 2334//2836
f 2321//2837 2334//2837 2323//2837
f 2323//2838 2334//2838 2335//2838
f 2323//2839 2335//2839 2325//2839
f 2325//2840 2335//2840 2336//2840
f 2325//2841 2336//2841 2327//2841
f 2327//2842 2336//2842 2337//2842
f 2327//2843 2337//2843 2329//2843
f 2329//2844 2337//2844 2338//2844
f 417//2845 416//2845 2339//2845
f 2339//2846 416//2846 2340//2846
f 2339//2847 2340//2847 2341//2847
f 2341//2848 2340//2848 2342//2848
f 2341//2849 2342//2849 2343//2849
f 2343//2850 2342//2850 2344//2850
f 2343//2851 2344//2851 2345//2851
f 2345//2852 2344//2852 2346//2852
f 2345//2853 2346//2853 2347//2853
f 2347//2854 2346//2854 2348//2854
f 2347//2855 2348//2855 2349//2855
f 2349//2856 2348//2856 2350//2856
f 2349//2857 2350//2857 2351//2857
f 2351//2858 2350//2858 2352//2858
f 2351//2859 2352//2859 2353//2859
f 2353//2860 2352//2860 2354//2860
f 2353//2861 2354//2861 2355//2861
f 2355//2862 2354//2862 2356//2862
f 416//2863 415//2863 2340//2863
f 2340//2864 415//2864 2357//2864
f 2340//2865 2357//2865 2342//2865
f 2342//2866 2357//2866 2358//2866
f 2342//2867 2358//2867 2344//2867
f 2344//2868 2358//2868 2359//2868
f 2344//2869 2359//2869 2346//2869
f 2346//2870 2359//2870 2360//2870
f 2346//2871 2360//2871 2348//2871
f 2348//2872 2360//2872 2361//2872
f 2348//2873 2361//2873 2350//2873
f 2350//2874 2361//2874 2362//2874
f 2350//2875 2362//2875 2352//2875
f 2352//2876 2362//2876 2363//2876
f 2352//2877 2363//2877 2354//2877
f 2354//2878 2363//2878 2364//2878
f 2354//2879 2364//2879 2356//2879
f 2356//2880 2364//2880 2365//2880
f 414//2881 413//2881 2366//2881
f 2366//2882 413//2882 2367//2882
f 2366//2883 2367//2883 2368//2883
f 2368//2884 2367//2884 2369//2884
f 2368//2885 2369//2885 2370//2885
f 2370//2886 2369//2886 2371//2886
f 2370//2887 2371//2887 2372//2887
f 2372//2888 2371//2888 2373//2888
f 2372//2889 2373//2889 2374//2889
f 2374//2890 2373//2890 2375//2890
f 2374//2891 2375//2891 2376//2891
f 2376//2892 2375//2892 2377//2892
f 2376//2893 2377//2893 2378//2893
f 2378//2894 2377//2894 2379//2894
f 2378//2895 2379//2895 2380//2895
f 2380//2896 2379//2896 2381//2896
f 2380//2897 2381//2897 2382//2897
f 2382//2898 2381//2898 2383//2898
f 447//2899 446//2899 2384//2899
f 2384//2900 446//2900 2385//2900
f 2384//2901 2385//2901 2386//2901
f 2386//2902 2385//2902 2387//2902
f 2386//2903 2387//2903 2388//2903
f 2388//2904 2387//2904 2389//2904
f 2388//2905 2389//2905 2390//2905
f 2390//2906 2389//2906 2391//2906
f 2390//2907 2391//2907 2392//2907
f 2392//2908 2391//2908 2393//2908
f 2392//2909 2393//2909 2394//2909
f 2394//2910 2393//2910 2395//2910
f 2394//2911 2395//2911 2396//2911
f 2396//2912 2395//2912 2397//2912
f 2396//2913 2397//2913 2398//2913
f 2398//2914 2397//2914 2399//2914
f 2398//2915 2399//2915 2400//2915
f 2400//2916 2399//2916 2401//2916
f 446//2917 445//2917 2385//2917
f 2385//2918 445//2918 2402//2918
f 2385//2919 2402//2919 2387//2919
f 2387//2920 2402//2920 2403//2920
f 2387//2921 2403//2921 2389//2921
f 2389//2922 2403//2922 2404//2922
f 2389//2923 2404//2923 2391//2923
f 2391//2924 2404//2924 2405//2924
f 2391//2925 2405//2925 2393//2925
f 2393//2926 2405//2926 2406//2926
f 2393//2927 2406//2927 2395//2927
f 2395//2928 2406//2928 2407//2928
f 2395//2929 2407//2929 2397//2929
f 2397//2930 2407//2930 2408//2930
f 2397//2931 2408//2931 2399//2931
f 2399//2932 2408//2932 2409//2932
f 2399//2933 2409//2933 2401//2933
f 2401//2934 2409//2934 2410//2934
f 2401//2935 2410//2935 629//2935
f 629//2936 2410//2936 631//2936
f 444//2937 432//2937 2411//2937
f 2411//2938 432//2938 2412//2938
f 2411//2939 2412//2939 2413//2939
f 2413//2940 2412//2940 2414//2940
f 2413//2941 2414//2941 2415//2941
f 2415//2942 2414//2942 2416//2942
f 2415//2943 2416//2943 2417//2943
f 2417//2944 2416//2944 2418//2944
f 2417//2945 2418//2945 2419//2945
f 2419//2946 2418//2946 2420//2946
f 2419//2947 2420//2947 2421//2947
f 2421//2948 2420//2948 2422//2948
f 2421//2949 2422//2949 2423//2949
f 2423//2950 2422//2950 2424//2950
f 2423//2951 2424//2951 2425//2951
f 2425//2952 2424//2952 2426//2952
f 2425//2953 2426//2953 2427//2953
f 2427//2954 2426//2954 2428//2954
f 432//2955 431//2955 2412//2955
f 2412//2956 431//2956 2429//2956
f 2412//2957 2429//2957 2414//2957
f 2414//2958 2429//2958 2430//2958
f 2414//2959 2430//2959 2416//2959
f 2416//2960 2430//2960 2431//2960
f 2416//2961 2431//2961 2418//2961
f 2418//2962 2431//2962 2432//2962
f 2418//2963 2432//2963 2420//2963
f 2420//2964 2432//2964 2433//2964
f 2420//2965 2433//2965 2422//2965
f 2422//2966 2433//2966 2434//2966
f 2422//2967 2434//2967 2424//2967
f 2424//2968 2434//2968 2435//2968
f 2424//2969 2435//2969 2426//2969
f 2426//2970 2435//2970 2436//2970
f 2426//2971 2436//2971 2428//2971
f 2428//2972 2436//2972 2437//2972
f 2428//2973 2437//2973 639//2973
f 639//2974 2437//2974 637//2974
f 1856//2975 1900//2975 1867//2975
f 1867//2976 1900//2976 1899//2976
f 1867//2977 1899//2977 1866//2977
f 1866//2978 1899//2978 1909//2978
f 1866//2979 1909//2979 1868//2979
f 1868//2980 1909//2980 464//2980
f 1868//2981 464//2981 463//2981
f 470//2982 472//2982 1911//2982
f 1911//2983 472//2983 473//2983
f 1911//2984 473//2984 1910//2984
f 1910//2985 473//2985 468//2985
f 1910//2986 468//2986 1909//2986
f 1909//2987 468//2987 467//2987
f 1909//2988 467//2988 464//2988
f 8//2989 1857//2989 1856//2989
f 1856//2990 1857//2990 1919//2990
f 1856//2991 1919//2991 1900//2991
f 1900//2992 1919//2992 1917//2992
f 1900//2993 1917//2993 1898//2993
f 1898//2994 1917//2994 1915//2994
f 1898//2995 1915//2995 1911//2995
f 1911//2996 1915//2996 1913//2996
f 1911//2997 1913//2997 470//2997
f 480//2998 479//2998 1921//2998
f 1921//2999 479//2999 477//2999
f 1921//3000 477//3000 1912//3000
f 1912//3001 477//3001 475//3001
f 1912//3002 475//3002 1913//3002
f 1913//3003 475//3003 474//3003
f 1913//3004 474//3004 470//3004
f 29//3005 1865//3005 1859//3005
f 1859//3006 1865//3006 1940//3006
f 1859//3007 1940//3007 1926//3007
f 1926//3008 1940//3008 1938//3008
f 1926//3009 1938//3009 1925//3009
f 1925//3010 1938//3010 1936//3010
f 1925//3011 1936//3011 1924//3011
f 1924//3012 1936//3012 1934//3012
f 1924//3013 1934//3013 1923//3013
f 1923//3014 1934//3014 1932//3014
f 1923//3015 1932//3015 1922//3015
f 1922//3016 1932//3016 1930//3016
f 1922//3017 1930//3017 1921//3017
f 1921//3018 1930//3018 1928//3018
f 1921//3019 1928//3019 480//3019
f 486//3020 484//3020 1927//3020
f 1927//3021 484//3021 483//3021
f 1927//3022 483//3022 1928//3022
f 1928//3023 483//3023 481//3023
f 1928//3024 481//3024 480//3024
f 26//3025 411//3025 1942//3025
f 1942//3026 411//3026 2438//3026
f 1942//3027 2438//3027 1941//3027
f 1941//3028 2438//3028 2439//3028
f 1941//3029 2439//3029 1939//3029
f 1939//3030 2439//3030 2440//3030
f 1939//3031 2440//3031 1937//3031
f 1937//3032 2440//3032 2441//3032
f 1937//3033 2441//3033 1935//3033
f 1935//3034 2441//3034 2442//3034
f 1935//3035 2442//3035 1933//3035
f 1933//3036 2442//3036 2443//3036
f 1933//3037 2443//3037 1931//3037
f 1931//3038 2443//3038 2444//3038
f 1931//3039 2444//3039 1929//3039
f 1929//3040 2444//3040 2445//3040
f 1929//3041 2445//3041 1927//3041
f 1927//3042 2445//3042 2446//3042
f 1927//3043 2446//3043 486//3043
f 486//3044 2446//3044 490//3044
f 411//3045 412//3045 2438//3045
f 2438//3046 412//3046 2447//3046
f 2438//3047 2447//3047 2439//3047
f 2439//3048 2447//3048 2448//3048
f 2439//3049 2448//3049 2440//3049
f 2440//3050 2448//3050 2449//3050
f 2440//3051 2449//3051 2441//3051
f 2441//3052 2449//3052 2450//3052
f 2441//3053 2450//3053 2442//3053
f 2442//3054 2450//3054 2451//3054
f 2442//3055 2451//3055 2443//3055
f 2443//3056 2451//3056 2452//3056
f 2443//3057 2452//3057 2444//3057
f 2444//3058 2452//3058 2453//3058
f 2444//3059 2453//3059 2445//3059
f 2445//3060 2453//3060 2454//3060
f 2445//3061 2454//3061 2446//3061
f 2446//3062 2454//3062 1852//3062
f 2446//3063 1852//3063 490//3063
f 490//3064 1852//3064 489//3064
f 412//3065 410//3065 2447//3065
f 2447//3066 410//3066 1943//3066
f 2447//3067 1943//3067 2448//3067
f 2448//3068 1943//3068 1945//3068
f 2448//3069 1945//3069 2449//3069
f 2449//3070 1945//3070 1947//3070
f 2449//3071 1947//3071 2450//3071
f 2450//3072 1947//3072 1949//3072
f 2450//3073 1949//3073 2451//3073
f 2451//3074 1949//3074 1951//3074
f 2451//3075 1951//3075 2452//3075
f 2452//3076 1951//3076 1953//3076
f 2452//3077 1953//3077 2453//3077
f 2453//3078 1953//3078 1955//3078
f 2453//3079 1955//3079 2454//3079
f 2454//3080 1955//3080 1957//3080
f 2454//3081 1957//3081 1852//3081
f 1852//3082 1957//3082 1959//3082
f 1852//3083 1959//3083 487//3083
f 494//3084 496//3084 1969//3084
f 1969//3085 496//3085 497//3085
f 1969//3086 497//3086 1960//3086
f 1960//3087 497//3087 492//3087
f 1960//3088 492//3088 1959//3088
f 1959//3089 492//3089 491//3089
f 1959//3090 491//3090 487//3090
f 408//3091 443//3091 1961//3091
f 1961//3092 443//3092 1970//3092
f 1961//3093 1970//3093 1962//3093
f 1962//3094 1970//3094 1972//3094
f 1962//3095 1972//3095 1963//3095
f 1963//3096 1972//3096 1974//3096
f 1963//3097 1974//3097 1964//3097
f 1964//3098 1974//3098 1976//3098
f 1964//3099 1976//3099 1965//3099
f 1965//3100 1976//3100 1978//3100
f 1965//3101 1978//3101 1966//3101
f 1966//3102 1978//3102 1980//3102
f 1966//3103 1980//3103 1967//3103
f 1967//3104 1980//3104 1982//3104
f 1967//3105 1982//3105 1968//3105
f 1968//3106 1982//3106 1984//3106
f 1968//3107 1984//3107 1969//3107
f 1969//3108 1984//3108 1986//3108
f 1969//3109 1986//3109 494//3109
f 504//3110 503//3110 1996//3110
f 1996//3111 503//3111 501//3111
f 1996//3112 501//3112 1987//3112
f 1987//3113 501//3113 499//3113
f 1987//3114 499//3114 1986//3114
f 1986//3115 499//3115 498//3115
f 1986//3116 498//3116 494//3116
f 505//3117 504//3117 1851//3117
f 1851//3118 504//3118 1996//3118
f 1851//3119 1996//3119 2455//3119
f 2455//3120 1996//3120 1995//3120
f 2455//3121 1995//3121 2456//3121
f 2456//3122 1995//3122 1994//3122
f 2456//3123 1994//3123 2457//3123
f 2457//3124 1994//3124 1993//3124
f 2457//3125 1993//3125 2458//3125
f 2458//3126 1993//3126 1992//3126
f 2458//3127 1992//3127 2459//3127
f 2459//3128 1992//3128 1991//3128
f 2459//3129 1991//3129 2460//3129
f 2460//3130 1991//3130 1990//3130
f 2460//3131 1990//3131 2461//3131
f 2461//3132 1990//3132 1989//3132
f 2461//3133 1989//3133 2462//3133
f 2462//3134 1989//3134 1988//3134
f 2462//3135 1988//3135 440//3135
f 440//3136 1988//3136 441//3136
f 440//3137 462//3137 2462//3137
f 2462//3138 462//3138 1997//3138
f 2462//3139 1997//3139 2461//3139
f 2461//3140 1997//3140 1999//3140
f 2461//3141 1999//3141 2460//3141
f 2460//3142 1999//3142 2001//3142
f 2460//3143 2001//3143 2459//3143
f 2459//3144 2001//3144 2003//3144
f 2459//3145 2003//3145 2458//3145
f 2458//3146 2003//3146 2005//3146
f 2458//3147 2005//3147 2457//3147
f 2457//3148 2005//3148 2007//3148
f 2457//3149 2007//3149 2456//3149
f 2456//3150 2007//3150 2009//3150
f 2456//3151 2009//3151 2455//3151
f 2455//3152 2009//3152 2011//3152
f 2455//3153 2011//3153 1851//3153
f 1851//3154 2011//3154 2013//3154
f 1851//3155 2013//3155 507//3155
f 511//3156 513//3156 2023//3156
f 2023//3157 513//3157 514//3157
f 2023//3158 514//3158 2014//3158
f 2014//3159 514//3159 510//3159
f 2014//3160 510//3160 2013//3160
f 2013//3161 510//3161 508//3161
f 2013//3162 508//3162 507//3162
f 460//3163 459//3163 2015//3163
f 2015//3164 459//3164 2024//3164
f 2015//3165 2024//3165 2016//3165
f 2016//3166 2024//3166 2026//3166
f 2016//3167 2026//3167 2017//3167
f 2017//3168 2026//3168 2028//3168
f 2017//3169 2028//3169 2018//3169
f 2018//3170 2028//3170 2030//3170
f 2018//3171 2030//3171 2019//3171
f 2019//3172 2030//3172 2032//3172
f 2019//3173 2032//3173 2020//3173
f 2020//3174 2032//3174 2034//3174
f 2020//3175 2034//3175 2021//3175
f 2021//3176 2034//3176 2036//3176
f 2021//3177 2036//3177 2022//3177
f 2022//3178 2036//3178 2038//3178
f 2022//3179 2038//3179 2023//3179
f 2023//3180 2038//3180 2040//3180
f 2023//3181 2040//3181 511//3181
f 521//3182 520//3182 2050//3182
f 2050//3183 520//3183 518//3183
f 2050//3184 518//3184 2041//3184
f 2041//3185 518//3185 516//3185
f 2041//3186 516//3186 2040//3186
f 2040//3187 516//3187 515//3187
f 2040//3188 515//3188 511//3188
f 439//3189 438//3189 2042//3189
f 2042//3190 438//3190 2051//3190
f 2042//3191 2051//3191 2043//3191
f 2043//3192 2051//3192 2053//3192
f 2043//3193 2053//3193 2044//3193
f 2044//3194 2053//3194 2055//3194
f 2044//3195 2055//3195 2045//3195
f 2045//3196 2055//3196 2057//3196
f 2045//3197 2057//3197 2046//3197
f 2046//3198 2057//3198 2059//3198
f 2046//3199 2059//3199 2047//3199
f 2047//3200 2059//3200 2061//3200
f 2047//3201 2061//3201 2048//3201
f 2048//3202 2061//3202 2063//3202
f 2048//3203 2063//3203 2049//3203
f 2049//3204 2063//3204 2065//3204
f 2049//3205 2065//3205 2050//3205
f 2050//3206 2065//3206 2067//3206
f 2050//3207 2067//3207 521//3207
f 531//3208 527//3208 2077//3208
f 2077//3209 527//3209 525//3209
f 2077//3210 525//3210 2068//3210
f 2068//3211 525//3211 523//3211
f 2068//3212 523//3212 2067//3212
f 2067//3213 523//3213 522//3213
f 2067//3214 522//3214 521//3214
f 530//3215 531//3215 1850//3215
f 1850//3216 531//3216 2077//3216
f 1850//3217 2077//3217 2463//3217
f 2463//3218 2077//3218 2076//3218
f 2463//3219 2076//3219 2464//3219
f 2464//3220 2076//3220 2075//3220
f 2464//3221 2075//3221 2465//3221
f 2465//3222 2075//3222 2074//3222
f 2465//3223 2074//3223 2466//3223
f 2466//3224 2074//3224 2073//3224
f 2466//3225 2073//3225 2467//3225
f 2467//3226 2073//3226 2072//3226
f 2467//3227 2072//3227 2468//3227
f 2468//3228 2072//3228 2071//3228
f 2468//3229 2071//3229 2469//3229
f 2469//3230 2071//3230 2070//3230
f 2469//3231 2070//3231 2470//3231
f 2470//3232 2070//3232 2069//3232
f 2470//3233 2069//3233 435//3233
f 435//3234 2069//3234 436//3234
f 435//3235 434//3235 2470//3235
f 2470//3236 434//3236 2078//3236
f 2470//3237 2078//3237 2469//3237
f 2469//3238 2078//3238 2080//3238
f 2469//3239 2080//3239 2468//3239
f 2468//3240 2080//3240 2082//3240
f 2468//3241 2082//3241 2467//3241
f 2467//3242 2082//3242 2084//3242
f 2467//3243 2084//3243 2466//3243
f 2466//3244 2084//3244 2086//3244
f 2466//3245 2086//3245 2465//3245
f 2465//3246 2086//3246 2088//3246
f 2465//3247 2088//3247 2464//3247
f 2464//3248 2088//3248 2090//3248
f 2464//3249 2090//3249 2463//3249
f 2463//3250 2090//3250 2092//3250
f 2463//3251 2092//3251 1850//3251
f 1850//3252 2092//3252 2094//3252
f 1850//3253 2094//3253 528//3253
f 535//3254 537//3254 2104//3254
f 2104//3255 537//3255 538//3255
f 2104//3256 538//3256 2095//3256
f 2095//3257 538//3257 533//3257
f 2095//3258 533//3258 2094//3258
f 2094//3259 533//3259 532//3259
f 2094//3260 532//3260 528//3260
f 457//3261 456//3261 2096//3261
f 2096//3262 456//3262 2105//3262
f 2096//3263 2105//3263 2097//3263
f 2097//3264 2105//3264 2107//3264
f 2097//3265 2107//3265 2098//3265
f 2098//3266 2107//3266 2109//3266
f 2098//3267 2109//3267 2099//3267
f 2099//3268 2109//3268 2111//3268
f 2099//3269 2111//3269 2100//3269
f 2100//3270 2111//3270 2113//3270
f 2100//3271 2113//3271 2101//3271
f 2101//3272 2113//3272 2115//3272
f 2101//3273 2115//3273 2102//3273
f 2102//3274 2115//3274 2117//3274
f 2102//3275 2117//3275 2103//3275
f 2103//3276 2117//3276 2119//3276
f 2103//3277 2119//3277 2104//3277
f 2104//3278 2119//3278 2121//3278
f 2104//3279 2121//3279 535//3279
f 545//3280 544//3280 2131//3280
f 2131//3281 544//3281 542//3281
f 2131//3282 542//3282 2122//3282
f 2122//3283 542//3283 540//3283
f 2122//3284 540//3284 2121//3284
f 2121//3285 540//3285 539//3285
f 2121//3286 539//3286 535//3286
f 454//3287 453//3287 2123//3287
f 2123//3288 453//3288 2132//3288
f 2123//3289 2132//3289 2124//3289
f 2124//3290 2132//3290 2134//3290
f 2124//3291 2134//3291 2125//3291
f 2125//3292 2134//3292 2136//3292
f 2125//3293 2136//3293 2126//3293
f 2126//3294 2136//3294 2138//3294
f 2126//3295 2138//3295 2127//3295
f 2127//3296 2138//3296 2140//3296
f 2127//3297 2140//3297 2128//3297
f 2128//3298 2140//3298 2142//3298
f 2128//3299 2142//3299 2129//3299
f 2129//3300 2142//3300 2144//3300
f 2129//3301 2144//3301 2130//3301
f 2130//3302 2144//3302 2146//3302
f 2130//3303 2146//3303 2131//3303
f 2131//3304 2146//3304 2148//3304
f 2131//3305 2148//3305 545//3305
f 555//3306 551//3306 2158//3306
f 2158//3307 551//3307 549//3307
f 2158//3308 549//3308 2149//3308
f 2149//3309 549//3309 547//3309
f 2149//3310 547//3310 2148//3310
f 2148//3311 547//3311 546//3311
f 2148//3312 546//3312 545//3312
f 451//3313 450//3313 2150//3313
f 2150//3314 450//3314 2471//3314
f 2150//3315 2471//3315 2151//3315
f 2151//3316 2471//3316 2472//3316
f 2151//3317 2472//3317 2152//3317
f 2152//3318 2472//3318 2473//3318
f 2152//3319 2473//3319 2153//3319
f 2153//3320 2473//3320 2474//3320
f 2153//3321 2474//3321 2154//3321
f 2154//3322 2474//3322 2475//3322
f 2154//3323 2475//3323 2155//3323
f 2155//3324 2475//3324 2476//3324
f 2155//3325 2476//3325 2156//3325
f 2156//3326 2476//3326 2477//3326
f 2156//3327 2477//3327 2157//3327
f 2157//3328 2477//3328 2478//3328
f 2157//3329 2478//3329 2158//3329
f 2158//3330 2478//3330 1849//3330
f 2158//3331 1849//3331 555//3331
f 555//3332 1849//3332 554//3332
f 450//3333 449//3333 2471//3333
f 2471//3334 449//3334 2159//3334
f 2471//3335 2159//3335 2472//3335
f 2472//3336 2159//3336 2161//3336
f 2472//3337 2161//3337 2473//3337
f 2473//3338 2161//3338 2163//3338
f 2473//3339 2163//3339 2474//3339
f 2474//3340 2163//3340 2165//3340
f 2474//3341 2165//3341 2475//3341
f 2475//3342 2165//3342 2167//3342
f 2475//3343 2167//3343 2476//3343
f 2476//3344 2167//3344 2169//3344
f 2476//3345 2169//3345 2477//3345
f 2477//3346 2169//3346 2171//3346
f 2477//3347 2171//3347 2478//3347
f 2478//2628 2171//2628 2173//2628
f 2478//3348 2173//3348 1849//3348
f 1849//3349 2173//3349 2175//3349
f 1849//3350 2175//3350 552//3350
f 559//3351 561//3351 2185//3351
f 2185//3352 561//3352 562//3352
f 2185//3353 562//3353 2176//3353
f 2176//3354 562//3354 557//3354
f 2176//3355 557//3355 2175//3355
f 2175//3356 557//3356 556//3356
f 2175//3357 556//3357 552//3357
f 427//3358 426//3358 2177//3358
f 2177//3359 426//3359 2186//3359
f 2177//3360 2186//3360 2178//3360
f 2178//3361 2186//3361 2188//3361
f 2178//3362 2188//3362 2179//3362
f 2179//3363 2188//3363 2190//3363
f 2179//3364 2190//3364 2180//3364
f 2180//3365 2190//3365 2192//3365
f 2180//3366 2192//3366 2181//3366
f 2181//2657 2192//2657 2194//2657
f 2181//2643 2194//2643 2182//2643
f 2182//3367 2194//3367 2196//3367
f 2182//3368 2196//3368 2183//3368
f 2183//3369 2196//3369 2198//3369
f 2183//3370 2198//3370 2184//3370
f 2184//3371 2198//3371 2200//3371
f 2184//3372 2200//3372 2185//3372
f 2185//3373 2200//3373 2202//3373
f 2185//3374 2202//3374 559//3374
f 569//3375 568//3375 2212//3375
f 2212//3376 568//3376 566//3376
f 2212//3377 566//3377 2203//3377
f 2203//3378 566//3378 564//3378
f 2203//3379 564//3379 2202//3379
f 2202//3380 564//3380 563//3380
f 2202//3381 563//3381 559//3381
f 424//3382 423//3382 2204//3382
f 2204//3383 423//3383 2213//3383
f 2204//3384 2213//3384 2205//3384
f 2205//2686 2213//2686 2215//2686
f 2205//2672 2215//2672 2206//2672
f 2206//3385 2215//3385 2217//3385
f 2206//3386 2217//3386 2207//3386
f 2207//3387 2217//3387 2219//3387
f 2207//3388 2219//3388 2208//3388
f 2208//3389 2219//3389 2221//3389
f 2208//3390 2221//3390 2209//3390
f 2209//3391 2221//3391 2223//3391
f 2209//3392 2223//3392 2210//3392
f 2210//3393 2223//3393 2225//3393
f 2210//3394 2225//3394 2211//3394
f 2211//3395 2225//3395 2227//3395
f 2211//3396 2227//3396 2212//3396
f 2212//3397 2227//3397 2229//3397
f 2212//3398 2229//3398 569//3398
f 579//3399 575//3399 2239//3399
f 2239//3400 575//3400 573//3400
f 2239//3401 573//3401 2230//3401
f 2230//3402 573//3402 571//3402
f 2230//3403 571//3403 2229//3403
f 2229//3404 571//3404 570//3404
f 2229//3405 570//3405 569//3405
f 421//3406 407//3406 2231//3406
f 2231//3407 407//3407 2479//3407
f 2231//3408 2479//3408 2232//3408
f 2232//3409 2479//3409 2480//3409
f 2232//3410 2480//3410 2233//3410
f 2233//3411 2480//3411 2481//3411
f 2233//3412 2481//3412 2234//3412
f 2234//3413 2481//3413 2482//3413
f 2234//3414 2482//3414 2235//3414
f 2235//3415 2482//3415 2483//3415
f 2235//3416 2483//3416 2236//3416
f 2236//3417 2483//3417 2484//3417
f 2236//3418 2484//3418 2237//3418
f 2237//3419 2484//3419 2485//3419
f 2237//3420 2485//3420 2238//3420
f 2238//3421 2485//3421 2486//3421
f 2238//3422 2486//3422 2239//3422
f 2239//3423 2486//3423 1848//3423
f 2239//3424 1848//3424 579//3424
f 579//3425 1848//3425 578//3425
f 407//3426 406//3426 2479//3426
f 2479//3427 406//3427 2240//3427
f 2479//3428 2240//3428 2480//3428
f 2480//3429 2240//3429 2242//3429
f 2480//3430 2242//3430 2481//3430
f 2481//3431 2242//3431 2244//3431
f 2481//3432 2244//3432 2482//3432
f 2482//3433 2244//3433 2246//3433
f 2482//3434 2246//3434 2483//3434
f 2483//3435 2246//3435 2248//3435
f 2483//3436 2248//3436 2484//3436
f 2484//3437 2248//3437 2250//3437
f 2484//3438 2250//3438 2485//3438
f 2485//3439 2250//3439 2252//3439
f 2485//3440 2252//3440 2486//3440
f 2486//3441 2252//3441 2254//3441
f 2486//3442 2254//3442 1848//3442
f 1848//3443 2254//3443 2256//3443
f 1848//3444 2256//3444 576//3444
f 583//3445 585//3445 2266//3445
f 2266//3446 585//3446 586//3446
f 2266//3447 586//3447 2257//3447
f 2257//3448 586//3448 581//3448
f 2257//3449 581//3449 2256//3449
f 2256//3450 581//3450 580//3450
f 2256//3451 580//3451 576//3451
f 404//3452 399//3452 2258//3452
f 2258//3453 399//3453 2267//3453
f 2258//3454 2267//3454 2259//3454
f 2259//3455 2267//3455 2269//3455
f 2259//3456 2269//3456 2260//3456
f 2260//3457 2269//3457 2271//3457
f 2260//3458 2271//3458 2261//3458
f 2261//3459 2271//3459 2273//3459
f 2261//3460 2273//3460 2262//3460
f 2262//3461 2273//3461 2275//3461
f 2262//3462 2275//3462 2263//3462
f 2263//3463 2275//3463 2277//3463
f 2263//3464 2277//3464 2264//3464
f 2264//3465 2277//3465 2279//3465
f 2264//3466 2279//3466 2265//3466
f 2265//3467 2279//3467 2281//3467
f 2265//3468 2281//3468 2266//3468
f 2266//3469 2281//3469 2283//3469
f 2266//3470 2283//3470 583//3470
f 593//3471 592//3471 2293//3471
f 2293//3472 592//3472 590//3472
f 2293//3473 590//3473 2284//3473
f 2284//3474 590//3474 588//3474
f 2284//3475 588//3475 2283//3475
f 2283//3476 588//3476 587//3476
f 2283//3477 587//3477 583//3477
f 397//3478 403//3478 2285//3478
f 2285//3479 403//3479 2294//3479
f 2285//3480 2294//3480 2286//3480
f 2286//3481 2294//3481 2296//3481
f 2286//3482 2296//3482 2287//3482
f 2287//3483 2296//3483 2298//3483
f 2287//3484 2298//3484 2288//3484
f 2288//3485 2298//3485 2300//3485
f 2288//3486 2300//3486 2289//3486
f 2289//3487 2300//3487 2302//3487
f 2289//3488 2302//3488 2290//3488
f 2290//3489 2302//3489 2304//3489
f 2290//3490 2304//3490 2291//3490
f 2291//3491 2304//3491 2306//3491
f 2291//3492 2306//3492 2292//3492
f 2292//3493 2306//3493 2308//3493
f 2292//3494 2308//3494 2293//3494
f 2293//3495 2308//3495 2310//3495
f 2293//3496 2310//3496 593//3496
f 599//3497 597//3497 2311//3497
f 2311//3498 597//3498 596//3498
f 2311//3499 596//3499 2310//3499
f 2310//3500 596//3500 594//3500
f 2310//3501 594//3501 593//3501
f 402//3502 401//3502 2295//3502
f 2295//3503 401//3503 2487//3503
f 2295//3504 2487//3504 2297//3504
f 2297//3505 2487//3505 2488//3505
f 2297//3506 2488//3506 2299//3506
f 2299//3507 2488//3507 2489//3507
f 2299//3508 2489//3508 2301//3508
f 2301//3509 2489//3509 2490//3509
f 2301//3510 2490//3510 2303//3510
f 2303//3511 2490//3511 2491//3511
f 2303//3512 2491//3512 2305//3512
f 2305//3513 2491//3513 2492//3513
f 2305//3514 2492//3514 2307//3514
f 2307//3515 2492//3515 2493//3515
f 2307//3516 2493//3516 2309//3516
f 2309//3517 2493//3517 2494//3517
f 2309//3518 2494//3518 2311//3518
f 2311//3519 2494//3519 2495//3519
f 2311//3520 2495//3520 599//3520
f 599//3521 2495//3521 603//3521
f 401//3522 400//3522 2487//3522
f 2487//3523 400//3523 2496//3523
f 2487//3524 2496//3524 2488//3524
f 2488//3525 2496//3525 2497//3525
f 2488//3526 2497//3526 2489//3526
f 2489//3527 2497//3527 2498//3527
f 2489//3528 2498//3528 2490//3528
f 2490//3529 2498//3529 2499//3529
f 2490//3530 2499//3530 2491//3530
f 2491//3531 2499//3531 2500//3531
f 2491//3532 2500//3532 2492//3532
f 2492//3533 2500//3533 2501//3533
f 2492//3534 2501//3534 2493//3534
f 2493//3535 2501//3535 2502//3535
f 2493//3536 2502//3536 2494//3536
f 2494//3537 2502//3537 2503//3537
f 2494//3538 2503//3538 2495//3538
f 2495//3539 2503//3539 1847//3539
f 2495//3540 1847//3540 603//3540
f 603//3541 1847//3541 602//3541
f 400//3542 420//3542 2496//3542
f 2496//3543 420//3543 2312//3543
f 2496//3544 2312//3544 2497//3544
f 2497//3545 2312//3545 2314//3545
f 2497//3546 2314//3546 2498//3546
f 2498//3547 2314//3547 2316//3547
f 2498//3548 2316//3548 2499//3548
f 2499//3549 2316//3549 2318//3549
f 2499//3550 2318//3550 2500//3550
f 2500//3551 2318//3551 2320//3551
f 2500//3552 2320//3552 2501//3552
f 2501//3553 2320//3553 2322//3553
f 2501//3554 2322//3554 2502//3554
f 2502//3555 2322//3555 2324//3555
f 2502//3556 2324//3556 2503//3556
f 2503//3557 2324//3557 2326//3557
f 2503//3558 2326//3558 1847//3558
f 1847//3559 2326//3559 2328//3559
f 1847//3560 2328//3560 600//3560
f 610//3561 609//3561 2338//3561
f 2338//3562 609//3562 607//3562
f 2338//3563 607//3563 2329//3563
f 2329//3564 607//3564 605//3564
f 2329//3565 605//3565 2328//3565
f 2328//3566 605//3566 604//3566
f 2328//3567 604//3567 600//3567
f 418//3568 417//3568 2330//3568
f 2330//3569 417//3569 2339//3569
f 2330//3570 2339//3570 2331//3570
f 2331//3571 2339//3571 2341//3571
f 2331//3572 2341//3572 2332//3572
f 2332//3573 2341//3573 2343//3573
f 2332//3574 2343//3574 2333//3574
f 2333//3575 2343//3575 2345//3575
f 2333//3576 2345//3576 2334//3576
f 2334//3577 2345//3577 2347//3577
f 2334//3578 2347//3578 2335//3578
f 2335//3579 2347//3579 2349//3579
f 2335//3580 2349//3580 2336//3580
f 2336//3581 2349//3581 2351//3581
f 2336//3582 2351//3582 2337//3582
f 2337//3583 2351//3583 2353//3583
f 2337//3584 2353//3584 2338//3584
f 2338//3585 2353//3585 2355//3585
f 2338//3586 2355//3586 610//3586
f 617//3587 616//3587 2365//3587
f 2365//3588 616//3588 614//3588
f 2365//3589 614//3589 2356//3589
f 2356//3590 614//3590 612//3590
f 2356//3591 612//3591 2355//3591
f 2355//3592 612//3592 611//3592
f 2355//3593 611//3593 610//3593
f 415//3594 414//3594 2357//3594
f 2357//3595 414//3595 2366//3595
f 2357//3596 2366//3596 2358//3596
f 2358//3597 2366//3597 2368//3597
f 2358//3598 2368//3598 2359//3598
f 2359//3599 2368//3599 2370//3599
f 2359//3600 2370//3600 2360//3600
f 2360//3601 2370//3601 2372//3601
f 2360//3602 2372//3602 2361//3602
f 2361//3603 2372//3603 2374//3603
f 2361//3604 2374//3604 2362//3604
f 2362//3605 2374//3605 2376//3605
f 2362//3606 2376//3606 2363//3606
f 2363//3607 2376//3607 2378//3607
f 2363//3608 2378//3608 2364//3608
f 2364//3609 2378//3609 2380//3609
f 2364//3610 2380//3610 2365//3610
f 2365//3611 2380//3611 2382//3611
f 2365//3612 2382//3612 617//3612
f 623//3613 621//3613 2383//3613
f 2383//3614 621//3614 620//3614
f 2383//3615 620//3615 2382//3615
f 2382//3616 620//3616 618//3616
f 2382//3617 618//3617 617//3617
f 413//3618 448//3618 2367//3618
f 2367//3619 448//3619 2504//3619
f 2367//3620 2504//3620 2369//3620
f 2369//3621 2504//3621 2505//3621
f 2369//3622 2505//3622 2371//3622
f 2371//3623 2505//3623 2506//3623
f 2371//3624 2506//3624 2373//3624
f 2373//3625 2506//3625 2507//3625
f 2373//3626 2507//3626 2375//3626
f 2375//3627 2507//3627 2508//3627
f 2375//3628 2508//3628 2377//3628
f 2377//3629 2508//3629 2509//3629
f 2377//3630 2509//3630 2379//3630
f 2379//3631 2509//3631 2510//3631
f 2379//3632 2510//3632 2381//3632
f 2381//3633 2510//3633 2511//3633
f 2381//3634 2511//3634 2383//3634
f 2383//3635 2511//3635 2512//3635
f 2383//3636 2512//3636 623//3636
f 623//3637 2512//3637 627//3637
f 448//3638 447//3638 2504//3638
f 2504//3639 447//3639 2384//3639
f 2504//3640 2384//3640 2505//3640
f 2505//3641 2384//3641 2386//3641
f 2505//3642 2386//3642 2506//3642
f 2506//3643 2386//3643 2388//3643
f 2506//3644 2388//3644 2507//3644
f 2507//3645 2388//3645 2390//3645
f 2507//3646 2390//3646 2508//3646
f 2508//3647 2390//3647 2392//3647
f 2508//3648 2392//3648 2509//3648
f 2509//3649 2392//3649 2394//3649
f 2509//3650 2394//3650 2510//3650
f 2510//3651 2394//3651 2396//3651
f 2510//3652 2396//3652 2511//3652
f 2511//3653 2396//3653 2398//3653
f 2511//3654 2398//3654 2512//3654
f 2512//3655 2398//3655 2400//3655
f 2512//3656 2400//3656 627//3656
f 629//3657 628//3657 2401//3657
f 2401//3658 628//3658 624//3658
f 2401//3659 624//3659 2400//3659
f 2400//3660 624//3660 626//3660
f 2400//3661 626//3661 627//3661
f 445//3662 444//3662 2402//3662
f 2402//3663 444//3663 2411//3663
f 2402//3664 2411//3664 2403//3664
f 2403//3665 2411//3665 2413//3665
f 2403//3666 2413//3666 2404//3666
f 2404//3667 2413//3667 2415//3667
f 2404//3668 2415//3668 2405//3668
f 2405//3669 2415//3669 2417//3669
f 2405//3670 2417//3670 2406//3670
f 2406//3671 2417//3671 2419//3671
f 2406//3672 2419//3672 2407//3672
f 2407//3673 2419//3673 2421//3673
f 2407//3674 2421//3674 2408//3674
f 2408//3675 2421//3675 2423//3675
f 2408//3676 2423//3676 2409//3676
f 2409//3677 2423//3677 2425//3677
f 2409//3678 2425//3678 2410//3678
f 2410//3679 2425//3679 2427//3679
f 2410//3680 2427//3680 631//3680
f 639//3681 640//3681 2428//3681
f 2428//3682 640//3682 634//3682
f 2428//3683 634//3683 2427//3683
f 2427//3684 634//3684 633//3684
f 2427//3685 633//3685 631//3685
f 431//3686 430//3686 2429//3686
f 2429//3687 430//3687 1901//3687
f 2429//3688 1901//3688 2430//3688
f 2430//3689 1901//3689 1902//3689
f 2430//3690 1902//3690 2431//3690
f 2431//3691 1902//3691 1903//3691
f 2431//3692 1903//3692 2432//3692
f 2432//3693 1903//3693 1904//3693
f 2432//3694 1904//3694 2433//3694
f 2433//3695 1904//3695 1905//3695
f 2433//3696 1905//3696 2434//3696
f 2434//3697 1905//3697 1906//3697
f 2434//3698 1906//3698 2435//3698
f 2435//3699 1906//3699 1907//3699
f 2435//3700 1907//3700 2436//3700
f 2436//3701 1907//3701 1908//3701
f 2436//3702 1908//3702 2437//3702
f 2437//3703 1908//3703 1860//3703
f 2437//3704 1860//3704 637//3704
f 637//3705 1860//3705 635//3705
f 638//3706 636//3706 2513//3706
f 2513//3707 2514//3707 638//3707
f 638//3708 2514//3708 2515//3708
f 638//3709 2515//3709 2516//3709
f 2517//3710 2518//3710 2519//3710
f 2519//3711 2518//3711 2520//3711
f 2519//3712 2520//3712 2521//3712
f 2519//3713 2522//3713 2523//3713
f 2523//3714 2524//3714 2519//3714
f 2519//3715 2524//3715 2525//3715
f 2519//3716 2525//3716 2517//3716
f 2516//3717 2526//3717 638//3717
f 638//3718 2526//3718 2527//3718
f 638//3719 2527//3719 2519//3719
f 2519//3720 2527//3720 2528//3720
f 2519//3721 2528//3721 2522//3721
f 2529//3722 2530//3722 2531//3722
f 2529//3723 2531//3723 2532//3723
f 2531//3724 2533//3724 2534//3724
f 2534//3725 2535//3725 2531//3725
f 2531//3726 2535//3726 2536//3726
f 2531//3727 2536//3727 2532//3727
f 2537//3728 2538//3728 465//3728
f 2530//3729 2539//3729 2531//3729
f 2531//3730 2539//3730 2540//3730
f 2531//3731 2540//3731 465//3731
f 465//3732 2540//3732 2541//3732
f 465//3733 2541//3733 2537//3733
f 2538//3734 2542//3734 465//3734
f 465//3735 2542//3735 2543//3735
f 465//3736 2543//3736 466//3736
f 2521//3737 764//3737 2519//3737
f 2519//3738 764//3738 763//3738
f 2519//3739 763//3739 638//3739
f 638//3740 763//3740 761//3740
f 638//3741 761//3741 632//3741
f 632//3742 761//3742 759//3742
f 632//3743 759//3743 630//3743
f 630//3744 759//3744 723//3744
f 630//3745 723//3745 625//3745
f 625//3746 723//3746 722//3746
f 625//3747 722//3747 622//3747
f 622//3748 722//3748 785//3748
f 622//3749 785//3749 619//3749
f 619//3750 785//3750 696//3750
f 619//3751 696//3751 615//3751
f 615//3752 696//3752 694//3752
f 615//3753 694//3753 613//3753
f 613//3754 694//3754 666//3754
f 613//3755 666//3755 608//3755
f 608//3756 666//3756 665//3756
f 608//3757 665//3757 606//3757
f 606//3758 665//3758 733//3758
f 606//3759 733//3759 601//3759
f 601//3760 733//3760 732//3760
f 601//3761 732//3761 598//3761
f 598//3762 732//3762 731//3762
f 598//3763 731//3763 595//3763
f 595//3764 731//3764 730//3764
f 595//3765 730//3765 591//3765
f 591//3766 730//3766 728//3766
f 591//3767 728//3767 589//3767
f 589//3768 728//3768 736//3768
f 589//3769 736//3769 584//3769
f 584//3770 736//3770 735//3770
f 584//3771 735//3771 582//3771
f 582//3772 735//3772 734//3772
f 582//3773 734//3773 577//3773
f 577//3774 734//3774 701//3774
f 577//3775 701//3775 574//3775
f 574//3776 701//3776 743//3776
f 574//3777 743//3777 572//3777
f 572//3778 743//3778 742//3778
f 572//3779 742//3779 567//3779
f 567//3780 742//3780 740//3780
f 567//3781 740//3781 565//3781
f 565//3782 740//3782 738//3782
f 565//3783 738//3783 560//3783
f 560//3784 738//3784 671//3784
f 560//3785 671//3785 558//3785
f 558//3786 671//3786 669//3786
f 558//3787 669//3787 553//3787
f 553//3788 669//3788 675//3788
f 553//3789 675//3789 550//3789
f 550//3790 675//3790 652//3790
f 550//3791 652//3791 548//3791
f 548//3792 652//3792 653//3792
f 548//3793 653//3793 543//3793
f 543//3794 653//3794 772//3794
f 543//3795 772//3795 541//3795
f 541//3796 772//3796 770//3796
f 541//3797 770//3797 536//3797
f 536//3798 770//3798 768//3798
f 536//3799 768//3799 534//3799
f 534//3800 768//3800 766//3800
f 534//3801 766//3801 529//3801
f 529//3802 766//3802 765//3802
f 529//3803 765//3803 526//3803
f 526//3804 765//3804 659//3804
f 526//3805 659//3805 524//3805
f 524//3806 659//3806 658//3806
f 524//3807 658//3807 519//3807
f 519//3808 658//3808 681//3808
f 519//3809 681//3809 517//3809
f 517//3810 681//3810 683//3810
f 517//3811 683//3811 512//3811
f 512//3812 683//3812 702//3812
f 512//3813 702//3813 509//3813
f 509//3814 702//3814 704//3814
f 509//3815 704//3815 506//3815
f 506//3816 704//3816 746//3816
f 506//3817 746//3817 502//3817
f 502//3818 746//3818 745//3818
f 502//3819 745//3819 500//3819
f 500//3820 745//3820 744//3820
f 500//3821 744//3821 495//3821
f 495//3822 744//3822 712//3822
f 495//3823 712//3823 493//3823
f 493//3824 712//3824 789//3824
f 493//3825 789//3825 488//3825
f 488//3826 789//3826 690//3826
f 488//3827 690//3827 485//3827
f 485//3828 690//3828 688//3828
f 485//3829 688//3829 482//3829
f 482//3830 688//3830 719//3830
f 482//3831 719//3831 478//3831
f 478//3832 719//3832 755//3832
f 478//3833 755//3833 476//3833
f 476//3834 755//3834 814//3834
f 476//3835 814//3835 471//3835
f 471//3836 814//3836 813//3836
f 471//3837 813//3837 469//3837
f 469//3838 813//3838 800//3838
f 469//3839 800//3839 465//3839
f 465//3840 800//3840 817//3840
f 465//3841 817//3841 2531//3841
f 2531//3842 817//3842 2544//3842
f 2531//3843 2544//3843 2533//3843
f 2545//3844 2546//3844 2547//3844
f 2545//3845 2547//3845 2548//3845
f 2547//3846 2549//3846 2550//3846
f 2550//3847 2551//3847 2547//3847
f 2547//3848 2551//3848 2552//3848
f 2547//3849 2552//3849 2548//3849
f 2553//3850 2554//3850 822//3850
f 2546//3851 2555//3851 2547//3851
f 2547//3852 2555//3852 2556//3852
f 2547//3853 2556//3853 822//3853
f 822//3854 2556//3854 2557//3854
f 822//3855 2557//3855 2553//3855
f 2554//3856 2558//3856 822//3856
f 822//3857 2558//3857 2559//3857
f 822//3858 2559//3858 823//3858
f 995//3859 993//3859 2560//3859
f 2560//3860 2561//3860 995//3860
f 995//3861 2561//3861 2562//3861
f 995//3862 2562//3862 2563//3862
f 2564//3863 2565//3863 2566//3863
f 2566//3864 2565//3864 2567//3864
f 2566//3865 2567//3865 2568//3865
f 2566//3866 2569//3866 2570//3866
f 2570//3867 2571//3867 2566//3867
f 2566//3868 2571//3868 2572//3868
f 2566//3869 2572//3869 2564//3869
f 2563//3870 2573//3870 995//3870
f 995//3871 2573//3871 2574//3871
f 995//3872 2574//3872 2566//3872
f 2566//3873 2574//3873 2575//3873
f 2566//3874 2575//3874 2569//3874
f 2568//3875 1150//3875 2566//3875
f 2566//3876 1150//3876 1157//3876
f 2566//3877 1157//3877 995//3877
f 995//3878 1157//3878 1156//3878
f 995//3879 1156//3879 989//3879
f 989//3880 1156//3880 1154//3880
f 989//3881 1154//3881 987//3881
f 987//3882 1154//3882 1152//3882
f 987//3883 1152//3883 982//3883
f 982//3884 1152//3884 1089//3884
f 982//3885 1089//3885 979//3885
f 979//3886 1089//3886 1010//3886
f 979//3887 1010//3887 976//3887
f 976//3888 1010//3888 1068//3888
f 976//3889 1068//3889 972//3889
f 972//3890 1068//3890 1091//3890
f 972//3891 1091//3891 970//3891
f 970//3892 1091//3892 1072//3892
f 970//3893 1072//3893 965//3893
f 965//3894 1072//3894 1071//3894
f 965//3895 1071//3895 963//3895
f 963//3896 1071//3896 1117//3896
f 963//3897 1117//3897 958//3897
f 958//3898 1117//3898 1116//3898
f 958//3899 1116//3899 955//3899
f 955//3900 1116//3900 1115//3900
f 955//3901 1115//3901 952//3901
f 952//3902 1115//3902 1114//3902
f 952//3903 1114//3903 948//3903
f 948//3904 1114//3904 1112//3904
f 948//3905 1112//3905 946//3905
f 946//3906 1112//3906 1138//3906
f 946//3907 1138//3907 941//3907
f 941//3908 1138//3908 1137//3908
f 941//3909 1137//3909 939//3909
f 939//3910 1137//3910 1136//3910
f 939//3911 1136//3911 934//3911
f 934//3912 1136//3912 1095//3912
f 934//3913 1095//3913 931//3913
f 931//3914 1095//3914 1094//3914
f 931//3915 1094//3915 929//3915
f 929//3916 1094//3916 1139//3916
f 929//3917 1139//3917 924//3917
f 924//3918 1139//3918 1141//3918
f 924//3919 1141//3919 922//3919
f 922//3920 1141//3920 1143//3920
f 922//3921 1143//3921 917//3921
f 917//3922 1143//3922 1097//3922
f 917//3923 1097//3923 915//3923
f 915//3924 1097//3924 1014//3924
f 915//3925 1014//3925 910//3925
f 910//3926 1014//3926 1012//3926
f 910//3927 1012//3927 907//3927
f 907//3928 1012//3928 1017//3928
f 907//3929 1017//3929 905//3929
f 905//3930 1017//3930 1022//3930
f 905//3931 1022//3931 900//3931
f 900//3932 1022//3932 1028//3932
f 900//3933 1028//3933 898//3933
f 898//3934 1028//3934 1026//3934
f 898//3935 1026//3935 893//3935
f 893//3936 1026//3936 1024//3936
f 893//3937 1024//3937 891//3937
f 891//3938 1024//3938 1057//3938
f 891//3939 1057//3939 886//3939
f 886//3940 1057//3940 1056//3940
f 886//3941 1056//3941 883//3941
f 883//3942 1056//3942 1047//3942
f 883//3943 1047//3943 881//3943
f 881//3944 1047//3944 1077//3944
f 881//3945 1077//3945 876//3945
f 876//3946 1077//3946 1076//3946
f 876//3947 1076//3947 874//3947
f 874//3948 1076//3948 1075//3948
f 874//3949 1075//3949 869//3949
f 869//3950 1075//3950 1060//3950
f 869//3951 1060//3951 866//3951
f 866//3952 1060//3952 1086//3952
f 866//3953 1086//3953 863//3953
f 863//3954 1086//3954 1085//3954
f 863//3955 1085//3955 859//3955
f 859//3956 1085//3956 1083//3956
f 859//3957 1083//3957 857//3957
f 857//3958 1083//3958 1081//3958
f 857//3959 1081//3959 852//3959
f 852//3960 1081//3960 1079//3960
f 852//3961 1079//3961 850//3961
f 850//3962 1079//3962 1063//3962
f 850//3963 1063//3963 845//3963
f 845//3964 1063//3964 1065//3964
f 845//3965 1065//3965 842//3965
f 842//3966 1065//3966 1127//3966
f 842//3967 1127//3967 839//3967
f 839//3968 1127//3968 1120//3968
f 839//3969 1120//3969 835//3969
f 835//3970 1120//3970 1119//3970
f 835//3971 1119//3971 833//3971
f 833//3972 1119//3972 1164//3972
f 833//3973 1164//3973 828//3973
f 828//3974 1164//3974 1163//3974
f 828//3975 1163//3975 826//3975
f 826//3976 1163//3976 1134//3976
f 826//3977 1134//3977 822//3977
f 822//3978 1134//3978 1176//3978
f 822//3979 1176//3979 2547//3979
f 2547//3980 1176//3980 2576//3980
f 2547//3981 2576//3981 2549//3981
f 1178//3982 1177//3982 2577//3982
f 2577//3982 1177//3982 2578//3982
f 2577//3983 2578//3983 2579//3983
f 2579//3983 2578//3983 2580//3983
f 2579//3984 2580//3984 2581//3984
f 2581//3984 2580//3984 2582//3984
f 2581//3985 2582//3985 2583//3985
f 2583//3985 2582//3985 2584//3985
f 2583//3986 2584//3986 2585//3986
f 2585//3986 2584//3986 2586//3986
f 2585//3987 2586//3987 2587//3987
f 2587//3987 2586//3987 2588//3987
f 2587//3988 2588//3988 2589//3988
f 2589//3988 2588//3988 2590//3988
f 2589//3989 2590//3989 2591//3989
f 2591//3989 2590//3989 2592//3989
f 2591//3990 2592//3990 2593//3990
f 2593//3990 2592//3990 2594//3990
f 2593//3991 2594//3991 2595//3991
f 2595//3991 2594//3991 2596//3991
f 2595//3992 2596//3992 2597//3992
f 2597//3992 2596//3992 2598//3992
f 2597//3993 2598//3993 2599//3993
f 2599//3993 2598//3993 2600//3993
f 2599//3994 2600//3994 2601//3994
f 2601//3994 2600//3994 2602//3994
f 2601//3995 2602//3995 2603//3995
f 2603//3995 2602//3995 2604//3995
f 2603//3996 2604//3996 2605//3996
f 2605//3996 2604//3996 2606//3996
f 2605//3997 2606//3997 2607//3997
f 2607//3997 2606//3997 2608//3997
f 2607//3998 2608//3998 2609//3998
f 2609//3998 2608//3998 2610//3998
f 2609//3999 2610//3999 63//3999
f 63//3999 2610//3999 48//3999
f 1//4000 16//4000 2611//4000
f 2611//4000 16//4000 2612//4000
f 2611//4001 2612//4001 2613//4001
f 2613//4001 2612//4001 2614//4001
f 2613//4002 2614//4002 2615//4002
f 2615//4002 2614//4002 2616//4002
f 2615//4003 2616//4003 2617//4003
f 2617//4003 2616//4003 2618//4003
f 2617//4004 2618//4004 2619//4004
f 2619//4004 2618//4004 2620//4004
f 2619//4005 2620//4005 2621//4005
f 2621//4005 2620//4005 2622//4005
f 2621//4006 2622//4006 2623//4006
f 2623//4006 2622//4006 2624//4006
f 2623//4007 2624//4007 2625//4007
f 2625//4007 2624//4007 2626//4007
f 2625//4008 2626//4008 2627//4008
f 2627//4008 2626//4008 2628//4008
f 2627//4009 2628//4009 2629//4009
f 2629//4009 2628//4009 2630//4009
f 2629//4010 2630//4010 2631//4010
f 2631//4010 2630//4010 2632//4010
f 2631//4011 2632//4011 2633//4011
f 2633//4011 2632//4011 2634//4011
f 2633//4012 2634//4012 2635//4012
f 2635//4012 2634//4012 2636//4012
f 2635//4013 2636//4013 2637//4013
f 2637//4013 2636//4013 2638//4013
f 2637//4014 2638//4014 2639//4014
f 2639//4014 2638//4014 2640//4014
f 2639//4015 2640//4015 2641//4015
f 2641//4015 2640//4015 2642//4015
f 2641//4016 2642//4016 2643//4016
f 2643//4016 2642//4016 2644//4016
f 2643//4017 2644//4017 1180//4017
f 1180//4017 2644//4017 1179//4017
f 43//4018 42//4018 95//4018
f 43//4018 95//4018 314//4018
f 314//4019 95//4019 99//4019
f 314//4019 99//4019 313//4019
f 313//4020 99//4020 101//4020
f 313//4020 101//4020 311//4020
f 311//4021 101//4021 103//4021
f 311//4021 103//4021 309//4021
f 309//4022 103//4022 105//4022
f 309//4022 105//4022 307//4022
f 307//4023 105//4023 107//4023
f 307//4023 107//4023 305//4023
f 305//4024 107//4024 109//4024
f 305//4024 109//4024 303//4024
f 303//4025 109//4025 111//4025
f 303//4025 111//4025 301//4025
f 301//4026 111//4026 113//4026
f 301//4026 113//4026 299//4026
f 299//4027 113//4027 115//4027
f 299//4027 115//4027 297//4027
f 297//4028 115//4028 117//4028
f 297//4028 117//4028 295//4028
f 295//4029 117//4029 119//4029
f 295//4029 119//4029 293//4029
f 293//4030 119//4030 121//4030
f 293//4030 121//4030 291//4030
f 291//4031 121//4031 123//4031
f 291//4031 123//4031 289//4031
f 289//4032 123//4032 125//4032
f 289//4032 125//4032 287//4032
f 287//4033 125//4033 127//4033
f 287//4033 127//4033 285//4033
f 285//4034 127//4034 129//4034
f 285//4034 129//4034 283//4034
f 283//4035 129//4035 131//4035
f 283//4035 131//4035 281//4035
f 281//4036 131//4036 133//4036
f 281//4036 133//4036 279//4036
f 279//4037 133//4037 135//4037
f 279//4037 135//4037 277//4037
f 277//4038 135//4038 137//4038
f 277//4038 137//4038 275//4038
f 275//4039 137//4039 139//4039
f 275//4039 139//4039 273//4039
f 273//4040 139//4040 141//4040
f 273//4040 141//4040 271//4040
f 271//4041 141//4041 143//4041
f 271//4041 143//4041 269//4041
f 269//4042 143//4042 145//4042
f 269//4042 145//4042 267//4042
f 267//4043 145//4043 147//4043
f 267//4043 147//4043 265//4043
f 265//4044 147//4044 149//4044
f 265//4044 149//4044 263//4044
f 263//4045 149//4045 151//4045
f 263//4045 151//4045 261//4045
f 261//4046 151//4046 153//4046
f 261//4046 153//4046 259//4046
f 259//4047 153//4047 155//4047
f 259//4047 155//4047 257//4047
f 257//4048 155//4048 157//4048
f 257//4048 157//4048 255//4048
f 255//4049 157//4049 159//4049
f 255//4049 159//4049 253//4049
f 253//4050 159//4050 161//4050
f 253//4050 161//4050 251//4050
f 251//4051 161//4051 163//4051
f 251//4051 163//4051 249//4051
f 249//4052 163//4052 165//4052
f 249//4052 165//4052 247//4052
f 247//4053 165//4053 167//4053
f 247//4053 167//4053 245//4053
f 245//4054 167//4054 169//4054
f 245//4054 169//4054 243//4054
f 243//4055 169//4055 171//4055
f 243//4055 171//4055 241//4055
f 241//4056 171//4056 173//4056
f 241//4056 173//4056 239//4056
f 239//4057 173//4057 175//4057
f 239//4057 175//4057 237//4057
f 237//4058 175//4058 177//4058
f 237//4058 177//4058 235//4058
f 235//4059 177//4059 179//4059
f 235//4059 179//4059 233//4059
f 233//4060 179//4060 181//4060
f 233//4060 181//4060 231//4060
f 231//4061 181//4061 183//4061
f 231//4061 183//4061 229//4061
f 229//4062 183//4062 185//4062
f 229//4062 185//4062 227//4062
f 227//4063 185//4063 187//4063
f 227//4063 187//4063 225//4063
f 225//4064 187//4064 189//4064
f 225//4064 189//4064 223//4064
f 223//4065 189//4065 191//4065
f 223//4065 191//4065 221//4065
f 221//4066 191//4066 193//4066
f 221//4066 193//4066 219//4066
f 219//4067 193//4067 195//4067
f 219//4067 195//4067 217//4067
f 217//4068 195//4068 197//4068
f 217//4068 197//4068 215//4068
f 215//4069 197//4069 199//4069
f 215//4069 199//4069 213//4069
f 213//4070 199//4070 201//4070
f 213//4070 201//4070 211//4070
f 211//4071 201//4071 203//4071
f 211//4071 203//4071 209//4071
f 209//4072 203//4072 204//4072
f 209//4072 204//4072 205//4072
f 205//4073 204//4073 93//4073
f 205//4073 93//4073 94//4073
f 2645//4074 2646//4074 2647//4074
f 2648//4075 2649//4075 2650//4075
f 2651//4076 2652//4076 2653//4076
f 2654//4077 2655//4077 2656//4077
f 2657//4078 2658//4078 2659//4078
f 2660//4079 2661//4079 2662//4079
f 2663//4080 2578//4080 1177//4080
f 49//4081 48//4081 2610//4081
f 2521//4082 2520//4082 2664//4082
f 2518//4083 2517//4083 2665//4083
f 2525//4084 2524//4084 2666//4084
f 2523//4085 2522//4085 2667//4085
f 2527//4086 2526//4086 2668//4086
f 2513//4087 636//4087 52//4087
f 2669//4088 2514//4088 2513//4088
f 2526//4089 2516//4089 2670//4089
f 2670//4090 2516//4090 2515//4090
f 2670//4091 2515//4091 2514//4091
f 2527//4092 2668//4092 2528//4092
f 2528//4093 2668//4093 2671//4093
f 2528//4094 2671//4094 2522//4094
f 2523//4095 2667//4095 2524//4095
f 2525//4096 2666//4096 2517//4096
f 2518//4097 2665//4097 2520//4097
f 2521//4098 2664//4098 764//4098
f 51//4099 49//4099 2672//4099
f 2672//4100 49//4100 2610//4100
f 2672//4101 2610//4101 2673//4101
f 2610//4102 2608//4102 2673//4102
f 2673//4103 2608//4103 2606//4103
f 2673//4104 2606//4104 2674//4104
f 2606//4105 2604//4105 2674//4105
f 2674//4106 2604//4106 2602//4106
f 2674//4107 2602//4107 2675//4107
f 2602//4108 2600//4108 2675//4108
f 2675//4109 2600//4109 2598//4109
f 2675//4110 2598//4110 2676//4110
f 2598//4111 2596//4111 2676//4111
f 2676//4112 2596//4112 2594//4112
f 2676//4113 2594//4113 2677//4113
f 2594//4114 2592//4114 2677//4114
f 2677//4115 2592//4115 2590//4115
f 2677//4116 2590//4116 2678//4116
f 2590//4117 2588//4117 2678//4117
f 2678//4118 2588//4118 2586//4118
f 2678//4119 2586//4119 2679//4119
f 2586//4120 2584//4120 2679//4120
f 2679//4121 2584//4121 2582//4121
f 2679//4122 2582//4122 2663//4122
f 2663//4123 2582//4123 2580//4123
f 2663//4124 2580//4124 2578//4124
f 51//4125 2672//4125 2680//4125
f 2680//4126 2672//4126 2673//4126
f 2680//4127 2673//4127 2681//4127
f 2681//4128 2673//4128 2674//4128
f 2681//4129 2674//4129 2682//4129
f 2682//4130 2674//4130 2675//4130
f 2682//4131 2675//4131 2683//4131
f 2683//4132 2675//4132 2676//4132
f 2683//4133 2676//4133 2684//4133
f 2684//4134 2676//4134 2677//4134
f 2684//4135 2677//4135 2685//4135
f 2685//4136 2677//4136 2678//4136
f 2685//4137 2678//4137 2686//4137
f 2686//4138 2678//4138 2679//4138
f 2686//4139 2679//4139 2687//4139
f 2687//4140 2679//4140 2663//4140
f 2687//4141 2663//4141 2688//4141
f 1177//4142 2689//4142 2663//4142
f 2663//4143 2689//4143 2690//4143
f 2663//4144 2690//4144 2688//4144
f 2688//4145 2690//4145 2691//4145
f 2688//4146 2691//4146 2692//4146
f 52//4147 51//4147 2513//4147
f 2513//4148 51//4148 2680//4148
f 2513//4149 2680//4149 2669//4149
f 2669//4150 2680//4150 2681//4150
f 2669//4151 2681//4151 2693//4151
f 2693//4152 2681//4152 2682//4152
f 2693//4153 2682//4153 2694//4153
f 2694//4154 2682//4154 2683//4154
f 2694//4155 2683//4155 2695//4155
f 2695//4156 2683//4156 2684//4156
f 2695//4157 2684//4157 2696//4157
f 2696//4158 2684//4158 2685//4158
f 2696//4159 2685//4159 2697//4159
f 2697//4160 2685//4160 2686//4160
f 2697//4161 2686//4161 2698//4161
f 2698//4162 2686//4162 2687//4162
f 2698//4163 2687//4163 2699//4163
f 2699//4164 2687//4164 2688//4164
f 2699//4165 2688//4165 2700//4165
f 2700//4166 2688//4166 2692//4166
f 2700//4167 2692//4167 2701//4167
f 2514//4168 2669//4168 2670//4168
f 2670//4169 2669//4169 2693//4169
f 2670//4170 2693//4170 2702//4170
f 2702//4171 2693//4171 2694//4171
f 2702//4172 2694//4172 2703//4172
f 2703//4173 2694//4173 2695//4173
f 2703//4174 2695//4174 2704//4174
f 2704//4175 2695//4175 2696//4175
f 2704//4176 2696//4176 2705//4176
f 2705//4177 2696//4177 2697//4177
f 2705//4178 2697//4178 2706//4178
f 2706//4179 2697//4179 2698//4179
f 2706//4180 2698//4180 2707//4180
f 2707//4181 2698//4181 2699//4181
f 2707//4182 2699//4182 2708//4182
f 2708//4183 2699//4183 2700//4183
f 2708//4184 2700//4184 2662//4184
f 2662//4185 2700//4185 2701//4185
f 2662//4186 2701//4186 2660//4186
f 2526//4187 2670//4187 2668//4187
f 2668//4188 2670//4188 2702//4188
f 2668//4189 2702//4189 2671//4189
f 2671//4190 2702//4190 2703//4190
f 2671//4191 2703//4191 2709//4191
f 2709//4192 2703//4192 2704//4192
f 2709//4193 2704//4193 2710//4193
f 2710//4194 2704//4194 2705//4194
f 2710//4195 2705//4195 2711//4195
f 2711//4196 2705//4196 2706//4196
f 2711//4197 2706//4197 2712//4197
f 2712//4198 2706//4198 2707//4198
f 2712//4199 2707//4199 2713//4199
f 2713//4200 2707//4200 2708//4200
f 2713//4201 2708//4201 2714//4201
f 2714//4202 2708//4202 2662//4202
f 2714//4203 2662//4203 2659//4203
f 2659//4204 2662//4204 2661//4204
f 2659//4205 2661//4205 2657//4205
f 2522//4206 2671//4206 2667//4206
f 2667//4207 2671//4207 2709//4207
f 2667//4208 2709//4208 2715//4208
f 2715//4209 2709//4209 2710//4209
f 2715//4210 2710//4210 2716//4210
f 2716//4211 2710//4211 2711//4211
f 2716//4212 2711//4212 2717//4212
f 2717//4213 2711//4213 2712//4213
f 2717//4214 2712//4214 2718//4214
f 2718//4215 2712//4215 2713//4215
f 2718//4216 2713//4216 2719//4216
f 2719//4217 2713//4217 2714//4217
f 2719//4218 2714//4218 2720//4218
f 2720//4219 2714//4219 2659//4219
f 2720//4220 2659//4220 2656//4220
f 2656//4221 2659//4221 2658//4221
f 2656//4222 2658//4222 2654//4222
f 2524//4223 2667//4223 2666//4223
f 2666//4224 2667//4224 2715//4224
f 2666//4225 2715//4225 2721//4225
f 2721//4226 2715//4226 2716//4226
f 2721//4227 2716//4227 2722//4227
f 2722//4228 2716//4228 2717//4228
f 2722//4229 2717//4229 2723//4229
f 2723//4230 2717//4230 2718//4230
f 2723//4231 2718//4231 2724//4231
f 2724//4232 2718//4232 2719//4232
f 2724//4233 2719//4233 2725//4233
f 2725//4234 2719//4234 2720//4234
f 2725//4235 2720//4235 2726//4235
f 2726//4236 2720//4236 2656//4236
f 2726//4237 2656//4237 2653//4237
f 2653//4238 2656//4238 2655//4238
f 2653//4239 2655//4239 2651//4239
f 2517//4240 2666//4240 2665//4240
f 2665//4241 2666//4241 2721//4241
f 2665//4242 2721//4242 2727//4242
f 2727//4243 2721//4243 2722//4243
f 2727//4244 2722//4244 2728//4244
f 2728//4245 2722//4245 2723//4245
f 2728//4246 2723//4246 2729//4246
f 2729//4247 2723//4247 2724//4247
f 2729//4248 2724//4248 2730//4248
f 2730//4249 2724//4249 2725//4249
f 2730//4250 2725//4250 2731//4250
f 2731//4251 2725//4251 2726//4251
f 2731//4252 2726//4252 2732//4252
f 2732//4253 2726//4253 2653//4253
f 2732//4254 2653//4254 2650//4254
f 2650//4255 2653//4255 2652//4255
f 2650//4256 2652//4256 2648//4256
f 2520//4257 2665//4257 2664//4257
f 2664//4258 2665//4258 2727//4258
f 2664//4259 2727//4259 2733//4259
f 2733//4260 2727//4260 2728//4260
f 2733//4261 2728//4261 2734//4261
f 2734//4262 2728//4262 2729//4262
f 2734//4263 2729//4263 2735//4263
f 2735//4264 2729//4264 2730//4264
f 2735//4265 2730//4265 2736//4265
f 2736//4266 2730//4266 2731//4266
f 2736//4267 2731//4267 2737//4267
f 2737//4268 2731//4268 2732//4268
f 2737//4269 2732//4269 2738//4269
f 2738//4270 2732//4270 2650//4270
f 2738//4271 2650//4271 2647//4271
f 2647//4272 2650//4272 2649//4272
f 2647//4273 2649//4273 2645//4273
f 764//4274 2664//4274 818//4274
f 818//4275 2664//4275 2733//4275
f 818//4276 2733//4276 819//4276
f 819//4277 2733//4277 2734//4277
f 819//4278 2734//4278 781//4278
f 781//4279 2734//4279 2735//4279
f 781//4280 2735//4280 782//4280
f 782//4281 2735//4281 2736//4281
f 782//4282 2736//4282 811//4282
f 811//4283 2736//4283 2737//4283
f 811//4284 2737//4284 801//4284
f 801//4285 2737//4285 2738//4285
f 801//4286 2738//4286 802//4286
f 802//4287 2738//4287 2647//4287
f 802//4288 2647//4288 803//4288
f 803//4289 2647//4289 2646//4289
f 803//4290 2646//4290 795//4290
f 797//4291 795//4291 2739//4291
f 2739//4291 795//4291 2646//4291
f 2739//4292 2646//4292 2740//4292
f 2740//4292 2646//4292 2645//4292
f 2740//4293 2645//4293 2741//4293
f 2741//4293 2645//4293 2649//4293
f 2741//4294 2649//4294 2742//4294
f 2742//4294 2649//4294 2648//4294
f 2742//4295 2648//4295 2743//4295
f 2743//4295 2648//4295 2652//4295
f 2743//4296 2652//4296 2744//4296
f 2744//4296 2652//4296 2651//4296
f 2744//4297 2651//4297 2745//4297
f 2745//4297 2651//4297 2655//4297
f 2745//4298 2655//4298 2746//4298
f 2746//4298 2655//4298 2654//4298
f 2746//4299 2654//4299 2747//4299
f 2747//4299 2654//4299 2658//4299
f 2747//4300 2658//4300 2748//4300
f 2748//4300 2658//4300 2657//4300
f 2748//4301 2657//4301 2749//4301
f 2749//4301 2657//4301 2661//4301
f 2749//4302 2661//4302 2750//4302
f 2750//4302 2661//4302 2660//4302
f 2750//4303 2660//4303 2751//4303
f 2751//4303 2660//4303 2701//4303
f 2751//4304 2701//4304 2752//4304
f 2752//4304 2701//4304 2692//4304
f 2752//4305 2692//4305 2753//4305
f 2753//4305 2692//4305 2691//4305
f 2753//4306 2691//4306 2754//4306
f 2754//4306 2691//4306 2690//4306
f 2754//4307 2690//4307 2755//4307
f 2755//4307 2690//4307 2689//4307
f 2755//4308 2689//4308 1179//4308
f 1179//4308 2689//4308 1177//4308
f 2618//4309 2616//4309 2756//4309
f 2622//4310 2620//4310 2757//4310
f 2626//4311 2624//4311 2758//4311
f 2630//4312 2628//4312 2759//4312
f 2634//4313 2632//4313 2760//4313
f 2638//4314 2636//4314 2761//4314
f 2642//4315 2640//4315 2762//4315
f 40//4316 41//4316 466//4316
f 817//4317 816//4317 2544//4317
f 2544//4318 816//4318 2763//4318
f 2764//4319 2534//4319 2763//4319
f 2763//4320 2534//4320 2533//4320
f 2763//4321 2533//4321 2544//4321
f 2765//4322 2536//4322 2764//4322
f 2764//4323 2536//4323 2535//4323
f 2764//4324 2535//4324 2534//4324
f 2766//4325 2529//4325 2765//4325
f 2765//4326 2529//4326 2532//4326
f 2765//4327 2532//4327 2536//4327
f 2767//4328 2539//4328 2766//4328
f 2766//4329 2539//4329 2530//4329
f 2766//4330 2530//4330 2529//4330
f 2768//4331 2541//4331 2769//4331
f 2769//4332 2541//4332 2540//4332
f 2770//4333 2543//4333 2771//4333
f 2771//4334 2543//4334 2542//4334
f 2771//4335 2542//4335 2772//4335
f 2772//4336 2542//4336 2538//4336
f 2772//4337 2538//4337 2768//4337
f 2768//4338 2538//4338 2537//4338
f 2768//4339 2537//4339 2541//4339
f 2614//4340 2612//4340 2770//4340
f 2770//4341 2612//4341 16//4341
f 466//4342 2543//4342 40//4342
f 40//4343 2543//4343 2770//4343
f 40//4344 2770//4344 17//4344
f 17//4345 2770//4345 16//4345
f 2773//4346 2774//4346 2753//4346
f 1179//4347 2644//4347 2755//4347
f 2755//4348 2644//4348 2773//4348
f 2755//4349 2773//4349 2754//4349
f 2754//4350 2773//4350 2753//4350
f 2775//4351 2750//4351 2776//4351
f 2776//4352 2750//4352 2751//4352
f 2776//4353 2751//4353 2774//4353
f 2774//4354 2751//4354 2752//4354
f 2774//4355 2752//4355 2753//4355
f 2777//4356 2748//4356 2775//4356
f 2775//4357 2748//4357 2749//4357
f 2775//4358 2749//4358 2750//4358
f 2616//4359 2614//4359 2756//4359
f 2756//4360 2614//4360 2770//4360
f 2756//4361 2770//4361 2778//4361
f 2778//4362 2770//4362 2771//4362
f 2778//4363 2771//4363 2779//4363
f 2779//4364 2771//4364 2772//4364
f 2779//4365 2772//4365 2780//4365
f 2780//4366 2772//4366 2768//4366
f 2780//4367 2768//4367 2767//4367
f 2767//4368 2768//4368 2769//4368
f 2767//4369 2769//4369 2539//4369
f 2539//4370 2769//4370 2540//4370
f 2781//4371 2746//4371 2777//4371
f 2777//4372 2746//4372 2747//4372
f 2777//4373 2747//4373 2748//4373
f 2782//4374 2744//4374 2781//4374
f 2781//4375 2744//4375 2745//4375
f 2781//4376 2745//4376 2746//4376
f 2783//4377 2742//4377 2782//4377
f 2782//4378 2742//4378 2743//4378
f 2782//4379 2743//4379 2744//4379
f 2784//4380 2740//4380 2783//4380
f 2783//4381 2740//4381 2741//4381
f 2783//4382 2741//4382 2742//4382
f 807//4383 797//4383 2784//4383
f 2784//4384 797//4384 2739//4384
f 2784//4385 2739//4385 2740//4385
f 2644//4386 2642//4386 2773//4386
f 2773//4387 2642//4387 2762//4387
f 2773//4388 2762//4388 2774//4388
f 2774//4389 2762//4389 2785//4389
f 2774//4390 2785//4390 2776//4390
f 2776//4391 2785//4391 2786//4391
f 2776//4392 2786//4392 2775//4392
f 2775//4393 2786//4393 2787//4393
f 2775//4394 2787//4394 2777//4394
f 2777//4395 2787//4395 2788//4395
f 2777//4396 2788//4396 2781//4396
f 2781//4397 2788//4397 2789//4397
f 2781//4398 2789//4398 2782//4398
f 2782//4399 2789//4399 2790//4399
f 2782//4400 2790//4400 2783//4400
f 2783//4401 2790//4401 2791//4401
f 2783//4402 2791//4402 2784//4402
f 2784//4403 2791//4403 2792//4403
f 2784//4404 2792//4404 807//4404
f 807//4405 2792//4405 798//4405
f 2640//4406 2638//4406 2762//4406
f 2762//4407 2638//4407 2761//4407
f 2762//4408 2761//4408 2785//4408
f 2785//4409 2761//4409 2793//4409
f 2785//4410 2793//4410 2786//4410
f 2786//4411 2793//4411 2794//4411
f 2786//4412 2794//4412 2787//4412
f 2787//4413 2794//4413 2795//4413
f 2787//4414 2795//4414 2788//4414
f 2788//4415 2795//4415 2796//4415
f 2788//4416 2796//4416 2789//4416
f 2789//4417 2796//4417 2797//4417
f 2789//4418 2797//4418 2790//4418
f 2790//4419 2797//4419 2798//4419
f 2790//4420 2798//4420 2791//4420
f 2791//4421 2798//4421 2799//4421
f 2791//4422 2799//4422 2792//4422
f 2792//4423 2799//4423 2800//4423
f 2792//4424 2800//4424 798//4424
f 798//4425 2800//4425 799//4425
f 2636//4426 2634//4426 2761//4426
f 2761//4427 2634//4427 2760//4427
f 2761//4428 2760//4428 2793//4428
f 2793//4429 2760//4429 2801//4429
f 2793//4430 2801//4430 2794//4430
f 2794//4431 2801//4431 2802//4431
f 2794//4432 2802//4432 2795//4432
f 2795//4433 2802//4433 2803//4433
f 2795//4434 2803//4434 2796//4434
f 2796//4435 2803//4435 2804//4435
f 2796//4436 2804//4436 2797//4436
f 2797//4437 2804//4437 2805//4437
f 2797//4438 2805//4438 2798//4438
f 2798//4439 2805//4439 2806//4439
f 2798//4440 2806//4440 2799//4440
f 2799//4441 2806//4441 2807//4441
f 2799//4442 2807//4442 2800//4442
f 2800//4443 2807//4443 2808//4443
f 2800//4444 2808//4444 799//4444
f 799//4445 2808//4445 808//4445
f 2632//4446 2630//4446 2760//4446
f 2760//4447 2630//4447 2759//4447
f 2760//4448 2759//4448 2801//4448
f 2801//4449 2759//4449 2809//4449
f 2801//4450 2809//4450 2802//4450
f 2802//4451 2809//4451 2810//4451
f 2802//4452 2810//4452 2803//4452
f 2803//4453 2810//4453 2811//4453
f 2803//4454 2811//4454 2804//4454
f 2804//4455 2811//4455 2812//4455
f 2804//4456 2812//4456 2805//4456
f 2805//4457 2812//4457 2813//4457
f 2805//4458 2813//4458 2806//4458
f 2806//4459 2813//4459 2814//4459
f 2806//4460 2814//4460 2807//4460
f 2807//4461 2814//4461 2815//4461
f 2807//4462 2815//4462 2808//4462
f 2808//4463 2815//4463 2816//4463
f 2808//4464 2816//4464 808//4464
f 808//4465 2816//4465 809//4465
f 2628//4466 2626//4466 2759//4466
f 2759//4467 2626//4467 2758//4467
f 2759//4468 2758//4468 2809//4468
f 2809//4469 2758//4469 2817//4469
f 2809//4470 2817//4470 2810//4470
f 2810//4471 2817//4471 2818//4471
f 2810//4472 2818//4472 2811//4472
f 2811//4473 2818//4473 2819//4473
f 2811//4474 2819//4474 2812//4474
f 2812//4475 2819//4475 2820//4475
f 2812//4476 2820//4476 2813//4476
f 2813//4477 2820//4477 2821//4477
f 2813//4478 2821//4478 2814//4478
f 2814//4479 2821//4479 2822//4479
f 2814//4480 2822//4480 2815//4480
f 2815//4481 2822//4481 2823//4481
f 2815//4482 2823//4482 2816//4482
f 2816//4483 2823//4483 2824//4483
f 2816//4484 2824//4484 809//4484
f 809//4485 2824//4485 810//4485
f 2624//4486 2622//4486 2758//4486
f 2758//4487 2622//4487 2757//4487
f 2758//4488 2757//4488 2817//4488
f 2817//4489 2757//4489 2825//4489
f 2817//4490 2825//4490 2818//4490
f 2818//4491 2825//4491 2826//4491
f 2818//4492 2826//4492 2819//4492
f 2819//4493 2826//4493 2827//4493
f 2819//4494 2827//4494 2820//4494
f 2820//4495 2827//4495 2828//4495
f 2820//4496 2828//4496 2821//4496
f 2821//4497 2828//4497 2829//4497
f 2821//4498 2829//4498 2822//4498
f 2822//4499 2829//4499 2830//4499
f 2822//4500 2830//4500 2823//4500
f 2823//4501 2830//4501 2831//4501
f 2823//4502 2831//4502 2824//4502
f 2824//4503 2831//4503 2832//4503
f 2824//4504 2832//4504 810//4504
f 810//4505 2832//4505 815//4505
f 2620//4506 2618//4506 2757//4506
f 2757//4507 2618//4507 2756//4507
f 2757//4508 2756//4508 2825//4508
f 2825//4509 2756//4509 2778//4509
f 2825//4510 2778//4510 2826//4510
f 2826//4511 2778//4511 2779//4511
f 2826//4512 2779//4512 2827//4512
f 2827//4513 2779//4513 2780//4513
f 2827//4514 2780//4514 2828//4514
f 2828//4514 2780//4514 2767//4514
f 2828//4515 2767//4515 2829//4515
f 2829//4516 2767//4516 2766//4516
f 2829//4517 2766//4517 2830//4517
f 2830//4518 2766//4518 2765//4518
f 2830//4519 2765//4519 2831//4519
f 2831//4520 2765//4520 2764//4520
f 2831//4521 2764//4521 2832//4521
f 2832//4522 2764//4522 2763//4522
f 2832//4523 2763//4523 815//4523
f 815//4524 2763//4524 816//4524
f 2603//4525 2605//4525 2833//4525
f 2599//4526 2601//4526 2834//4526
f 2595//4527 2597//4527 2835//4527
f 2591//4528 2593//4528 2836//4528
f 2587//4529 2589//4529 2837//4529
f 2583//4530 2585//4530 2838//4530
f 2579//4531 2581//4531 2839//4531
f 88//4532 823//4532 87//4532
f 87//4533 823//4533 2559//4533
f 2607//4534 2609//4534 2840//4534
f 2840//4535 2609//4535 63//4535
f 2840//4536 63//4536 64//4536
f 1176//4537 1175//4537 2576//4537
f 2576//4538 1175//4538 2841//4538
f 2842//4539 2550//4539 2841//4539
f 2841//4540 2550//4540 2549//4540
f 2841//4541 2549//4541 2576//4541
f 2843//4542 2552//4542 2842//4542
f 2842//4543 2552//4543 2551//4543
f 2842//4544 2551//4544 2550//4544
f 2844//4545 2545//4545 2843//4545
f 2843//4546 2545//4546 2548//4546
f 2843//4547 2548//4547 2552//4547
f 2845//4548 2555//4548 2844//4548
f 2844//4549 2555//4549 2546//4549
f 2844//4550 2546//4550 2545//4550
f 2846//4551 2557//4551 2847//4551
f 2847//4552 2557//4552 2556//4552
f 64//4553 87//4553 2840//4553
f 2840//4554 87//4554 2559//4554
f 2840//4555 2559//4555 2848//4555
f 2848//4556 2559//4556 2558//4556
f 2848//4557 2558//4557 2849//4557
f 2849//4558 2558//4558 2554//4558
f 2849//4559 2554//4559 2846//4559
f 2846//4560 2554//4560 2553//4560
f 2846//4561 2553//4561 2557//4561
f 2850//4562 2851//4562 2852//4562
f 1178//4563 2577//4563 2853//4563
f 2853//4564 2577//4564 2850//4564
f 2853//4565 2850//4565 2854//4565
f 2854//4566 2850//4566 2852//4566
f 2855//4567 2856//4567 2857//4567
f 2857//4568 2856//4568 2858//4568
f 2857//4569 2858//4569 2851//4569
f 2851//4570 2858//4570 2859//4570
f 2851//4571 2859//4571 2852//4571
f 2860//4572 2861//4572 2855//4572
f 2855//4573 2861//4573 2862//4573
f 2855//4574 2862//4574 2856//4574
f 2605//4575 2607//4575 2833//4575
f 2833//4576 2607//4576 2840//4576
f 2833//4577 2840//4577 2863//4577
f 2863//4578 2840//4578 2848//4578
f 2863//4579 2848//4579 2864//4579
f 2864//4580 2848//4580 2849//4580
f 2864//4581 2849//4581 2865//4581
f 2865//4582 2849//4582 2846//4582
f 2865//4583 2846//4583 2845//4583
f 2845//4584 2846//4584 2847//4584
f 2845//4585 2847//4585 2555//4585
f 2555//4586 2847//4586 2556//4586
f 2866//4587 2867//4587 2860//4587
f 2860//4588 2867//4588 2868//4588
f 2860//4589 2868//4589 2861//4589
f 2869//4590 2870//4590 2866//4590
f 2866//4591 2870//4591 2871//4591
f 2866//4592 2871//4592 2867//4592
f 2872//4593 2873//4593 2869//4593
f 2869//4594 2873//4594 2874//4594
f 2869//4595 2874//4595 2870//4595
f 2875//4596 2876//4596 2872//4596
f 2872//4597 2876//4597 2877//4597
f 2872//4598 2877//4598 2873//4598
f 1146//4599 1161//4599 2875//4599
f 2875//4600 1161//4600 2878//4600
f 2875//4601 2878//4601 2876//4601
f 2577//4602 2579//4602 2850//4602
f 2850//4603 2579//4603 2839//4603
f 2850//4604 2839//4604 2851//4604
f 2851//4605 2839//4605 2879//4605
f 2851//4606 2879//4606 2857//4606
f 2857//4607 2879//4607 2880//4607
f 2857//4608 2880//4608 2855//4608
f 2855//4609 2880//4609 2881//4609
f 2855//4610 2881//4610 2860//4610
f 2860//4611 2881//4611 2882//4611
f 2860//4612 2882//4612 2866//4612
f 2866//4613 2882//4613 2883//4613
f 2866//4614 2883//4614 2869//4614
f 2869//4615 2883//4615 2884//4615
f 2869//4616 2884//4616 2872//4616
f 2872//4617 2884//4617 2885//4617
f 2872//4618 2885//4618 2875//4618
f 2875//4619 2885//4619 2886//4619
f 2875//4620 2886//4620 1146//4620
f 1146//4621 2886//4621 1132//4621
f 2581//4622 2583//4622 2839//4622
f 2839//4623 2583//4623 2838//4623
f 2839//4624 2838//4624 2879//4624
f 2879//4625 2838//4625 2887//4625
f 2879//4626 2887//4626 2880//4626
f 2880//4627 2887//4627 2888//4627
f 2880//4628 2888//4628 2881//4628
f 2881//4629 2888//4629 2889//4629
f 2881//4630 2889//4630 2882//4630
f 2882//4631 2889//4631 2890//4631
f 2882//4632 2890//4632 2883//4632
f 2883//4633 2890//4633 2891//4633
f 2883//4634 2891//4634 2884//4634
f 2884//4635 2891//4635 2892//4635
f 2884//4636 2892//4636 2885//4636
f 2885//4637 2892//4637 2893//4637
f 2885//4638 2893//4638 2886//4638
f 2886//4639 2893//4639 2894//4639
f 2886//4640 2894//4640 1132//4640
f 1132//4641 2894//4641 1133//4641
f 2585//4642 2587//4642 2838//4642
f 2838//4643 2587//4643 2837//4643
f 2838//4644 2837//4644 2887//4644
f 2887//4645 2837//4645 2895//4645
f 2887//4646 2895//4646 2888//4646
f 2888//4647 2895//4647 2896//4647
f 2888//4648 2896//4648 2889//4648
f 2889//4649 2896//4649 2897//4649
f 2889//4650 2897//4650 2890//4650
f 2890//4651 2897//4651 2898//4651
f 2890//4652 2898//4652 2891//4652
f 2891//4653 2898//4653 2899//4653
f 2891//4654 2899//4654 2892//4654
f 2892//4655 2899//4655 2900//4655
f 2892//4656 2900//4656 2893//4656
f 2893//4657 2900//4657 2901//4657
f 2893//4658 2901//4658 2894//4658
f 2894//4659 2901//4659 2902//4659
f 2894//4660 2902//4660 1133//4660
f 1133//4661 2902//4661 1165//4661
f 2589//4662 2591//4662 2837//4662
f 2837//4663 2591//4663 2836//4663
f 2837//4664 2836//4664 2895//4664
f 2895//4665 2836//4665 2903//4665
f 2895//4666 2903//4666 2896//4666
f 2896//4667 2903//4667 2904//4667
f 2896//4668 2904//4668 2897//4668
f 2897//4669 2904//4669 2905//4669
f 2897//4670 2905//4670 2898//4670
f 2898//4671 2905//4671 2906//4671
f 2898//4672 2906//4672 2899//4672
f 2899//4673 2906//4673 2907//4673
f 2899//4674 2907//4674 2900//4674
f 2900//4675 2907//4675 2908//4675
f 2900//4676 2908//4676 2901//4676
f 2901//4677 2908//4677 2909//4677
f 2901//4678 2909//4678 2902//4678
f 2902//4679 2909//4679 2910//4679
f 2902//4680 2910//4680 1165//4680
f 1165//4681 2910//4681 1166//4681
f 2593//4682 2595//4682 2836//4682
f 2836//4683 2595//4683 2835//4683
f 2836//4684 2835//4684 2903//4684
f 2903//4685 2835//4685 2911//4685
f 2903//4686 2911//4686 2904//4686
f 2904//4687 2911//4687 2912//4687
f 2904//4688 2912//4688 2905//4688
f 2905//4689 2912//4689 2913//4689
f 2905//4690 2913//4690 2906//4690
f 2906//4691 2913//4691 2914//4691
f 2906//4692 2914//4692 2907//4692
f 2907//4693 2914//4693 2915//4693
f 2907//4694 2915//4694 2908//4694
f 2908//4695 2915//4695 2916//4695
f 2908//4696 2916//4696 2909//4696
f 2909//4697 2916//4697 2917//4697
f 2909//4698 2917//4698 2910//4698
f 2910//4699 2917//4699 2918//4699
f 2910//4700 2918//4700 1166//4700
f 1166//4701 2918//4701 1167//4701
f 2597//4702 2599//4702 2835//4702
f 2835//4703 2599//4703 2834//4703
f 2835//4704 2834//4704 2911//4704
f 2911//4705 2834//4705 2919//4705
f 2911//4706 2919//4706 2912//4706
f 2912//4707 2919//4707 2920//4707
f 2912//4708 2920//4708 2913//4708
f 2913//4709 2920//4709 2921//4709
f 2913//4710 2921//4710 2914//4710
f 2914//4711 2921//4711 2922//4711
f 2914//4712 2922//4712 2915//4712
f 2915//4713 2922//4713 2923//4713
f 2915//4714 2923//4714 2916//4714
f 2916//4715 2923//4715 2924//4715
f 2916//4716 2924//4716 2917//4716
f 2917//4717 2924//4717 2925//4717
f 2917//4718 2925//4718 2918//4718
f 2918//4719 2925//4719 2926//4719
f 2918//4720 2926//4720 1167//4720
f 1167//4721 2926//4721 1174//4721
f 2601//4722 2603//4722 2834//4722
f 2834//4723 2603//4723 2833//4723
f 2834//4724 2833//4724 2919//4724
f 2919//4725 2833//4725 2863//4725
f 2919//4726 2863//4726 2920//4726
f 2920//4727 2863//4727 2864//4727
f 2920//4728 2864//4728 2921//4728
f 2921//4729 2864//4729 2865//4729
f 2921//4730 2865//4730 2922//4730
f 2922//4730 2865//4730 2845//4730
f 2922//4731 2845//4731 2923//4731
f 2923//4732 2845//4732 2844//4732
f 2923//4733 2844//4733 2924//4733
f 2924//4734 2844//4734 2843//4734
f 2924//4735 2843//4735 2925//4735
f 2925//4736 2843//4736 2842//4736
f 2925//4737 2842//4737 2926//4737
f 2926//4738 2842//4738 2841//4738
f 2926//4739 2841//4739 1174//4739
f 1174//4740 2841//4740 1175//4740
f 1180//4741 1178//4741 2927//4741
f 2927//4741 1178//4741 2853//4741
f 2927//4742 2853//4742 2928//4742
f 2928//4742 2853//4742 2854//4742
f 2928//4743 2854//4743 2929//4743
f 2929//4743 2854//4743 2852//4743
f 2929//4744 2852//4744 2930//4744
f 2930//4744 2852//4744 2859//4744
f 2930//4745 2859//4745 2931//4745
f 2931//4745 2859//4745 2858//4745
f 2931//4746 2858//4746 2932//4746
f 2932//4746 2858//4746 2856//4746
f 2932//4747 2856//4747 2933//4747
f 2933//4747 2856//4747 2862//4747
f 2933//4748 2862//4748 2934//4748
f 2934//4748 2862//4748 2861//4748
f 2934//4749 2861//4749 2935//4749
f 2935//4749 2861//4749 2868//4749
f 2935//4750 2868//4750 2936//4750
f 2936//4750 2868//4750 2867//4750
f 2936//4751 2867//4751 2937//4751
f 2937//4751 2867//4751 2871//4751
f 2937//4752 2871//4752 2938//4752
f 2938//4752 2871//4752 2870//4752
f 2938//4753 2870//4753 2939//4753
f 2939//4753 2870//4753 2874//4753
f 2939//4754 2874//4754 2940//4754
f 2940//4754 2874//4754 2873//4754
f 2940//4755 2873//4755 2941//4755
f 2941//4755 2873//4755 2877//4755
f 2941//4756 2877//4756 2942//4756
f 2942//4756 2877//4756 2876//4756
f 2942//4757 2876//4757 2943//4757
f 2943//4757 2876//4757 2878//4757
f 2943//4758 2878//4758 1159//4758
f 1159//4758 2878//4758 1161//4758
f 2942//4759 2943//4759 2944//4759
f 2940//4760 2941//4760 2945//4760
f 2938//4761 2939//4761 2946//4761
f 2936//4762 2937//4762 2947//4762
f 2934//4763 2935//4763 2948//4763
f 2932//4764 2933//4764 2949//4764
f 2950//4765 2643//4765 1180//4765
f 2//4766 1//4766 2611//4766
f 2568//4767 2567//4767 2951//4767
f 2565//4768 2564//4768 2952//4768
f 2572//4769 2571//4769 2953//4769
f 2570//4770 2569//4770 2954//4770
f 2574//4771 2573//4771 2955//4771
f 2560//4772 993//4772 5//4772
f 2956//4773 2561//4773 2560//4773
f 2573//4774 2563//4774 2957//4774
f 2957//4775 2563//4775 2562//4775
f 2957//4776 2562//4776 2561//4776
f 2574//4777 2955//4777 2575//4777
f 2575//4778 2955//4778 2958//4778
f 2575//4779 2958//4779 2569//4779
f 2570//4780 2954//4780 2571//4780
f 2572//4781 2953//4781 2564//4781
f 2565//4782 2952//4782 2567//4782
f 2568//4783 2951//4783 1150//4783
f 4//4784 2//4784 2959//4784
f 2959//4785 2//4785 2611//4785
f 2959//4786 2611//4786 2960//4786
f 2611//4787 2613//4787 2960//4787
f 2960//4788 2613//4788 2615//4788
f 2960//4789 2615//4789 2961//4789
f 2615//4790 2617//4790 2961//4790
f 2961//4791 2617//4791 2619//4791
f 2961//4792 2619//4792 2962//4792
f 2619//4793 2621//4793 2962//4793
f 2962//4794 2621//4794 2623//4794
f 2962//4795 2623//4795 2963//4795
f 2623//4796 2625//4796 2963//4796
f 2963//4797 2625//4797 2627//4797
f 2963//4798 2627//4798 2964//4798
f 2627//4799 2629//4799 2964//4799
f 2964//4800 2629//4800 2631//4800
f 2964//4801 2631//4801 2965//4801
f 2631//4802 2633//4802 2965//4802
f 2965//4803 2633//4803 2635//4803
f 2965//4804 2635//4804 2966//4804
f 2635//4805 2637//4805 2966//4805
f 2966//4806 2637//4806 2639//4806
f 2966//4807 2639//4807 2950//4807
f 2950//4808 2639//4808 2641//4808
f 2950//4809 2641//4809 2643//4809
f 4//4810 2959//4810 2967//4810
f 2967//4811 2959//4811 2960//4811
f 2967//4812 2960//4812 2968//4812
f 2968//4813 2960//4813 2961//4813
f 2968//4814 2961//4814 2969//4814
f 2969//4815 2961//4815 2962//4815
f 2969//4816 2962//4816 2970//4816
f 2970//4817 2962//4817 2963//4817
f 2970//4818 2963//4818 2971//4818
f 2971//4819 2963//4819 2964//4819
f 2971//4820 2964//4820 2972//4820
f 2972//4821 2964//4821 2965//4821
f 2972//4822 2965//4822 2973//4822
f 2973//4823 2965//4823 2966//4823
f 2973//4824 2966//4824 2974//4824
f 2974//4825 2966//4825 2950//4825
f 2974//4826 2950//4826 2975//4826
f 1180//4827 2927//4827 2950//4827
f 2950//4828 2927//4828 2928//4828
f 2950//4829 2928//4829 2975//4829
f 2975//4830 2928//4830 2929//4830
f 2975//4831 2929//4831 2930//4831
f 5//4832 4//4832 2560//4832
f 2560//4833 4//4833 2967//4833
f 2560//4834 2967//4834 2956//4834
f 2956//4835 2967//4835 2968//4835
f 2956//4836 2968//4836 2976//4836
f 2976//4837 2968//4837 2969//4837
f 2976//4838 2969//4838 2977//4838
f 2977//4839 2969//4839 2970//4839
f 2977//4840 2970//4840 2978//4840
f 2978//4841 2970//4841 2971//4841
f 2978//4842 2971//4842 2979//4842
f 2979//4843 2971//4843 2972//4843
f 2979//4844 2972//4844 2980//4844
f 2980//4845 2972//4845 2973//4845
f 2980//4846 2973//4846 2981//4846
f 2981//4847 2973//4847 2974//4847
f 2981//4848 2974//4848 2982//4848
f 2982//4849 2974//4849 2975//4849
f 2982//4850 2975//4850 2983//4850
f 2983//4851 2975//4851 2930//4851
f 2983//4852 2930//4852 2931//4852
f 2561//4853 2956//4853 2957//4853
f 2957//4854 2956//4854 2976//4854
f 2957//4855 2976//4855 2984//4855
f 2984//4856 2976//4856 2977//4856
f 2984//4857 2977//4857 2985//4857
f 2985//4858 2977//4858 2978//4858
f 2985//4859 2978//4859 2986//4859
f 2986//4860 2978//4860 2979//4860
f 2986//4861 2979//4861 2987//4861
f 2987//4862 2979//4862 2980//4862
f 2987//4863 2980//4863 2988//4863
f 2988//4864 2980//4864 2981//4864
f 2988//4865 2981//4865 2989//4865
f 2989//4866 2981//4866 2982//4866
f 2989//4867 2982//4867 2990//4867
f 2990//4868 2982//4868 2983//4868
f 2990//4869 2983//4869 2949//4869
f 2949//4870 2983//4870 2931//4870
f 2949//4871 2931//4871 2932//4871
f 2573//4872 2957//4872 2955//4872
f 2955//4873 2957//4873 2984//4873
f 2955//4874 2984//4874 2958//4874
f 2958//4875 2984//4875 2985//4875
f 2958//4875 2985//4875 2991//4875
f 2991//4876 2985//4876 2986//4876
f 2991//4877 2986//4877 2992//4877
f 2992//4878 2986//4878 2987//4878
f 2992//4879 2987//4879 2993//4879
f 2993//4880 2987//4880 2988//4880
f 2993//4881 2988//4881 2994//4881
f 2994//4882 2988//4882 2989//4882
f 2994//4883 2989//4883 2995//4883
f 2995//4884 2989//4884 2990//4884
f 2995//4885 2990//4885 2996//4885
f 2996//4886 2990//4886 2949//4886
f 2996//4887 2949//4887 2948//4887
f 2948//4888 2949//4888 2933//4888
f 2948//4889 2933//4889 2934//4889
f 2569//4890 2958//4890 2954//4890
f 2954//4891 2958//4891 2991//4891
f 2954//4892 2991//4892 2997//4892
f 2997//4893 2991//4893 2992//4893
f 2997//4894 2992//4894 2998//4894
f 2998//4895 2992//4895 2993//4895
f 2998//4896 2993//4896 2999//4896
f 2999//4897 2993//4897 2994//4897
f 2999//4898 2994//4898 3000//4898
f 3000//4899 2994//4899 2995//4899
f 3000//4900 2995//4900 3001//4900
f 3001//4901 2995//4901 2996//4901
f 3001//4902 2996//4902 3002//4902
f 3002//4903 2996//4903 2948//4903
f 3002//4904 2948//4904 2947//4904
f 2947//4905 2948//4905 2935//4905
f 2947//4906 2935//4906 2936//4906
f 2571//4907 2954//4907 2953//4907
f 2953//4908 2954//4908 2997//4908
f 2953//4909 2997//4909 3003//4909
f 3003//4910 2997//4910 2998//4910
f 3003//4911 2998//4911 3004//4911
f 3004//4912 2998//4912 2999//4912
f 3004//4913 2999//4913 3005//4913
f 3005//4914 2999//4914 3000//4914
f 3005//4915 3000//4915 3006//4915
f 3006//4916 3000//4916 3001//4916
f 3006//4917 3001//4917 3007//4917
f 3007//4918 3001//4918 3002//4918
f 3007//4919 3002//4919 3008//4919
f 3008//4920 3002//4920 2947//4920
f 3008//4921 2947//4921 2946//4921
f 2946//4922 2947//4922 2937//4922
f 2946//4923 2937//4923 2938//4923
f 2564//4924 2953//4924 2952//4924
f 2952//4925 2953//4925 3003//4925
f 2952//4926 3003//4926 3009//4926
f 3009//4927 3003//4927 3004//4927
f 3009//4928 3004//4928 3010//4928
f 3010//4929 3004//4929 3005//4929
f 3010//4930 3005//4930 3011//4930
f 3011//4931 3005//4931 3006//4931
f 3011//4932 3006//4932 3012//4932
f 3012//4933 3006//4933 3007//4933
f 3012//4934 3007//4934 3013//4934
f 3013//4935 3007//4935 3008//4935
f 3013//4936 3008//4936 3014//4936
f 3014//4937 3008//4937 2946//4937
f 3014//4938 2946//4938 2945//4938
f 2945//4939 2946//4939 2939//4939
f 2945//4940 2939//4940 2940//4940
f 2567//4941 2952//4941 2951//4941
f 2951//4942 2952//4942 3009//4942
f 2951//4943 3009//4943 3015//4943
f 3015//4944 3009//4944 3010//4944
f 3015//4945 3010//4945 3016//4945
f 3016//4946 3010//4946 3011//4946
f 3016//4947 3011//4947 3017//4947
f 3017//4948 3011//4948 3012//4948
f 3017//4949 3012//4949 3018//4949
f 3018//4950 3012//4950 3013//4950
f 3018//4951 3013//4951 3019//4951
f 3019//4952 3013//4952 3014//4952
f 3019//4953 3014//4953 3020//4953
f 3020//4954 3014//4954 2945//4954
f 3020//4955 2945//4955 2944//4955
f 2944//4956 2945//4956 2941//4956
f 2944//4957 2941//4957 2942//4957
f 1150//4958 2951//4958 1149//4958
f 1149//4959 2951//4959 3015//4959
f 1149//4960 3015//4960 1147//4960
f 1147//4961 3015//4961 3016//4961
f 1147//4962 3016//4962 1168//4962
f 1168//4963 3016//4963 3017//4963
f 1168//4964 3017//4964 1169//4964
f 1169//4965 3017//4965 3018//4965
f 1169//4966 3018//4966 1170//4966
f 1170//4967 3018//4967 3019//4967
f 1170//4968 3019//4968 1171//4968
f 1171//4969 3019//4969 3020//4969
f 1171//4970 3020//4970 1172//4970
f 1172//4971 3020//4971 2944//4971
f 1172//4972 2944//4972 1173//4972
f 1173//4973 2944//4973 2943//4973
f 1173//4974 2943//4974 1159//4974
# Vertices: 3020, normals: 4974, texture coordinates: 0, faces: 6048

