# File generated by ImageToStl.com - Free Image and 3D model conversion tools

o obj1
v 1.39046061 18.85482216 6.38843727
v 1.53277421 20.62854385 7.19000006
v 1.53277421 20.62854385 6.38843727
v 1.85971189 22.3776741 7.19000006
v 1.85971189 22.3776741 6.38843727
v 2.36769223 24.08304977 7.19000006
v 2.36769223 24.08304977 6.38843727
v 3.0511508 25.72598267 7.19000006
v 3.0511508 25.72598267 6.38843727
v 3.90259743 27.28847504 7.19000006
v 3.90259743 27.28847504 6.38843727
v 4.91270494 28.75340652 7.19000006
v 4.91270494 28.75340652 6.38843727
v 6.07040644 30.1047287 7.19000006
v 6.07040644 30.1047287 6.38843727
v 7.36301756 31.32763672 7.19000006
v 7.36301756 31.32763672 6.38843727
v 8.77637672 32.40872955 7.19000006
v 8.77637672 32.40872955 6.38843727
v 10.29499722 33.33616257 7.19000006
v 10.29499722 33.33616257 6.38843727
v 11.90224266 34.09977722 7.19000006
v 11.90224266 34.09977722 6.38843727
v 13.58050251 34.69120789 7.19000006
v 13.58050251 34.69120789 6.38843727
v 15.31138992 35.10396957 7.19000006
v 15.31138992 35.10396957 6.38843727
v 17.07594109 35.33354568 7.19000006
v 17.07594109 35.33354568 6.38843727
v 18.85482216 35.37741852 7.19000006
v 18.85482216 35.37741852 6.38843727
v 20.62854385 35.23510361 7.19000006
v 20.62854385 35.23510361 6.38843727
v 22.3776741 34.90816498 7.19000006
v 22.3776741 34.90816498 6.38843727
v 24.08304977 34.40018463 7.19000006
v 24.08304977 34.40018463 6.38843727
v 25.72598267 33.71672821 7.19000006
v 25.72598267 33.71672821 6.38843727
v 27.28847504 32.86528015 7.19000006
v 27.28847504 32.86528015 6.38843727
v 28.75340652 31.85517311 7.19000006
v 28.75340652 31.85517311 6.38843727
v 30.1047287 30.69747162 7.19000006
v 30.1047287 30.69747162 6.38843727
v 31.32763672 29.40485954 7.19000006
v 31.32763672 29.40485954 6.38843727
v 32.40872955 27.99150085 7.19000006
v 32.40872955 27.99150085 6.38843727
v 33.33616257 26.47288132 7.19000006
v 33.33616257 26.47288132 6.38843727
v 34.09977722 24.86563492 7.19000006
v 34.09977722 24.86563492 6.38843727
v 34.69120789 23.18737602 7.19000006
v 34.69120789 23.18737602 6.38843727
v 35.10396957 21.45648766 7.19000006
v 35.10396957 21.45648766 6.38843727
v 35.33354568 19.69193649 7.19000006
v 35.33354568 19.69193649 6.38843727
v 35.37741852 17.91305542 7.19000006
v 35.37741852 17.91305542 6.38843727
v 35.23510361 16.13933372 7.19000006
v 35.23510361 16.13933372 6.38843727
v 34.90816498 14.39020252 7.19000006
v 34.90816498 14.39020252 6.38843727
v 34.40018463 12.68482876 7.19000006
v 34.40018463 12.68482876 6.38843727
v 33.71672821 11.04189587 7.19000006
v 33.71672821 11.04189587 6.38843727
v 32.86528015 9.47940254 7.19000006
v 32.86528015 9.47940254 6.38843727
v 31.85517311 8.01447105 7.19000006
v 31.85517311 8.01447105 6.38843727
v 30.69747162 6.6631484 7.19000006
v 30.69747162 6.6631484 6.38843727
v 29.40485954 5.44024134 7.19000006
v 29.40485954 5.44024134 6.38843727
v 27.99150085 4.35914803 7.19000006
v 27.99150085 4.35914803 6.38843727
v 26.47288132 3.43171406 7.19000006
v 26.47288132 3.43171406 6.38843727
v 24.86563492 2.66809964 7.19000006
v 24.86563492 2.66809964 6.38843727
v 23.18737602 2.07667017 7.19000006
v 23.18737602 2.07667017 6.38843727
v 21.45648766 1.66390753 7.19000006
v 21.45648766 1.66390753 6.38843727
v 19.69193649 1.43433273 7.19000006
v 19.69193649 1.43433273 6.38843727
v 17.91305542 1.39046061 7.19000006
v 17.91305542 1.39046061 6.38843727
v 16.13933372 1.53277421 7.19000006
v 16.13933372 1.53277421 6.38843727
v 14.39020252 1.85971189 7.19000006
v 14.39020252 1.85971189 6.38843727
v 12.68482876 2.36769223 7.19000006
v 12.68482876 2.36769223 6.38843727
v 11.04189587 3.0511508 7.19000006
v 11.04189587 3.0511508 6.38843727
v 9.47940254 3.90259743 7.19000006
v 9.47940254 3.90259743 6.38843727
v 8.01447105 4.91270494 7.19000006
v 8.01447105 4.91270494 6.38843727
v 6.6631484 6.07040644 7.19000006
v 6.6631484 6.07040644 6.38843727
v 5.44024134 7.36301756 7.19000006
v 5.44024134 7.36301756 6.38843727
v 4.35914803 8.77637672 7.19000006
v 4.35914803 8.77637672 6.38843727
v 3.43171406 10.29499722 7.19000006
v 3.43171406 10.29499722 6.38843727
v 2.66809964 11.90224266 7.19000006
v 2.66809964 11.90224266 6.38843727
v 2.07667017 13.58050251 7.19000006
v 2.07667017 13.58050251 6.38843727
v 1.66390753 15.31138992 7.19000006
v 1.66390753 15.31138992 6.38843727
v 1.43433273 17.07594109 7.19000006
v 1.43433273 17.07594109 6.38843727
v 1.39046061 18.85482216 7.19000006
v 27.47339821 19.43475342 7.19000006
v 27.23133469 20.71762276 7.19000006
v 26.80916405 21.95298576 7.19000006
v 26.2154789 23.11569214 7.19000006
v 23.11569214 10.55239868 7.19000006
v 24.18207359 11.30551147 7.19000006
v 25.13042259 12.20272064 7.19000006
v 27.08852768 15.56389523 7.19000006
v 27.40126038 16.83139038 7.19000006
v 27.53042793 18.13049316 7.19000006
v 25.94143295 13.22576141 7.19000006
v 26.59859276 14.35380745 7.19000006
v 15.56389523 9.67935085 7.19000006
v 16.83139038 9.3666172 7.19000006
v 18.13049316 9.23744965 7.19000006
v 19.43475342 9.29447842 7.19000006
v 20.71762276 9.53654289 7.19000006
v 21.95298576 9.95871449 7.19000006
v 12.20272064 11.63745499 7.19000006
v 13.22576141 10.82644558 7.19000006
v 14.35380745 10.16928482 7.19000006
v 10.55239868 13.65218639 7.19000006
v 11.30551147 12.58580399 7.19000006
v 9.29447842 17.33312416 7.19000006
v 9.53654289 16.05025482 7.19000006
v 9.95871449 14.81489277 7.19000006
v 9.67935085 21.20398331 7.19000006
v 9.3666172 19.9364872 7.19000006
v 9.23744965 18.63738441 7.19000006
v 11.63745499 24.56515694 7.19000006
v 10.82644558 23.54211617 7.19000006
v 10.16928482 22.41407013 7.19000006
v 24.56515694 25.13042259 7.19000006
v 23.54211617 25.94143295 7.19000006
v 22.41407013 26.59859276 7.19000006
v 21.20398331 27.08852768 7.19000006
v 13.65218639 26.2154789 7.19000006
v 12.58580399 25.4623661 7.19000006
v 19.9364872 27.40126038 7.19000006
v 18.63738441 27.53042793 7.19000006
v 17.33312416 27.47339821 7.19000006
v 25.4623661 24.18207359 7.19000006
v 16.05025482 27.23133469 7.19000006
v 14.81489277 26.80916405 7.19000006
v 26.2644062 20.46257591 6.19000006
v 34.90880203 21.42062187 6.19000006
v 26.4800148 19.31991005 6.19000006
v 35.13569641 19.67666817 6.19000006
v 26.53081131 18.15819168 6.19000006
v 35.17905426 17.9185524 6.19000006
v 26.41576004 17.00106812 6.19000006
v 10.50347137 16.30530167 6.19000006
v 1.8590765 15.34725475 6.19000006
v 10.28786278 17.44796753 6.19000006
v 1.63218248 17.09120941 6.19000006
v 10.23706532 18.6096859 6.19000006
v 1.58882332 18.84932518 6.19000006
v 10.35211658 19.76680946 6.19000006
v 12.07911015 13.21947956 6.19000006
v 4.52285671 8.8885231 6.19000006
v 11.40830517 14.16931725 6.19000006
v 3.60624862 10.38941765 6.19000006
v 10.87950325 15.20495224 6.19000006
v 2.85154676 11.97790146 6.19000006
v 2.26702142 13.63657188 6.19000006
v 17.00106812 10.35211658 6.19000006
v 14.43682098 2.05259514 6.19000006
v 15.87209702 10.6306715 6.19000006
v 12.75135326 2.55464649 6.19000006
v 14.79425907 11.06706142 6.19000006
v 11.12759781 3.23012662 6.19000006
v 13.78949642 11.65240192 6.19000006
v 20.46257591 10.50347137 6.19000006
v 21.42062187 1.8590765 6.19000006
v 19.31991005 10.28786278 6.19000006
v 19.67666817 1.63218248 6.19000006
v 18.15819168 10.23706532 6.19000006
v 17.9185524 1.58882332 6.19000006
v 16.16553307 1.7294749 6.19000006
v 24.68876839 23.54839706 6.19000006
v 32.24502182 27.87935448 6.19000006
v 25.35957146 22.59856033 6.19000006
v 33.16162872 26.37845993 6.19000006
v 25.88837433 21.56292534 6.19000006
v 33.91633224 24.78997612 6.19000006
v 34.50085449 23.13130569 6.19000006
v 9.58334446 4.07163572 6.19000006
v 8.1355114 5.06995201 6.19000006
v 12.87826347 12.37477589 6.19000006
v 6.79996252 6.21414042 6.19000006
v 5.59133101 7.4916625 6.19000006
v 22.97838211 25.11547661 6.19000006
v 28.63236618 31.69792557 6.19000006
v 23.88961411 24.39310265 6.19000006
v 29.96791458 30.55373764 6.19000006
v 31.1765461 29.2762146 6.19000006
v 23.54839706 12.07911015 6.19000006
v 27.87935448 4.52285671 6.19000006
v 22.59856033 11.40830517 6.19000006
v 26.37845993 3.60624862 6.19000006
v 21.56292534 10.87950325 6.19000006
v 24.78997612 2.85154676 6.19000006
v 23.13130569 2.26702142 6.19000006
v 25.11547661 13.78949642 6.19000006
v 31.69792557 8.1355114 6.19000006
v 24.39310265 12.87826347 6.19000006
v 30.55373764 6.79996252 6.19000006
v 29.2762146 5.59133101 6.19000006
v 35.03840256 16.16553307 6.19000006
v 34.71528244 14.43682098 6.19000006
v 26.13720512 15.87209702 6.19000006
v 34.21323013 12.75135326 6.19000006
v 25.70081711 14.79425907 6.19000006
v 33.53775024 11.12759781 6.19000006
v 32.69624329 9.58334446 6.19000006
v 11.65240192 22.97838211 6.19000006
v 5.06995201 28.63236618 6.19000006
v 12.37477589 23.88961411 6.19000006
v 6.21414042 29.96791458 6.19000006
v 13.21947956 24.68876839 6.19000006
v 19.76680946 26.41576004 6.19000006
v 22.33105659 34.71528244 6.19000006
v 20.89578056 26.13720512 6.19000006
v 24.01652336 34.21323013 6.19000006
v 21.97361946 25.70081711 6.19000006
v 25.64027977 33.53775024 6.19000006
v 27.18453407 32.69624329 6.19000006
v 16.30530167 26.2644062 6.19000006
v 15.34725475 34.90880203 6.19000006
v 17.44796753 26.4800148 6.19000006
v 17.09120941 35.13569641 6.19000006
v 18.6096859 26.53081131 6.19000006
v 18.84932518 35.17905426 6.19000006
v 20.60234451 35.03840256 6.19000006
v 7.4916625 31.1765461 6.19000006
v 8.8885231 32.24502182 6.19000006
v 14.16931725 25.35957146 6.19000006
v 10.38941765 33.16162872 6.19000006
v 15.20495224 25.88837433 6.19000006
v 11.97790146 33.91633224 6.19000006
v 13.63657188 34.50085449 6.19000006
v 1.7294749 20.60234451 6.19000006
v 2.05259514 22.33105659 6.19000006
v 10.6306715 20.89578056 6.19000006
v 2.55464649 24.01652336 6.19000006
v 11.06706142 21.97361946 6.19000006
v 3.23012662 25.64027977 6.19000006
v 4.07163572 27.18453407 6.19000006
v 1.38393784 18.38393974 0.1984375
v 1.4770664 20.160923 1
v 1.4770664 20.160923 0.1984375
v 1.75542939 21.91843796 1
v 1.75542939 21.91843796 0.1984375
v 2.21597767 23.63722801 1
v 2.21597767 23.63722801 0.1984375
v 2.85366654 25.29846191 1
v 2.85366654 25.29846191 0.1984375
v 3.66150689 26.88393974 1
v 3.66150689 26.88393974 0.1984375
v 4.63064957 28.37628746 1
v 4.63064957 28.37628746 0.1984375
v 5.75047636 29.75915909 1
v 5.75047636 29.75915909 0.1984375
v 7.00871849 31.01740074 1
v 7.00871849 31.01740074 0.1984375
v 8.39159012 32.13722992 1
v 8.39159012 32.13722992 0.1984375
v 9.88393879 33.10636902 1
v 9.88393879 33.10636902 0.1984375
v 11.46941566 33.91421127 1
v 11.46941566 33.91421127 0.1984375
v 13.13064957 34.55189896 1
v 13.13064957 34.55189896 0.1984375
v 14.84943962 35.01244736 1
v 14.84943962 35.01244736 0.1984375
v 16.60695457 35.29080963 1
v 16.60695457 35.29080963 0.1984375
v 18.38393974 35.38394165 1
v 18.38393974 35.38394165 0.1984375
v 20.160923 35.29080963 1
v 20.160923 35.29080963 0.1984375
v 21.91843796 35.01244736 1
v 21.91843796 35.01244736 0.1984375
v 23.63722801 34.55189896 1
v 23.63722801 34.55189896 0.1984375
v 25.29846191 33.91421127 1
v 25.29846191 33.91421127 0.1984375
v 26.88393974 33.10636902 1
v 26.88393974 33.10636902 0.1984375
v 28.37628746 32.13722992 1
v 28.37628746 32.13722992 0.1984375
v 29.75915909 31.01740074 1
v 29.75915909 31.01740074 0.1984375
v 31.01740074 29.75915909 1
v 31.01740074 29.75915909 0.1984375
v 32.13722992 28.37628746 1
v 32.13722992 28.37628746 0.1984375
v 33.10636902 26.88393974 1
v 33.10636902 26.88393974 0.1984375
v 33.91421127 25.29846191 1
v 33.91421127 25.29846191 0.1984375
v 34.55189896 23.63722801 1
v 34.55189896 23.63722801 0.1984375
v 35.01244736 21.91843796 1
v 35.01244736 21.91843796 0.1984375
v 35.29080963 20.160923 1
v 35.29080963 20.160923 0.1984375
v 35.38394165 18.38393974 1
v 35.38394165 18.38393974 0.1984375
v 35.29080963 16.60695457 1
v 35.29080963 16.60695457 0.1984375
v 35.01244736 14.84943962 1
v 35.01244736 14.84943962 0.1984375
v 34.55189896 13.13064957 1
v 34.55189896 13.13064957 0.1984375
v 33.91421127 11.46941566 1
v 33.91421127 11.46941566 0.1984375
v 33.10636902 9.88393879 1
v 33.10636902 9.88393879 0.1984375
v 32.13722992 8.39159012 1
v 32.13722992 8.39159012 0.1984375
v 31.01740074 7.00871849 1
v 31.01740074 7.00871849 0.1984375
v 29.75915909 5.75047636 1
v 29.75915909 5.75047636 0.1984375
v 28.37628746 4.63064957 1
v 28.37628746 4.63064957 0.1984375
v 26.88393974 3.66150689 1
v 26.88393974 3.66150689 0.1984375
v 25.29846191 2.85366654 1
v 25.29846191 2.85366654 0.1984375
v 23.63722801 2.21597767 1
v 23.63722801 2.21597767 0.1984375
v 21.91843796 1.75542939 1
v 21.91843796 1.75542939 0.1984375
v 20.160923 1.4770664 1
v 20.160923 1.4770664 0.1984375
v 18.38393974 1.38393784 1
v 18.38393974 1.38393784 0.1984375
v 16.60695457 1.4770664 1
v 16.60695457 1.4770664 0.1984375
v 14.84943962 1.75542939 1
v 14.84943962 1.75542939 0.1984375
v 13.13064957 2.21597767 1
v 13.13064957 2.21597767 0.1984375
v 11.46941566 2.85366654 1
v 11.46941566 2.85366654 0.1984375
v 9.88393879 3.66150689 1
v 9.88393879 3.66150689 0.1984375
v 8.39159012 4.63064957 1
v 8.39159012 4.63064957 0.1984375
v 7.00871849 5.75047636 1
v 7.00871849 5.75047636 0.1984375
v 5.75047636 7.00871849 1
v 5.75047636 7.00871849 0.1984375
v 4.63064957 8.39159012 1
v 4.63064957 8.39159012 0.1984375
v 3.66150689 9.88393879 1
v 3.66150689 9.88393879 0.1984375
v 2.85366654 11.46941566 1
v 2.85366654 11.46941566 0.1984375
v 2.21597767 13.13064957 1
v 2.21597767 13.13064957 0.1984375
v 1.75542939 14.84943962 1
v 1.75542939 14.84943962 0.1984375
v 1.4770664 16.60695457 1
v 1.4770664 16.60695457 0.1984375
v 1.38393784 18.38393974 1
v 18.73650551 7.38959026 1
v 20.13953781 7.52493906 1
v 21.51374245 7.83859301 1
v 22.83655548 8.3253994 1
v 24.08625603 8.97736835 1
v 25.24232674 9.7837925 1
v 26.28578186 10.73143101 1
v 27.19948959 11.80472279 1
v 27.96844482 12.98604584 1
v 28.58002281 14.25600147 1
v 26.28578186 26.03644753 1
v 25.24232674 26.98408508 1
v 24.08625603 27.79050827 1
v 22.83655548 28.44247818 1
v 21.51374245 28.92928505 1
v 20.13953781 29.242939 1
v 29.02418137 21.17413902 1
v 28.58002281 22.51187515 1
v 27.96844482 23.78183174 1
v 27.19948959 24.96315384 1
v 29.02418137 15.59373856 1
v 29.29362869 16.9772892 1
v 29.38393784 18.38393974 1
v 29.29362869 19.79058838 1
v 14.58492279 28.70709229 1
v 13.29601765 28.13653183 1
v 12.09065533 27.4058342 1
v 10.98862934 26.52699661 1
v 10.00803375 25.51445198 1
v 9.16496944 24.38482285 1
v 18.73650551 29.37828827 1
v 17.32768631 29.3331089 1
v 15.93620872 29.10814667 1
v 13.29601765 8.6313467 1
v 14.58492279 8.06078625 1
v 15.93620872 7.65973139 1
v 17.32768631 7.43476868 1
v 7.40653944 19.08871078 1
v 7.40653944 17.67916679 1
v 7.58678818 16.28119469 1
v 7.94432592 14.91774845 1
v 8.47328091 13.6112175 1
v 8.47328091 23.15666008 1
v 7.94432592 21.85012817 1
v 7.58678818 20.48668289 1
v 9.16496944 12.38305473 1
v 10.00803375 11.25342655 1
v 10.98862934 10.24088097 1
v 12.09065533 9.36204338 1
v 14.93028831 8.99925423 0
v 11.55012798 3.0349474 0
v 13.75855637 9.51794529 0
v 9.98315811 3.833359 0
v 12.66277218 10.18221569 0
v 8.50822735 4.79118919 0
v 11.66092968 10.98115921 0
v 7.14149904 5.89794493 0
v 10.76947975 11.9016552 0
v 5.89794493 7.14149904 0
v 10.00305748 12.92858982 0
v 19.97993851 8.51212025 0
v 20.14018059 1.67441738 0
v 18.70445442 8.38907623 0
v 18.38393974 1.58237672 0
v 17.42370796 8.43014717 0
v 16.62769699 1.67441738 0
v 16.15872955 8.63465977 0
v 14.89069748 1.94953012 0
v 13.19197083 2.4047029 0
v 27.65310669 22.13660812 0
v 34.36317444 23.57590675 0
v 28.05688858 20.92048454 0
v 34.81834793 21.8771801 0
v 28.30183792 19.66271019 0
v 35.09346008 20.14018059 0
v 28.38393784 18.38393974 0
v 35.1855011 18.38393974 0
v 28.30183792 17.10516739 0
v 35.09346008 16.62769699 0
v 28.05688858 15.84739304 0
v 18.70445442 28.37880135 0
v 20.14018059 35.09346008 0
v 19.97993851 28.25575638 0
v 21.8771801 34.81834793 0
v 21.22921562 27.97061729 0
v 23.57590675 34.36317444 0
v 22.43177223 27.52806473 0
v 25.21775055 33.73292923 0
v 23.56786537 26.93536758 0
v 26.78471947 32.93451691 0
v 24.61883736 26.20225334 0
v 4.79118919 8.50822735 0
v 3.833359 9.98315811 0
v 9.37424946 14.04510117 0
v 3.0349474 11.55012798 0
v 8.89338207 15.23285675 0
v 2.4047029 13.19197083 0
v 8.56834698 16.47235298 0
v 1.94953012 14.89069748 0
v 8.40448475 17.74323654 0
v 25.5674324 11.42711353 0
v 29.62637901 5.89794493 0
v 24.61883736 10.56562328 0
v 28.25964928 4.79118919 0
v 23.56786537 9.83251095 0
v 26.78471947 3.833359 0
v 22.43177223 9.23981285 0
v 25.21775055 3.0349474 0
v 21.22921562 8.79726028 0
v 23.57590675 2.4047029 0
v 21.8771801 1.94953012 0
v 34.81834793 14.89069748 0
v 34.36317444 13.19197083 0
v 27.65310669 14.6312685 0
v 33.73292923 11.55012798 0
v 27.09712601 13.47676373 0
v 32.93451691 9.98315811 0
v 26.3980751 12.40283298 0
v 31.97668839 8.50822735 0
v 30.86993217 7.14149904 0
v 28.25964928 31.97668839 0
v 29.62637901 30.86993217 0
v 25.5674324 25.340765 0
v 30.86993217 29.62637901 0
v 26.3980751 24.36504364 0
v 31.97668839 28.25964928 0
v 27.09712601 23.29111481 0
v 32.93451691 26.78471947 0
v 33.73292923 25.21775055 0
v 13.75855637 27.24993134 0
v 11.55012798 33.73292923 0
v 14.93028831 27.76862335 0
v 13.19197083 34.36317444 0
v 16.15872955 28.13321877 0
v 14.89069748 34.81834793 0
v 17.42370796 28.33773041 0
v 16.62769699 35.09346008 0
v 18.38393974 35.1855011 0
v 1.67441738 16.62769699 0
v 1.58237672 18.38393974 0
v 8.40448475 19.02464104 0
v 1.67441738 20.14018059 0
v 8.56834698 20.2955246 0
v 1.94953012 21.8771801 0
v 8.89338207 21.53502083 0
v 2.4047029 23.57590675 0
v 9.37424946 22.72277641 0
v 3.0349474 25.21775055 0
v 3.833359 26.78471947 0
v 10.00305748 23.83928871 0
v 4.79118919 28.25964928 0
v 10.76947975 24.86622238 0
v 5.89794493 29.62637901 0
v 11.66092968 25.78671837 0
v 7.14149904 30.86993217 0
v 12.66277218 26.58566093 0
v 8.50822735 31.97668839 0
v 9.98315811 32.93451691 0
v 28.30183792 19.66271019 -0
v 28.05688858 20.92048454 -0
v 27.65310669 22.13660812 -0
v 27.09712601 23.29111481 -0
v 26.3980751 24.36504364 -0
v 25.5674324 25.340765 -0
v 24.61883736 26.20225334 -0
v 23.56786537 26.93536758 -0
v 22.43177223 27.52806473 -0
v 21.22921562 27.97061729 -0
v 19.97993851 28.25575638 -0
v 18.70445442 28.37880135 -0
v 17.42370796 28.33773041 -0
v 16.15872955 28.13321877 -0
v 14.93028831 27.76862335 -0
v 13.75855637 27.24993134 -0
v 12.66277218 26.58566093 -0
v 11.66092968 25.78671837 -0
v 10.76947975 24.86622238 -0
v 10.00305748 23.83928871 -0
v 9.37424946 22.72277641 -0
v 8.89338207 21.53502083 -0
v 8.56834698 20.2955246 -0
v 8.40448475 19.02464104 -0
v 8.40448475 17.74323654 -0
v 8.56834698 16.47235298 -0
v 8.89338207 15.23285675 -0
v 9.37424946 14.04510117 -0
v 10.00305748 12.92858982 -0
v 10.76947975 11.9016552 -0
v 11.66092968 10.98115921 -0
v 12.66277218 10.18221569 -0
v 13.75855637 9.51794529 -0
v 14.93028831 8.99925423 -0
v 16.15872955 8.63465977 -0
v 17.42370796 8.43014717 -0
v 18.70445442 8.38907623 -0
v 19.97993851 8.51212025 -0
v 21.22921562 8.79726028 -0
v 22.43177223 9.23981285 -0
v 23.56786537 9.83251095 -0
v 24.61883736 10.56562328 -0
v 25.5674324 11.42711353 -0
v 26.3980751 12.40283298 -0
v 27.09712601 13.47676373 -0
v 27.65310669 14.6312685 -0
v 28.05688858 15.84739304 -0
v 28.30183792 17.10516739 -0
v 28.38393784 18.38393974 -0
v 1.42979205 17.13616562 1
v 1.3922416 18.91519165 6.19000006
v 1.3922416 18.91519165 1
v 1.54085493 20.68839836 6.19000006
v 1.54085493 20.68839836 1
v 1.87400448 22.43635559 6.19000006
v 1.87400448 22.43635559 1
v 2.38804102 24.13991356 6.19000006
v 2.38804102 24.13991356 1
v 3.07733083 25.78040886 6.19000006
v 3.07733083 25.78040886 1
v 3.93432355 27.33986473 6.19000006
v 3.93432355 27.33986473 1
v 4.94962931 28.80120087 6.19000006
v 4.94962931 28.80120087 1
v 6.11212444 30.14840126 6.19000006
v 6.11212444 30.14840126 1
v 7.4090724 31.36670876 6.19000006
v 7.4090724 31.36670876 1
v 8.82626152 32.44277191 6.19000006
v 8.82626152 32.44277191 1
v 10.34816837 33.36480713 6.19000006
v 10.34816837 33.36480713 1
v 11.95811653 34.12270737 6.19000006
v 11.95811653 34.12270737 1
v 13.63846684 34.70816803 6.19000006
v 13.63846684 34.70816803 1
v 15.37081051 35.11478043 6.19000006
v 15.37081051 35.11478043 1
v 17.13616562 35.33808517 6.19000006
v 17.13616562 35.33808517 1
v 18.91519165 35.37563705 6.19000006
v 18.91519165 35.37563705 1
v 20.68839836 35.22702408 6.19000006
v 20.68839836 35.22702408 1
v 22.43635559 34.89387131 6.19000006
v 22.43635559 34.89387131 1
v 24.13991356 34.37983704 6.19000006
v 24.13991356 34.37983704 1
v 25.78040886 33.69054794 6.19000006
v 25.78040886 33.69054794 1
v 27.33986473 32.83355331 6.19000006
v 27.33986473 32.83355331 1
v 28.80120087 31.81824875 6.19000006
v 28.80120087 31.81824875 1
v 30.14840126 30.65575409 6.19000006
v 30.14840126 30.65575409 1
v 31.36670876 29.3588047 6.19000006
v 31.36670876 29.3588047 1
v 32.44277191 27.94161606 6.19000006
v 32.44277191 27.94161606 1
v 33.36480713 26.41970825 6.19000006
v 33.36480713 26.41970825 1
v 34.12270737 24.80976105 6.19000006
v 34.12270737 24.80976105 1
v 34.70816803 23.12940979 6.19000006
v 34.70816803 23.12940979 1
v 35.11478043 21.39706802 6.19000006
v 35.11478043 21.39706802 1
v 35.33808517 19.63171196 6.19000006
v 35.33808517 19.63171196 1
v 35.37563705 17.85268593 6.19000006
v 35.37563705 17.85268593 1
v 35.22702408 16.07947922 6.19000006
v 35.22702408 16.07947922 1
v 34.89387131 14.33152294 6.19000006
v 34.89387131 14.33152294 1
v 34.37983704 12.62796402 6.19000006
v 34.37983704 12.62796402 1
v 33.69054794 10.98746872 6.19000006
v 33.69054794 10.98746872 1
v 32.83355331 9.42801189 6.19000006
v 32.83355331 9.42801189 1
v 31.81824875 7.96667719 6.19000006
v 31.81824875 7.96667719 1
v 30.65575409 6.61947584 6.19000006
v 30.65575409 6.61947584 1
v 29.3588047 5.40116882 6.19000006
v 29.3588047 5.40116882 1
v 27.94161606 4.32510424 6.19000006
v 27.94161606 4.32510424 1
v 26.41970825 3.4030714 6.19000006
v 26.41970825 3.4030714 1
v 24.80976105 2.64517093 6.19000006
v 24.80976105 2.64517093 1
v 23.12940979 2.05970836 6.19000006
v 23.12940979 2.05970836 1
v 21.39706802 1.65309727 6.19000006
v 21.39706802 1.65309727 1
v 19.63171196 1.42979205 6.19000006
v 19.63171196 1.42979205 1
v 17.85268593 1.3922416 6.19000006
v 17.85268593 1.3922416 1
v 16.07947922 1.54085493 6.19000006
v 16.07947922 1.54085493 1
v 14.33152294 1.87400448 6.19000006
v 14.33152294 1.87400448 1
v 12.62796402 2.38804102 6.19000006
v 12.62796402 2.38804102 1
v 10.98746872 3.07733083 6.19000006
v 10.98746872 3.07733083 1
v 9.42801189 3.93432355 6.19000006
v 9.42801189 3.93432355 1
v 7.96667719 4.94962931 6.19000006
v 7.96667719 4.94962931 1
v 6.61947584 6.11212444 6.19000006
v 6.61947584 6.11212444 1
v 5.40116882 7.4090724 6.19000006
v 5.40116882 7.4090724 1
v 4.32510424 8.82626152 6.19000006
v 4.32510424 8.82626152 1
v 3.4030714 10.34816837 6.19000006
v 3.4030714 10.34816837 1
v 2.64517093 11.95811653 6.19000006
v 2.64517093 11.95811653 1
v 2.05970836 13.63846684 6.19000006
v 2.05970836 13.63846684 1
v 1.65309727 15.37081051 6.19000006
v 1.65309727 15.37081051 1
v 1.42979205 17.13616562 6.19000006
v 8.91110325 7.40598822 6.19000006
v 10.19980717 6.41439438 6.19000006
v 11.59143162 5.57332468 6.19000006
v 13.06847477 4.89335585 6.19000006
v 14.61236382 4.38303757 6.19000006
v 16.20368195 4.04878998 6.19000006
v 17.82241821 3.89481568 6.19000006
v 19.44821548 3.92305017 6.19000006
v 21.0606308 4.13313818 6.19000006
v 22.63938332 4.52243805 6.19000006
v 24.16462135 5.0860548 6.19000006
v 25.61716461 5.81690073 6.19000006
v 26.97874451 6.70578384 6.19000006
v 28.23224068 7.7415266 6.19000006
v 29.36188889 8.91110325 6.19000006
v 7.40598822 27.85677338 6.19000006
v 6.41439438 26.56807137 6.19000006
v 5.57332468 25.17644691 6.19000006
v 4.89335585 23.69940186 6.19000006
v 4.38303757 22.15551376 6.19000006
v 4.04878998 20.56419563 6.19000006
v 3.89481568 18.94545937 6.19000006
v 3.92305017 17.31966209 6.19000006
v 4.13313818 15.70724773 6.19000006
v 4.52243805 14.12849426 6.19000006
v 5.0860548 12.60325623 6.19000006
v 5.81690073 11.15071392 6.19000006
v 6.70578384 9.78913212 6.19000006
v 7.7415266 8.53563595 6.19000006
v 27.85677338 29.36188889 6.19000006
v 26.56807137 30.3534832 6.19000006
v 25.17644691 31.19455338 6.19000006
v 23.69940186 31.87452126 6.19000006
v 22.15551376 32.3848381 6.19000006
v 20.56419563 32.71908569 6.19000006
v 18.94545937 32.87306213 6.19000006
v 17.31966209 32.84482574 6.19000006
v 15.70724773 32.63473892 6.19000006
v 14.12849426 32.24544144 6.19000006
v 12.60325623 31.68182373 6.19000006
v 11.15071392 30.95097733 6.19000006
v 9.78913212 30.06209373 6.19000006
v 8.53563595 29.02635193 6.19000006
v 30.3534832 10.19980717 6.19000006
v 31.19455338 11.59143162 6.19000006
v 31.87452126 13.06847477 6.19000006
v 32.3848381 14.61236382 6.19000006
v 32.71908569 16.20368195 6.19000006
v 32.87306213 17.82241821 6.19000006
v 32.84482574 19.44821548 6.19000006
v 32.63473892 21.0606308 6.19000006
v 32.24544144 22.63938332 6.19000006
v 31.68182373 24.16462135 6.19000006
v 30.95097733 25.61716461 6.19000006
v 30.06209373 26.97874451 6.19000006
v 29.02635193 28.23224068 6.19000006
v 10.19980717 6.41439438 1
v 8.91110325 7.40598822 1
v 7.7415266 8.53563595 1
v 6.70578384 9.78913212 1
v 5.81690073 11.15071392 1
v 5.0860548 12.60325623 1
v 4.52243805 14.12849426 1
v 4.13313818 15.70724773 1
v 3.92305017 17.31966209 1
v 3.89481568 18.94545937 1
v 4.04878998 20.56419563 1
v 4.38303757 22.15551376 1
v 4.89335585 23.69940186 1
v 5.57332468 25.17644691 1
v 6.41439438 26.56807137 1
v 7.40598822 27.85677338 1
v 8.53563595 29.02635193 1
v 9.78913212 30.06209373 1
v 11.15071392 30.95097733 1
v 12.60325623 31.68182373 1
v 14.12849426 32.24544144 1
v 15.70724773 32.63473892 1
v 17.31966209 32.84482574 1
v 18.94545937 32.87306213 1
v 20.56419563 32.71908569 1
v 22.15551376 32.3848381 1
v 23.69940186 31.87452126 1
v 25.17644691 31.19455338 1
v 26.56807137 30.3534832 1
v 27.85677338 29.36188889 1
v 29.02635193 28.23224068 1
v 30.06209373 26.97874451 1
v 30.95097733 25.61716461 1
v 31.68182373 24.16462135 1
v 32.24544144 22.63938332 1
v 32.63473892 21.0606308 1
v 32.84482574 19.44821548 1
v 32.87306213 17.82241821 1
v 32.71908569 16.20368195 1
v 32.3848381 14.61236382 1
v 31.87452126 13.06847477 1
v 31.19455338 11.59143162 1
v 30.3534832 10.19980717 1
v 29.36188889 8.91110325 1
v 28.23224068 7.7415266 1
v 26.97874451 6.70578384 1
v 25.61716461 5.81690073 1
v 24.16462135 5.0860548 1
v 22.63938332 4.52243805 1
v 21.0606308 4.13313818 1
v 19.44821548 3.92305017 1
v 17.82241821 3.89481568 1
v 16.20368195 4.04878998 1
v 14.61236382 4.38303757 1
v 13.06847477 4.89335585 1
v 11.59143162 5.57332468 1
v 32.36387253 17.634655 14.14000034
v 25.6838932 18.41002846 14.14000034
v 25.59809875 17.26774406 14.14000034
v 24.90008926 15.09307575 14.14000034
v 31.29906464 12.98028183 14.14000034
v 25.33466911 16.15294266 14.14000034
v 31.8308506 14.48771763 14.14000034
v 32.18733597 16.04594803 14.14000034
v 22.69585037 12.49348831 14.14000034
v 27.58974648 7.83627939 14.14000034
v 23.56423378 13.2405405 14.14000034
v 28.73208237 8.95441437 14.14000034
v 24.30506134 14.1142416 14.14000034
v 29.7395153 10.19547749 14.14000034
v 30.59891129 11.54329109 14.14000034
v 32.3838501 18.43397522 14.14000034
v 32.35816193 19.23313141 14.14000034
v 25.5899353 19.55167198 14.14000034
v 32.17027283 20.82053757 14.14000034
v 25.31854439 20.66456223 14.14000034
v 20.66456223 11.44933319 14.14000034
v 23.50984192 5.35607958 14.14000034
v 21.7212944 11.89147758 14.14000034
v 24.96149254 6.02530718 14.14000034
v 26.32739639 6.85564852 14.14000034
v 14.1142416 12.46281624 14.14000034
v 11.19726944 6.36928988 14.14000034
v 15.09307575 11.86778831 14.14000034
v 12.61368084 5.62838602 14.14000034
v 16.15294266 11.43320847 14.14000034
v 14.10531616 5.05377054 14.14000034
v 17.26774406 11.16977882 14.14000034
v 15.04658222 24.87639999 14.14000034
v 11.11157227 30.34691048 14.14000034
v 14.07202625 24.27438927 14.14000034
v 9.79529953 29.43994522 14.14000034
v 13.2036438 23.52733612 14.14000034
v 8.59099293 28.38884735 14.14000034
v 12.46281624 22.65363503 14.14000034
v 18.35784912 25.6838932 14.14000034
v 17.13604355 32.32821274 14.14000034
v 17.2162056 25.5899353 14.14000034
v 15.55465031 32.09506989 14.14000034
v 16.10331535 25.31854439 14.14000034
v 14.01014137 31.68318176 14.14000034
v 12.52265072 31.09791946 14.14000034
v 20.61493492 25.33466911 14.14000034
v 21.89458084 31.93662834 14.14000034
v 19.50013351 25.59809875 14.14000034
v 20.32680702 32.24847031 14.14000034
v 18.73370552 32.37957001 14.14000034
v 23.52733612 23.56423378 14.14000034
v 27.51411629 28.99713135 14.14000034
v 22.65363503 24.30506134 14.14000034
v 26.24478912 29.96871376 14.14000034
v 21.67480087 24.90008926 14.14000034
v 24.87298584 30.78927231 14.14000034
v 23.41658783 31.44810486 14.14000034
v 15.65272999 4.6529336 14.14000034
v 17.2357502 4.43110132 14.14000034
v 18.41002846 11.08398533 14.14000034
v 18.83373642 4.39116669 14.14000034
v 19.55167198 11.17794132 14.14000034
v 20.42586136 4.53364754 14.14000034
v 21.99136543 4.85668993 14.14000034
v 12.49348831 14.07202625 14.14000034
v 7.57769918 9.48308563 14.14000034
v 13.2405405 13.2036438 14.14000034
v 8.66275787 8.30928516 14.14000034
v 9.87454796 7.26682329 14.14000034
v 31.80265808 22.37617874 14.14000034
v 31.26011086 23.879776 14.14000034
v 24.87639999 21.7212944 14.14000034
v 30.54970169 25.31172562 14.14000034
v 24.27438927 22.69585037 14.14000034
v 29.68069267 26.65336037 14.14000034
v 28.66441536 27.88719177 14.14000034
v 11.17794132 17.2162056 14.14000034
v 4.75919199 15.16426849 14.14000034
v 11.44933319 16.10331535 14.14000034
v 5.21501637 13.63215065 14.14000034
v 11.89147758 15.04658222 14.14000034
v 5.84251833 12.16198063 14.14000034
v 6.63351679 10.77292252 14.14000034
v 7.51435184 27.20732117 14.14000034
v 6.57941341 25.91076851 14.14000034
v 11.86778831 21.67480087 14.14000034
v 5.79836416 24.5160923 14.14000034
v 11.43320847 20.61493492 14.14000034
v 5.18138695 23.04147339 14.14000034
v 4.73652554 21.50613785 14.14000034
v 11.16977882 19.50013351 14.14000034
v 4.46958017 19.93009758 14.14000034
v 11.08398533 18.35784912 14.14000034
v 4.38402796 18.33390236 14.14000034
v 4.48098755 16.73835945 14.14000034
v 1.38404644 18.32317924 13.33843708
v 1.47082341 20.10048485 14.43999958
v 1.47082341 20.10048485 13.33843708
v 1.74290323 21.85898399 14.43999958
v 1.74290323 21.85898399 13.33843708
v 2.19730568 23.57940865 14.43999958
v 2.19730568 23.57940865 13.33843708
v 2.82905293 25.24291229 14.43999958
v 2.82905293 25.24291229 13.33843708
v 3.63122153 26.8312664 14.43999958
v 3.63122153 26.8312664 13.33843708
v 4.59502411 28.32706833 14.43999958
v 4.59502411 28.32706833 13.33843708
v 5.70990181 29.71393394 14.43999958
v 5.70990181 29.71393394 13.33843708
v 6.96363831 30.9766655 14.43999958
v 6.96363831 30.9766655 13.33843708
v 8.34249878 32.10142899 14.43999958
v 8.34249878 32.10142899 13.33843708
v 9.83137417 33.07589722 14.43999958
v 9.83137417 33.07589722 13.33843708
v 11.41395378 33.88940048 14.43999958
v 11.41395378 33.88940048 13.33843708
v 13.07289886 34.53302002 14.43999958
v 13.07289886 34.53302002 13.33843708
v 14.79003143 34.99971008 14.43999958
v 14.79003143 34.99971008 13.33843708
v 16.54654121 35.28435135 14.43999958
v 16.54654121 35.28435135 13.33843708
v 18.32317924 35.38383102 14.43999958
v 18.32317924 35.38383102 13.33843708
v 20.10048485 35.29705429 14.43999958
v 20.10048485 35.29705429 13.33843708
v 21.85898399 35.02497482 14.43999958
v 21.85898399 35.02497482 13.33843708
v 23.57940865 34.5705719 14.43999958
v 23.57940865 34.5705719 13.33843708
v 25.24291229 33.9388237 14.43999958
v 25.24291229 33.9388237 13.33843708
v 26.8312664 33.13665771 14.43999958
v 26.8312664 33.13665771 13.33843708
v 28.32706833 32.17285156 14.43999958
v 28.32706833 32.17285156 13.33843708
v 29.71393394 31.05797577 14.43999958
v 29.71393394 31.05797577 13.33843708
v 30.9766655 29.80423927 14.43999958
v 30.9766655 29.80423927 13.33843708
v 32.10142899 28.4253788 14.43999958
v 32.10142899 28.4253788 13.33843708
v 33.07589722 26.93650436 14.43999958
v 33.07589722 26.93650436 13.33843708
v 33.88940048 25.3539238 14.43999958
v 33.88940048 25.3539238 13.33843708
v 34.53302002 23.69497871 14.43999958
v 34.53302002 23.69497871 13.33843708
v 34.99971008 21.97784615 14.43999958
v 34.99971008 21.97784615 13.33843708
v 35.28435135 20.22133636 14.43999958
v 35.28435135 20.22133636 13.33843708
v 35.38383102 18.44469833 14.43999958
v 35.38383102 18.44469833 13.33843708
v 35.29705429 16.66739273 14.43999958
v 35.29705429 16.66739273 13.33843708
v 35.02497482 14.90889359 14.43999958
v 35.02497482 14.90889359 13.33843708
v 34.5705719 13.18846798 14.43999958
v 34.5705719 13.18846798 13.33843708
v 33.9388237 11.52496624 14.43999958
v 33.9388237 11.52496624 13.33843708
v 33.13665771 9.93661118 14.43999958
v 33.13665771 9.93661118 13.33843708
v 32.17285156 8.4408083 14.43999958
v 32.17285156 8.4408083 13.33843708
v 31.05797577 7.05394363 14.43999958
v 31.05797577 7.05394363 13.33843708
v 29.80423927 5.79121256 14.43999958
v 29.80423927 5.79121256 13.33843708
v 28.4253788 4.6664505 14.43999958
v 28.4253788 4.6664505 13.33843708
v 26.93650436 3.69198012 14.43999958
v 26.93650436 3.69198012 13.33843708
v 25.3539238 2.87847829 14.43999958
v 25.3539238 2.87847829 13.33843708
v 23.69497871 2.23485637 14.43999958
v 23.69497871 2.23485637 13.33843708
v 21.97784615 1.76816809 14.43999958
v 21.97784615 1.76816809 13.33843708
v 20.22133636 1.4835254 14.43999958
v 20.22133636 1.4835254 13.33843708
v 18.44469833 1.38404644 14.43999958
v 18.44469833 1.38404644 13.33843708
v 16.66739273 1.47082341 14.43999958
v 16.66739273 1.47082341 13.33843708
v 14.90889359 1.74290323 14.43999958
v 14.90889359 1.74290323 13.33843708
v 13.18846798 2.19730568 14.43999958
v 13.18846798 2.19730568 13.33843708
v 11.52496624 2.82905293 14.43999958
v 11.52496624 2.82905293 13.33843708
v 9.93661118 3.63122153 14.43999958
v 9.93661118 3.63122153 13.33843708
v 8.4408083 4.59502411 14.43999958
v 8.4408083 4.59502411 13.33843708
v 7.05394363 5.70990181 14.43999958
v 7.05394363 5.70990181 13.33843708
v 5.79121256 6.96363831 14.43999958
v 5.79121256 6.96363831 13.33843708
v 4.6664505 8.34249878 14.43999958
v 4.6664505 8.34249878 13.33843708
v 3.69198012 9.83137417 14.43999958
v 3.69198012 9.83137417 13.33843708
v 2.87847829 11.41395378 14.43999958
v 2.87847829 11.41395378 13.33843708
v 2.23485637 13.07289886 14.43999958
v 2.23485637 13.07289886 13.33843708
v 1.76816809 14.79003143 14.43999958
v 1.76816809 14.79003143 13.33843708
v 1.4835254 16.54654121 14.43999958
v 1.4835254 16.54654121 13.33843708
v 1.38404644 18.32317924 14.43999958
v 12.08397865 18.36142159 13.14000034
v 1.66824722 20.08044815 13.14000034
v 12.15802002 19.34723091 13.14000034
v 1.93715012 21.81842041 13.14000034
v 12.38536358 20.30931854 13.14000034
v 24.00746536 15.54387951 13.14000034
v 32.96445084 10.03521538 13.14000034
v 23.49394798 14.69913197 13.14000034
v 32.01189804 8.55687141 13.14000034
v 22.85460472 13.94511604 13.14000034
v 14.69913197 13.2739296 13.14000034
v 7.18619585 5.8578434 13.14000034
v 13.94511604 13.91327286 13.14000034
v 5.93820524 7.09694529 13.14000034
v 13.30039883 14.6626997 13.14000034
v 18.40645599 12.08397865 13.14000034
v 16.68742943 1.66824722 13.14000034
v 17.42064667 12.15802002 13.14000034
v 14.94945717 1.93715012 13.14000034
v 16.45855904 12.38536358 13.14000034
v 19.39170837 12.16506386 13.14000034
v 20.19989014 1.68080103 13.14000034
v 18.4439888 1.58248401 13.14000034
v 12.39927959 16.41572952 13.14000034
v 1.96212006 14.83198261 13.14000034
v 12.16506386 17.3761692 13.14000034
v 1.68080103 16.56798744 13.14000034
v 1.58248401 18.32388878 13.14000034
v 4.82657194 8.45971012 13.14000034
v 3.86347675 9.9312067 13.14000034
v 12.78085613 15.50375462 13.14000034
v 3.0594697 11.49531364 13.14000034
v 2.4233613 13.13489342 13.14000034
v 13.24911404 2.38624859 13.14000034
v 11.60502911 3.01062107 13.14000034
v 15.54387951 12.76041126 13.14000034
v 10.03521538 3.80342722 13.14000034
v 8.55687141 4.75597954 13.14000034
v 30.91003418 7.18619585 13.14000034
v 29.67093277 5.93820524 13.14000034
v 22.10517883 13.30039883 13.14000034
v 28.30816841 4.82657194 13.14000034
v 21.26412201 12.78085613 13.14000034
v 24.36859894 20.35214806 13.14000034
v 34.80575943 21.93589592 13.14000034
v 24.60281372 19.39170837 13.14000034
v 35.08707809 20.19989014 13.14000034
v 24.68389893 18.40645599 13.14000034
v 35.18539429 18.4439888 13.14000034
v 24.60985756 17.42064667 13.14000034
v 23.4674778 22.10517883 13.14000034
v 32.90439987 26.83666992 13.14000034
v 23.9870224 21.26412201 13.14000034
v 33.70840836 25.27256393 13.14000034
v 34.34451675 23.63298416 13.14000034
v 20.30931854 24.38251495 13.14000034
v 25.16284943 33.75725555 13.14000034
v 21.22399902 24.00746536 13.14000034
v 26.7326622 32.96445084 13.14000034
v 22.06874657 23.49394798 13.14000034
v 19.34723091 24.60985756 13.14000034
v 21.81842041 34.83072662 13.14000034
v 23.51876259 34.38162994 13.14000034
v 26.83666992 3.86347675 13.14000034
v 25.27256393 3.0594697 13.14000034
v 20.35214806 12.39927959 13.14000034
v 23.63298416 2.4233613 13.14000034
v 21.93589592 1.96212006 13.14000034
v 35.09963226 16.68742943 13.14000034
v 34.83072662 14.94945717 13.14000034
v 24.38251495 16.45855904 13.14000034
v 34.38162994 13.24911404 13.14000034
v 33.75725555 11.60502911 13.14000034
v 28.21100616 32.01189804 13.14000034
v 29.58168221 30.91003418 13.14000034
v 22.82276154 22.85460472 13.14000034
v 30.82967186 29.67093277 13.14000034
v 31.94130516 28.30816841 13.14000034
v 17.3761692 24.60281372 13.14000034
v 16.56798744 35.08707809 13.14000034
v 18.36142159 24.68389893 13.14000034
v 18.32388878 35.18539429 13.14000034
v 20.08044815 35.09963226 13.14000034
v 15.50375462 23.9870224 13.14000034
v 11.49531364 33.70840836 13.14000034
v 16.41572952 24.36859894 13.14000034
v 13.13489342 34.34451675 13.14000034
v 14.83198261 34.80575943 13.14000034
v 2.38624859 23.51876259 13.14000034
v 3.01062107 25.16284943 13.14000034
v 12.76041126 21.22399902 13.14000034
v 3.80342722 26.7326622 13.14000034
v 13.2739296 22.06874657 13.14000034
v 4.75597954 28.21100616 13.14000034
v 13.91327286 22.82276154 13.14000034
v 5.8578434 29.58168221 13.14000034
v 7.09694529 30.82967186 13.14000034
v 14.6626997 23.4674778 13.14000034
v 8.45971012 31.94130516 13.14000034
v 9.9312067 32.90439987 13.14000034
v 23.41658783 31.44810486 14.43999958
v 21.89458084 31.93662834 14.43999958
v 20.32680702 32.24847031 14.43999958
v 18.73370552 32.37957001 14.43999958
v 17.13604355 32.32821274 14.43999958
v 15.55465031 32.09506989 14.43999958
v 14.01014137 31.68318176 14.43999958
v 12.52265072 31.09791946 14.43999958
v 11.11157227 30.34691048 14.43999958
v 9.79529953 29.43994522 14.43999958
v 8.59099293 28.38884735 14.43999958
v 7.51435184 27.20732117 14.43999958
v 6.63351679 10.77292252 14.43999958
v 7.57769918 9.48308563 14.43999958
v 8.66275787 8.30928516 14.43999958
v 9.87454796 7.26682329 14.43999958
v 11.19726944 6.36928988 14.43999958
v 12.61368084 5.62838602 14.43999958
v 14.10531616 5.05377054 14.43999958
v 15.65272999 4.6529336 14.43999958
v 17.2357502 4.43110132 14.43999958
v 18.83373642 4.39116669 14.43999958
v 20.42586136 4.53364754 14.43999958
v 21.99136543 4.85668993 14.43999958
v 6.57941341 25.91076851 14.43999958
v 5.79836416 24.5160923 14.43999958
v 5.18138695 23.04147339 14.43999958
v 4.73652554 21.50613785 14.43999958
v 4.46958017 19.93009758 14.43999958
v 4.38402796 18.33390236 14.43999958
v 4.48098755 16.73835945 14.43999958
v 4.75919199 15.16426849 14.43999958
v 5.21501637 13.63215065 14.43999958
v 5.84251833 12.16198063 14.43999958
v 23.50984192 5.35607958 14.43999958
v 24.96149254 6.02530718 14.43999958
v 26.32739639 6.85564852 14.43999958
v 27.58974648 7.83627939 14.43999958
v 28.73208237 8.95441437 14.43999958
v 29.7395153 10.19547749 14.43999958
v 30.59891129 11.54329109 14.43999958
v 31.29906464 12.98028183 14.43999958
v 31.8308506 14.48771763 14.43999958
v 32.18733597 16.04594803 14.43999958
v 32.36387253 17.634655 14.43999958
v 32.3838501 18.43397522 14.43999958
v 32.35816193 19.23313141 14.43999958
v 32.17027283 20.82053757 14.43999958
v 31.80265808 22.37617874 14.43999958
v 31.26011086 23.879776 14.43999958
v 30.54970169 25.31172562 14.43999958
v 29.68069267 26.65336037 14.43999958
v 28.66441536 27.88719177 14.43999958
v 27.51411629 28.99713135 14.43999958
v 26.24478912 29.96871376 14.43999958
v 24.87298584 30.78927231 14.43999958
v 1.3839587 18.35736275 7.19000006
v 1.47430921 20.13449097 10.93999958
v 1.47430921 20.13449097 7.19000006
v 1.7499243 21.89243889 10.93999958
v 1.7499243 21.89243889 7.19000006
v 2.20778513 23.61194611 10.93999958
v 2.20778513 23.61194611 7.19000006
v 2.84287596 25.27417564 10.93999958
v 2.84287596 25.27417564 7.19000006
v 3.64823699 26.86091423 10.93999958
v 3.64823699 26.86091423 7.19000006
v 4.61504555 28.35477448 10.93999958
v 4.61504555 28.35477448 7.19000006
v 5.73270893 29.73939514 10.93999958
v 5.73270893 29.73939514 7.19000006
v 6.98898268 30.99960327 10.93999958
v 6.98898268 30.99960327 7.19000006
v 8.37010193 32.12158966 10.93999958
v 8.37010193 32.12158966 7.19000006
v 9.8609333 33.09306335 10.93999958
v 9.8609333 33.09306335 7.19000006
v 11.44514656 33.90338135 10.93999958
v 11.44514656 33.90338135 7.19000006
v 13.10538101 34.54366684 10.93999958
v 13.10538101 34.54366684 7.19000006
v 14.82344913 35.00690079 10.93999958
v 14.82344913 35.00690079 7.19000006
v 16.58052635 35.28801346 10.93999958
v 16.58052635 35.28801346 7.19000006
v 18.35736275 35.38391876 10.93999958
v 18.35736275 35.38391876 7.19000006
v 20.13449097 35.29356766 10.93999958
v 20.13449097 35.29356766 7.19000006
v 21.89243889 35.01795197 10.93999958
v 21.89243889 35.01795197 7.19000006
v 23.61194611 34.56009293 10.93999958
v 23.61194611 34.56009293 7.19000006
v 25.27417564 33.92500305 10.93999958
v 25.27417564 33.92500305 7.19000006
v 26.86091423 33.11964035 10.93999958
v 26.86091423 33.11964035 7.19000006
v 28.35477448 32.15283203 10.93999958
v 28.35477448 32.15283203 7.19000006
v 29.73939514 31.03516769 10.93999958
v 29.73939514 31.03516769 7.19000006
v 30.99960327 29.77889442 10.93999958
v 30.99960327 29.77889442 7.19000006
v 32.12158966 28.39777565 10.93999958
v 32.12158966 28.39777565 7.19000006
v 33.09306335 26.90694427 10.93999958
v 33.09306335 26.90694427 7.19000006
v 33.90338135 25.32273102 10.93999958
v 33.90338135 25.32273102 7.19000006
v 34.54366684 23.66249657 10.93999958
v 34.54366684 23.66249657 7.19000006
v 35.00690079 21.94442749 10.93999958
v 35.00690079 21.94442749 7.19000006
v 35.28801346 20.18735123 10.93999958
v 35.28801346 20.18735123 7.19000006
v 35.38391876 18.41051483 10.93999958
v 35.38391876 18.41051483 7.19000006
v 35.29356766 16.63338661 10.93999958
v 35.29356766 16.63338661 7.19000006
v 35.01795197 14.87543964 10.93999958
v 35.01795197 14.87543964 7.19000006
v 34.56009293 13.15593147 10.93999958
v 34.56009293 13.15593147 7.19000006
v 33.92500305 11.49370289 10.93999958
v 33.92500305 11.49370289 7.19000006
v 33.11964035 9.9069643 10.93999958
v 33.11964035 9.9069643 7.19000006
v 32.15283203 8.41310215 10.93999958
v 32.15283203 8.41310215 7.19000006
v 31.03516769 7.02848196 10.93999958
v 31.03516769 7.02848196 7.19000006
v 29.77889442 5.76827431 10.93999958
v 29.77889442 5.76827431 7.19000006
v 28.39777565 4.64628696 10.93999958
v 28.39777565 4.64628696 7.19000006
v 26.90694427 3.67481279 10.93999958
v 26.90694427 3.67481279 7.19000006
v 25.32273102 2.8644948 10.93999958
v 25.32273102 2.8644948 7.19000006
v 23.66249657 2.22420979 10.93999958
v 23.66249657 2.22420979 7.19000006
v 21.94442749 1.76097512 10.93999958
v 21.94442749 1.76097512 7.19000006
v 20.18735123 1.47986507 10.93999958
v 20.18735123 1.47986507 7.19000006
v 18.41051483 1.3839587 10.93999958
v 18.41051483 1.3839587 7.19000006
v 16.63338661 1.47430921 10.93999958
v 16.63338661 1.47430921 7.19000006
v 14.87543964 1.7499243 10.93999958
v 14.87543964 1.7499243 7.19000006
v 13.15593147 2.20778513 10.93999958
v 13.15593147 2.20778513 7.19000006
v 11.49370289 2.84287596 10.93999958
v 11.49370289 2.84287596 7.19000006
v 9.9069643 3.64823699 10.93999958
v 9.9069643 3.64823699 7.19000006
v 8.41310215 4.61504555 10.93999958
v 8.41310215 4.61504555 7.19000006
v 7.02848196 5.73270893 10.93999958
v 7.02848196 5.73270893 7.19000006
v 5.76827431 6.98898268 10.93999958
v 5.76827431 6.98898268 7.19000006
v 4.64628696 8.37010193 10.93999958
v 4.64628696 8.37010193 7.19000006
v 3.67481279 9.8609333 10.93999958
v 3.67481279 9.8609333 7.19000006
v 2.8644948 11.44514656 10.93999958
v 2.8644948 11.44514656 7.19000006
v 2.22420979 13.10538101 10.93999958
v 2.22420979 13.10538101 7.19000006
v 1.76097512 14.82344913 10.93999958
v 1.76097512 14.82344913 7.19000006
v 1.47986507 16.58052635 10.93999958
v 1.47986507 16.58052635 7.19000006
v 1.3839587 18.35736275 10.93999958
v 8.14693165 8.11487484 10.93999958
v 9.36106968 7.03326321 10.93999958
v 10.68867588 6.09439325 10.93999958
v 12.11305523 5.31007147 10.93999958
v 13.61629391 4.69016027 10.93999958
v 15.17948818 4.24245691 10.93999958
v 16.78298187 3.97259164 10.93999958
v 18.40660667 3.88395691 10.93999958
v 20.02994728 3.97766757 10.93999958
v 21.63258743 4.25254488 10.93999958
v 23.19437408 4.70513344 10.93999958
v 24.69566727 5.32974148 10.93999958
v 26.11758804 6.11851311 10.93999958
v 27.44225311 7.06152916 10.93999958
v 28.65300369 8.14693165 10.93999958
v 8.11487484 28.62094688 10.93999958
v 7.03326321 27.40680885 10.93999958
v 6.09439325 26.07920074 10.93999958
v 5.31007147 24.6548233 10.93999958
v 4.69016027 23.15158463 10.93999958
v 4.24245691 21.58838844 10.93999958
v 3.97259164 19.98489571 10.93999958
v 3.88395691 18.3612709 10.93999958
v 3.97766757 16.7379303 10.93999958
v 4.25254488 15.13529015 10.93999958
v 4.70513344 13.57350254 10.93999958
v 5.32974148 12.07220936 10.93999958
v 6.11851311 10.65028954 10.93999958
v 7.06152916 9.32562542 10.93999958
v 28.62094688 28.65300369 10.93999958
v 27.40680885 29.73461533 10.93999958
v 26.07920074 30.6734848 10.93999958
v 24.6548233 31.45780563 10.93999958
v 23.15158463 32.07771683 10.93999958
v 21.58838844 32.52542114 10.93999958
v 19.98489571 32.79528427 10.93999958
v 18.3612709 32.88392258 10.93999958
v 16.7379303 32.79021072 10.93999958
v 15.13529015 32.51533127 10.93999958
v 13.57350254 32.06274414 10.93999958
v 12.07220936 31.43813515 10.93999958
v 10.65028954 30.64936447 10.93999958
v 9.32562542 29.70634842 10.93999958
v 29.73461533 9.36106968 10.93999958
v 30.6734848 10.68867588 10.93999958
v 31.45780563 12.11305523 10.93999958
v 32.07771683 13.61629391 10.93999958
v 32.52542114 15.17948818 10.93999958
v 32.79528427 16.78298187 10.93999958
v 32.88392258 18.40660667 10.93999958
v 32.79021072 20.02994728 10.93999958
v 32.51533127 21.63258743 10.93999958
v 32.06274414 23.19437408 10.93999958
v 31.43813515 24.69566727 10.93999958
v 30.64936447 26.11758804 10.93999958
v 29.70634842 27.44225311 10.93999958
v 9.36106968 7.03326321 7.19000006
v 8.14693165 8.11487484 7.19000006
v 7.06152916 9.32562542 7.19000006
v 6.11851311 10.65028954 7.19000006
v 5.32974148 12.07220936 7.19000006
v 4.70513344 13.57350254 7.19000006
v 4.25254488 15.13529015 7.19000006
v 3.97766757 16.7379303 7.19000006
v 3.88395691 18.3612709 7.19000006
v 3.97259164 19.98489571 7.19000006
v 4.24245691 21.58838844 7.19000006
v 4.69016027 23.15158463 7.19000006
v 5.31007147 24.6548233 7.19000006
v 6.09439325 26.07920074 7.19000006
v 7.03326321 27.40680885 7.19000006
v 8.11487484 28.62094688 7.19000006
v 9.32562542 29.70634842 7.19000006
v 10.65028954 30.64936447 7.19000006
v 12.07220936 31.43813515 7.19000006
v 13.57350254 32.06274414 7.19000006
v 15.13529015 32.51533127 7.19000006
v 16.7379303 32.79021072 7.19000006
v 18.3612709 32.88392258 7.19000006
v 19.98489571 32.79528427 7.19000006
v 21.58838844 32.52542114 7.19000006
v 23.15158463 32.07771683 7.19000006
v 24.6548233 31.45780563 7.19000006
v 26.07920074 30.6734848 7.19000006
v 27.40680885 29.73461533 7.19000006
v 28.62094688 28.65300369 7.19000006
v 29.70634842 27.44225311 7.19000006
v 30.64936447 26.11758804 7.19000006
v 31.43813515 24.69566727 7.19000006
v 32.06274414 23.19437408 7.19000006
v 32.51533127 21.63258743 7.19000006
v 32.79021072 20.02994728 7.19000006
v 32.88392258 18.40660667 7.19000006
v 32.79528427 16.78298187 7.19000006
v 32.52542114 15.17948818 7.19000006
v 32.07771683 13.61629391 7.19000006
v 31.45780563 12.11305523 7.19000006
v 30.6734848 10.68867588 7.19000006
v 29.73461533 9.36106968 7.19000006
v 28.65300369 8.14693165 7.19000006
v 27.44225311 7.06152916 7.19000006
v 26.11758804 6.11851311 7.19000006
v 24.69566727 5.32974148 7.19000006
v 23.19437408 4.70513344 7.19000006
v 21.63258743 4.25254488 7.19000006
v 20.02994728 3.97766757 7.19000006
v 18.40660667 3.88395691 7.19000006
v 16.78298187 3.97259164 7.19000006
v 15.17948818 4.24245691 7.19000006
v 13.61629391 4.69016027 7.19000006
v 12.11305523 5.31007147 7.19000006
v 10.68867588 6.09439325 7.19000006
vn -0.9968 0.07998 0
vn -0.98298 0.18373 0
vn -0.95839 0.28547 0
vn -0.9233 0.38409 0
vn -0.87809 0.4785 0
vn -0.82326 0.56766 0
vn -0.75942 0.6506 0
vn -0.68725 0.72642 0
vn -0.60755 0.79428 0
vn -0.5212 0.85343 0
vn -0.42914 0.90324 0
vn -0.33237 0.94315 0
vn -0.23196 0.97272 0
vn -0.12902 0.99164 0
vn -0.02466 0.9997 0
vn 0.07998 0.9968 0
vn 0.18373 0.98298 0
vn 0.28547 0.95839 0
vn 0.38409 0.9233 0
vn 0.4785 0.87809 0
vn 0.56766 0.82326 0
vn 0.6506 0.75942 0
vn 0.72642 0.68725 0
vn 0.79428 0.60755 0
vn 0.85343 0.5212 0
vn 0.90324 0.42914 0
vn 0.94315 0.33237 0
vn 0.97272 0.23196 0
vn 0.99164 0.12902 0
vn 0.9997 0.02466 0
vn 0.9968 -0.07998 0
vn 0.98298 -0.18373 0
vn 0.95839 -0.28547 0
vn 0.9233 -0.38409 0
vn 0.87809 -0.4785 0
vn 0.82326 -0.56766 0
vn 0.75942 -0.6506 0
vn 0.68725 -0.72642 0
vn 0.60755 -0.79428 0
vn 0.5212 -0.85343 0
vn 0.42914 -0.90324 0
vn 0.33237 -0.94315 0
vn 0.23196 -0.97272 0
vn 0.12902 -0.99164 0
vn 0.02466 -0.9997 0
vn -0.07998 -0.9968 0
vn -0.18373 -0.98298 0
vn -0.28547 -0.95839 0
vn -0.38409 -0.9233 0
vn -0.4785 -0.87809 0
vn -0.56766 -0.82326 0
vn -0.6506 -0.75942 0
vn -0.72642 -0.68725 0
vn -0.79428 -0.60755 0
vn -0.85343 -0.5212 0
vn -0.90324 -0.42914 0
vn -0.94315 -0.33237 0
vn -0.97272 -0.23196 0
vn -0.99164 -0.12902 0
vn -0.9997 -0.02466 0
vn 0 0 1
vn 0 0 -1
vn -0.69573 -0.13128 0.7062
vn -0.69573 -0.13128 0.7062
vn -0.66997 -0.22895 0.7062
vn -0.66997 -0.22895 0.7062
vn -0.63056 -0.32197 0.7062
vn -0.63056 -0.32197 0.7062
vn -0.57832 -0.40843 0.7062
vn -0.57832 -0.40843 0.7062
vn -0.51431 -0.48658 0.7062
vn -0.43983 -0.55482 0.7062
vn -0.43983 -0.55482 0.7062
vn -0.35639 -0.61177 0.7062
vn -0.35639 -0.61177 0.7062
vn -0.2657 -0.65626 0.7062
vn -0.2657 -0.65626 0.7062
vn -0.1696 -0.68739 0.7062
vn -0.1696 -0.68739 0.7062
vn -0.07005 -0.70453 0.7062
vn -0.07005 -0.70453 0.7062
vn 0.03093 -0.70733 0.7062
vn 0.03093 -0.70733 0.7062
vn 0.13128 -0.69573 0.7062
vn 0.13128 -0.69573 0.7062
vn 0.22895 -0.66997 0.7062
vn 0.22895 -0.66997 0.7062
vn 0.32197 -0.63056 0.7062
vn 0.32197 -0.63056 0.7062
vn 0.40843 -0.57832 0.7062
vn 0.40843 -0.57832 0.7062
vn 0.48658 -0.51431 0.7062
vn 0.55482 -0.43983 0.7062
vn 0.55482 -0.43983 0.7062
vn 0.61177 -0.35639 0.7062
vn 0.61177 -0.35639 0.7062
vn 0.65626 -0.2657 0.7062
vn 0.65626 -0.2657 0.7062
vn 0.68739 -0.1696 0.7062
vn 0.68739 -0.1696 0.7062
vn 0.70453 -0.07005 0.7062
vn 0.70453 -0.07005 0.7062
vn 0.70733 0.03093 0.7062
vn 0.70733 0.03093 0.7062
vn 0.69573 0.13128 0.7062
vn 0.69573 0.13128 0.7062
vn 0.66997 0.22895 0.7062
vn 0.66997 0.22895 0.7062
vn 0.63056 0.32197 0.7062
vn 0.63056 0.32197 0.7062
vn 0.57832 0.40843 0.7062
vn 0.57832 0.40843 0.7062
vn 0.51431 0.48658 0.7062
vn 0.43983 0.55482 0.7062
vn 0.43983 0.55482 0.7062
vn 0.35639 0.61177 0.7062
vn 0.35639 0.61177 0.7062
vn 0.2657 0.65626 0.7062
vn 0.2657 0.65626 0.7062
vn 0.1696 0.68739 0.7062
vn 0.1696 0.68739 0.7062
vn 0.07005 0.70453 0.7062
vn 0.07005 0.70453 0.7062
vn -0.03093 0.70733 0.7062
vn -0.03093 0.70733 0.7062
vn -0.13128 0.69573 0.7062
vn -0.13128 0.69573 0.7062
vn -0.22895 0.66997 0.7062
vn -0.22895 0.66997 0.7062
vn -0.32197 0.63056 0.7062
vn -0.32197 0.63056 0.7062
vn -0.40843 0.57832 0.7062
vn -0.40843 0.57832 0.7062
vn -0.48658 0.51431 0.7062
vn -0.55482 0.43983 0.7062
vn -0.55482 0.43983 0.7062
vn -0.61177 0.35639 0.7062
vn -0.61177 0.35639 0.7062
vn -0.65626 0.2657 0.7062
vn -0.65626 0.2657 0.7062
vn -0.68739 0.1696 0.7062
vn -0.68739 0.1696 0.7062
vn -0.70453 0.07005 0.7062
vn -0.70453 0.07005 0.7062
vn -0.70733 -0.03093 0.7062
vn -0.70733 -0.03093 0.7062
vn 0.70738 0.01745 -0.70662
vn 0.70168 0.09129 -0.70662
vn 0.70168 0.09129 -0.70662
vn 0.68829 0.16414 -0.70662
vn 0.68829 0.16414 -0.70662
vn 0.66736 0.23518 -0.70662
vn 0.66737 0.23518 -0.70662
vn 0.63913 0.30365 -0.70662
vn 0.63912 0.30365 -0.70662
vn 0.60388 0.3688 -0.70662
vn 0.60388 0.3688 -0.70662
vn 0.56203 0.4299 -0.70662
vn 0.56202 0.4299 -0.70662
vn 0.51401 0.48629 -0.70662
vn 0.46036 0.53736 -0.70662
vn 0.46036 0.53736 -0.70662
vn 0.40167 0.58253 -0.70662
vn 0.40167 0.58253 -0.70662
vn 0.33858 0.62133 -0.70662
vn 0.33858 0.62133 -0.70662
vn 0.27178 0.65332 -0.70662
vn 0.27178 0.65332 -0.70662
vn 0.202 0.67815 -0.70662
vn 0.202 0.67815 -0.70662
vn 0.13001 0.69555 -0.70662
vn 0.13001 0.69554 -0.70662
vn 0.05659 0.70532 -0.70662
vn 0.05659 0.70532 -0.70662
vn -0.01745 0.70737 -0.70662
vn -0.01745 0.70738 -0.70662
vn -0.09129 0.70168 -0.70662
vn -0.09129 0.70168 -0.70662
vn -0.16414 0.68829 -0.70662
vn -0.16414 0.68829 -0.70662
vn -0.23518 0.66736 -0.70662
vn -0.23518 0.66737 -0.70662
vn -0.30365 0.63913 -0.70662
vn -0.30365 0.63912 -0.70662
vn -0.3688 0.60388 -0.70662
vn -0.3688 0.60388 -0.70662
vn -0.4299 0.56203 -0.70662
vn -0.4299 0.56202 -0.70662
vn -0.48629 0.51401 -0.70662
vn -0.53736 0.46036 -0.70662
vn -0.53736 0.46036 -0.70662
vn -0.58253 0.40167 -0.70662
vn -0.58253 0.40167 -0.70662
vn -0.62133 0.33858 -0.70662
vn -0.62133 0.33858 -0.70662
vn -0.65332 0.27178 -0.70662
vn -0.65332 0.27178 -0.70662
vn -0.67815 0.202 -0.70662
vn -0.67815 0.202 -0.70662
vn -0.69555 0.13001 -0.70662
vn -0.69554 0.13001 -0.70662
vn -0.70532 0.05659 -0.70662
vn -0.70532 0.05659 -0.70662
vn -0.70737 -0.01745 -0.70662
vn -0.70738 -0.01745 -0.70662
vn -0.70168 -0.09129 -0.70662
vn -0.70168 -0.09129 -0.70662
vn -0.68829 -0.16414 -0.70662
vn -0.68829 -0.16414 -0.70662
vn -0.66736 -0.23518 -0.70662
vn -0.66737 -0.23518 -0.70662
vn -0.63913 -0.30365 -0.70662
vn -0.63912 -0.30365 -0.70662
vn -0.60388 -0.3688 -0.70662
vn -0.60388 -0.3688 -0.70662
vn -0.56203 -0.4299 -0.70662
vn -0.56202 -0.4299 -0.70662
vn -0.51401 -0.48629 -0.70662
vn -0.46036 -0.53736 -0.70662
vn -0.46036 -0.53736 -0.70662
vn -0.40167 -0.58253 -0.70662
vn -0.40167 -0.58253 -0.70662
vn -0.33858 -0.62133 -0.70662
vn -0.33858 -0.62133 -0.70662
vn -0.27178 -0.65332 -0.70662
vn -0.27178 -0.65332 -0.70662
vn -0.202 -0.67815 -0.70662
vn -0.202 -0.67815 -0.70662
vn -0.13001 -0.69555 -0.70662
vn -0.13001 -0.69554 -0.70662
vn -0.05659 -0.70532 -0.70662
vn -0.05659 -0.70532 -0.70662
vn 0.01745 -0.70737 -0.70662
vn 0.01745 -0.70738 -0.70662
vn 0.09129 -0.70168 -0.70662
vn 0.09129 -0.70168 -0.70662
vn 0.16414 -0.68829 -0.70662
vn 0.16414 -0.68829 -0.70662
vn 0.23518 -0.66736 -0.70662
vn 0.23518 -0.66737 -0.70662
vn 0.30365 -0.63913 -0.70662
vn 0.30365 -0.63912 -0.70662
vn 0.3688 -0.60388 -0.70662
vn 0.3688 -0.60388 -0.70662
vn 0.4299 -0.56203 -0.70662
vn 0.4299 -0.56202 -0.70662
vn 0.48629 -0.51401 -0.70662
vn 0.53736 -0.46036 -0.70662
vn 0.53736 -0.46036 -0.70662
vn 0.58253 -0.40167 -0.70662
vn 0.58253 -0.40167 -0.70662
vn 0.62133 -0.33858 -0.70662
vn 0.62133 -0.33858 -0.70662
vn 0.65332 -0.27178 -0.70662
vn 0.65332 -0.27178 -0.70662
vn 0.67815 -0.202 -0.70662
vn 0.67815 -0.202 -0.70662
vn 0.69555 -0.13001 -0.70662
vn 0.69554 -0.13001 -0.70662
vn 0.70532 -0.05659 -0.70662
vn 0.70532 -0.05659 -0.70662
vn 0.70737 0.01745 -0.70662
vn -0.99863 0.05234 0
vn -0.98769 0.15643 0
vn -0.96593 0.25882 0
vn -0.93358 0.35837 0
vn -0.89101 0.45399 0
vn -0.83867 0.54464 0
vn -0.77715 0.62932 0
vn -0.70711 0.70711 0
vn -0.62932 0.77715 0
vn -0.54464 0.83867 0
vn -0.45399 0.89101 0
vn -0.35837 0.93358 0
vn -0.25882 0.96593 0
vn -0.15643 0.98769 0
vn -0.05234 0.99863 0
vn 0.05234 0.99863 -0
vn 0.15643 0.98769 -0
vn 0.25882 0.96593 -0
vn 0.35837 0.93358 -0
vn 0.45399 0.89101 -0
vn 0.54464 0.83867 -0
vn 0.62932 0.77715 -0
vn 0.70711 0.70711 -0
vn 0.77715 0.62932 -0
vn 0.83867 0.54464 -0
vn 0.89101 0.45399 -0
vn 0.93358 0.35837 -0
vn 0.96593 0.25882 -0
vn 0.98769 0.15643 -0
vn 0.99863 0.05234 -0
vn 0.99863 -0.05234 0
vn 0.98769 -0.15643 0
vn 0.96593 -0.25882 0
vn 0.93358 -0.35837 0
vn 0.89101 -0.45399 0
vn 0.83867 -0.54464 0
vn 0.77715 -0.62932 0
vn 0.70711 -0.70711 0
vn 0.62932 -0.77715 0
vn 0.54464 -0.83867 0
vn 0.45399 -0.89101 0
vn 0.35837 -0.93358 0
vn 0.25882 -0.96593 0
vn 0.15643 -0.98769 0
vn 0.05234 -0.99863 0
vn -0.05234 -0.99863 0
vn -0.15643 -0.98769 0
vn -0.25882 -0.96593 0
vn -0.35837 -0.93358 0
vn -0.45399 -0.89101 0
vn -0.54464 -0.83867 0
vn -0.62932 -0.77715 0
vn -0.70711 -0.70711 0
vn -0.77715 -0.62932 0
vn -0.83867 -0.54464 0
vn -0.89101 -0.45399 0
vn -0.93358 -0.35837 0
vn -0.96593 -0.25882 0
vn -0.98769 -0.15643 0
vn -0.99863 -0.05234 0
vn -0.69478 -0.13531 0.70638
vn -0.69478 -0.13531 0.70638
vn -0.67177 -0.22304 0.70638
vn -0.67177 -0.22304 0.70638
vn -0.63774 -0.30712 0.70638
vn -0.63774 -0.30712 0.70638
vn -0.59323 -0.38615 0.70638
vn -0.59323 -0.38615 0.70638
vn -0.53898 -0.45884 0.70638
vn -0.53898 -0.45884 0.70638
vn -0.47588 -0.52399 0.70638
vn -0.47588 -0.52399 0.70638
vn -0.40496 -0.58055 0.70638
vn -0.40496 -0.58055 0.70638
vn -0.3274 -0.62757 0.70638
vn -0.3274 -0.62756 0.70638
vn -0.24446 -0.66428 0.70638
vn -0.24446 -0.66428 0.70638
vn -0.15751 -0.69009 0.70638
vn -0.15751 -0.69009 0.70638
vn -0.06797 -0.70456 0.70638
vn -0.06797 -0.70456 0.70638
vn 0.02269 -0.70747 0.70638
vn 0.02269 -0.70747 0.70638
vn 0.11297 -0.69876 0.70638
vn 0.11297 -0.69876 0.70638
vn 0.2014 -0.67858 0.70638
vn 0.2014 -0.67858 0.70638
vn 0.28652 -0.64725 0.70638
vn 0.28652 -0.64725 0.70638
vn 0.36694 -0.6053 0.70638
vn 0.36694 -0.6053 0.70638
vn 0.44133 -0.55341 0.70638
vn 0.44133 -0.55341 0.70638
vn 0.50847 -0.49243 0.70638
vn 0.50847 -0.49243 0.70638
vn 0.56727 -0.42336 0.70638
vn 0.56727 -0.42336 0.70638
vn 0.61675 -0.34735 0.70638
vn 0.61675 -0.34735 0.70638
vn 0.6561 -0.26563 0.70638
vn 0.68468 -0.17955 0.70638
vn 0.68468 -0.17955 0.70638
vn 0.70202 -0.09052 0.70638
vn 0.70202 -0.09052 0.70638
vn 0.70783 0 0.70638
vn 0.70202 0.09052 0.70638
vn 0.70202 0.09052 0.70638
vn 0.68468 0.17955 0.70638
vn 0.68468 0.17955 0.70638
vn 0.6561 0.26563 0.70638
vn 0.61675 0.34735 0.70638
vn 0.61675 0.34735 0.70638
vn 0.56727 0.42336 0.70638
vn 0.56727 0.42336 0.70638
vn 0.50847 0.49243 0.70638
vn 0.50847 0.49243 0.70638
vn 0.44133 0.55341 0.70638
vn 0.44133 0.55341 0.70638
vn 0.36694 0.6053 0.70638
vn 0.36694 0.6053 0.70638
vn 0.28652 0.64725 0.70638
vn 0.28652 0.64725 0.70638
vn 0.2014 0.67858 0.70638
vn 0.2014 0.67858 0.70638
vn 0.11297 0.69876 0.70638
vn 0.11297 0.69876 0.70638
vn 0.02269 0.70747 0.70638
vn 0.02269 0.70747 0.70638
vn -0.06797 0.70456 0.70638
vn -0.06797 0.70456 0.70638
vn -0.15751 0.69009 0.70638
vn -0.15751 0.69009 0.70638
vn -0.24446 0.66428 0.70638
vn -0.24446 0.66428 0.70638
vn -0.3274 0.62756 0.70638
vn -0.3274 0.62756 0.70638
vn -0.40496 0.58055 0.70638
vn -0.40496 0.58055 0.70638
vn -0.47588 0.52399 0.70638
vn -0.47588 0.52399 0.70638
vn -0.53898 0.45884 0.70638
vn -0.53898 0.45884 0.70638
vn -0.59323 0.38615 0.70638
vn -0.59323 0.38615 0.70638
vn -0.63774 0.30712 0.70638
vn -0.63774 0.30712 0.70638
vn -0.67177 0.22304 0.70638
vn -0.67177 0.22304 0.70638
vn -0.69478 0.13531 0.70638
vn -0.69478 0.13531 0.70638
vn -0.70638 0.04535 0.70638
vn -0.70638 0.04535 0.70638
vn -0.70638 -0.04535 0.70638
vn -0.70638 -0.04535 0.70638
vn 0.70662 0.03703 -0.70662
vn 0.69888 0.11069 -0.70662
vn 0.69888 0.11069 -0.70662
vn 0.68348 0.18314 -0.70662
vn 0.68348 0.18314 -0.70662
vn 0.66059 0.25358 -0.70662
vn 0.66059 0.25358 -0.70662
vn 0.63047 0.32124 -0.70662
vn 0.63047 0.32124 -0.70662
vn 0.59344 0.38538 -0.70662
vn 0.59344 0.38538 -0.70662
vn 0.5499 0.4453 -0.70662
vn 0.5499 0.4453 -0.70662
vn 0.50034 0.50034 -0.70662
vn 0.4453 0.5499 -0.70662
vn 0.4453 0.5499 -0.70662
vn 0.38538 0.59344 -0.70662
vn 0.38538 0.59344 -0.70662
vn 0.32124 0.63047 -0.70662
vn 0.32124 0.63047 -0.70662
vn 0.25358 0.66059 -0.70662
vn 0.25358 0.66059 -0.70662
vn 0.18314 0.68348 -0.70662
vn 0.18314 0.68348 -0.70662
vn 0.11069 0.69888 -0.70662
vn 0.11069 0.69888 -0.70662
vn 0.03703 0.70662 -0.70662
vn 0.03703 0.70662 -0.70662
vn -0.03703 0.70662 -0.70662
vn -0.03703 0.70662 -0.70662
vn -0.11069 0.69888 -0.70662
vn -0.11069 0.69888 -0.70662
vn -0.18314 0.68348 -0.70662
vn -0.18314 0.68348 -0.70662
vn -0.25358 0.66059 -0.70662
vn -0.25358 0.66059 -0.70662
vn -0.32124 0.63047 -0.70662
vn -0.32124 0.63047 -0.70662
vn -0.38538 0.59344 -0.70662
vn -0.38538 0.59344 -0.70662
vn -0.4453 0.5499 -0.70662
vn -0.4453 0.5499 -0.70662
vn -0.50034 0.50034 -0.70662
vn -0.5499 0.4453 -0.70662
vn -0.5499 0.4453 -0.70662
vn -0.59344 0.38538 -0.70662
vn -0.59344 0.38538 -0.70662
vn -0.63047 0.32124 -0.70662
vn -0.63047 0.32124 -0.70662
vn -0.66059 0.25358 -0.70662
vn -0.66059 0.25358 -0.70662
vn -0.68348 0.18314 -0.70662
vn -0.68348 0.18314 -0.70662
vn -0.69888 0.11069 -0.70662
vn -0.69888 0.11069 -0.70662
vn -0.70662 0.03703 -0.70662
vn -0.70662 0.03703 -0.70662
vn -0.70662 -0.03703 -0.70662
vn -0.70662 -0.03703 -0.70662
vn -0.69888 -0.11069 -0.70662
vn -0.69888 -0.11069 -0.70662
vn -0.68348 -0.18314 -0.70662
vn -0.68348 -0.18314 -0.70662
vn -0.66059 -0.25358 -0.70662
vn -0.66059 -0.25358 -0.70662
vn -0.63047 -0.32124 -0.70662
vn -0.63047 -0.32124 -0.70662
vn -0.59344 -0.38538 -0.70662
vn -0.59344 -0.38538 -0.70662
vn -0.5499 -0.4453 -0.70662
vn -0.5499 -0.4453 -0.70662
vn -0.50034 -0.50034 -0.70662
vn -0.4453 -0.5499 -0.70662
vn -0.4453 -0.5499 -0.70662
vn -0.38538 -0.59344 -0.70662
vn -0.38538 -0.59344 -0.70662
vn -0.32124 -0.63047 -0.70662
vn -0.32124 -0.63047 -0.70662
vn -0.25358 -0.66059 -0.70662
vn -0.25358 -0.66059 -0.70662
vn -0.18314 -0.68348 -0.70662
vn -0.18314 -0.68348 -0.70662
vn -0.11069 -0.69888 -0.70662
vn -0.11069 -0.69888 -0.70662
vn -0.03703 -0.70662 -0.70662
vn -0.03703 -0.70662 -0.70662
vn 0.03703 -0.70662 -0.70662
vn 0.03703 -0.70662 -0.70662
vn 0.11069 -0.69888 -0.70662
vn 0.11069 -0.69888 -0.70662
vn 0.18314 -0.68348 -0.70662
vn 0.18314 -0.68348 -0.70662
vn 0.25358 -0.66059 -0.70662
vn 0.25358 -0.66059 -0.70662
vn 0.32124 -0.63047 -0.70662
vn 0.32124 -0.63047 -0.70662
vn 0.38538 -0.59344 -0.70662
vn 0.38538 -0.59344 -0.70662
vn 0.4453 -0.5499 -0.70662
vn 0.4453 -0.5499 -0.70662
vn 0.50034 -0.50034 -0.70662
vn 0.5499 -0.4453 -0.70662
vn 0.5499 -0.4453 -0.70662
vn 0.59344 -0.38538 -0.70662
vn 0.59344 -0.38538 -0.70662
vn 0.63047 -0.32124 -0.70662
vn 0.63047 -0.32124 -0.70662
vn 0.66059 -0.25358 -0.70662
vn 0.66059 -0.25358 -0.70662
vn 0.68348 -0.18314 -0.70662
vn 0.68348 -0.18314 -0.70662
vn 0.69888 -0.11069 -0.70662
vn 0.69888 -0.11069 -0.70662
vn 0.70662 -0.03703 -0.70662
vn 0.70662 -0.03703 -0.70662
vn 0.70662 0.03703 -0.70662
vn -0.99978 -0.0211 0
vn -0.99651 0.08352 0
vn -0.98232 0.18722 0
vn -0.95737 0.28888 0
vn -0.92193 0.38737 0
vn -0.87638 0.48161 0
vn -0.82124 0.57058 0
vn -0.7571 0.6533 0
vn -0.68466 0.72886 0
vn -0.60473 0.79643 0
vn -0.51816 0.85528 0
vn -0.42592 0.90476 0
vn -0.32902 0.94432 0
vn -0.22851 0.97354 0
vn -0.12549 0.99209 0
vn -0.0211 0.99978 0
vn 0.08352 0.99651 0
vn 0.18722 0.98232 0
vn 0.28888 0.95737 0
vn 0.38737 0.92193 0
vn 0.48161 0.87638 0
vn 0.57058 0.82124 0
vn 0.6533 0.7571 0
vn 0.72886 0.68466 0
vn 0.79643 0.60473 0
vn 0.85528 0.51816 0
vn 0.90476 0.42592 0
vn 0.94432 0.32902 0
vn 0.97354 0.22851 0
vn 0.99209 0.12549 0
vn 0.99978 0.0211 0
vn 0.99651 -0.08352 0
vn 0.98232 -0.18722 0
vn 0.95737 -0.28888 0
vn 0.92193 -0.38737 0
vn 0.87638 -0.48161 0
vn 0.82124 -0.57058 0
vn 0.7571 -0.6533 0
vn 0.68466 -0.72886 0
vn 0.60473 -0.79643 0
vn 0.51816 -0.85528 0
vn 0.42592 -0.90476 0
vn 0.32902 -0.94432 0
vn 0.22851 -0.97354 0
vn 0.12549 -0.99209 0
vn 0.0211 -0.99978 0
vn -0.08352 -0.99651 0
vn -0.18722 -0.98232 0
vn -0.28888 -0.95737 0
vn -0.38737 -0.92193 0
vn -0.48161 -0.87638 0
vn -0.57058 -0.82124 0
vn -0.6533 -0.7571 0
vn -0.72886 -0.68466 0
vn -0.79643 -0.60473 0
vn -0.85528 -0.51816 0
vn -0.90476 -0.42592 0
vn -0.94432 -0.32902 0
vn -0.97354 -0.22851 0
vn -0.99209 -0.12549 0
vn -0.99162 -0.1292 0
vn -0.97092 -0.23942 0
vn -0.93801 -0.34662 0
vn -0.8933 -0.44946 0
vn -0.83736 -0.54665 0
vn -0.77089 -0.63697 0
vn -0.69472 -0.71928 0
vn -0.60982 -0.79254 0
vn -0.51725 -0.85583 0
vn -0.41817 -0.90837 0
vn -0.31384 -0.94948 0
vn -0.20556 -0.97864 0
vn -0.09469 -0.99551 0
vn 0.01736 -0.99985 0
vn 0.1292 -0.99162 0
vn 0.23942 -0.97092 0
vn 0.34662 -0.93801 0
vn 0.44946 -0.8933 0
vn 0.54665 -0.83736 0
vn 0.63697 -0.77089 0
vn 0.71928 -0.69472 0
vn 0.79254 -0.60982 0
vn 0.85583 -0.51725 0
vn 0.90837 -0.41817 0
vn 0.94948 -0.31384 0
vn 0.97864 -0.20556 0
vn 0.99551 -0.09469 0
vn 0.99985 0.01736 0
vn 0.99162 0.1292 0
vn 0.97092 0.23942 0
vn 0.93801 0.34662 0
vn 0.8933 0.44946 0
vn 0.83736 0.54665 0
vn 0.77089 0.63697 0
vn 0.69472 0.71928 0
vn 0.60982 0.79254 0
vn 0.51725 0.85583 0
vn 0.41817 0.90837 0
vn 0.31384 0.94948 0
vn 0.20556 0.97864 0
vn 0.09469 0.99551 0
vn -0.01736 0.99985 0
vn -0.1292 0.99162 0
vn -0.23942 0.97092 0
vn -0.34662 0.93801 0
vn -0.44946 0.8933 0
vn -0.54665 0.83736 0
vn -0.63697 0.77089 0
vn -0.71928 0.69472 0
vn -0.79254 0.60982 0
vn -0.85583 0.51725 0
vn -0.90837 0.41817 0
vn -0.94948 0.31384 0
vn -0.97864 0.20556 0
vn -0.99551 0.09469 0
vn -0.99985 -0.01736 0
vn -0.99881 0.04877 0
vn -0.98824 0.1529 0
vn -0.96684 0.25537 0
vn -0.93486 0.35503 0
vn -0.89262 0.4508 0
vn -0.84061 0.54164 0
vn -0.77939 0.62654 0
vn -0.70963 0.70458 0
vn -0.63209 0.77489 0
vn -0.54763 0.83672 0
vn -0.45717 0.88938 0
vn -0.3617 0.93229 0
vn -0.26227 0.96499 0
vn -0.15996 0.98712 0
vn -0.05591 0.99844 0
vn 0.04877 0.99881 0
vn 0.1529 0.98824 0
vn 0.25537 0.96684 0
vn 0.35503 0.93486 0
vn 0.4508 0.89262 0
vn 0.54164 0.84061 0
vn 0.62654 0.77939 0
vn 0.70458 0.70963 0
vn 0.77489 0.63209 0
vn 0.83672 0.54763 0
vn 0.88938 0.45717 0
vn 0.93229 0.3617 0
vn 0.96499 0.26227 0
vn 0.98712 0.15996 0
vn 0.99844 0.05591 0
vn 0.99881 -0.04877 0
vn 0.98824 -0.1529 0
vn 0.96684 -0.25537 0
vn 0.93486 -0.35503 0
vn 0.89262 -0.4508 0
vn 0.84061 -0.54164 0
vn 0.77939 -0.62654 0
vn 0.70963 -0.70458 0
vn 0.63209 -0.77489 0
vn 0.54763 -0.83672 0
vn 0.45717 -0.88938 0
vn 0.3617 -0.93229 0
vn 0.26227 -0.96499 0
vn 0.15996 -0.98712 0
vn 0.05591 -0.99844 0
vn -0.04877 -0.99881 0
vn -0.1529 -0.98824 0
vn -0.25537 -0.96684 0
vn -0.35503 -0.93486 0
vn -0.4508 -0.89262 0
vn -0.54164 -0.84061 0
vn -0.62654 -0.77939 0
vn -0.70458 -0.70963 0
vn -0.77489 -0.63209 0
vn -0.83672 -0.54763 0
vn -0.88938 -0.45717 0
vn -0.93229 -0.3617 0
vn -0.96499 -0.26227 0
vn -0.98712 -0.15996 0
vn -0.99844 -0.05591 0
vn -0.68803 -0.16779 0.70601
vn -0.68803 -0.16779 0.70601
vn -0.65332 -0.27335 0.70601
vn -0.65332 -0.27335 0.70601
vn -0.60251 -0.37219 0.70601
vn -0.60251 -0.37219 0.70601
vn -0.53687 -0.46186 0.70601
vn -0.53687 -0.46186 0.70601
vn -0.45801 -0.54016 0.70601
vn -0.45801 -0.54016 0.70601
vn -0.36787 -0.60516 0.70601
vn -0.36787 -0.60516 0.70601
vn -0.26868 -0.65525 0.70601
vn -0.26868 -0.65525 0.70601
vn -0.16286 -0.68922 0.70601
vn -0.16286 -0.68922 0.70601
vn -0.05304 -0.70621 0.70601
vn -0.05304 -0.70621 0.70601
vn 0.05809 -0.70581 0.70601
vn 0.05809 -0.70581 0.70601
vn 0.16779 -0.68803 0.70601
vn 0.16779 -0.68803 0.70601
vn 0.27335 -0.65332 0.70601
vn 0.27335 -0.65332 0.70601
vn 0.37219 -0.60251 0.70601
vn 0.37219 -0.60251 0.70601
vn 0.46186 -0.53687 0.70601
vn 0.46186 -0.53687 0.70601
vn 0.54016 -0.45801 0.70601
vn 0.54016 -0.45801 0.70601
vn 0.60516 -0.36787 0.70601
vn 0.60516 -0.36787 0.70601
vn 0.65525 -0.26868 0.70601
vn 0.65525 -0.26868 0.70601
vn 0.68922 -0.16286 0.70601
vn 0.68922 -0.16286 0.70601
vn 0.70621 -0.05304 0.70601
vn 0.70621 -0.05304 0.70601
vn 0.70581 0.05809 0.70601
vn 0.70581 0.05809 0.70601
vn 0.68803 0.16779 0.70601
vn 0.68803 0.16779 0.70601
vn 0.65332 0.27335 0.70601
vn 0.65332 0.27335 0.70601
vn 0.60251 0.37219 0.70601
vn 0.60251 0.37219 0.70601
vn 0.53687 0.46186 0.70601
vn 0.53687 0.46186 0.70601
vn 0.45801 0.54016 0.70601
vn 0.45801 0.54016 0.70601
vn 0.36787 0.60516 0.70601
vn 0.36787 0.60516 0.70601
vn 0.26868 0.65525 0.70601
vn 0.26868 0.65525 0.70601
vn 0.16286 0.68922 0.70601
vn 0.16286 0.68922 0.70601
vn 0.05304 0.70621 0.70601
vn 0.05304 0.70621 0.70601
vn -0.05809 0.70581 0.70601
vn -0.05809 0.70581 0.70601
vn -0.16779 0.68803 0.70601
vn -0.16779 0.68803 0.70601
vn -0.27335 0.65332 0.70601
vn -0.27335 0.65332 0.70601
vn -0.37219 0.60251 0.70601
vn -0.37219 0.60251 0.70601
vn -0.46186 0.53687 0.70601
vn -0.46186 0.53687 0.70601
vn -0.54016 0.45801 0.70601
vn -0.54016 0.45801 0.70601
vn -0.60516 0.36787 0.70601
vn -0.60516 0.36787 0.70601
vn -0.65525 0.26868 0.70601
vn -0.65525 0.26868 0.70601
vn -0.68922 0.16286 0.70601
vn -0.68922 0.16286 0.70601
vn -0.70621 0.05304 0.70601
vn -0.70621 0.05304 0.70601
vn -0.70581 -0.05809 0.70601
vn -0.70581 -0.05809 0.70601
vn 0.70648 0.03956 -0.70662
vn 0.69848 0.11319 -0.70662
vn 0.69848 0.11319 -0.70662
vn 0.68282 0.18558 -0.70662
vn 0.68282 0.18558 -0.70662
vn 0.65968 0.25594 -0.70662
vn 0.65968 0.25594 -0.70662
vn 0.62932 0.32349 -0.70662
vn 0.62932 0.32349 -0.70662
vn 0.59205 0.3875 -0.70662
vn 0.59206 0.3875 -0.70662
vn 0.54831 0.44726 -0.70662
vn 0.54831 0.44726 -0.70662
vn 0.49855 0.50213 -0.70662
vn 0.44333 0.55149 -0.70662
vn 0.44333 0.55149 -0.70662
vn 0.38326 0.59481 -0.70662
vn 0.38326 0.59481 -0.70662
vn 0.31898 0.63161 -0.70662
vn 0.31898 0.63161 -0.70662
vn 0.25122 0.6615 -0.70662
vn 0.25122 0.6615 -0.70662
vn 0.18069 0.68413 -0.70662
vn 0.18069 0.68413 -0.70662
vn 0.10819 0.69927 -0.70662
vn 0.10819 0.69927 -0.70662
vn 0.03451 0.70675 -0.70662
vn 0.03451 0.70675 -0.70662
vn -0.03956 0.70648 -0.70662
vn -0.03956 0.70648 -0.70662
vn -0.11319 0.69848 -0.70662
vn -0.11319 0.69848 -0.70662
vn -0.18558 0.68282 -0.70662
vn -0.18558 0.68282 -0.70662
vn -0.25594 0.65968 -0.70662
vn -0.25594 0.65968 -0.70662
vn -0.32349 0.62932 -0.70662
vn -0.32349 0.62932 -0.70662
vn -0.3875 0.59205 -0.70662
vn -0.3875 0.59206 -0.70662
vn -0.44726 0.54831 -0.70662
vn -0.44726 0.54831 -0.70662
vn -0.50213 0.49855 -0.70662
vn -0.55149 0.44333 -0.70662
vn -0.55149 0.44333 -0.70662
vn -0.59481 0.38326 -0.70662
vn -0.59481 0.38326 -0.70662
vn -0.63161 0.31898 -0.70662
vn -0.63161 0.31898 -0.70662
vn -0.6615 0.25122 -0.70662
vn -0.6615 0.25122 -0.70662
vn -0.68413 0.18069 -0.70662
vn -0.68413 0.18069 -0.70662
vn -0.69927 0.10819 -0.70662
vn -0.69927 0.10819 -0.70662
vn -0.70675 0.03451 -0.70662
vn -0.70675 0.03451 -0.70662
vn -0.70648 -0.03956 -0.70662
vn -0.70648 -0.03956 -0.70662
vn -0.69848 -0.11319 -0.70662
vn -0.69848 -0.11319 -0.70662
vn -0.68282 -0.18558 -0.70662
vn -0.68282 -0.18558 -0.70662
vn -0.65968 -0.25594 -0.70662
vn -0.65968 -0.25594 -0.70662
vn -0.62932 -0.32349 -0.70662
vn -0.62932 -0.32349 -0.70662
vn -0.59205 -0.3875 -0.70662
vn -0.59206 -0.3875 -0.70662
vn -0.54831 -0.44726 -0.70662
vn -0.54831 -0.44726 -0.70662
vn -0.49855 -0.50213 -0.70662
vn -0.44333 -0.55149 -0.70662
vn -0.44333 -0.55149 -0.70662
vn -0.38326 -0.59481 -0.70662
vn -0.38326 -0.59481 -0.70662
vn -0.31898 -0.63161 -0.70662
vn -0.31898 -0.63161 -0.70662
vn -0.25122 -0.6615 -0.70662
vn -0.25122 -0.6615 -0.70662
vn -0.18069 -0.68413 -0.70662
vn -0.18069 -0.68413 -0.70662
vn -0.10819 -0.69927 -0.70662
vn -0.10819 -0.69927 -0.70662
vn -0.03451 -0.70675 -0.70662
vn -0.03451 -0.70675 -0.70662
vn 0.03956 -0.70648 -0.70662
vn 0.03956 -0.70648 -0.70662
vn 0.11319 -0.69848 -0.70662
vn 0.11319 -0.69848 -0.70662
vn 0.18558 -0.68282 -0.70662
vn 0.18558 -0.68282 -0.70662
vn 0.25594 -0.65968 -0.70662
vn 0.25594 -0.65968 -0.70662
vn 0.32349 -0.62932 -0.70662
vn 0.32349 -0.62932 -0.70662
vn 0.3875 -0.59205 -0.70662
vn 0.3875 -0.59206 -0.70662
vn 0.44726 -0.54831 -0.70662
vn 0.44726 -0.54831 -0.70662
vn 0.50213 -0.49855 -0.70662
vn 0.55149 -0.44333 -0.70662
vn 0.55149 -0.44333 -0.70662
vn 0.59481 -0.38326 -0.70662
vn 0.59481 -0.38326 -0.70662
vn 0.63161 -0.31898 -0.70662
vn 0.63161 -0.31898 -0.70662
vn 0.6615 -0.25122 -0.70662
vn 0.6615 -0.25122 -0.70662
vn 0.68413 -0.18069 -0.70662
vn 0.68413 -0.18069 -0.70662
vn 0.69927 -0.10819 -0.70662
vn 0.69927 -0.10819 -0.70662
vn 0.70675 -0.03451 -0.70662
vn 0.70675 -0.03451 -0.70662
vn 0.70648 0.03956 -0.70662
vn 0.99857 -0.05352 0
vn 0.98596 -0.167 0
vn 0.96049 -0.2783 0
vn 0.92251 -0.38598 0
vn 0.8725 -0.48862 0
vn 0.81111 -0.58489 0
vn 0.73915 -0.67354 0
vn 0.65756 -0.7534 0
vn 0.56739 -0.82345 0
vn 0.46983 -0.88276 0
vn 0.36614 -0.93056 0
vn 0.25767 -0.96623 0
vn 0.14585 -0.98931 0
vn 0.03213 -0.99948 0
vn -0.08201 -0.99663 -0
vn -0.19509 -0.98079 -0
vn -0.30562 -0.95215 -0
vn -0.41216 -0.91111 -0
vn -0.51333 -0.85819 -0
vn -0.60781 -0.79408 -0
vn -0.69437 -0.71962 -0
vn -0.77187 -0.63578 -0
vn -0.83932 -0.54364 -0
vn -0.89582 -0.44443 -0
vn -0.94064 -0.33941 -0
vn -0.9732 -0.22998 -0
vn -0.99307 -0.11754 -0
vn -0.99948 -0.03213 -0
vn -0.99948 -0.03213 -0
vn -0.99969 0.02498 0
vn -0.99969 0.02498 0
vn -0.99388 0.11044 0
vn -0.97482 0.22301 0
vn -0.94304 0.33268 0
vn -0.89897 0.43801 0
vn -0.84318 0.53763 0
vn -0.7764 0.63024 0
vn -0.6995 0.71464 0
vn -0.61347 0.78971 0
vn -0.51945 0.8545 0
vn -0.41866 0.90814 0
vn -0.31241 0.94995 0
vn -0.20209 0.97937 0
vn -0.08913 0.99602 0
vn 0.02498 0.99969 0
vn 0.13878 0.99032 0
vn 0.25076 0.96805 0
vn 0.35947 0.93315 0
vn 0.4635 0.8861 0
vn 0.56149 0.82748 0
vn 0.65216 0.75809 0
vn 0.73432 0.6788 0
vn 0.80691 0.59067 0
vn 0.86898 0.49484 0
vn 0.91973 0.39256 0
vn 0.95848 0.28516 0
vn 0.98474 0.17404 0
vn 0.99816 0.06066 0
vn -0.99871 0.05078 0
vn -0.98793 0.15489 0
vn -0.96633 0.25731 0
vn -0.93414 0.35691 0
vn -0.89172 0.4526 0
vn -0.83952 0.54333 0
vn -0.77813 0.6281 0
vn -0.70821 0.706 0
vn -0.63053 0.77616 0
vn -0.54595 0.83782 0
vn -0.45538 0.8903 0
vn -0.35983 0.93302 0
vn -0.26033 0.96552 0
vn -0.15798 0.98744 0
vn -0.0539 0.99855 0
vn 0.05078 0.99871 0
vn 0.15489 0.98793 0
vn 0.25731 0.96633 0
vn 0.35691 0.93414 0
vn 0.4526 0.89172 0
vn 0.54333 0.83952 0
vn 0.6281 0.77813 0
vn 0.706 0.70821 0
vn 0.77616 0.63053 0
vn 0.83782 0.54595 0
vn 0.8903 0.45538 0
vn 0.93302 0.35983 0
vn 0.96552 0.26033 0
vn 0.98744 0.15798 0
vn 0.99855 0.0539 0
vn 0.99871 -0.05078 0
vn 0.98793 -0.15489 0
vn 0.96633 -0.25731 0
vn 0.93414 -0.35691 0
vn 0.89172 -0.4526 0
vn 0.83952 -0.54333 0
vn 0.77813 -0.6281 0
vn 0.70821 -0.706 0
vn 0.63053 -0.77616 0
vn 0.54595 -0.83782 0
vn 0.45538 -0.8903 0
vn 0.35983 -0.93302 0
vn 0.26033 -0.96552 0
vn 0.15798 -0.98744 0
vn 0.0539 -0.99855 0
vn -0.05078 -0.99871 0
vn -0.15489 -0.98793 0
vn -0.25731 -0.96633 0
vn -0.35691 -0.93414 0
vn -0.4526 -0.89172 0
vn -0.54333 -0.83952 0
vn -0.6281 -0.77813 0
vn -0.706 -0.70821 0
vn -0.77616 -0.63053 0
vn -0.83782 -0.54595 0
vn -0.8903 -0.45538 0
vn -0.93302 -0.35983 0
vn -0.96552 -0.26033 0
vn -0.98744 -0.15798 0
vn -0.99855 -0.0539 0
vn -0.99834 -0.05763 0
vn -0.98561 -0.16905 0
vn -0.96048 -0.27834 0
vn -0.92328 -0.38413 0
vn -0.87447 -0.48509 0
vn -0.81466 -0.57995 0
vn -0.7446 -0.66751 0
vn -0.66518 -0.74668 0
vn -0.5774 -0.81646 0
vn -0.48235 -0.87598 0
vn -0.38124 -0.92448 0
vn -0.27533 -0.96135 0
vn -0.16596 -0.98613 0
vn -0.05451 -0.99851 0
vn 0.05763 -0.99834 0
vn 0.16905 -0.98561 0
vn 0.27834 -0.96048 0
vn 0.38413 -0.92328 0
vn 0.48509 -0.87447 0
vn 0.57995 -0.81466 0
vn 0.66751 -0.7446 0
vn 0.74668 -0.66518 0
vn 0.81646 -0.5774 0
vn 0.87598 -0.48235 0
vn 0.92448 -0.38124 0
vn 0.96135 -0.27533 0
vn 0.98613 -0.16596 0
vn 0.99851 -0.05451 0
vn 0.99834 0.05763 0
vn 0.98561 0.16905 0
vn 0.96048 0.27834 0
vn 0.92328 0.38413 0
vn 0.87447 0.48509 0
vn 0.81466 0.57995 0
vn 0.7446 0.66751 0
vn 0.66518 0.74668 0
vn 0.5774 0.81646 0
vn 0.48235 0.87598 0
vn 0.38124 0.92448 0
vn 0.27533 0.96135 0
vn 0.16596 0.98613 0
vn 0.05451 0.99851 0
vn -0.05763 0.99834 0
vn -0.16905 0.98561 0
vn -0.27834 0.96048 0
vn -0.38413 0.92328 0
vn -0.48509 0.87447 0
vn -0.57995 0.81466 0
vn -0.66751 0.7446 0
vn -0.74668 0.66518 0
vn -0.81646 0.5774 0
vn -0.87598 0.48235 0
vn -0.92448 0.38124 0
vn -0.96135 0.27533 0
vn -0.98613 0.16596 0
vn -0.99851 0.05451 0
f 1//1 2//1 3//1
f 3//2 2//2 4//2
f 3//2 4//2 5//2
f 5//3 4//3 6//3
f 5//3 6//3 7//3
f 7//4 6//4 8//4
f 7//4 8//4 9//4
f 9//5 8//5 10//5
f 9//5 10//5 11//5
f 11//6 10//6 12//6
f 11//6 12//6 13//6
f 13//7 12//7 14//7
f 13//7 14//7 15//7
f 15//8 14//8 16//8
f 15//8 16//8 17//8
f 17//9 16//9 18//9
f 17//9 18//9 19//9
f 19//10 18//10 20//10
f 19//10 20//10 21//10
f 21//11 20//11 22//11
f 21//11 22//11 23//11
f 23//12 22//12 24//12
f 23//12 24//12 25//12
f 25//13 24//13 26//13
f 25//13 26//13 27//13
f 27//14 26//14 28//14
f 27//14 28//14 29//14
f 29//15 28//15 30//15
f 29//15 30//15 31//15
f 31//16 30//16 32//16
f 31//16 32//16 33//16
f 33//17 32//17 34//17
f 33//17 34//17 35//17
f 35//18 34//18 36//18
f 35//18 36//18 37//18
f 37//19 36//19 38//19
f 37//19 38//19 39//19
f 39//20 38//20 40//20
f 39//20 40//20 41//20
f 41//21 40//21 42//21
f 41//21 42//21 43//21
f 43//22 42//22 44//22
f 43//22 44//22 45//22
f 45//23 44//23 46//23
f 45//23 46//23 47//23
f 47//24 46//24 48//24
f 47//24 48//24 49//24
f 49//25 48//25 50//25
f 49//25 50//25 51//25
f 51//26 50//26 52//26
f 51//26 52//26 53//26
f 53//27 52//27 54//27
f 53//27 54//27 55//27
f 55//28 54//28 56//28
f 55//28 56//28 57//28
f 57//29 56//29 58//29
f 57//29 58//29 59//29
f 59//30 58//30 60//30
f 59//30 60//30 61//30
f 61//31 60//31 62//31
f 61//31 62//31 63//31
f 63//32 62//32 64//32
f 63//32 64//32 65//32
f 65//33 64//33 66//33
f 65//33 66//33 67//33
f 67//34 66//34 68//34
f 67//34 68//34 69//34
f 69//35 68//35 70//35
f 69//35 70//35 71//35
f 71//36 70//36 72//36
f 71//36 72//36 73//36
f 73//37 72//37 74//37
f 73//37 74//37 75//37
f 75//38 74//38 76//38
f 75//38 76//38 77//38
f 77//39 76//39 78//39
f 77//39 78//39 79//39
f 79//40 78//40 80//40
f 79//40 80//40 81//40
f 81//41 80//41 82//41
f 81//41 82//41 83//41
f 83//42 82//42 84//42
f 83//42 84//42 85//42
f 85//43 84//43 86//43
f 85//43 86//43 87//43
f 87//44 86//44 88//44
f 87//44 88//44 89//44
f 89//45 88//45 90//45
f 89//45 90//45 91//45
f 91//46 90//46 92//46
f 91//46 92//46 93//46
f 93//47 92//47 94//47
f 93//47 94//47 95//47
f 95//48 94//48 96//48
f 95//48 96//48 97//48
f 97//49 96//49 98//49
f 97//49 98//49 99//49
f 99//50 98//50 100//50
f 99//50 100//50 101//50
f 101//51 100//51 102//51
f 101//51 102//51 103//51
f 103//52 102//52 104//52
f 103//52 104//52 105//52
f 105//53 104//53 106//53
f 105//53 106//53 107//53
f 107//54 106//54 108//54
f 107//54 108//54 109//54
f 109//55 108//55 110//55
f 109//55 110//55 111//55
f 111//56 110//56 112//56
f 111//56 112//56 113//56
f 113//57 112//57 114//57
f 113//57 114//57 115//57
f 115//58 114//58 116//58
f 115//58 116//58 117//58
f 117//59 116//59 118//59
f 117//59 118//59 119//59
f 119//60 118//60 120//60
f 119//60 120//60 1//60
f 1//1 120//1 2//1
f 121//61 56//61 122//61
f 122//61 56//61 54//61
f 122//61 54//61 123//61
f 123//61 54//61 52//61
f 123//61 52//61 124//61
f 125//61 78//61 126//61
f 126//61 78//61 76//61
f 126//61 76//61 127//61
f 128//61 64//61 129//61
f 129//61 64//61 62//61
f 129//61 62//61 130//61
f 130//61 62//61 60//61
f 130//61 60//61 121//61
f 121//61 60//61 58//61
f 121//61 58//61 56//61
f 76//61 74//61 127//61
f 127//61 74//61 72//61
f 127//61 72//61 131//61
f 131//61 72//61 70//61
f 131//61 70//61 132//61
f 132//61 70//61 68//61
f 132//61 68//61 128//61
f 128//61 68//61 66//61
f 128//61 66//61 64//61
f 133//61 94//61 134//61
f 134//61 94//61 92//61
f 134//61 92//61 135//61
f 135//61 92//61 90//61
f 135//61 90//61 136//61
f 90//61 88//61 136//61
f 136//61 88//61 86//61
f 136//61 86//61 137//61
f 137//61 86//61 84//61
f 137//61 84//61 138//61
f 138//61 84//61 82//61
f 138//61 82//61 125//61
f 125//61 82//61 80//61
f 125//61 80//61 78//61
f 139//61 102//61 140//61
f 140//61 102//61 100//61
f 140//61 100//61 141//61
f 141//61 100//61 98//61
f 141//61 98//61 133//61
f 133//61 98//61 96//61
f 133//61 96//61 94//61
f 142//61 108//61 143//61
f 143//61 108//61 106//61
f 143//61 106//61 139//61
f 139//61 106//61 104//61
f 139//61 104//61 102//61
f 144//61 116//61 145//61
f 145//61 116//61 114//61
f 145//61 114//61 146//61
f 146//61 114//61 112//61
f 146//61 112//61 142//61
f 142//61 112//61 110//61
f 142//61 110//61 108//61
f 147//61 4//61 148//61
f 148//61 4//61 2//61
f 148//61 2//61 149//61
f 149//61 2//61 120//61
f 149//61 120//61 144//61
f 144//61 120//61 118//61
f 144//61 118//61 116//61
f 150//61 12//61 151//61
f 151//61 12//61 10//61
f 151//61 10//61 152//61
f 152//61 10//61 8//61
f 152//61 8//61 147//61
f 147//61 8//61 6//61
f 147//61 6//61 4//61
f 153//61 42//61 154//61
f 154//61 42//61 40//61
f 154//61 40//61 155//61
f 155//61 40//61 38//61
f 155//61 38//61 156//61
f 157//61 18//61 158//61
f 158//61 18//61 16//61
f 158//61 16//61 150//61
f 150//61 16//61 14//61
f 150//61 14//61 12//61
f 38//61 36//61 156//61
f 156//61 36//61 34//61
f 156//61 34//61 159//61
f 159//61 34//61 32//61
f 159//61 32//61 160//61
f 160//61 32//61 30//61
f 160//61 30//61 161//61
f 52//61 50//61 124//61
f 124//61 50//61 48//61
f 124//61 48//61 162//61
f 162//61 48//61 46//61
f 162//61 46//61 153//61
f 153//61 46//61 44//61
f 153//61 44//61 42//61
f 30//61 28//61 161//61
f 161//61 28//61 26//61
f 161//61 26//61 163//61
f 163//61 26//61 24//61
f 163//61 24//61 164//61
f 164//61 24//61 22//61
f 164//61 22//61 157//61
f 157//61 22//61 20//61
f 157//61 20//61 18//61
f 165//62 166//62 167//62
f 167//62 166//62 168//62
f 167//62 168//62 169//62
f 169//62 168//62 170//62
f 169//62 170//62 171//62
f 172//62 173//62 174//62
f 174//62 173//62 175//62
f 174//62 175//62 176//62
f 176//62 175//62 177//62
f 176//62 177//62 178//62
f 179//62 180//62 181//62
f 181//62 180//62 182//62
f 181//62 182//62 183//62
f 183//62 182//62 184//62
f 183//62 184//62 172//62
f 172//62 184//62 185//62
f 172//62 185//62 173//62
f 186//62 187//62 188//62
f 188//62 187//62 189//62
f 188//62 189//62 190//62
f 190//62 189//62 191//62
f 190//62 191//62 192//62
f 193//62 194//62 195//62
f 195//62 194//62 196//62
f 195//62 196//62 197//62
f 197//62 196//62 198//62
f 197//62 198//62 186//62
f 186//62 198//62 199//62
f 186//62 199//62 187//62
f 200//62 201//62 202//62
f 202//62 201//62 203//62
f 202//62 203//62 204//62
f 204//62 203//62 205//62
f 204//62 205//62 165//62
f 165//62 205//62 206//62
f 165//62 206//62 166//62
f 191//62 207//62 192//62
f 192//62 207//62 208//62
f 192//62 208//62 209//62
f 209//62 208//62 210//62
f 209//62 210//62 179//62
f 179//62 210//62 211//62
f 179//62 211//62 180//62
f 212//62 213//62 214//62
f 214//62 213//62 215//62
f 214//62 215//62 200//62
f 200//62 215//62 216//62
f 200//62 216//62 201//62
f 217//62 218//62 219//62
f 219//62 218//62 220//62
f 219//62 220//62 221//62
f 221//62 220//62 222//62
f 221//62 222//62 193//62
f 193//62 222//62 223//62
f 193//62 223//62 194//62
f 224//62 225//62 226//62
f 226//62 225//62 227//62
f 226//62 227//62 217//62
f 217//62 227//62 228//62
f 217//62 228//62 218//62
f 170//62 229//62 171//62
f 171//62 229//62 230//62
f 171//62 230//62 231//62
f 231//62 230//62 232//62
f 231//62 232//62 233//62
f 233//62 232//62 234//62
f 233//62 234//62 224//62
f 224//62 234//62 235//62
f 224//62 235//62 225//62
f 236//62 237//62 238//62
f 238//62 237//62 239//62
f 238//62 239//62 240//62
f 241//62 242//62 243//62
f 243//62 242//62 244//62
f 243//62 244//62 245//62
f 245//62 244//62 246//62
f 245//62 246//62 212//62
f 212//62 246//62 247//62
f 212//62 247//62 213//62
f 248//62 249//62 250//62
f 250//62 249//62 251//62
f 250//62 251//62 252//62
f 252//62 251//62 253//62
f 252//62 253//62 241//62
f 241//62 253//62 254//62
f 241//62 254//62 242//62
f 239//62 255//62 240//62
f 240//62 255//62 256//62
f 240//62 256//62 257//62
f 257//62 256//62 258//62
f 257//62 258//62 259//62
f 259//62 258//62 260//62
f 259//62 260//62 248//62
f 248//62 260//62 261//62
f 248//62 261//62 249//62
f 177//62 262//62 178//62
f 178//62 262//62 263//62
f 178//62 263//62 264//62
f 264//62 263//62 265//62
f 264//62 265//62 266//62
f 266//62 265//62 267//62
f 266//62 267//62 236//62
f 236//62 267//62 268//62
f 236//62 268//62 237//62
f 167//63 121//63 165//63
f 165//64 121//64 122//64
f 165//65 122//65 204//65
f 204//66 122//66 123//66
f 204//67 123//67 202//67
f 202//68 123//68 124//68
f 202//69 124//69 200//69
f 200//70 124//70 162//70
f 200//71 162//71 214//71
f 214//71 162//71 153//71
f 214//72 153//72 212//72
f 212//73 153//73 154//73
f 212//74 154//74 245//74
f 245//75 154//75 155//75
f 245//76 155//76 243//76
f 243//77 155//77 156//77
f 243//78 156//78 241//78
f 241//79 156//79 159//79
f 241//80 159//80 252//80
f 252//81 159//81 160//81
f 252//82 160//82 250//82
f 250//83 160//83 161//83
f 250//84 161//84 248//84
f 248//85 161//85 163//85
f 248//86 163//86 259//86
f 259//87 163//87 164//87
f 259//88 164//88 257//88
f 257//89 164//89 157//89
f 257//90 157//90 240//90
f 240//91 157//91 158//91
f 240//92 158//92 238//92
f 238//92 158//92 150//92
f 238//93 150//93 236//93
f 236//94 150//94 151//94
f 236//95 151//95 266//95
f 266//96 151//96 152//96
f 266//97 152//97 264//97
f 264//98 152//98 147//98
f 264//99 147//99 178//99
f 178//100 147//100 148//100
f 178//101 148//101 176//101
f 176//102 148//102 149//102
f 176//103 149//103 174//103
f 174//104 149//104 144//104
f 174//105 144//105 172//105
f 172//106 144//106 145//106
f 172//107 145//107 183//107
f 183//108 145//108 146//108
f 183//109 146//109 181//109
f 181//110 146//110 142//110
f 181//111 142//111 179//111
f 179//112 142//112 143//112
f 179//113 143//113 209//113
f 209//113 143//113 139//113
f 209//114 139//114 192//114
f 192//115 139//115 140//115
f 192//116 140//116 190//116
f 190//117 140//117 141//117
f 190//118 141//118 188//118
f 188//119 141//119 133//119
f 188//120 133//120 186//120
f 186//121 133//121 134//121
f 186//122 134//122 197//122
f 197//123 134//123 135//123
f 197//124 135//124 195//124
f 195//125 135//125 136//125
f 195//126 136//126 193//126
f 193//127 136//127 137//127
f 193//128 137//128 221//128
f 221//129 137//129 138//129
f 221//130 138//130 219//130
f 219//131 138//131 125//131
f 219//132 125//132 217//132
f 217//133 125//133 126//133
f 217//134 126//134 226//134
f 226//134 126//134 127//134
f 226//135 127//135 224//135
f 224//136 127//136 131//136
f 224//137 131//137 233//137
f 233//138 131//138 132//138
f 233//139 132//139 231//139
f 231//140 132//140 128//140
f 231//141 128//141 171//141
f 171//142 128//142 129//142
f 171//143 129//143 169//143
f 169//144 129//144 130//144
f 169//145 130//145 167//145
f 167//146 130//146 121//146
f 61//147 168//147 59//147
f 59//148 168//148 166//148
f 59//149 166//149 57//149
f 57//150 166//150 206//150
f 57//151 206//151 55//151
f 55//152 206//152 205//152
f 55//153 205//153 53//153
f 53//154 205//154 203//154
f 53//155 203//155 51//155
f 51//156 203//156 201//156
f 51//157 201//157 49//157
f 49//158 201//158 216//158
f 49//159 216//159 47//159
f 47//160 216//160 215//160
f 47//160 215//160 45//160
f 45//161 215//161 213//161
f 45//162 213//162 43//162
f 43//163 213//163 247//163
f 43//164 247//164 41//164
f 41//165 247//165 246//165
f 41//166 246//166 39//166
f 39//167 246//167 244//167
f 39//168 244//168 37//168
f 37//169 244//169 242//169
f 37//170 242//170 35//170
f 35//171 242//171 254//171
f 35//172 254//172 33//172
f 33//173 254//173 253//173
f 33//174 253//174 31//174
f 31//175 253//175 251//175
f 31//176 251//176 29//176
f 29//177 251//177 249//177
f 29//178 249//178 27//178
f 27//179 249//179 261//179
f 27//180 261//180 25//180
f 25//181 261//181 260//181
f 25//182 260//182 23//182
f 23//183 260//183 258//183
f 23//184 258//184 21//184
f 21//185 258//185 256//185
f 21//186 256//186 19//186
f 19//187 256//187 255//187
f 19//188 255//188 17//188
f 17//189 255//189 239//189
f 17//189 239//189 15//189
f 15//190 239//190 237//190
f 15//191 237//191 13//191
f 13//192 237//192 268//192
f 13//193 268//193 11//193
f 11//194 268//194 267//194
f 11//195 267//195 9//195
f 9//196 267//196 265//196
f 9//197 265//197 7//197
f 7//198 265//198 263//198
f 7//199 263//199 5//199
f 5//200 263//200 262//200
f 5//201 262//201 3//201
f 3//202 262//202 177//202
f 3//203 177//203 1//203
f 1//204 177//204 175//204
f 1//205 175//205 119//205
f 119//206 175//206 173//206
f 119//207 173//207 117//207
f 117//208 173//208 185//208
f 117//209 185//209 115//209
f 115//210 185//210 184//210
f 115//211 184//211 113//211
f 113//212 184//212 182//212
f 113//213 182//213 111//213
f 111//214 182//214 180//214
f 111//215 180//215 109//215
f 109//216 180//216 211//216
f 109//217 211//217 107//217
f 107//218 211//218 210//218
f 107//218 210//218 105//218
f 105//219 210//219 208//219
f 105//220 208//220 103//220
f 103//221 208//221 207//221
f 103//222 207//222 101//222
f 101//223 207//223 191//223
f 101//224 191//224 99//224
f 99//225 191//225 189//225
f 99//226 189//226 97//226
f 97//227 189//227 187//227
f 97//228 187//228 95//228
f 95//229 187//229 199//229
f 95//230 199//230 93//230
f 93//231 199//231 198//231
f 93//232 198//232 91//232
f 91//233 198//233 196//233
f 91//234 196//234 89//234
f 89//235 196//235 194//235
f 89//236 194//236 87//236
f 87//237 194//237 223//237
f 87//238 223//238 85//238
f 85//239 223//239 222//239
f 85//240 222//240 83//240
f 83//241 222//241 220//241
f 83//242 220//242 81//242
f 81//243 220//243 218//243
f 81//244 218//244 79//244
f 79//245 218//245 228//245
f 79//246 228//246 77//246
f 77//247 228//247 227//247
f 77//247 227//247 75//247
f 75//248 227//248 225//248
f 75//249 225//249 73//249
f 73//250 225//250 235//250
f 73//251 235//251 71//251
f 71//252 235//252 234//252
f 71//253 234//253 69//253
f 69//254 234//254 232//254
f 69//255 232//255 67//255
f 67//256 232//256 230//256
f 67//257 230//257 65//257
f 65//258 230//258 229//258
f 65//259 229//259 63//259
f 63//260 229//260 170//260
f 63//261 170//261 61//261
f 61//262 170//262 168//262
f 269//263 270//263 271//263
f 271//264 270//264 272//264
f 271//264 272//264 273//264
f 273//265 272//265 274//265
f 273//265 274//265 275//265
f 275//266 274//266 276//266
f 275//266 276//266 277//266
f 277//267 276//267 278//267
f 277//267 278//267 279//267
f 279//268 278//268 280//268
f 279//268 280//268 281//268
f 281//269 280//269 282//269
f 281//269 282//269 283//269
f 283//270 282//270 284//270
f 283//270 284//270 285//270
f 285//271 284//271 286//271
f 285//271 286//271 287//271
f 287//272 286//272 288//272
f 287//272 288//272 289//272
f 289//273 288//273 290//273
f 289//273 290//273 291//273
f 291//274 290//274 292//274
f 291//274 292//274 293//274
f 293//275 292//275 294//275
f 293//275 294//275 295//275
f 295//276 294//276 296//276
f 295//276 296//276 297//276
f 297//277 296//277 298//277
f 297//277 298//277 299//277
f 299//278 298//278 300//278
f 299//278 300//278 301//278
f 301//279 300//279 302//279
f 301//279 302//279 303//279
f 303//280 302//280 304//280
f 303//280 304//280 305//280
f 305//281 304//281 306//281
f 305//281 306//281 307//281
f 307//282 306//282 308//282
f 307//282 308//282 309//282
f 309//283 308//283 310//283
f 309//283 310//283 311//283
f 311//284 310//284 312//284
f 311//284 312//284 313//284
f 313//285 312//285 314//285
f 313//285 314//285 315//285
f 315//286 314//286 316//286
f 315//286 316//286 317//286
f 317//287 316//287 318//287
f 317//287 318//287 319//287
f 319//288 318//288 320//288
f 319//288 320//288 321//288
f 321//289 320//289 322//289
f 321//289 322//289 323//289
f 323//290 322//290 324//290
f 323//290 324//290 325//290
f 325//291 324//291 326//291
f 325//291 326//291 327//291
f 327//292 326//292 328//292
f 327//292 328//292 329//292
f 329//293 328//293 330//293
f 329//293 330//293 331//293
f 331//294 330//294 332//294
f 331//294 332//294 333//294
f 333//295 332//295 334//295
f 333//295 334//295 335//295
f 335//296 334//296 336//296
f 335//296 336//296 337//296
f 337//297 336//297 338//297
f 337//297 338//297 339//297
f 339//298 338//298 340//298
f 339//298 340//298 341//298
f 341//299 340//299 342//299
f 341//299 342//299 343//299
f 343//300 342//300 344//300
f 343//300 344//300 345//300
f 345//301 344//301 346//301
f 345//301 346//301 347//301
f 347//302 346//302 348//302
f 347//302 348//302 349//302
f 349//303 348//303 350//303
f 349//303 350//303 351//303
f 351//304 350//304 352//304
f 351//304 352//304 353//304
f 353//305 352//305 354//305
f 353//305 354//305 355//305
f 355//306 354//306 356//306
f 355//306 356//306 357//306
f 357//307 356//307 358//307
f 357//307 358//307 359//307
f 359//308 358//308 360//308
f 359//308 360//308 361//308
f 361//309 360//309 362//309
f 361//309 362//309 363//309
f 363//310 362//310 364//310
f 363//310 364//310 365//310
f 365//311 364//311 366//311
f 365//311 366//311 367//311
f 367//312 366//312 368//312
f 367//312 368//312 369//312
f 369//313 368//313 370//313
f 369//313 370//313 371//313
f 371//314 370//314 372//314
f 371//314 372//314 373//314
f 373//315 372//315 374//315
f 373//315 374//315 375//315
f 375//316 374//316 376//316
f 375//316 376//316 377//316
f 377//317 376//317 378//317
f 377//317 378//317 379//317
f 379//318 378//318 380//318
f 379//318 380//318 381//318
f 381//319 380//319 382//319
f 381//319 382//319 383//319
f 383//320 382//320 384//320
f 383//320 384//320 385//320
f 385//321 384//321 386//321
f 385//321 386//321 387//321
f 387//322 386//322 388//322
f 387//322 388//322 269//322
f 269//263 388//263 270//263
f 389//61 356//61 390//61
f 390//61 356//61 354//61
f 390//61 354//61 391//61
f 391//61 354//61 352//61
f 391//61 352//61 392//61
f 392//61 352//61 350//61
f 392//61 350//61 393//61
f 393//61 350//61 348//61
f 393//61 348//61 394//61
f 348//61 346//61 394//61
f 394//61 346//61 344//61
f 394//61 344//61 395//61
f 395//61 344//61 342//61
f 395//61 342//61 396//61
f 396//61 342//61 340//61
f 396//61 340//61 397//61
f 397//61 340//61 338//61
f 397//61 338//61 398//61
f 399//61 312//61 400//61
f 400//61 312//61 310//61
f 400//61 310//61 401//61
f 401//61 310//61 308//61
f 401//61 308//61 402//61
f 402//61 308//61 306//61
f 402//61 306//61 403//61
f 403//61 306//61 304//61
f 403//61 304//61 404//61
f 405//61 322//61 406//61
f 406//61 322//61 320//61
f 406//61 320//61 407//61
f 407//61 320//61 318//61
f 407//61 318//61 408//61
f 408//61 318//61 316//61
f 408//61 316//61 399//61
f 399//61 316//61 314//61
f 399//61 314//61 312//61
f 338//61 336//61 398//61
f 398//61 336//61 334//61
f 398//61 334//61 409//61
f 409//61 334//61 332//61
f 409//61 332//61 410//61
f 410//61 332//61 330//61
f 410//61 330//61 411//61
f 411//61 330//61 328//61
f 411//61 328//61 412//61
f 412//61 328//61 326//61
f 412//61 326//61 405//61
f 405//61 326//61 324//61
f 405//61 324//61 322//61
f 413//61 290//61 414//61
f 414//61 290//61 288//61
f 414//61 288//61 415//61
f 415//61 288//61 286//61
f 415//61 286//61 416//61
f 416//61 286//61 284//61
f 416//61 284//61 417//61
f 417//61 284//61 282//61
f 417//61 282//61 418//61
f 304//61 302//61 404//61
f 404//61 302//61 300//61
f 404//61 300//61 419//61
f 419//61 300//61 298//61
f 419//61 298//61 420//61
f 420//61 298//61 296//61
f 420//61 296//61 421//61
f 421//61 296//61 294//61
f 421//61 294//61 413//61
f 413//61 294//61 292//61
f 413//61 292//61 290//61
f 422//61 366//61 423//61
f 423//61 366//61 364//61
f 423//61 364//61 424//61
f 424//61 364//61 362//61
f 424//61 362//61 425//61
f 425//61 362//61 360//61
f 425//61 360//61 389//61
f 389//61 360//61 358//61
f 389//61 358//61 356//61
f 426//61 388//61 427//61
f 427//61 388//61 386//61
f 427//61 386//61 428//61
f 428//61 386//61 384//61
f 428//61 384//61 429//61
f 429//61 384//61 382//61
f 429//61 382//61 430//61
f 282//61 280//61 418//61
f 418//61 280//61 278//61
f 418//61 278//61 431//61
f 431//61 278//61 276//61
f 431//61 276//61 432//61
f 432//61 276//61 274//61
f 432//61 274//61 433//61
f 433//61 274//61 272//61
f 433//61 272//61 426//61
f 426//61 272//61 270//61
f 426//61 270//61 388//61
f 382//61 380//61 430//61
f 430//61 380//61 378//61
f 430//61 378//61 434//61
f 434//61 378//61 376//61
f 434//61 376//61 435//61
f 435//61 376//61 374//61
f 435//61 374//61 436//61
f 436//61 374//61 372//61
f 436//61 372//61 437//61
f 437//61 372//61 370//61
f 437//61 370//61 422//61
f 422//61 370//61 368//61
f 422//61 368//61 366//61
f 438//62 439//62 440//62
f 440//62 439//62 441//62
f 440//62 441//62 442//62
f 442//62 441//62 443//62
f 442//62 443//62 444//62
f 444//62 443//62 445//62
f 444//62 445//62 446//62
f 446//62 445//62 447//62
f 446//62 447//62 448//62
f 449//62 450//62 451//62
f 451//62 450//62 452//62
f 451//62 452//62 453//62
f 453//62 452//62 454//62
f 453//62 454//62 455//62
f 455//62 454//62 456//62
f 455//62 456//62 438//62
f 438//62 456//62 457//62
f 438//62 457//62 439//62
f 458//62 459//62 460//62
f 460//62 459//62 461//62
f 460//62 461//62 462//62
f 462//62 461//62 463//62
f 462//62 463//62 464//62
f 464//62 463//62 465//62
f 464//62 465//62 466//62
f 466//62 465//62 467//62
f 466//62 467//62 468//62
f 469//62 470//62 471//62
f 471//62 470//62 472//62
f 471//62 472//62 473//62
f 473//62 472//62 474//62
f 473//62 474//62 475//62
f 475//62 474//62 476//62
f 475//62 476//62 477//62
f 477//62 476//62 478//62
f 477//62 478//62 479//62
f 447//62 480//62 448//62
f 448//62 480//62 481//62
f 448//62 481//62 482//62
f 482//62 481//62 483//62
f 482//62 483//62 484//62
f 484//62 483//62 485//62
f 484//62 485//62 486//62
f 486//62 485//62 487//62
f 486//62 487//62 488//62
f 489//62 490//62 491//62
f 491//62 490//62 492//62
f 491//62 492//62 493//62
f 493//62 492//62 494//62
f 493//62 494//62 495//62
f 495//62 494//62 496//62
f 495//62 496//62 497//62
f 497//62 496//62 498//62
f 497//62 498//62 449//62
f 449//62 498//62 499//62
f 449//62 499//62 450//62
f 467//62 500//62 468//62
f 468//62 500//62 501//62
f 468//62 501//62 502//62
f 502//62 501//62 503//62
f 502//62 503//62 504//62
f 504//62 503//62 505//62
f 504//62 505//62 506//62
f 506//62 505//62 507//62
f 506//62 507//62 489//62
f 489//62 507//62 508//62
f 489//62 508//62 490//62
f 478//62 509//62 479//62
f 479//62 509//62 510//62
f 479//62 510//62 511//62
f 511//62 510//62 512//62
f 511//62 512//62 513//62
f 513//62 512//62 514//62
f 513//62 514//62 515//62
f 515//62 514//62 516//62
f 515//62 516//62 458//62
f 458//62 516//62 517//62
f 458//62 517//62 459//62
f 518//62 519//62 520//62
f 520//62 519//62 521//62
f 520//62 521//62 522//62
f 522//62 521//62 523//62
f 522//62 523//62 524//62
f 524//62 523//62 525//62
f 524//62 525//62 469//62
f 469//62 525//62 526//62
f 469//62 526//62 470//62
f 487//62 527//62 488//62
f 488//62 527//62 528//62
f 488//62 528//62 529//62
f 529//62 528//62 530//62
f 529//62 530//62 531//62
f 531//62 530//62 532//62
f 531//62 532//62 533//62
f 533//62 532//62 534//62
f 533//62 534//62 535//62
f 534//62 536//62 535//62
f 535//62 536//62 537//62
f 535//62 537//62 538//62
f 538//62 537//62 539//62
f 538//62 539//62 540//62
f 540//62 539//62 541//62
f 540//62 541//62 542//62
f 542//62 541//62 543//62
f 542//62 543//62 544//62
f 544//62 543//62 545//62
f 544//62 545//62 518//62
f 518//62 545//62 546//62
f 518//62 546//62 519//62
f 547//323 412//323 548//323
f 548//324 412//324 405//324
f 548//325 405//325 549//325
f 549//326 405//326 406//326
f 549//327 406//327 550//327
f 550//328 406//328 407//328
f 550//329 407//329 551//329
f 551//330 407//330 408//330
f 551//331 408//331 552//331
f 552//332 408//332 399//332
f 552//333 399//333 553//333
f 553//334 399//334 400//334
f 553//335 400//335 554//335
f 554//336 400//336 401//336
f 554//337 401//337 555//337
f 555//338 401//338 402//338
f 555//339 402//339 556//339
f 556//340 402//340 403//340
f 556//341 403//341 557//341
f 557//342 403//342 404//342
f 557//343 404//343 558//343
f 558//344 404//344 419//344
f 558//345 419//345 559//345
f 559//346 419//346 420//346
f 559//347 420//347 560//347
f 560//348 420//348 421//348
f 560//349 421//349 561//349
f 561//350 421//350 413//350
f 561//351 413//351 562//351
f 562//352 413//352 414//352
f 562//353 414//353 563//353
f 563//354 414//354 415//354
f 563//355 415//355 564//355
f 564//356 415//356 416//356
f 564//357 416//357 565//357
f 565//358 416//358 417//358
f 565//359 417//359 566//359
f 566//360 417//360 418//360
f 566//361 418//361 567//361
f 567//362 418//362 431//362
f 567//363 431//363 568//363
f 568//363 431//363 432//363
f 568//364 432//364 569//364
f 569//365 432//365 433//365
f 569//366 433//366 570//366
f 570//367 433//367 426//367
f 570//368 426//368 571//368
f 571//368 426//368 427//368
f 571//369 427//369 572//369
f 572//370 427//370 428//370
f 572//371 428//371 573//371
f 573//372 428//372 429//372
f 573//373 429//373 574//373
f 574//373 429//373 430//373
f 574//374 430//374 575//374
f 575//375 430//375 434//375
f 575//376 434//376 576//376
f 576//377 434//377 435//377
f 576//378 435//378 577//378
f 577//379 435//379 436//379
f 577//380 436//380 578//380
f 578//381 436//381 437//381
f 578//382 437//382 579//382
f 579//383 437//383 422//383
f 579//384 422//384 580//384
f 580//385 422//385 423//385
f 580//386 423//386 581//386
f 581//387 423//387 424//387
f 581//388 424//388 582//388
f 582//389 424//389 425//389
f 582//390 425//390 583//390
f 583//391 425//391 389//391
f 583//392 389//392 584//392
f 584//393 389//393 390//393
f 584//394 390//394 585//394
f 585//395 390//395 391//395
f 585//396 391//396 586//396
f 586//397 391//397 392//397
f 586//398 392//398 587//398
f 587//399 392//399 393//399
f 587//400 393//400 588//400
f 588//401 393//401 394//401
f 588//402 394//402 589//402
f 589//403 394//403 395//403
f 589//404 395//404 590//404
f 590//405 395//405 396//405
f 590//406 396//406 591//406
f 591//407 396//407 397//407
f 591//408 397//408 592//408
f 592//409 397//409 398//409
f 592//410 398//410 593//410
f 593//411 398//411 409//411
f 593//412 409//412 594//412
f 594//413 409//413 410//413
f 594//414 410//414 595//414
f 595//415 410//415 411//415
f 595//416 411//416 547//416
f 547//417 411//417 412//417
f 329//418 463//418 327//418
f 327//419 463//419 461//419
f 327//420 461//420 325//420
f 325//421 461//421 459//421
f 325//422 459//422 323//422
f 323//423 459//423 517//423
f 323//424 517//424 321//424
f 321//425 517//425 516//425
f 321//426 516//426 319//426
f 319//427 516//427 514//427
f 319//428 514//428 317//428
f 317//429 514//429 512//429
f 317//430 512//430 315//430
f 315//431 512//431 510//431
f 315//431 510//431 313//431
f 313//432 510//432 509//432
f 313//433 509//433 311//433
f 311//434 509//434 478//434
f 311//435 478//435 309//435
f 309//436 478//436 476//436
f 309//437 476//437 307//437
f 307//438 476//438 474//438
f 307//439 474//439 305//439
f 305//440 474//440 472//440
f 305//441 472//441 303//441
f 303//442 472//442 470//442
f 303//443 470//443 301//443
f 301//444 470//444 526//444
f 301//445 526//445 299//445
f 299//446 526//446 525//446
f 299//447 525//447 297//447
f 297//448 525//448 523//448
f 297//449 523//449 295//449
f 295//450 523//450 521//450
f 295//451 521//451 293//451
f 293//452 521//452 519//452
f 293//453 519//453 291//453
f 291//454 519//454 546//454
f 291//455 546//455 289//455
f 289//456 546//456 545//456
f 289//457 545//457 287//457
f 287//458 545//458 543//458
f 287//459 543//459 285//459
f 285//460 543//460 541//460
f 285//460 541//460 283//460
f 283//461 541//461 539//461
f 283//462 539//462 281//462
f 281//463 539//463 537//463
f 281//464 537//464 279//464
f 279//465 537//465 536//465
f 279//466 536//466 277//466
f 277//467 536//467 534//467
f 277//468 534//468 275//468
f 275//469 534//469 532//469
f 275//470 532//470 273//470
f 273//471 532//471 530//471
f 273//472 530//472 271//472
f 271//473 530//473 528//473
f 271//474 528//474 269//474
f 269//475 528//475 527//475
f 269//476 527//476 387//476
f 387//477 527//477 487//477
f 387//478 487//478 385//478
f 385//479 487//479 485//479
f 385//480 485//480 383//480
f 383//481 485//481 483//481
f 383//482 483//482 381//482
f 381//483 483//483 481//483
f 381//484 481//484 379//484
f 379//485 481//485 480//485
f 379//486 480//486 377//486
f 377//487 480//487 447//487
f 377//488 447//488 375//488
f 375//489 447//489 445//489
f 375//489 445//489 373//489
f 373//490 445//490 443//490
f 373//491 443//491 371//491
f 371//492 443//492 441//492
f 371//493 441//493 369//493
f 369//494 441//494 439//494
f 369//495 439//495 367//495
f 367//496 439//496 457//496
f 367//497 457//497 365//497
f 365//498 457//498 456//498
f 365//499 456//499 363//499
f 363//500 456//500 454//500
f 363//501 454//501 361//501
f 361//502 454//502 452//502
f 361//503 452//503 359//503
f 359//504 452//504 450//504
f 359//505 450//505 357//505
f 357//506 450//506 499//506
f 357//507 499//507 355//507
f 355//508 499//508 498//508
f 355//509 498//509 353//509
f 353//510 498//510 496//510
f 353//511 496//511 351//511
f 351//512 496//512 494//512
f 351//513 494//513 349//513
f 349//514 494//514 492//514
f 349//515 492//515 347//515
f 347//516 492//516 490//516
f 347//517 490//517 345//517
f 345//518 490//518 508//518
f 345//518 508//518 343//518
f 343//519 508//519 507//519
f 343//520 507//520 341//520
f 341//521 507//521 505//521
f 341//522 505//522 339//522
f 339//523 505//523 503//523
f 339//524 503//524 337//524
f 337//525 503//525 501//525
f 337//526 501//526 335//526
f 335//527 501//527 500//527
f 335//528 500//528 333//528
f 333//529 500//529 467//529
f 333//530 467//530 331//530
f 331//531 467//531 465//531
f 331//532 465//532 329//532
f 329//533 465//533 463//533
f 596//534 597//534 598//534
f 598//535 597//535 599//535
f 598//535 599//535 600//535
f 600//536 599//536 601//536
f 600//536 601//536 602//536
f 602//537 601//537 603//537
f 602//537 603//537 604//537
f 604//538 603//538 605//538
f 604//538 605//538 606//538
f 606//539 605//539 607//539
f 606//539 607//539 608//539
f 608//540 607//540 609//540
f 608//540 609//540 610//540
f 610//541 609//541 611//541
f 610//541 611//541 612//541
f 612//542 611//542 613//542
f 612//542 613//542 614//542
f 614//543 613//543 615//543
f 614//543 615//543 616//543
f 616//544 615//544 617//544
f 616//544 617//544 618//544
f 618//545 617//545 619//545
f 618//545 619//545 620//545
f 620//546 619//546 621//546
f 620//546 621//546 622//546
f 622//547 621//547 623//547
f 622//547 623//547 624//547
f 624//548 623//548 625//548
f 624//548 625//548 626//548
f 626//549 625//549 627//549
f 626//549 627//549 628//549
f 628//550 627//550 629//550
f 628//550 629//550 630//550
f 630//551 629//551 631//551
f 630//551 631//551 632//551
f 632//552 631//552 633//552
f 632//552 633//552 634//552
f 634//553 633//553 635//553
f 634//553 635//553 636//553
f 636//554 635//554 637//554
f 636//554 637//554 638//554
f 638//555 637//555 639//555
f 638//555 639//555 640//555
f 640//556 639//556 641//556
f 640//556 641//556 642//556
f 642//557 641//557 643//557
f 642//557 643//557 644//557
f 644//558 643//558 645//558
f 644//558 645//558 646//558
f 646//559 645//559 647//559
f 646//559 647//559 648//559
f 648//560 647//560 649//560
f 648//560 649//560 650//560
f 650//561 649//561 651//561
f 650//561 651//561 652//561
f 652//562 651//562 653//562
f 652//562 653//562 654//562
f 654//563 653//563 655//563
f 654//563 655//563 656//563
f 656//564 655//564 657//564
f 656//564 657//564 658//564
f 658//565 657//565 659//565
f 658//565 659//565 660//565
f 660//566 659//566 661//566
f 660//566 661//566 662//566
f 662//567 661//567 663//567
f 662//567 663//567 664//567
f 664//568 663//568 665//568
f 664//568 665//568 666//568
f 666//569 665//569 667//569
f 666//569 667//569 668//569
f 668//570 667//570 669//570
f 668//570 669//570 670//570
f 670//571 669//571 671//571
f 670//571 671//571 672//571
f 672//572 671//572 673//572
f 672//572 673//572 674//572
f 674//573 673//573 675//573
f 674//573 675//573 676//573
f 676//574 675//574 677//574
f 676//574 677//574 678//574
f 678//575 677//575 679//575
f 678//575 679//575 680//575
f 680//576 679//576 681//576
f 680//576 681//576 682//576
f 682//577 681//577 683//577
f 682//577 683//577 684//577
f 684//578 683//578 685//578
f 684//578 685//578 686//578
f 686//579 685//579 687//579
f 686//579 687//579 688//579
f 688//580 687//580 689//580
f 688//580 689//580 690//580
f 690//581 689//581 691//581
f 690//581 691//581 692//581
f 692//582 691//582 693//582
f 692//582 693//582 694//582
f 694//583 693//583 695//583
f 694//583 695//583 696//583
f 696//584 695//584 697//584
f 696//584 697//584 698//584
f 698//585 697//585 699//585
f 698//585 699//585 700//585
f 700//586 699//586 701//586
f 700//586 701//586 702//586
f 702//587 701//587 703//587
f 702//587 703//587 704//587
f 704//588 703//588 705//588
f 704//588 705//588 706//588
f 706//589 705//589 707//589
f 706//589 707//589 708//589
f 708//590 707//590 709//590
f 708//590 709//590 710//590
f 710//591 709//591 711//591
f 710//591 711//591 712//591
f 712//592 711//592 713//592
f 712//592 713//592 714//592
f 714//593 713//593 715//593
f 714//593 715//593 596//593
f 596//534 715//534 597//534
f 716//61 699//61 717//61
f 717//61 699//61 697//61
f 717//61 697//61 718//61
f 718//61 697//61 695//61
f 718//61 695//61 719//61
f 719//61 695//61 693//61
f 719//61 693//61 720//61
f 720//61 693//61 691//61
f 720//61 691//61 721//61
f 721//61 691//61 689//61
f 721//61 689//61 722//61
f 722//61 689//61 687//61
f 722//61 687//61 723//61
f 723//61 687//61 685//61
f 723//61 685//61 724//61
f 724//61 685//61 683//61
f 724//61 683//61 725//61
f 725//61 683//61 681//61
f 725//61 681//61 726//61
f 726//61 681//61 679//61
f 726//61 679//61 727//61
f 727//61 679//61 677//61
f 727//61 677//61 728//61
f 728//61 677//61 675//61
f 728//61 675//61 729//61
f 729//61 675//61 673//61
f 729//61 673//61 730//61
f 731//61 609//61 732//61
f 732//61 609//61 607//61
f 732//61 607//61 733//61
f 733//61 607//61 605//61
f 733//61 605//61 734//61
f 734//61 605//61 603//61
f 734//61 603//61 735//61
f 735//61 603//61 601//61
f 735//61 601//61 736//61
f 736//61 601//61 599//61
f 736//61 599//61 737//61
f 737//61 599//61 597//61
f 737//61 597//61 738//61
f 738//61 597//61 715//61
f 738//61 715//61 739//61
f 739//61 715//61 713//61
f 739//61 713//61 740//61
f 740//61 713//61 711//61
f 740//61 711//61 741//61
f 741//61 711//61 709//61
f 741//61 709//61 742//61
f 742//61 709//61 707//61
f 742//61 707//61 743//61
f 743//61 707//61 705//61
f 743//61 705//61 744//61
f 744//61 705//61 703//61
f 744//61 703//61 716//61
f 716//61 703//61 701//61
f 716//61 701//61 699//61
f 745//61 639//61 746//61
f 746//61 639//61 637//61
f 746//61 637//61 747//61
f 747//61 637//61 635//61
f 747//61 635//61 748//61
f 748//61 635//61 633//61
f 748//61 633//61 749//61
f 749//61 633//61 631//61
f 749//61 631//61 750//61
f 750//61 631//61 629//61
f 750//61 629//61 751//61
f 751//61 629//61 627//61
f 751//61 627//61 752//61
f 752//61 627//61 625//61
f 752//61 625//61 753//61
f 753//61 625//61 623//61
f 753//61 623//61 754//61
f 754//61 623//61 621//61
f 754//61 621//61 755//61
f 755//61 621//61 619//61
f 755//61 619//61 756//61
f 756//61 619//61 617//61
f 756//61 617//61 757//61
f 757//61 617//61 615//61
f 757//61 615//61 758//61
f 758//61 615//61 613//61
f 758//61 613//61 731//61
f 731//61 613//61 611//61
f 731//61 611//61 609//61
f 673//61 671//61 730//61
f 730//61 671//61 669//61
f 730//61 669//61 759//61
f 759//61 669//61 667//61
f 759//61 667//61 760//61
f 760//61 667//61 665//61
f 760//61 665//61 761//61
f 761//61 665//61 663//61
f 761//61 663//61 762//61
f 762//61 663//61 661//61
f 762//61 661//61 763//61
f 763//61 661//61 659//61
f 763//61 659//61 764//61
f 764//61 659//61 657//61
f 764//61 657//61 765//61
f 765//61 657//61 655//61
f 765//61 655//61 766//61
f 766//61 655//61 653//61
f 766//61 653//61 767//61
f 767//61 653//61 651//61
f 767//61 651//61 768//61
f 768//61 651//61 649//61
f 768//61 649//61 769//61
f 769//61 649//61 647//61
f 769//61 647//61 770//61
f 770//61 647//61 645//61
f 770//61 645//61 771//61
f 771//61 645//61 643//61
f 771//61 643//61 745//61
f 745//61 643//61 641//61
f 745//61 641//61 639//61
f 772//62 700//62 773//62
f 773//62 700//62 702//62
f 773//62 702//62 774//62
f 774//62 702//62 704//62
f 774//62 704//62 775//62
f 775//62 704//62 706//62
f 775//62 706//62 776//62
f 776//62 706//62 708//62
f 776//62 708//62 777//62
f 777//62 708//62 710//62
f 777//62 710//62 778//62
f 778//62 710//62 712//62
f 778//62 712//62 779//62
f 779//62 712//62 714//62
f 779//62 714//62 780//62
f 780//62 714//62 596//62
f 780//62 596//62 781//62
f 781//62 596//62 598//62
f 781//62 598//62 782//62
f 782//62 598//62 600//62
f 782//62 600//62 783//62
f 783//62 600//62 602//62
f 783//62 602//62 784//62
f 784//62 602//62 604//62
f 784//62 604//62 785//62
f 785//62 604//62 606//62
f 785//62 606//62 786//62
f 606//62 608//62 786//62
f 786//62 608//62 610//62
f 786//62 610//62 787//62
f 787//62 610//62 612//62
f 787//62 612//62 788//62
f 788//62 612//62 614//62
f 788//62 614//62 789//62
f 789//62 614//62 616//62
f 789//62 616//62 790//62
f 790//62 616//62 618//62
f 790//62 618//62 791//62
f 791//62 618//62 620//62
f 791//62 620//62 792//62
f 792//62 620//62 622//62
f 792//62 622//62 793//62
f 793//62 622//62 624//62
f 793//62 624//62 794//62
f 794//62 624//62 626//62
f 794//62 626//62 795//62
f 795//62 626//62 628//62
f 795//62 628//62 796//62
f 796//62 628//62 630//62
f 796//62 630//62 797//62
f 797//62 630//62 632//62
f 797//62 632//62 798//62
f 798//62 632//62 634//62
f 798//62 634//62 799//62
f 799//62 634//62 636//62
f 799//62 636//62 800//62
f 636//62 638//62 800//62
f 800//62 638//62 640//62
f 800//62 640//62 801//62
f 801//62 640//62 642//62
f 801//62 642//62 802//62
f 802//62 642//62 644//62
f 802//62 644//62 803//62
f 803//62 644//62 646//62
f 803//62 646//62 804//62
f 804//62 646//62 648//62
f 804//62 648//62 805//62
f 805//62 648//62 650//62
f 805//62 650//62 806//62
f 806//62 650//62 652//62
f 806//62 652//62 807//62
f 807//62 652//62 654//62
f 807//62 654//62 808//62
f 808//62 654//62 656//62
f 808//62 656//62 809//62
f 809//62 656//62 658//62
f 809//62 658//62 810//62
f 810//62 658//62 660//62
f 810//62 660//62 811//62
f 811//62 660//62 662//62
f 811//62 662//62 812//62
f 812//62 662//62 664//62
f 812//62 664//62 813//62
f 813//62 664//62 666//62
f 813//62 666//62 814//62
f 666//62 668//62 814//62
f 814//62 668//62 670//62
f 814//62 670//62 815//62
f 815//62 670//62 672//62
f 815//62 672//62 816//62
f 816//62 672//62 674//62
f 816//62 674//62 817//62
f 817//62 674//62 676//62
f 817//62 676//62 818//62
f 818//62 676//62 678//62
f 818//62 678//62 819//62
f 819//62 678//62 680//62
f 819//62 680//62 820//62
f 820//62 680//62 682//62
f 820//62 682//62 821//62
f 821//62 682//62 684//62
f 821//62 684//62 822//62
f 822//62 684//62 686//62
f 822//62 686//62 823//62
f 823//62 686//62 688//62
f 823//62 688//62 824//62
f 824//62 688//62 690//62
f 824//62 690//62 825//62
f 825//62 690//62 692//62
f 825//62 692//62 826//62
f 826//62 692//62 694//62
f 826//62 694//62 827//62
f 827//62 694//62 696//62
f 827//62 696//62 772//62
f 772//62 696//62 698//62
f 772//62 698//62 700//62
f 808//594 765//594 807//594
f 807//594 765//594 766//594
f 807//595 766//595 806//595
f 806//595 766//595 767//595
f 806//596 767//596 805//596
f 805//596 767//596 768//596
f 805//597 768//597 804//597
f 804//597 768//597 769//597
f 804//598 769//598 803//598
f 803//598 769//598 770//598
f 803//599 770//599 802//599
f 802//599 770//599 771//599
f 802//600 771//600 801//600
f 801//600 771//600 745//600
f 801//601 745//601 800//601
f 800//601 745//601 746//601
f 800//602 746//602 799//602
f 799//602 746//602 747//602
f 799//603 747//603 798//603
f 798//603 747//603 748//603
f 798//604 748//604 797//604
f 797//604 748//604 749//604
f 797//605 749//605 796//605
f 796//605 749//605 750//605
f 796//606 750//606 795//606
f 795//606 750//606 751//606
f 795//607 751//607 794//607
f 794//607 751//607 752//607
f 794//608 752//608 793//608
f 793//608 752//608 753//608
f 793//609 753//609 792//609
f 792//609 753//609 754//609
f 792//610 754//610 791//610
f 791//610 754//610 755//610
f 791//611 755//611 790//611
f 790//611 755//611 756//611
f 790//612 756//612 789//612
f 789//612 756//612 757//612
f 789//613 757//613 788//613
f 788//613 757//613 758//613
f 788//614 758//614 787//614
f 787//614 758//614 731//614
f 787//615 731//615 786//615
f 786//615 731//615 732//615
f 786//616 732//616 785//616
f 785//616 732//616 733//616
f 785//617 733//617 784//617
f 784//617 733//617 734//617
f 784//618 734//618 783//618
f 783//618 734//618 735//618
f 783//619 735//619 782//619
f 782//619 735//619 736//619
f 782//620 736//620 781//620
f 781//620 736//620 737//620
f 781//621 737//621 780//621
f 780//621 737//621 738//621
f 780//622 738//622 779//622
f 779//622 738//622 739//622
f 779//623 739//623 778//623
f 778//623 739//623 740//623
f 778//624 740//624 777//624
f 777//624 740//624 741//624
f 777//625 741//625 776//625
f 776//625 741//625 742//625
f 776//626 742//626 775//626
f 775//626 742//626 743//626
f 775//627 743//627 774//627
f 774//627 743//627 744//627
f 774//628 744//628 773//628
f 773//628 744//628 716//628
f 773//629 716//629 772//629
f 772//629 716//629 717//629
f 772//630 717//630 827//630
f 827//630 717//630 718//630
f 827//631 718//631 826//631
f 826//631 718//631 719//631
f 826//632 719//632 825//632
f 825//632 719//632 720//632
f 825//633 720//633 824//633
f 824//633 720//633 721//633
f 824//634 721//634 823//634
f 823//634 721//634 722//634
f 823//635 722//635 822//635
f 822//635 722//635 723//635
f 822//636 723//636 821//636
f 821//636 723//636 724//636
f 821//637 724//637 820//637
f 820//637 724//637 725//637
f 820//638 725//638 819//638
f 819//638 725//638 726//638
f 819//639 726//639 818//639
f 818//639 726//639 727//639
f 818//640 727//640 817//640
f 817//640 727//640 728//640
f 817//641 728//641 816//641
f 816//641 728//641 729//641
f 816//642 729//642 815//642
f 815//642 729//642 730//642
f 815//643 730//643 814//643
f 814//643 730//643 759//643
f 814//644 759//644 813//644
f 813//644 759//644 760//644
f 813//645 760//645 812//645
f 812//645 760//645 761//645
f 812//646 761//646 811//646
f 811//646 761//646 762//646
f 811//647 762//647 810//647
f 810//647 762//647 763//647
f 810//648 763//648 809//648
f 809//648 763//648 764//648
f 809//649 764//649 808//649
f 808//649 764//649 765//649
f 828//61 829//61 830//61
f 831//61 832//61 833//61
f 833//61 832//61 834//61
f 833//61 834//61 830//61
f 830//61 834//61 835//61
f 830//61 835//61 828//61
f 836//61 837//61 838//61
f 838//61 837//61 839//61
f 838//61 839//61 840//61
f 840//61 839//61 841//61
f 840//61 841//61 831//61
f 831//61 841//61 842//61
f 831//61 842//61 832//61
f 828//61 843//61 829//61
f 829//61 843//61 844//61
f 829//61 844//61 845//61
f 845//61 844//61 846//61
f 845//61 846//61 847//61
f 848//61 849//61 850//61
f 850//61 849//61 851//61
f 850//61 851//61 836//61
f 836//61 851//61 852//61
f 836//61 852//61 837//61
f 853//61 854//61 855//61
f 855//61 854//61 856//61
f 855//61 856//61 857//61
f 857//61 856//61 858//61
f 857//61 858//61 859//61
f 860//61 861//61 862//61
f 862//61 861//61 863//61
f 862//61 863//61 864//61
f 864//61 863//61 865//61
f 864//61 865//61 866//61
f 867//61 868//61 869//61
f 869//61 868//61 870//61
f 869//61 870//61 871//61
f 871//61 870//61 872//61
f 871//61 872//61 860//61
f 860//61 872//61 873//61
f 860//61 873//61 861//61
f 874//61 875//61 876//61
f 876//61 875//61 877//61
f 876//61 877//61 867//61
f 867//61 877//61 878//61
f 867//61 878//61 868//61
f 879//61 880//61 881//61
f 881//61 880//61 882//61
f 881//61 882//61 883//61
f 883//61 882//61 884//61
f 883//61 884//61 874//61
f 874//61 884//61 885//61
f 874//61 885//61 875//61
f 858//61 886//61 859//61
f 859//61 886//61 887//61
f 859//61 887//61 888//61
f 888//61 887//61 889//61
f 888//61 889//61 890//61
f 890//61 889//61 891//61
f 890//61 891//61 848//61
f 848//61 891//61 892//61
f 848//61 892//61 849//61
f 893//61 894//61 895//61
f 895//61 894//61 896//61
f 895//61 896//61 853//61
f 853//61 896//61 897//61
f 853//61 897//61 854//61
f 846//61 898//61 847//61
f 847//61 898//61 899//61
f 847//61 899//61 900//61
f 900//61 899//61 901//61
f 900//61 901//61 902//61
f 902//61 901//61 903//61
f 902//61 903//61 879//61
f 879//61 903//61 904//61
f 879//61 904//61 880//61
f 905//61 906//61 907//61
f 907//61 906//61 908//61
f 907//61 908//61 909//61
f 909//61 908//61 910//61
f 909//61 910//61 893//61
f 893//61 910//61 911//61
f 893//61 911//61 894//61
f 865//61 912//61 866//61
f 866//61 912//61 913//61
f 866//61 913//61 914//61
f 914//61 913//61 915//61
f 914//61 915//61 916//61
f 915//61 917//61 916//61
f 916//61 917//61 918//61
f 916//61 918//61 919//61
f 919//61 918//61 920//61
f 919//61 920//61 921//61
f 921//61 920//61 922//61
f 921//61 922//61 905//61
f 905//61 922//61 923//61
f 905//61 923//61 906//61
f 924//650 925//650 926//650
f 926//651 925//651 927//651
f 926//651 927//651 928//651
f 928//652 927//652 929//652
f 928//652 929//652 930//652
f 930//653 929//653 931//653
f 930//653 931//653 932//653
f 932//654 931//654 933//654
f 932//654 933//654 934//654
f 934//655 933//655 935//655
f 934//655 935//655 936//655
f 936//656 935//656 937//656
f 936//656 937//656 938//656
f 938//657 937//657 939//657
f 938//657 939//657 940//657
f 940//658 939//658 941//658
f 940//658 941//658 942//658
f 942//659 941//659 943//659
f 942//659 943//659 944//659
f 944//660 943//660 945//660
f 944//660 945//660 946//660
f 946//661 945//661 947//661
f 946//661 947//661 948//661
f 948//662 947//662 949//662
f 948//662 949//662 950//662
f 950//663 949//663 951//663
f 950//663 951//663 952//663
f 952//664 951//664 953//664
f 952//664 953//664 954//664
f 954//665 953//665 955//665
f 954//665 955//665 956//665
f 956//666 955//666 957//666
f 956//666 957//666 958//666
f 958//667 957//667 959//667
f 958//667 959//667 960//667
f 960//668 959//668 961//668
f 960//668 961//668 962//668
f 962//669 961//669 963//669
f 962//669 963//669 964//669
f 964//670 963//670 965//670
f 964//670 965//670 966//670
f 966//671 965//671 967//671
f 966//671 967//671 968//671
f 968//672 967//672 969//672
f 968//672 969//672 970//672
f 970//673 969//673 971//673
f 970//673 971//673 972//673
f 972//674 971//674 973//674
f 972//674 973//674 974//674
f 974//675 973//675 975//675
f 974//675 975//675 976//675
f 976//676 975//676 977//676
f 976//676 977//676 978//676
f 978//677 977//677 979//677
f 978//677 979//677 980//677
f 980//678 979//678 981//678
f 980//678 981//678 982//678
f 982//679 981//679 983//679
f 982//679 983//679 984//679
f 984//680 983//680 985//680
f 984//680 985//680 986//680
f 986//681 985//681 987//681
f 986//681 987//681 988//681
f 988//682 987//682 989//682
f 988//682 989//682 990//682
f 990//683 989//683 991//683
f 990//683 991//683 992//683
f 992//684 991//684 993//684
f 992//684 993//684 994//684
f 994//685 993//685 995//685
f 994//685 995//685 996//685
f 996//686 995//686 997//686
f 996//686 997//686 998//686
f 998//687 997//687 999//687
f 998//687 999//687 1000//687
f 1000//688 999//688 1001//688
f 1000//688 1001//688 1002//688
f 1002//689 1001//689 1003//689
f 1002//689 1003//689 1004//689
f 1004//690 1003//690 1005//690
f 1004//690 1005//690 1006//690
f 1006//691 1005//691 1007//691
f 1006//691 1007//691 1008//691
f 1008//692 1007//692 1009//692
f 1008//692 1009//692 1010//692
f 1010//693 1009//693 1011//693
f 1010//693 1011//693 1012//693
f 1012//694 1011//694 1013//694
f 1012//694 1013//694 1014//694
f 1014//695 1013//695 1015//695
f 1014//695 1015//695 1016//695
f 1016//696 1015//696 1017//696
f 1016//696 1017//696 1018//696
f 1018//697 1017//697 1019//697
f 1018//697 1019//697 1020//697
f 1020//698 1019//698 1021//698
f 1020//698 1021//698 1022//698
f 1022//699 1021//699 1023//699
f 1022//699 1023//699 1024//699
f 1024//700 1023//700 1025//700
f 1024//700 1025//700 1026//700
f 1026//701 1025//701 1027//701
f 1026//701 1027//701 1028//701
f 1028//702 1027//702 1029//702
f 1028//702 1029//702 1030//702
f 1030//703 1029//703 1031//703
f 1030//703 1031//703 1032//703
f 1032//704 1031//704 1033//704
f 1032//704 1033//704 1034//704
f 1034//705 1033//705 1035//705
f 1034//705 1035//705 1036//705
f 1036//706 1035//706 1037//706
f 1036//706 1037//706 1038//706
f 1038//707 1037//707 1039//707
f 1038//707 1039//707 1040//707
f 1040//708 1039//708 1041//708
f 1040//708 1041//708 1042//708
f 1042//709 1041//709 1043//709
f 1042//709 1043//709 924//709
f 924//650 1043//650 925//650
f 1044//62 1045//62 1046//62
f 1046//62 1045//62 1047//62
f 1046//62 1047//62 1048//62
f 1049//62 1050//62 1051//62
f 1051//62 1050//62 1052//62
f 1051//62 1052//62 1053//62
f 1054//62 1055//62 1056//62
f 1056//62 1055//62 1057//62
f 1056//62 1057//62 1058//62
f 1059//62 1060//62 1061//62
f 1061//62 1060//62 1062//62
f 1061//62 1062//62 1063//62
f 1064//62 1065//62 1059//62
f 1059//62 1065//62 1066//62
f 1059//62 1066//62 1060//62
f 1067//62 1068//62 1069//62
f 1069//62 1068//62 1070//62
f 1069//62 1070//62 1044//62
f 1044//62 1070//62 1071//62
f 1044//62 1071//62 1045//62
f 1057//62 1072//62 1058//62
f 1058//62 1072//62 1073//62
f 1058//62 1073//62 1074//62
f 1074//62 1073//62 1075//62
f 1074//62 1075//62 1067//62
f 1067//62 1075//62 1076//62
f 1067//62 1076//62 1068//62
f 1062//62 1077//62 1063//62
f 1063//62 1077//62 1078//62
f 1063//62 1078//62 1079//62
f 1079//62 1078//62 1080//62
f 1079//62 1080//62 1054//62
f 1054//62 1080//62 1081//62
f 1054//62 1081//62 1055//62
f 1052//62 1082//62 1053//62
f 1053//62 1082//62 1083//62
f 1053//62 1083//62 1084//62
f 1084//62 1083//62 1085//62
f 1084//62 1085//62 1086//62
f 1087//62 1088//62 1089//62
f 1089//62 1088//62 1090//62
f 1089//62 1090//62 1091//62
f 1091//62 1090//62 1092//62
f 1091//62 1092//62 1093//62
f 1094//62 1095//62 1096//62
f 1096//62 1095//62 1097//62
f 1096//62 1097//62 1087//62
f 1087//62 1097//62 1098//62
f 1087//62 1098//62 1088//62
f 1099//62 1100//62 1101//62
f 1101//62 1100//62 1102//62
f 1101//62 1102//62 1103//62
f 1104//62 1105//62 1099//62
f 1099//62 1105//62 1106//62
f 1099//62 1106//62 1100//62
f 1085//62 1107//62 1086//62
f 1086//62 1107//62 1108//62
f 1086//62 1108//62 1109//62
f 1109//62 1108//62 1110//62
f 1109//62 1110//62 1064//62
f 1064//62 1110//62 1111//62
f 1064//62 1111//62 1065//62
f 1092//62 1112//62 1093//62
f 1093//62 1112//62 1113//62
f 1093//62 1113//62 1114//62
f 1114//62 1113//62 1115//62
f 1114//62 1115//62 1049//62
f 1049//62 1115//62 1116//62
f 1049//62 1116//62 1050//62
f 1102//62 1117//62 1103//62
f 1103//62 1117//62 1118//62
f 1103//62 1118//62 1119//62
f 1119//62 1118//62 1120//62
f 1119//62 1120//62 1094//62
f 1094//62 1120//62 1121//62
f 1094//62 1121//62 1095//62
f 1122//62 1123//62 1124//62
f 1124//62 1123//62 1125//62
f 1124//62 1125//62 1104//62
f 1104//62 1125//62 1126//62
f 1104//62 1126//62 1105//62
f 1127//62 1128//62 1129//62
f 1129//62 1128//62 1130//62
f 1129//62 1130//62 1122//62
f 1122//62 1130//62 1131//62
f 1122//62 1131//62 1123//62
f 1047//62 1132//62 1048//62
f 1048//62 1132//62 1133//62
f 1048//62 1133//62 1134//62
f 1134//62 1133//62 1135//62
f 1134//62 1135//62 1136//62
f 1136//62 1135//62 1137//62
f 1136//62 1137//62 1138//62
f 1137//62 1139//62 1138//62
f 1138//62 1139//62 1140//62
f 1138//62 1140//62 1141//62
f 1141//62 1140//62 1142//62
f 1141//62 1142//62 1127//62
f 1127//62 1142//62 1143//62
f 1127//62 1143//62 1128//62
f 1089//710 845//710 1087//710
f 1087//711 845//711 847//711
f 1087//712 847//712 1096//712
f 1096//713 847//713 900//713
f 1096//714 900//714 1094//714
f 1094//715 900//715 902//715
f 1094//716 902//716 1119//716
f 1119//717 902//717 879//717
f 1119//718 879//718 1103//718
f 1103//719 879//719 881//719
f 1103//720 881//720 1101//720
f 1101//721 881//721 883//721
f 1101//722 883//722 1099//722
f 1099//723 883//723 874//723
f 1099//724 874//724 1104//724
f 1104//725 874//725 876//725
f 1104//726 876//726 1124//726
f 1124//727 876//727 867//727
f 1124//728 867//728 1122//728
f 1122//729 867//729 869//729
f 1122//730 869//730 1129//730
f 1129//731 869//731 871//731
f 1129//732 871//732 1127//732
f 1127//733 871//733 860//733
f 1127//734 860//734 1141//734
f 1141//735 860//735 862//735
f 1141//736 862//736 1138//736
f 1138//737 862//737 864//737
f 1138//738 864//738 1136//738
f 1136//739 864//739 866//739
f 1136//740 866//740 1134//740
f 1134//741 866//741 914//741
f 1134//742 914//742 1048//742
f 1048//743 914//743 916//743
f 1048//744 916//744 1046//744
f 1046//745 916//745 919//745
f 1046//746 919//746 1044//746
f 1044//747 919//747 921//747
f 1044//748 921//748 1069//748
f 1069//749 921//749 905//749
f 1069//750 905//750 1067//750
f 1067//751 905//751 907//751
f 1067//752 907//752 1074//752
f 1074//753 907//753 909//753
f 1074//754 909//754 1058//754
f 1058//755 909//755 893//755
f 1058//756 893//756 1056//756
f 1056//757 893//757 895//757
f 1056//758 895//758 1054//758
f 1054//759 895//759 853//759
f 1054//760 853//760 1079//760
f 1079//761 853//761 855//761
f 1079//762 855//762 1063//762
f 1063//763 855//763 857//763
f 1063//764 857//764 1061//764
f 1061//765 857//765 859//765
f 1061//766 859//766 1059//766
f 1059//767 859//767 888//767
f 1059//768 888//768 1064//768
f 1064//769 888//769 890//769
f 1064//770 890//770 1109//770
f 1109//771 890//771 848//771
f 1109//772 848//772 1086//772
f 1086//773 848//773 850//773
f 1086//774 850//774 1084//774
f 1084//775 850//775 836//775
f 1084//776 836//776 1053//776
f 1053//777 836//777 838//777
f 1053//778 838//778 1051//778
f 1051//779 838//779 840//779
f 1051//780 840//780 1049//780
f 1049//781 840//781 831//781
f 1049//782 831//782 1114//782
f 1114//783 831//783 833//783
f 1114//784 833//784 1093//784
f 1093//785 833//785 830//785
f 1093//786 830//786 1091//786
f 1091//787 830//787 829//787
f 1091//788 829//788 1089//788
f 1089//789 829//789 845//789
f 984//790 1090//790 982//790
f 982//791 1090//791 1088//791
f 982//792 1088//792 980//792
f 980//793 1088//793 1098//793
f 980//794 1098//794 978//794
f 978//795 1098//795 1097//795
f 978//796 1097//796 976//796
f 976//797 1097//797 1095//797
f 976//798 1095//798 974//798
f 974//799 1095//799 1121//799
f 974//800 1121//800 972//800
f 972//801 1121//801 1120//801
f 972//802 1120//802 970//802
f 970//803 1120//803 1118//803
f 970//803 1118//803 968//803
f 968//804 1118//804 1117//804
f 968//805 1117//805 966//805
f 966//806 1117//806 1102//806
f 966//807 1102//807 964//807
f 964//808 1102//808 1100//808
f 964//809 1100//809 962//809
f 962//810 1100//810 1106//810
f 962//811 1106//811 960//811
f 960//812 1106//812 1105//812
f 960//813 1105//813 958//813
f 958//814 1105//814 1126//814
f 958//815 1126//815 956//815
f 956//816 1126//816 1125//816
f 956//817 1125//817 954//817
f 954//818 1125//818 1123//818
f 954//819 1123//819 952//819
f 952//820 1123//820 1131//820
f 952//821 1131//821 950//821
f 950//822 1131//822 1130//822
f 950//823 1130//823 948//823
f 948//824 1130//824 1128//824
f 948//825 1128//825 946//825
f 946//826 1128//826 1143//826
f 946//827 1143//827 944//827
f 944//828 1143//828 1142//828
f 944//829 1142//829 942//829
f 942//830 1142//830 1140//830
f 942//831 1140//831 940//831
f 940//832 1140//832 1139//832
f 940//832 1139//832 938//832
f 938//833 1139//833 1137//833
f 938//834 1137//834 936//834
f 936//835 1137//835 1135//835
f 936//836 1135//836 934//836
f 934//837 1135//837 1133//837
f 934//838 1133//838 932//838
f 932//839 1133//839 1132//839
f 932//840 1132//840 930//840
f 930//841 1132//841 1047//841
f 930//842 1047//842 928//842
f 928//843 1047//843 1045//843
f 928//844 1045//844 926//844
f 926//845 1045//845 1071//845
f 926//846 1071//846 924//846
f 924//847 1071//847 1070//847
f 924//848 1070//848 1042//848
f 1042//849 1070//849 1068//849
f 1042//850 1068//850 1040//850
f 1040//851 1068//851 1076//851
f 1040//852 1076//852 1038//852
f 1038//853 1076//853 1075//853
f 1038//854 1075//854 1036//854
f 1036//855 1075//855 1073//855
f 1036//856 1073//856 1034//856
f 1034//857 1073//857 1072//857
f 1034//858 1072//858 1032//858
f 1032//859 1072//859 1057//859
f 1032//860 1057//860 1030//860
f 1030//861 1057//861 1055//861
f 1030//861 1055//861 1028//861
f 1028//862 1055//862 1081//862
f 1028//863 1081//863 1026//863
f 1026//864 1081//864 1080//864
f 1026//865 1080//865 1024//865
f 1024//866 1080//866 1078//866
f 1024//867 1078//867 1022//867
f 1022//868 1078//868 1077//868
f 1022//869 1077//869 1020//869
f 1020//870 1077//870 1062//870
f 1020//871 1062//871 1018//871
f 1018//872 1062//872 1060//872
f 1018//873 1060//873 1016//873
f 1016//874 1060//874 1066//874
f 1016//875 1066//875 1014//875
f 1014//876 1066//876 1065//876
f 1014//877 1065//877 1012//877
f 1012//878 1065//878 1111//878
f 1012//879 1111//879 1010//879
f 1010//880 1111//880 1110//880
f 1010//881 1110//881 1008//881
f 1008//882 1110//882 1108//882
f 1008//883 1108//883 1006//883
f 1006//884 1108//884 1107//884
f 1006//885 1107//885 1004//885
f 1004//886 1107//886 1085//886
f 1004//887 1085//887 1002//887
f 1002//888 1085//888 1083//888
f 1002//889 1083//889 1000//889
f 1000//890 1083//890 1082//890
f 1000//890 1082//890 998//890
f 998//891 1082//891 1052//891
f 998//892 1052//892 996//892
f 996//893 1052//893 1050//893
f 996//894 1050//894 994//894
f 994//895 1050//895 1116//895
f 994//896 1116//896 992//896
f 992//897 1116//897 1115//897
f 992//898 1115//898 990//898
f 990//899 1115//899 1113//899
f 990//900 1113//900 988//900
f 988//901 1113//901 1112//901
f 988//902 1112//902 986//902
f 986//903 1112//903 1092//903
f 986//904 1092//904 984//904
f 984//905 1092//905 1090//905
f 1144//61 959//61 1145//61
f 1145//61 959//61 957//61
f 1145//61 957//61 1146//61
f 1146//61 957//61 955//61
f 1146//61 955//61 1147//61
f 1147//61 955//61 953//61
f 1147//61 953//61 1148//61
f 1148//61 953//61 951//61
f 1148//61 951//61 1149//61
f 1149//61 951//61 949//61
f 1149//61 949//61 1150//61
f 1150//61 949//61 947//61
f 1150//61 947//61 1151//61
f 1151//61 947//61 945//61
f 1151//61 945//61 1152//61
f 1152//61 945//61 943//61
f 1152//61 943//61 1153//61
f 1153//61 943//61 941//61
f 1153//61 941//61 1154//61
f 1154//61 941//61 939//61
f 1154//61 939//61 1155//61
f 1156//61 1031//61 1157//61
f 1157//61 1031//61 1029//61
f 1157//61 1029//61 1158//61
f 1158//61 1029//61 1027//61
f 1158//61 1027//61 1159//61
f 1159//61 1027//61 1025//61
f 1159//61 1025//61 1160//61
f 1160//61 1025//61 1023//61
f 1160//61 1023//61 1161//61
f 1161//61 1023//61 1021//61
f 1161//61 1021//61 1162//61
f 1162//61 1021//61 1019//61
f 1162//61 1019//61 1163//61
f 1163//61 1019//61 1017//61
f 1163//61 1017//61 1164//61
f 1164//61 1017//61 1015//61
f 1164//61 1015//61 1165//61
f 1165//61 1015//61 1013//61
f 1165//61 1013//61 1166//61
f 1166//61 1013//61 1011//61
f 1166//61 1011//61 1167//61
f 939//61 937//61 1155//61
f 1155//61 937//61 935//61
f 1155//61 935//61 1168//61
f 1168//61 935//61 933//61
f 1168//61 933//61 1169//61
f 1169//61 933//61 931//61
f 1169//61 931//61 1170//61
f 1170//61 931//61 929//61
f 1170//61 929//61 1171//61
f 1171//61 929//61 927//61
f 1171//61 927//61 1172//61
f 1172//61 927//61 925//61
f 1172//61 925//61 1173//61
f 1173//61 925//61 1043//61
f 1173//61 1043//61 1174//61
f 1174//61 1043//61 1041//61
f 1174//61 1041//61 1175//61
f 1175//61 1041//61 1039//61
f 1175//61 1039//61 1176//61
f 1176//61 1039//61 1037//61
f 1176//61 1037//61 1177//61
f 1177//61 1037//61 1035//61
f 1177//61 1035//61 1156//61
f 1156//61 1035//61 1033//61
f 1156//61 1033//61 1031//61
f 1011//61 1009//61 1167//61
f 1167//61 1009//61 1007//61
f 1167//61 1007//61 1178//61
f 1178//61 1007//61 1005//61
f 1178//61 1005//61 1179//61
f 1179//61 1005//61 1003//61
f 1179//61 1003//61 1180//61
f 1180//61 1003//61 1001//61
f 1180//61 1001//61 1181//61
f 1181//61 1001//61 999//61
f 1181//61 999//61 1182//61
f 1182//61 999//61 997//61
f 1182//61 997//61 1183//61
f 1183//61 997//61 995//61
f 1183//61 995//61 1184//61
f 1184//61 995//61 993//61
f 1184//61 993//61 1185//61
f 1185//61 993//61 991//61
f 1185//61 991//61 1186//61
f 1186//61 991//61 989//61
f 1186//61 989//61 1187//61
f 1187//61 989//61 987//61
f 1187//61 987//61 1188//61
f 1188//61 987//61 985//61
f 1188//61 985//61 1189//61
f 1189//61 985//61 983//61
f 1189//61 983//61 1190//61
f 1190//61 983//61 981//61
f 1190//61 981//61 1191//61
f 1191//61 981//61 979//61
f 1191//61 979//61 1192//61
f 1192//61 979//61 977//61
f 1192//61 977//61 1193//61
f 1193//61 977//61 975//61
f 1193//61 975//61 1194//61
f 1194//61 975//61 973//61
f 1194//61 973//61 1195//61
f 1195//61 973//61 971//61
f 1195//61 971//61 1196//61
f 1196//61 971//61 969//61
f 1196//61 969//61 1197//61
f 1197//61 969//61 967//61
f 1197//61 967//61 1198//61
f 1198//61 967//61 965//61
f 1198//61 965//61 1199//61
f 1199//61 965//61 963//61
f 1199//61 963//61 1144//61
f 1144//61 963//61 961//61
f 1144//61 961//61 959//61
f 1173//906 922//906 1172//906
f 1172//906 922//906 920//906
f 1172//907 920//907 1171//907
f 1171//907 920//907 918//907
f 1171//908 918//908 1170//908
f 1170//908 918//908 917//908
f 1170//909 917//909 1169//909
f 1169//909 917//909 915//909
f 1169//910 915//910 1168//910
f 1168//910 915//910 913//910
f 1168//911 913//911 1155//911
f 1155//911 913//911 912//911
f 1155//912 912//912 1154//912
f 1154//912 912//912 865//912
f 1154//913 865//913 1153//913
f 1153//913 865//913 863//913
f 1153//914 863//914 1152//914
f 1152//914 863//914 861//914
f 1152//915 861//915 1151//915
f 1151//915 861//915 873//915
f 1151//916 873//916 1150//916
f 1150//916 873//916 872//916
f 1150//917 872//917 1149//917
f 1149//917 872//917 870//917
f 1149//918 870//918 1148//918
f 1148//918 870//918 868//918
f 1148//919 868//919 1147//919
f 1147//919 868//919 878//919
f 1147//920 878//920 1146//920
f 1146//920 878//920 877//920
f 1146//921 877//921 1145//921
f 1145//921 877//921 875//921
f 1145//922 875//922 1144//922
f 1144//922 875//922 885//922
f 1144//923 885//923 1199//923
f 1199//923 885//923 884//923
f 1199//924 884//924 1198//924
f 1198//924 884//924 882//924
f 1198//925 882//925 1197//925
f 1197//925 882//925 880//925
f 1197//926 880//926 1196//926
f 1196//926 880//926 904//926
f 1196//927 904//927 1195//927
f 1195//927 904//927 903//927
f 1195//928 903//928 1194//928
f 1194//928 903//928 901//928
f 1194//929 901//929 1193//929
f 1193//929 901//929 899//929
f 1193//930 899//930 1192//930
f 1192//930 899//930 898//930
f 1192//931 898//931 1191//931
f 1191//931 898//931 846//931
f 1191//932 846//932 1190//932
f 1190//932 846//932 844//932
f 1190//933 844//933 1189//933
f 1189//934 844//934 843//934
f 1189//935 843//935 1188//935
f 1188//936 843//936 828//936
f 1188//937 828//937 1187//937
f 1187//937 828//937 835//937
f 1187//938 835//938 1186//938
f 1186//938 835//938 834//938
f 1186//939 834//939 1185//939
f 1185//939 834//939 832//939
f 1185//940 832//940 1184//940
f 1184//940 832//940 842//940
f 1184//941 842//941 1183//941
f 1183//941 842//941 841//941
f 1183//942 841//942 1182//942
f 1182//942 841//942 839//942
f 1182//943 839//943 1181//943
f 1181//943 839//943 837//943
f 1181//944 837//944 1180//944
f 1180//944 837//944 852//944
f 1180//945 852//945 1179//945
f 1179//945 852//945 851//945
f 1179//946 851//946 1178//946
f 1178//946 851//946 849//946
f 1178//947 849//947 1167//947
f 1167//947 849//947 892//947
f 1167//948 892//948 1166//948
f 1166//948 892//948 891//948
f 1166//949 891//949 1165//949
f 1165//949 891//949 889//949
f 1165//950 889//950 1164//950
f 1164//950 889//950 887//950
f 1164//951 887//951 1163//951
f 1163//951 887//951 886//951
f 1163//952 886//952 1162//952
f 1162//952 886//952 858//952
f 1162//953 858//953 1161//953
f 1161//953 858//953 856//953
f 1161//954 856//954 1160//954
f 1160//954 856//954 854//954
f 1160//955 854//955 1159//955
f 1159//955 854//955 897//955
f 1159//956 897//956 1158//956
f 1158//956 897//956 896//956
f 1158//957 896//957 1157//957
f 1157//957 896//957 894//957
f 1157//958 894//958 1156//958
f 1156//958 894//958 911//958
f 1156//959 911//959 1177//959
f 1177//959 911//959 910//959
f 1177//960 910//960 1176//960
f 1176//960 910//960 908//960
f 1176//961 908//961 1175//961
f 1175//961 908//961 906//961
f 1175//962 906//962 1174//962
f 1174//962 906//962 923//962
f 1174//963 923//963 1173//963
f 1173//963 923//963 922//963
f 1200//964 1201//964 1202//964
f 1202//965 1201//965 1203//965
f 1202//965 1203//965 1204//965
f 1204//966 1203//966 1205//966
f 1204//966 1205//966 1206//966
f 1206//967 1205//967 1207//967
f 1206//967 1207//967 1208//967
f 1208//968 1207//968 1209//968
f 1208//968 1209//968 1210//968
f 1210//969 1209//969 1211//969
f 1210//969 1211//969 1212//969
f 1212//970 1211//970 1213//970
f 1212//970 1213//970 1214//970
f 1214//971 1213//971 1215//971
f 1214//971 1215//971 1216//971
f 1216//972 1215//972 1217//972
f 1216//972 1217//972 1218//972
f 1218//973 1217//973 1219//973
f 1218//973 1219//973 1220//973
f 1220//974 1219//974 1221//974
f 1220//974 1221//974 1222//974
f 1222//975 1221//975 1223//975
f 1222//975 1223//975 1224//975
f 1224//976 1223//976 1225//976
f 1224//976 1225//976 1226//976
f 1226//977 1225//977 1227//977
f 1226//977 1227//977 1228//977
f 1228//978 1227//978 1229//978
f 1228//978 1229//978 1230//978
f 1230//979 1229//979 1231//979
f 1230//979 1231//979 1232//979
f 1232//980 1231//980 1233//980
f 1232//980 1233//980 1234//980
f 1234//981 1233//981 1235//981
f 1234//981 1235//981 1236//981
f 1236//982 1235//982 1237//982
f 1236//982 1237//982 1238//982
f 1238//983 1237//983 1239//983
f 1238//983 1239//983 1240//983
f 1240//984 1239//984 1241//984
f 1240//984 1241//984 1242//984
f 1242//985 1241//985 1243//985
f 1242//985 1243//985 1244//985
f 1244//986 1243//986 1245//986
f 1244//986 1245//986 1246//986
f 1246//987 1245//987 1247//987
f 1246//987 1247//987 1248//987
f 1248//988 1247//988 1249//988
f 1248//988 1249//988 1250//988
f 1250//989 1249//989 1251//989
f 1250//989 1251//989 1252//989
f 1252//990 1251//990 1253//990
f 1252//990 1253//990 1254//990
f 1254//991 1253//991 1255//991
f 1254//991 1255//991 1256//991
f 1256//992 1255//992 1257//992
f 1256//992 1257//992 1258//992
f 1258//993 1257//993 1259//993
f 1258//993 1259//993 1260//993
f 1260//994 1259//994 1261//994
f 1260//994 1261//994 1262//994
f 1262//995 1261//995 1263//995
f 1262//995 1263//995 1264//995
f 1264//996 1263//996 1265//996
f 1264//996 1265//996 1266//996
f 1266//997 1265//997 1267//997
f 1266//997 1267//997 1268//997
f 1268//998 1267//998 1269//998
f 1268//998 1269//998 1270//998
f 1270//999 1269//999 1271//999
f 1270//999 1271//999 1272//999
f 1272//1000 1271//1000 1273//1000
f 1272//1000 1273//1000 1274//1000
f 1274//1001 1273//1001 1275//1001
f 1274//1001 1275//1001 1276//1001
f 1276//1002 1275//1002 1277//1002
f 1276//1002 1277//1002 1278//1002
f 1278//1003 1277//1003 1279//1003
f 1278//1003 1279//1003 1280//1003
f 1280//1004 1279//1004 1281//1004
f 1280//1004 1281//1004 1282//1004
f 1282//1005 1281//1005 1283//1005
f 1282//1005 1283//1005 1284//1005
f 1284//1006 1283//1006 1285//1006
f 1284//1006 1285//1006 1286//1006
f 1286//1007 1285//1007 1287//1007
f 1286//1007 1287//1007 1288//1007
f 1288//1008 1287//1008 1289//1008
f 1288//1008 1289//1008 1290//1008
f 1290//1009 1289//1009 1291//1009
f 1290//1009 1291//1009 1292//1009
f 1292//1010 1291//1010 1293//1010
f 1292//1010 1293//1010 1294//1010
f 1294//1011 1293//1011 1295//1011
f 1294//1011 1295//1011 1296//1011
f 1296//1012 1295//1012 1297//1012
f 1296//1012 1297//1012 1298//1012
f 1298//1013 1297//1013 1299//1013
f 1298//1013 1299//1013 1300//1013
f 1300//1014 1299//1014 1301//1014
f 1300//1014 1301//1014 1302//1014
f 1302//1015 1301//1015 1303//1015
f 1302//1015 1303//1015 1304//1015
f 1304//1016 1303//1016 1305//1016
f 1304//1016 1305//1016 1306//1016
f 1306//1017 1305//1017 1307//1017
f 1306//1017 1307//1017 1308//1017
f 1308//1018 1307//1018 1309//1018
f 1308//1018 1309//1018 1310//1018
f 1310//1019 1309//1019 1311//1019
f 1310//1019 1311//1019 1312//1019
f 1312//1020 1311//1020 1313//1020
f 1312//1020 1313//1020 1314//1020
f 1314//1021 1313//1021 1315//1021
f 1314//1021 1315//1021 1316//1021
f 1316//1022 1315//1022 1317//1022
f 1316//1022 1317//1022 1318//1022
f 1318//1023 1317//1023 1319//1023
f 1318//1023 1319//1023 1200//1023
f 1200//964 1319//964 1201//964
f 1320//61 1303//61 1321//61
f 1321//61 1303//61 1301//61
f 1321//61 1301//61 1322//61
f 1322//61 1301//61 1299//61
f 1322//61 1299//61 1323//61
f 1323//61 1299//61 1297//61
f 1323//61 1297//61 1324//61
f 1324//61 1297//61 1295//61
f 1324//61 1295//61 1325//61
f 1325//61 1295//61 1293//61
f 1325//61 1293//61 1326//61
f 1326//61 1293//61 1291//61
f 1326//61 1291//61 1327//61
f 1327//61 1291//61 1289//61
f 1327//61 1289//61 1328//61
f 1328//61 1289//61 1287//61
f 1328//61 1287//61 1329//61
f 1329//61 1287//61 1285//61
f 1329//61 1285//61 1330//61
f 1330//61 1285//61 1283//61
f 1330//61 1283//61 1331//61
f 1331//61 1283//61 1281//61
f 1331//61 1281//61 1332//61
f 1332//61 1281//61 1279//61
f 1332//61 1279//61 1333//61
f 1333//61 1279//61 1277//61
f 1333//61 1277//61 1334//61
f 1335//61 1213//61 1336//61
f 1336//61 1213//61 1211//61
f 1336//61 1211//61 1337//61
f 1337//61 1211//61 1209//61
f 1337//61 1209//61 1338//61
f 1338//61 1209//61 1207//61
f 1338//61 1207//61 1339//61
f 1339//61 1207//61 1205//61
f 1339//61 1205//61 1340//61
f 1340//61 1205//61 1203//61
f 1340//61 1203//61 1341//61
f 1341//61 1203//61 1201//61
f 1341//61 1201//61 1342//61
f 1342//61 1201//61 1319//61
f 1342//61 1319//61 1343//61
f 1343//61 1319//61 1317//61
f 1343//61 1317//61 1344//61
f 1344//61 1317//61 1315//61
f 1344//61 1315//61 1345//61
f 1345//61 1315//61 1313//61
f 1345//61 1313//61 1346//61
f 1346//61 1313//61 1311//61
f 1346//61 1311//61 1347//61
f 1347//61 1311//61 1309//61
f 1347//61 1309//61 1348//61
f 1348//61 1309//61 1307//61
f 1348//61 1307//61 1320//61
f 1320//61 1307//61 1305//61
f 1320//61 1305//61 1303//61
f 1349//61 1243//61 1350//61
f 1350//61 1243//61 1241//61
f 1350//61 1241//61 1351//61
f 1351//61 1241//61 1239//61
f 1351//61 1239//61 1352//61
f 1352//61 1239//61 1237//61
f 1352//61 1237//61 1353//61
f 1353//61 1237//61 1235//61
f 1353//61 1235//61 1354//61
f 1354//61 1235//61 1233//61
f 1354//61 1233//61 1355//61
f 1355//61 1233//61 1231//61
f 1355//61 1231//61 1356//61
f 1356//61 1231//61 1229//61
f 1356//61 1229//61 1357//61
f 1357//61 1229//61 1227//61
f 1357//61 1227//61 1358//61
f 1358//61 1227//61 1225//61
f 1358//61 1225//61 1359//61
f 1359//61 1225//61 1223//61
f 1359//61 1223//61 1360//61
f 1360//61 1223//61 1221//61
f 1360//61 1221//61 1361//61
f 1361//61 1221//61 1219//61
f 1361//61 1219//61 1362//61
f 1362//61 1219//61 1217//61
f 1362//61 1217//61 1335//61
f 1335//61 1217//61 1215//61
f 1335//61 1215//61 1213//61
f 1277//61 1275//61 1334//61
f 1334//61 1275//61 1273//61
f 1334//61 1273//61 1363//61
f 1363//61 1273//61 1271//61
f 1363//61 1271//61 1364//61
f 1364//61 1271//61 1269//61
f 1364//61 1269//61 1365//61
f 1365//61 1269//61 1267//61
f 1365//61 1267//61 1366//61
f 1366//61 1267//61 1265//61
f 1366//61 1265//61 1367//61
f 1367//61 1265//61 1263//61
f 1367//61 1263//61 1368//61
f 1368//61 1263//61 1261//61
f 1368//61 1261//61 1369//61
f 1369//61 1261//61 1259//61
f 1369//61 1259//61 1370//61
f 1370//61 1259//61 1257//61
f 1370//61 1257//61 1371//61
f 1371//61 1257//61 1255//61
f 1371//61 1255//61 1372//61
f 1372//61 1255//61 1253//61
f 1372//61 1253//61 1373//61
f 1373//61 1253//61 1251//61
f 1373//61 1251//61 1374//61
f 1374//61 1251//61 1249//61
f 1374//61 1249//61 1375//61
f 1375//61 1249//61 1247//61
f 1375//61 1247//61 1349//61
f 1349//61 1247//61 1245//61
f 1349//61 1245//61 1243//61
f 1376//62 1304//62 1377//62
f 1377//62 1304//62 1306//62
f 1377//62 1306//62 1378//62
f 1378//62 1306//62 1308//62
f 1378//62 1308//62 1379//62
f 1379//62 1308//62 1310//62
f 1379//62 1310//62 1380//62
f 1380//62 1310//62 1312//62
f 1380//62 1312//62 1381//62
f 1381//62 1312//62 1314//62
f 1381//62 1314//62 1382//62
f 1382//62 1314//62 1316//62
f 1382//62 1316//62 1383//62
f 1383//62 1316//62 1318//62
f 1383//62 1318//62 1384//62
f 1384//62 1318//62 1200//62
f 1384//62 1200//62 1385//62
f 1385//62 1200//62 1202//62
f 1385//62 1202//62 1386//62
f 1386//62 1202//62 1204//62
f 1386//62 1204//62 1387//62
f 1387//62 1204//62 1206//62
f 1387//62 1206//62 1388//62
f 1388//62 1206//62 1208//62
f 1388//62 1208//62 1389//62
f 1389//62 1208//62 1210//62
f 1389//62 1210//62 1390//62
f 1210//62 1212//62 1390//62
f 1390//62 1212//62 1214//62
f 1390//62 1214//62 1391//62
f 1391//62 1214//62 1216//62
f 1391//62 1216//62 1392//62
f 1392//62 1216//62 1218//62
f 1392//62 1218//62 1393//62
f 1393//62 1218//62 1220//62
f 1393//62 1220//62 1394//62
f 1394//62 1220//62 1222//62
f 1394//62 1222//62 1395//62
f 1395//62 1222//62 1224//62
f 1395//62 1224//62 1396//62
f 1396//62 1224//62 1226//62
f 1396//62 1226//62 1397//62
f 1397//62 1226//62 1228//62
f 1397//62 1228//62 1398//62
f 1398//62 1228//62 1230//62
f 1398//62 1230//62 1399//62
f 1399//62 1230//62 1232//62
f 1399//62 1232//62 1400//62
f 1400//62 1232//62 1234//62
f 1400//62 1234//62 1401//62
f 1401//62 1234//62 1236//62
f 1401//62 1236//62 1402//62
f 1402//62 1236//62 1238//62
f 1402//62 1238//62 1403//62
f 1403//62 1238//62 1240//62
f 1403//62 1240//62 1404//62
f 1240//62 1242//62 1404//62
f 1404//62 1242//62 1244//62
f 1404//62 1244//62 1405//62
f 1405//62 1244//62 1246//62
f 1405//62 1246//62 1406//62
f 1406//62 1246//62 1248//62
f 1406//62 1248//62 1407//62
f 1407//62 1248//62 1250//62
f 1407//62 1250//62 1408//62
f 1408//62 1250//62 1252//62
f 1408//62 1252//62 1409//62
f 1409//62 1252//62 1254//62
f 1409//62 1254//62 1410//62
f 1410//62 1254//62 1256//62
f 1410//62 1256//62 1411//62
f 1411//62 1256//62 1258//62
f 1411//62 1258//62 1412//62
f 1412//62 1258//62 1260//62
f 1412//62 1260//62 1413//62
f 1413//62 1260//62 1262//62
f 1413//62 1262//62 1414//62
f 1414//62 1262//62 1264//62
f 1414//62 1264//62 1415//62
f 1415//62 1264//62 1266//62
f 1415//62 1266//62 1416//62
f 1416//62 1266//62 1268//62
f 1416//62 1268//62 1417//62
f 1417//62 1268//62 1270//62
f 1417//62 1270//62 1418//62
f 1270//62 1272//62 1418//62
f 1418//62 1272//62 1274//62
f 1418//62 1274//62 1419//62
f 1419//62 1274//62 1276//62
f 1419//62 1276//62 1420//62
f 1420//62 1276//62 1278//62
f 1420//62 1278//62 1421//62
f 1421//62 1278//62 1280//62
f 1421//62 1280//62 1422//62
f 1422//62 1280//62 1282//62
f 1422//62 1282//62 1423//62
f 1423//62 1282//62 1284//62
f 1423//62 1284//62 1424//62
f 1424//62 1284//62 1286//62
f 1424//62 1286//62 1425//62
f 1425//62 1286//62 1288//62
f 1425//62 1288//62 1426//62
f 1426//62 1288//62 1290//62
f 1426//62 1290//62 1427//62
f 1427//62 1290//62 1292//62
f 1427//62 1292//62 1428//62
f 1428//62 1292//62 1294//62
f 1428//62 1294//62 1429//62
f 1429//62 1294//62 1296//62
f 1429//62 1296//62 1430//62
f 1430//62 1296//62 1298//62
f 1430//62 1298//62 1431//62
f 1431//62 1298//62 1300//62
f 1431//62 1300//62 1376//62
f 1376//62 1300//62 1302//62
f 1376//62 1302//62 1304//62
f 1412//1024 1369//1024 1411//1024
f 1411//1024 1369//1024 1370//1024
f 1411//1025 1370//1025 1410//1025
f 1410//1025 1370//1025 1371//1025
f 1410//1026 1371//1026 1409//1026
f 1409//1026 1371//1026 1372//1026
f 1409//1027 1372//1027 1408//1027
f 1408//1027 1372//1027 1373//1027
f 1408//1028 1373//1028 1407//1028
f 1407//1028 1373//1028 1374//1028
f 1407//1029 1374//1029 1406//1029
f 1406//1029 1374//1029 1375//1029
f 1406//1030 1375//1030 1405//1030
f 1405//1030 1375//1030 1349//1030
f 1405//1031 1349//1031 1404//1031
f 1404//1031 1349//1031 1350//1031
f 1404//1032 1350//1032 1403//1032
f 1403//1032 1350//1032 1351//1032
f 1403//1033 1351//1033 1402//1033
f 1402//1033 1351//1033 1352//1033
f 1402//1034 1352//1034 1401//1034
f 1401//1034 1352//1034 1353//1034
f 1401//1035 1353//1035 1400//1035
f 1400//1035 1353//1035 1354//1035
f 1400//1036 1354//1036 1399//1036
f 1399//1036 1354//1036 1355//1036
f 1399//1037 1355//1037 1398//1037
f 1398//1037 1355//1037 1356//1037
f 1398//1038 1356//1038 1397//1038
f 1397//1038 1356//1038 1357//1038
f 1397//1039 1357//1039 1396//1039
f 1396//1039 1357//1039 1358//1039
f 1396//1040 1358//1040 1395//1040
f 1395//1040 1358//1040 1359//1040
f 1395//1041 1359//1041 1394//1041
f 1394//1041 1359//1041 1360//1041
f 1394//1042 1360//1042 1393//1042
f 1393//1042 1360//1042 1361//1042
f 1393//1043 1361//1043 1392//1043
f 1392//1043 1361//1043 1362//1043
f 1392//1044 1362//1044 1391//1044
f 1391//1044 1362//1044 1335//1044
f 1391//1045 1335//1045 1390//1045
f 1390//1045 1335//1045 1336//1045
f 1390//1046 1336//1046 1389//1046
f 1389//1046 1336//1046 1337//1046
f 1389//1047 1337//1047 1388//1047
f 1388//1047 1337//1047 1338//1047
f 1388//1048 1338//1048 1387//1048
f 1387//1048 1338//1048 1339//1048
f 1387//1049 1339//1049 1386//1049
f 1386//1049 1339//1049 1340//1049
f 1386//1050 1340//1050 1385//1050
f 1385//1050 1340//1050 1341//1050
f 1385//1051 1341//1051 1384//1051
f 1384//1051 1341//1051 1342//1051
f 1384//1052 1342//1052 1383//1052
f 1383//1052 1342//1052 1343//1052
f 1383//1053 1343//1053 1382//1053
f 1382//1053 1343//1053 1344//1053
f 1382//1054 1344//1054 1381//1054
f 1381//1054 1344//1054 1345//1054
f 1381//1055 1345//1055 1380//1055
f 1380//1055 1345//1055 1346//1055
f 1380//1056 1346//1056 1379//1056
f 1379//1056 1346//1056 1347//1056
f 1379//1057 1347//1057 1378//1057
f 1378//1057 1347//1057 1348//1057
f 1378//1058 1348//1058 1377//1058
f 1377//1058 1348//1058 1320//1058
f 1377//1059 1320//1059 1376//1059
f 1376//1059 1320//1059 1321//1059
f 1376//1060 1321//1060 1431//1060
f 1431//1060 1321//1060 1322//1060
f 1431//1061 1322//1061 1430//1061
f 1430//1061 1322//1061 1323//1061
f 1430//1062 1323//1062 1429//1062
f 1429//1062 1323//1062 1324//1062
f 1429//1063 1324//1063 1428//1063
f 1428//1063 1324//1063 1325//1063
f 1428//1064 1325//1064 1427//1064
f 1427//1064 1325//1064 1326//1064
f 1427//1065 1326//1065 1426//1065
f 1426//1065 1326//1065 1327//1065
f 1426//1066 1327//1066 1425//1066
f 1425//1066 1327//1066 1328//1066
f 1425//1067 1328//1067 1424//1067
f 1424//1067 1328//1067 1329//1067
f 1424//1068 1329//1068 1423//1068
f 1423//1068 1329//1068 1330//1068
f 1423//1069 1330//1069 1422//1069
f 1422//1069 1330//1069 1331//1069
f 1422//1070 1331//1070 1421//1070
f 1421//1070 1331//1070 1332//1070
f 1421//1071 1332//1071 1420//1071
f 1420//1071 1332//1071 1333//1071
f 1420//1072 1333//1072 1419//1072
f 1419//1072 1333//1072 1334//1072
f 1419//1073 1334//1073 1418//1073
f 1418//1073 1334//1073 1363//1073
f 1418//1074 1363//1074 1417//1074
f 1417//1074 1363//1074 1364//1074
f 1417//1075 1364//1075 1416//1075
f 1416//1075 1364//1075 1365//1075
f 1416//1076 1365//1076 1415//1076
f 1415//1076 1365//1076 1366//1076
f 1415//1077 1366//1077 1414//1077
f 1414//1077 1366//1077 1367//1077
f 1414//1078 1367//1078 1413//1078
f 1413//1078 1367//1078 1368//1078
f 1413//1079 1368//1079 1412//1079
f 1412//1079 1368//1079 1369//1079
# Vertices: 1431, normals: 1079, texture coordinates: 0, faces: 2764

