# stlbn R3_Front support frame
v 0 0 0.040750001
v 0 0 0.050750002
v 0 0.010133099 0.04575
v 0 0.010383215 0.04481655
v 0 0.010383215 0.046683449
v 0 0.011066549 0.044133216
v 0 0.011066549 0.047366783
v 0 0.011863753 0.040750001
v 0 0.011999998 0.0438831
v 0 0.011999998 0.047616899
v 0 0.012933448 0.044133216
v 0 0.012933448 0.047366783
v 0 0.013616782 0.04481655
v 0 0.013616782 0.046683449
v 0 0.013866898 0.04575
v 0 0.019012403 0.040750001
v 0 0.028268063 0.040750001
v 0 0.046 0.040750001
v 0 0.072987594 0.040750001
v 0 0.082033098 0.04575
v 0 0.082283214 0.04481655
v 0 0.082283214 0.046683449
v 0 0.082966551 0.044133216
v 0 0.082966551 0.047366783
v 0 0.083900005 0.0438831
v 0 0.083900005 0.047616899
v 0 0.084833451 0.044133216
v 0 0.084833451 0.047366783
v 0 0.085516781 0.04481655
v 0 0.085516781 0.046683449
v 0 0.085766897 0.04575
v 0 0.089900002 0.040750001
v 0 0.089900002 0.050750002
v 3.407523e-05 0.09015882 0.040784076
v 3.407523e-05 0.09015882 0.050715927
v 0.00013397634 0.090399995 0.040883977
v 0.00013397634 0.090399995 0.050616026
v 0.00050000101 0.090766028 0.041250002
v 0.00050000101 0.090766028 0.050250001
v 0.001000002 0.090900004 0.041749999
v 0.001000002 0.090900004 0.04975
v 0.0011759996 0 0.04575
v 0.0011759996 0.0096011981 0.04575
v 0.0013801791 0 0.044987999
v 0.0013801791 0 0.046512
v 0.0013801791 0.0096011981 0.044987999
v 0.0013801791 0.0096011981 0.046512
v 0.0019380003 0 0.044430178
v 0.0019380003 0 0.047069825
v 0.0019380003 0.0096011981 0.044430178
v 0.0019380003 0.0096011981 0.047069825
v 0.0020000003 0.0222 0.050750002
v 0.0020000003 0.072899997 0.050750002
v 0.0020612329 0.010133099 0.04575
v 0.0020937622 0.010140043 0.045589145
v 0.0020937771 0.010140046 0.045910891
v 0.002181612 0.010157246 0.04545071
v 0.002181612 0.010157246 0.046049293
v 0.0022529364 0.010169473 0.045383275
v 0.0023074374 0.019078555 0.050750002
v 0.0023074374 0.076021448 0.050750002
v 0.0023826845 0.0222 0.05067388
v 0.0023826845 0.072899997 0.05067388
v 0.0024301074 0.010192573 0.045282532
v 0.0024301074 0.010192573 0.046217471
v 0.0025000013 0.0222 0.050616026
v 0.0025000013 0.072899997 0.050616026
v 0.0026827678 0.019153211 0.05067388
v 0.0026827678 0.075946786 0.05067388
v 0.002700001 0 0.044226002
v 0.002700001 0 0.047274001
v 0.002700001 0.0096011981 0.044226002
v 0.002700001 0.0096011981 0.047274001
v 0.002700001 0.010206163 0.045232829
v 0.002700001 0.010206163 0.046267174
v 0.0027071089 0.0222 0.050457109
v 0.0027071089 0.072899997 0.050457109
v 0.002866026 0.0222 0.050250001
v 0.002866026 0.072899997 0.050250001
v 0.0029238798 0.0222 0.050132684
v 0.0029238798 0.072899997 0.050132684
v 0.0029698946 0.010192573 0.045282532
v 0.0029698946 0.010192573 0.046217471
v 0.0030000024 0.0222 0.043250002
v 0.0030000024 0.0222 0.04975
v 0.0030000024 0.046 0.043250002
v 0.0030000024 0.066050611 0.043250002
v 0.0030000024 0.072899997 0.043250002
v 0.0030000024 0.072899997 0.04975
v 0.003000956 0.019216504 0.050457109
v 0.003000956 0.075883493 0.050457109
v 0.0032135658 0.019258793 0.050132684
v 0.0032135658 0.075841203 0.050132684
v 0.0032179281 0.016077064 0.050750002
v 0.0032179281 0.079022929 0.050750002
v 0.00321839 0.010157246 0.04545071
v 0.00321839 0.010157246 0.046049293
v 0.0032882206 0.019273644 0.04975
v 0.0032882206 0.075826354 0.04975
v 0.0033061802 0.010140054 0.045910995
v 0.0033062436 0.010140043 0.045589153
v 0.0033387728 0.010133099 0.04575
v 0.0034620017 0 0.044430178
v 0.0034620017 0 0.047069825
v 0.0034620017 0.0096011981 0.044430178
v 0.0034620017 0.0096011981 0.047069825
v 0.0035111122 0.018317714 0.043250002
v 0.0035111122 0.018317714 0.04975
v 0.0035111122 0.076782286 0.043250002
v 0.0035111122 0.076782286 0.04975
v 0.0035714805 0.016223511 0.05067388
v 0.0035714805 0.078876488 0.05067388
v 0.0038712099 0.016347662 0.050457109
v 0.0038712099 0.078752339 0.050457109
v 0.0040198229 0 0.044987999
v 0.0040198229 0 0.046512
v 0.0040198229 0.0096011981 0.044987999
v 0.0040198229 0.0096011981 0.046512
v 0.0040714815 0.016430618 0.050132684
v 0.0040714815 0.078669384 0.050132684
v 0.0041418076 0.016459748 0.04975
v 0.0041418076 0.078640252 0.04975
v 0.0042240024 0 0.04575
v 0.0042240024 0.0096011981 0.04575
v 0.0044 0 0.040750001
v 0.0044 0 0.050750002
v 0.0044 0.0062000006 0.040750001
v 0.0044 0.0062000006 0.050750002
v 0.0046964884 0.013310876 0.050750002
v 0.0046964884 0.081789121 0.050750002
v 0.004900001 0 0.040883977
v 0.004900001 0 0.050616026
v 0.004900001 0.0062000006 0.040883977
v 0.004900001 0.0062000006 0.050616026
v 0.0050096214 0.014699999 0.043250002
v 0.0050096214 0.014699999 0.04975
v 0.0050096214 0.080399998 0.043250002
v 0.0050096214 0.080399998 0.04975
v 0.0050146766 0.013523482 0.05067388
v 0.0050146766 0.081576511 0.05067388
v 0.0052660257 0 0.041250002
v 0.0052660257 0 0.050250001
v 0.0052660257 0.0062000006 0.041250002
v 0.0052660257 0.0062000006 0.050250001
v 0.0052844249 0.013703723 0.050457109
v 0.0052844249 0.081396274 0.050457109
v 0.005400002 0 0.041749999
v 0.005400002 0 0.04975
v 0.005400002 0.0062000006 0.041749999
v 0.005400002 0.0062000006 0.04975
v 0.0054646656 0.013824154 0.050132684
v 0.0054646656 0.081275843 0.050132684
v 0.0055276528 0.013866898 0.04575
v 0.0055279583 0.013866447 0.04975
v 0.0055279583 0.081233554 0.04975
v 0.0055716224 0.013801463 0.045260053
v 0.0055718496 0.013801131 0.046241168
v 0.0056984425 0.013616782 0.04481655
v 0.0056984425 0.013616782 0.046683449
v 0.0059194751 0.01330838 0.047081709
v 0.0059195571 0.013308268 0.044418178
v 0.0061009899 0.082033098 0.04575
v 0.0061518773 0.08209902 0.04525828
v 0.0061519369 0.082099095 0.046241991
v 0.00620462 0.012933448 0.044133216
v 0.00620462 0.012933448 0.047366783
v 0.0062972121 0.082283214 0.04481655
v 0.0062972121 0.082283214 0.046683449
v 0.006553743 0.082594492 0.04441547
v 0.0065544359 0.082595311 0.04708533
v 0.0066862926 0.010886289 0.050750002
v 0.0066862926 0.084213704 0.050750002
v 0.0068795457 0.082966551 0.044133216
v 0.0068795457 0.082966551 0.047366783
v 0.0069568902 0.011156891 0.05067388
v 0.0069568902 0.083943114 0.05067388
v 0.007001821 0.011999998 0.0438831
v 0.007001821 0.011999998 0.047616899
v 0.0071862936 0.01138629 0.050457109
v 0.0071862936 0.08371371 0.050457109
v 0.0073395744 0.011539571 0.050132684
v 0.0073395744 0.083560422 0.050132684
v 0.0073847435 0.083497941 0.04392691
v 0.0073847435 0.083497941 0.047573093
v 0.0073934011 0.011593398 0.043250002
v 0.0073934011 0.011593398 0.04975
v 0.0073934011 0.083506599 0.043250002
v 0.0073934011 0.083506599 0.04975
v 0.007401336 0.011585467 0.043929704
v 0.007401336 0.011585467 0.047570296
v 0.0075812526 0.018512402 0.043250002
v 0.0075812526 0.046 0.043250002
v 0.0075812526 0.066050611 0.043250002
v 0.0075812526 0.073487595 0.043250002
v 0.0077500008 0.0145 0.040750001
v 0.0077500008 0.021469787 0.040750001
v 0.0078019612 0.083900005 0.0438831
v 0.0078019612 0.083900005 0.047616899
v 0.0078522228 0.013723541 0.040750001
v 0.0079478212 0.011066549 0.044133216
v 0.0079478212 0.011066549 0.047366783
v 0.0081046149 0.023435345 0.040750001
v 0.0081519261 0.013 0.040750001
v 0.0085000023 0.0145 0.04054904
v 0.0085000023 0.021469787 0.04054904
v 0.0085766688 0.013917655 0.04054904
v 0.0086286813 0.012378678 0.040750001
v 0.0086657107 0.023219317 0.040624227
v 0.0087607577 0.010383215 0.04481655
v 0.0087607577 0.010383215 0.046683449
v 0.0088014454 0.013374999 0.04054904
v 0.0089119449 0.084833451 0.044133216
v 0.0089119449 0.084833451 0.047366783
v 0.0089960434 0.01020297 0.046255961
v 0.0089963265 0.010202754 0.045244798
v 0.0090490393 0.0145 0.039999999
v 0.0090490393 0.021469787 0.039999999
v 0.0090771765 0.024929304 0.040750001
v 0.0090898983 0.010133099 0.04575
v 0.0091069974 0.01405976 0.039999999
v 0.0091108792 0.008896485 0.050750002
v 0.0091108792 0.086203516 0.050750002
v 0.0091327131 0.023039516 0.040268004
v 0.0091590099 0.01290901 0.04054904
v 0.0092500001 0.0024999976 0.02575
v 0.0092500001 0.0024999976 0.026250001
v 0.0092500001 0.0054409243 0.026250001
v 0.0092500001 0.0084519312 0.02575
v 0.0092500001 0.011901923 0.040750001
v 0.0092500001 0.013659533 0.034773
v 0.0092500001 0.014281958 0.035732597
v 0.0092500001 0.0145 0.036855407
v 0.0092500001 0.0145 0.039250001
v 0.0092500001 0.021469787 0.039250001
v 0.0092500336 0.0054406784 0.026263755
v 0.0092683434 0.0082922205 0.025418751
v 0.0092769265 0.01364952 0.039999999
v 0.0093011111 0.014111772 0.039250001
v 0.0093234852 0.0092146769 0.05067388
v 0.0093234852 0.085885324 0.05067388
v 0.0093282275 0.0054330938 0.026930615
v 0.0093980357 0.024585465 0.04067437
v 0.0094201267 0.085203886 0.047086108
v 0.0094205514 0.085204184 0.044414185
v 0.009427309 0.022926094 0.039741065
v 0.0094481893 0.023003751 0.03976725
v 0.0094498545 0.0054399073 0.027326647
v 0.0094509646 0.0089918114 0.025229398
v 0.0094509646 0.013119649 0.035293601
v 0.0094509646 0.013586469 0.036013298
v 0.0094509646 0.013749998 0.036855407
v 0.0094509646 0.013749998 0.039250001
v 0.0095037259 0.0094844215 0.050457109
v 0.0095037259 0.085615575 0.050457109
v 0.0095041841 0.0088095367 0.024946108
v 0.009547241 0.013297237 0.039999999
v 0.0096241571 0.0096646622 0.050132684
v 0.0096241571 0.085435331 0.050132684
v 0.0096250027 0.012551442 0.04054904
v 0.0096421987 0.025342805 0.040750001
v 0.0096483193 0.0077317357 0.024256265
v 0.0096519254 0.0024999976 0.024250001
v 0.0096519254 0.0024999976 0.02775
v 0.0096613206 0.00546946 0.027766157
v 0.0096664466 0.0097279549 0.04975
v 0.0096664466 0.085372046 0.04975
v 0.0096865371 0.024276299 0.040455103
v 0.0096893422 0.013439339 0.039250001
v 0.0098494068 0.024967425 0.040687412
v 0.0098872446 0.085516781 0.04481655
v 0.0098872446 0.085516781 0.046683449
v 0.0098995194 0.013026923 0.039999999
v 0.0099097341 0.0075469427 0.023872994
v 0.0099135898 0.024032986 0.04011431
v 0.0099735446 0.011602223 0.040750001
v 0.0099947862 0.024137676 0.04014961
v 0.0099978074 0.0055491216 0.028231824
v 0.010000002 0.0093870349 0.024848292
v 0.010000002 0.012724426 0.035674706
v 0.010000002 0.013077334 0.036218788
v 0.010000002 0.013200961 0.036855407
v 0.010000002 0.013200961 0.039250001
v 0.010039326 0.02462337 0.040504873
v 0.010044917 0.0092011727 0.024628531
v 0.010167658 0.012326665 0.04054904
v 0.010170452 0.085694462 0.046265014
v 0.010170564 0.085694522 0.045235232
v 0.010178234 0.0056067146 0.028419744
v 0.010186046 0.025563056 0.040750001
v 0.010196101 0.024339352 0.040217616
v 0.010196593 0.0079847127 0.023680931
v 0.010290079 0.085766897 0.04575
v 0.010290172 0.025171444 0.040694229
v 0.01030976 0.012856998 0.039999999
v 0.010361772 0.013051111 0.039250001
v 0.010386553 0.024808954 0.040531065
v 0.010468025 0.024502538 0.040272642
v 0.010500003 0.009209618 0.043250002
v 0.010500003 0.009209618 0.04975
v 0.010500003 0.085890383 0.043250002
v 0.010500003 0.085890383 0.04975
v 0.010605462 0.0083620064 0.023645045
v 0.010743279 0.0072011612 0.023155816
v 0.010749999 0.0024999976 0.023151925
v 0.010749999 0.0024999976 0.028848078
v 0.010749999 0.0058624297 0.028848078
v 0.010749999 0.0095316954 0.024708798
v 0.010749999 0.011500001 0.040750001
v 0.010749999 0.012249999 0.04054904
v 0.010749999 0.012579765 0.035814203
v 0.010749999 0.012799036 0.039999999
v 0.010749999 0.01289098 0.036294002
v 0.010749999 0.013 0.036855407
v 0.010749999 0.013 0.039250001
v 0.010749999 0.024557589 0.040291205
v 0.010749999 0.024871666 0.040539853
v 0.010749999 0.025050756 0.040630545
v 0.010749999 0.025240352 0.040696509
v 0.010749999 0.025637355 0.040750001
v 0.010759175 0.0093719848 0.024543172
v 0.01107987 0.0086267106 0.023770293
v 0.011098668 0.0071162619 0.022979723
v 0.011101 0.0024999976 0.026000001
v 0.011101 0.010776784 0.026000001
v 0.011125002 0.0086607151 0.031750001
v 0.011125002 0.012579765 0.035814203
v 0.011125002 0.01289098 0.036294002
v 0.011125002 0.01299629 0.03675
v 0.011125002 0.016321428 0.031750001
v 0.011125002 0.021142857 0.03675
v 0.011128709 0.013 0.036855407
v 0.011261221 0.00752078 0.022980774
v 0.011305179 0.0024999976 0.025238
v 0.011305179 0.0024999976 0.026762001
v 0.011305179 0.010042001 0.025238
v 0.011305179 0.011511572 0.026762001
v 0.011325963 0.0079374984 0.030999999
v 0.011325963 0.013 0.037500001
v 0.011325963 0.015598213 0.030999999
v 0.011325963 0.02186607 0.037500001
v 0.011458669 0.0078911297 0.023098741
v 0.011473544 0.0061514266 0.029147778
v 0.011674333 0.0081960261 0.023323659
v 0.011863001 0.0024999976 0.024680179
v 0.011863001 0.0024999976 0.027319822
v 0.011863001 0.0095040984 0.024680179
v 0.011863001 0.01204947 0.027319822
v 0.011875 0.0074080713 0.030450962
v 0.011875 0.013 0.038049038
v 0.011875 0.015068784 0.030450962
v 0.011875 0.022395501 0.038049038
v 0.011877067 0.0074179284 0.050750002
v 0.011877067 0.087682068 0.050750002
v 0.012023512 0.0077714808 0.05067388
v 0.012023512 0.087328523 0.05067388
v 0.012147665 0.0080712065 0.050457109
v 0.012147665 0.087028787 0.050457109
v 0.012162507 0.032797419 0.040750001
v 0.012162507 0.032797419 0.043250002
v 0.012162507 0.059202578 0.040750001
v 0.012162507 0.059202578 0.043250002
v 0.01223056 0.0093572885 0.02452793
v 0.01223056 0.012196284 0.027472071
v 0.01223062 0.0082714818 0.050132684
v 0.01223062 0.086828515 0.050132684
v 0.012236774 0.007263571 0.030301113
v 0.012236774 0.014924286 0.030301113
v 0.012236774 0.022539999 0.038198888
v 0.012250002 0.0024999976 0.022750001
v 0.012250002 0.0024999976 0.02925
v 0.012250002 0.0062499978 0.02925
v 0.012250002 0.0070055015 0.022750001
v 0.012250002 0.007402502 0.022803491
v 0.012250002 0.0075921007 0.022869457
v 0.012250002 0.0077711903 0.022960147
v 0.012250002 0.0080852658 0.023208797
v 0.012259752 0.0083418079 0.04975
v 0.012259752 0.086758196 0.04975
v 0.012416877 0.031848095 0.040750001
v 0.012416877 0.031848095 0.043250002
v 0.012416877 0.033746745 0.040750001
v 0.012416877 0.033746745 0.043250002
v 0.012416877 0.058253251 0.040750001
v 0.012416877 0.058253251 0.043250002
v 0.012416877 0.060151905 0.040750001
v 0.012416877 0.060151905 0.043250002
v 0.012625001 0.0024999976 0.024476001
v 0.012625001 0.0024999976 0.027524002
v 0.012625001 0.0072142854 0.030250002
v 0.012625001 0.0093072131 0.024476001
v 0.012625001 0.012246355 0.027524002
v 0.012625001 0.013 0.038249999
v 0.012625001 0.014874998 0.030250002
v 0.012625001 0.022589285 0.038249999
v 0.013 0.0024999976 0.022750001
v 0.013 0.0024999976 0.02925
v 0.013 0.0062499978 0.02925
v 0.013 0.0070055015 0.022750001
v 0.013 0.007402502 0.022803491
v 0.013 0.0075921007 0.022869457
v 0.013 0.0077711903 0.022960147
v 0.013 0.0080852658 0.023208797
v 0.013013229 0.007263571 0.030301113
v 0.013013229 0.014924286 0.030301113
v 0.013013229 0.022539999 0.038198888
v 0.013019443 0.0093572885 0.02452793
v 0.013019443 0.012196284 0.027472071
v 0.013055164 0.0080862455 0.023209812
v 0.013075449 0.0077722482 0.022961369
v 0.013094284 0.0074035451 0.022805052
v 0.013110328 0.0070064776 0.02275203
v 0.013111833 0.031153142 0.040750001
v 0.013111833 0.031153142 0.043250002
v 0.013111833 0.034441702 0.040750001
v 0.013111833 0.034441702 0.043250002
v 0.013111833 0.057558298 0.040750001
v 0.013111833 0.057558298 0.043250002
v 0.013111833 0.060846858 0.040750001
v 0.013111833 0.060846858 0.043250002
v 0.013375003 0.0074080713 0.030450962
v 0.013375003 0.013 0.038049038
v 0.013375003 0.015068784 0.030450962
v 0.013375003 0.022395501 0.038049038
v 0.013387002 0.0024999976 0.024680179
v 0.013387002 0.0024999976 0.027319822
v 0.013387002 0.0095040984 0.024680179
v 0.013387002 0.01204947 0.027319822
v 0.013633765 0.0082207136 0.023349259
v 0.013776459 0.0061514266 0.029147778
v 0.01387221 0.007917922 0.023129728
v 0.01392404 0.0079374984 0.030999999
v 0.01392404 0.013 0.037500001
v 0.01392404 0.015598213 0.030999999
v 0.01392404 0.02186607 0.037500001
v 0.013944823 0.0024999976 0.025238
v 0.013944823 0.0024999976 0.026762001
v 0.013944823 0.010042001 0.025238
v 0.013944823 0.011511572 0.026762001
v 0.014061157 0.030898772 0.040750001
v 0.014061157 0.030898772 0.043250002
v 0.014061157 0.034696072 0.040750001
v 0.014061157 0.034696072 0.043250002
v 0.014061157 0.057303928 0.040750001
v 0.014061157 0.057303928 0.043250002
v 0.014061157 0.061101228 0.040750001
v 0.014061157 0.061101228 0.043250002
v 0.014089808 0.007547196 0.023020431
v 0.014117714 0.0077111125 0.043250002
v 0.014117714 0.0077111125 0.04975
v 0.014117714 0.087388888 0.043250002
v 0.014117714 0.087388888 0.04975
v 0.014121294 0.013 0.036855407
v 0.014125001 0.0086607151 0.031750001
v 0.014125001 0.012579765 0.035814203
v 0.014125001 0.01289098 0.036294002
v 0.014125001 0.01299629 0.03675
v 0.014125001 0.016321428 0.031750001
v 0.014125001 0.021142857 0.03675
v 0.014149003 0.0024999976 0.026000001
v 0.014149003 0.010776784 0.026000001
v 0.014223035 0.0086942688 0.023840357
v 0.01426753 0.0071409456 0.023030926
v 0.014425356 0.0090810955 0.024241507
v 0.0145 0.0024999976 0.023151925
v 0.0145 0.0024999976 0.028848078
v 0.0145 0.0058624297 0.028848078
v 0.0145 0.0095316954 0.024708798
v 0.0145 0.011500001 0.040750001
v 0.0145 0.012249999 0.04054904
v 0.0145 0.012579765 0.035814203
v 0.0145 0.012799036 0.039999999
v 0.0145 0.01289098 0.036294002
v 0.0145 0.013 0.036855407
v 0.0145 0.013 0.039250001
v 0.0145 0.024557589 0.040291205
v 0.0145 0.024871666 0.040539853
v 0.0145 0.025050756 0.040630545
v 0.0145 0.025240352 0.040696509
v 0.0145 0.025637355 0.040750001
v 0.014505465 0.0072008111 0.023155088
v 0.014725564 0.0084366277 0.023731962
v 0.014793508 0.0244979 0.040271077
v 0.014878262 0.024803672 0.040530324
v 0.014878556 0.006507434 0.050750002
v 0.014878556 0.088592559 0.050750002
v 0.014953215 0.0068827644 0.05067388
v 0.014953215 0.088217229 0.05067388
v 0.014978593 0.02516564 0.040694039
v 0.015010482 0.031153142 0.040750001
v 0.015010482 0.031153142 0.043250002
v 0.015010482 0.034441702 0.040750001
v 0.015010482 0.034441702 0.043250002
v 0.015010482 0.057558298 0.040750001
v 0.015010482 0.057558298 0.043250002
v 0.015010482 0.060846858 0.040750001
v 0.015010482 0.060846858 0.043250002
v 0.015016505 0.0072009563 0.050457109
v 0.015016505 0.087899044 0.050457109
v 0.015058797 0.0074135624 0.050132684
v 0.015058797 0.087686434 0.050132684
v 0.015061604 0.0088689327 0.024237506
v 0.015071768 0.0056067146 0.028419744
v 0.015073646 0.0074882209 0.04975
v 0.015073646 0.08761178 0.04975
v 0.015074026 0.01311418 0.039250001
v 0.015087016 0.025556793 0.040750001
v 0.015096879 0.024302602 0.040205222
v 0.015150931 0.012928516 0.039999999
v 0.015154243 0.008058168 0.023792516
v 0.015250001 0.0093870349 0.024848292
v 0.015250001 0.012724426 0.035674706
v 0.015250001 0.013077334 0.036218788
v 0.015250001 0.013200961 0.036855407
v 0.015250001 0.013200961 0.039250001
v 0.015252195 0.0055491216 0.028231824
v 0.01526501 0.024581641 0.040498946
v 0.015270237 0.024119414 0.040143453
v 0.015361039 0.012421269 0.04054904
v 0.015446067 0.0076145045 0.024013117
v 0.015469808 0.024921531 0.040685866
v 0.015560661 0.013439339 0.039250001
v 0.015570646 0.008483313 0.02444247
v 0.015588682 0.00546946 0.027766157
v 0.015598077 0.0024999976 0.024250001
v 0.015598077 0.0024999976 0.02775
v 0.015599271 0.0077297129 0.024252072
v 0.01561968 0.023524528 0.039942857
v 0.015648052 0.011728361 0.040750001
v 0.015693754 0.025293201 0.040750001
v 0.015702764 0.013297237 0.039999999
v 0.015705436 0.031848095 0.040750001
v 0.015705436 0.031848095 0.043250002
v 0.015705436 0.033746745 0.040750001
v 0.015705436 0.033746745 0.043250002
v 0.015705436 0.058253251 0.040750001
v 0.015705436 0.058253251 0.043250002
v 0.015705436 0.060151905 0.040750001
v 0.015705436 0.060151905 0.043250002
v 0.01579904 0.0089918114 0.025229398
v 0.01579904 0.013119649 0.035293601
v 0.01579904 0.013586469 0.036013298
v 0.01579904 0.013749998 0.036855407
v 0.01579904 0.013749998 0.039250001
v 0.01580015 0.0054399073 0.027326647
v 0.015806915 0.022985259 0.039761014
v 0.015850713 0.0080013275 0.024815422
v 0.015885821 0.013925973 0.039250001
v 0.015900217 0.023704555 0.040370654
v 0.015921775 0.0054330938 0.026930615
v 0.015944827 0.02229955 0.039529797
v 0.015959807 0.032797419 0.040750001
v 0.015959807 0.032797419 0.043250002
v 0.015959807 0.059202578 0.040750001
v 0.015959807 0.059202578 0.043250002
v 0.015999969 0.0054406784 0.026263755
v 0.016000001 0.0024999976 0.02575
v 0.016000001 0.0024999976 0.026250001
v 0.016000001 0.0054409243 0.026250001
v 0.016000001 0.0084519312 0.02575
v 0.016000001 0.013659533 0.034773
v 0.016000001 0.014281958 0.035732597
v 0.016000001 0.0145 0.036855407
v 0.016000001 0.0145 0.039250001
v 0.016000001 0.021469787 0.039250001
v 0.016071485 0.013849068 0.039999999
v 0.016090991 0.01290901 0.04054904
v 0.016200963 0.0145 0.039999999
v 0.016200963 0.021469787 0.039999999
v 0.016217735 0.022354359 0.040156208
v 0.016290447 0.023954973 0.040651958
v 0.01657873 0.013638962 0.04054904
v 0.016621321 0.012378678 0.040750001
v 0.016729904 0.0062000006 0.040750001
v 0.016729904 0.011863753 0.040750001
v 0.016729904 0.028268063 0.040750001
v 0.016729904 0.046 0.040750001
v 0.016729904 0.072987594 0.040750001
v 0.016729904 0.089900002 0.040750001
v 0.016735377 0.022458315 0.040593375
v 0.016739359 0.024243047 0.040750001
v 0.01675 0.0145 0.04054904
v 0.01675 0.021469787 0.04054904
v 0.01727164 0.013351951 0.040750001
v 0.017389653 0.02258971 0.040750001
v 0.017500002 0.0145 0.040750001
v 0.017500002 0.021469787 0.040750001
v 0.018000001 0.0062000006 0.050750002
v 0.018000001 0.0065826811 0.05067388
v 0.018000001 0.0066999979 0.050616026
v 0.018000001 0.0069071054 0.050457109
v 0.018000001 0.0070660263 0.050250001
v 0.018000001 0.0071238801 0.050132684
v 0.018000001 0.0071999989 0.043250002
v 0.018000001 0.0071999989 0.04975
v 0.018000001 0.087899998 0.043250002
v 0.018000001 0.087899998 0.04975
v 0.018000001 0.08797612 0.050132684
v 0.018000001 0.088033974 0.050250001
v 0.018000001 0.088192895 0.050457109
v 0.018000001 0.088399999 0.050616026
v 0.018000001 0.088517316 0.05067388
v 0.018000001 0.0889 0.050750002
v 0.018447405 0.0071999989 0.043250002
v 0.018447405 0.0097137541 0.043250002
v 0.018447405 0.018512402 0.043250002
v 0.018447405 0.046 0.043250002
v 0.018447405 0.066050611 0.043250002
v 0.018447405 0.073487595 0.043250002
v 0.018447405 0.087899998 0.043250002
v 0.019717501 0.0062000006 0.040750001
v 0.019717501 0.011863753 0.040750001
v 0.019717501 0.019012403 0.040750001
v 0.019717501 0.028268063 0.040750001
v 0.019717501 0.046 0.040750001
v 0.019717501 0.072987594 0.040750001
v 0.019717501 0.089900002 0.040750001
v 0.020935001 0.046 0.043250002
v 0.021092195 0.043200888 0.043250002
v 0.021092195 0.048799112 0.043250002
v 0.021435002 0.046 0.043116026
v 0.021561803 0.040436976 0.043250002
v 0.021561803 0.051563025 0.043250002
v 0.021589052 0.043256871 0.043116026
v 0.021589052 0.048743129 0.043116026
v 0.021801027 0.046 0.042750001
v 0.021935001 0.046 0.040750001
v 0.021935001 0.046 0.04225
v 0.021952776 0.04329785 0.042750001
v 0.021952776 0.048702147 0.042750001
v 0.022049267 0.040548235 0.043116026
v 0.022049267 0.051451761 0.043116026
v 0.022085909 0.043312851 0.04225
v 0.022085909 0.048687145 0.04225
v 0.022337917 0.037743025 0.043250002
v 0.022337917 0.054256976 0.043250002
v 0.022406116 0.040629685 0.042750001
v 0.022406116 0.051370315 0.042750001
v 0.022536732 0.040659498 0.040750001
v 0.022536732 0.040659498 0.04225
v 0.022536732 0.051340502 0.040750001
v 0.022536732 0.051340502 0.04225
v 0.022809859 0.037908163 0.043116026
v 0.022809859 0.054091837 0.043116026
v 0.023155345 0.038029052 0.042750001
v 0.023155345 0.053970948 0.042750001
v 0.023281801 0.038073301 0.04225
v 0.023281801 0.053926699 0.04225
v 0.02341078 0.035152905 0.043250002
v 0.02341078 0.056847092 0.043250002
v 0.023861265 0.035369847 0.043116026
v 0.023861265 0.056630149 0.043116026
v 0.024191041 0.03552866 0.042750001
v 0.024191041 0.05647134 0.042750001
v 0.024311749 0.035586789 0.040750001
v 0.024311749 0.035586789 0.04225
v 0.024311749 0.056413211 0.040750001
v 0.024311749 0.056413211 0.04225
v 0.024766896 0.032699198 0.043250002
v 0.024766896 0.059300803 0.043250002
v 0.025190258 0.032965213 0.043116026
v 0.025190258 0.059034787 0.043116026
v 0.02550018 0.033159949 0.042750001
v 0.02550018 0.058840048 0.042750001
v 0.025613621 0.033231229 0.04225
v 0.025613621 0.058768768 0.04225
v 0.026384387 0.0062000006 0.040750001
v 0.026384387 0.011863753 0.040750001
v 0.026384387 0.019012403 0.040750001
v 0.026384387 0.028268063 0.040750001
v 0.026384387 0.072987594 0.040750001
v 0.026384387 0.089900002 0.040750001
v 0.026389213 0.030412754 0.043250002
v 0.026389213 0.061587244 0.043250002
v 0.02678013 0.030724499 0.043116026
v 0.02678013 0.061275497 0.043116026
v 0.0270663 0.030952713 0.042750001
v 0.0270663 0.061047286 0.042750001
v 0.027171046 0.031036243 0.040750001
v 0.027171046 0.031036243 0.04225
v 0.027171046 0.060963754 0.040750001
v 0.027171046 0.060963754 0.04225
v 0.028257331 0.02832233 0.043250002
v 0.028257331 0.063677669 0.043250002
v 0.028610885 0.028675884 0.043116026
v 0.028610885 0.063324116 0.043116026
v 0.028869703 0.028934702 0.042750001
v 0.028869703 0.063065298 0.042750001
v 0.028964439 0.029029436 0.04225
v 0.028964439 0.062970564 0.04225
v 0.030347757 0.026454212 0.043250002
v 0.030347757 0.065545782 0.043250002
v 0.030659501 0.026845127 0.043116026
v 0.030659501 0.065154873 0.043116026
v 0.030833773 0.014126156 0.040750001
v 0.030833773 0.014126156 0.043250002
v 0.030833773 0.077873841 0.040750001
v 0.030833773 0.077873841 0.043250002
v 0.030887716 0.027131299 0.042750001
v 0.030887716 0.064868703 0.042750001
v 0.030971246 0.027236044 0.040750001
v 0.030971246 0.027236044 0.04225
v 0.030971246 0.064763956 0.040750001
v 0.030971246 0.064763956 0.04225
v 0.031088144 0.013176829 0.040750001
v 0.031088144 0.013176829 0.043250002
v 0.031088144 0.015075481 0.040750001
v 0.031088144 0.015075481 0.043250002
v 0.031088144 0.076924518 0.040750001
v 0.031088144 0.076924518 0.043250002
v 0.031088144 0.078823164 0.040750001
v 0.031088144 0.078823164 0.043250002
v 0.031783096 0.012481876 0.040750001
v 0.031783096 0.012481876 0.043250002
v 0.031783096 0.015770435 0.040750001
v 0.031783096 0.015770435 0.043250002
v 0.031783096 0.076229565 0.040750001
v 0.031783096 0.076229565 0.043250002
v 0.031783096 0.079518124 0.040750001
v 0.031783096 0.079518124 0.043250002
v 0.032634199 0.024831895 0.043250002
v 0.032634199 0.067168102 0.043250002
v 0.032732423 0.012227505 0.040750001
v 0.032732423 0.012227505 0.043250002
v 0.032732423 0.016024806 0.040750001
v 0.032732423 0.016024806 0.043250002
v 0.032732423 0.075975195 0.040750001
v 0.032732423 0.075975195 0.043250002
v 0.032732423 0.079772495 0.040750001
v 0.032732423 0.079772495 0.043250002
v 0.032900214 0.025255257 0.043116026
v 0.032900214 0.066744745 0.043116026
v 0.033094954 0.025565179 0.042750001
v 0.033094954 0.066434816 0.042750001
v 0.03316623 0.025678618 0.04225
v 0.03316623 0.06632138 0.04225
v 0.033681747 0.012481876 0.040750001
v 0.033681747 0.012481876 0.043250002
v 0.033681747 0.015770435 0.040750001
v 0.033681747 0.015770435 0.043250002
v 0.033681747 0.076229565 0.040750001
v 0.033681747 0.076229565 0.043250002
v 0.033681747 0.079518124 0.040750001
v 0.033681747 0.079518124 0.043250002
v 0.033935003 0.086899996 0.040750001
v 0.033935003 0.089900002 0.040750001
v 0.033935003 0.090399995 0.040883977
v 0.033935003 0.090766028 0.041250002
v 0.033935003 0.090900004 0.041749999
v 0.033935003 0.090900004 0.045249999
v 0.03398801 0.089899644 0.040750705
v 0.03398801 0.090899296 0.041750353
v 0.0339977 0.090399265 0.040884864
v 0.0339977 0.090765134 0.041250732
v 0.034071296 0.085864723 0.040750001
v 0.034239482 0.090900004 0.046780735
v 0.034376703 0.013176829 0.040750001
v 0.034376703 0.013176829 0.043250002
v 0.034376703 0.015075481 0.040750001
v 0.034376703 0.015075481 0.043250002
v 0.034376703 0.076924518 0.040750001
v 0.034376703 0.076924518 0.043250002
v 0.034376703 0.078823164 0.040750001
v 0.034376703 0.078823164 0.043250002
v 0.034470901 0.084899999 0.040750001
v 0.034631073 0.014126156 0.040750001
v 0.034631073 0.014126156 0.043250002
v 0.034631073 0.077873841 0.040750001
v 0.034631073 0.077873841 0.043250002
v 0.034747183 0.089813828 0.040922336
v 0.034747183 0.090727665 0.041836169
v 0.034858666 0.090232097 0.041089728
v 0.034858666 0.090560272 0.041417904
v 0.034935001 0.086899996 0.04101795
v 0.034935001 0.090632051 0.045249999
v 0.034939364 0.089764759 0.041020475
v 0.034939364 0.090629525 0.041885238
v 0.035037223 0.086123541 0.04101795
v 0.035087906 0.023475777 0.043250002
v 0.035087906 0.068524219 0.043250002
v 0.035106573 0.084071577 0.040750001
v 0.035106573 0.090900004 0.048078429
v 0.035163362 0.090632051 0.046398051
v 0.035304852 0.023926262 0.043116026
v 0.035304852 0.068073735 0.043116026
v 0.035336927 0.0854 0.04101795
v 0.035463661 0.024256039 0.042750001
v 0.035463661 0.067743957 0.042750001
v 0.03552179 0.024376746 0.040750001
v 0.03552179 0.024376746 0.04225
v 0.03552179 0.06762325 0.040750001
v 0.03552179 0.06762325 0.04225
v 0.035537083 0.089498609 0.041552782
v 0.035537083 0.090097219 0.042151392
v 0.035610829 0.089722812 0.04172188
v 0.035610829 0.08992812 0.041927185
v 0.035667054 0.086899996 0.041749999
v 0.035667054 0.089900002 0.045249999
v 0.035668004 0.089399174 0.041751653
v 0.035668004 0.089898348 0.042250827
v 0.035744332 0.086313009 0.041749999
v 0.035813682 0.084778681 0.04101795
v 0.035813682 0.090632051 0.04737132
v 0.035818931 0.089235708 0.042078581
v 0.035818931 0.089571416 0.042414289
v 0.035839688 0.089900002 0.046117909
v 0.035843555 0.08935152 0.042185616
v 0.035843555 0.089464381 0.042298477
v 0.035935 0.083435893 0.040750001
v 0.035935 0.086899996 0.042750001
v 0.035935 0.086899996 0.043250002
v 0.035935 0.087899998 0.043250002
v 0.035935 0.087899998 0.045249999
v 0.035935 0.0889 0.042750001
v 0.035935 0.0889 0.045249999
v 0.0359709 0.085766025 0.041749999
v 0.03600315 0.086382359 0.042750001
v 0.036087241 0.0889 0.046015367
v 0.036202952 0.085899994 0.042750001
v 0.036202952 0.085899994 0.043250002
v 0.036202952 0.087899998 0.046250001
v 0.036202952 0.0889 0.046250001
v 0.036331318 0.085296318 0.041749999
v 0.036331318 0.089900002 0.046853684
v 0.036404267 0.090900004 0.04894552
v 0.036435001 0.084301919 0.04101795
v 0.036520787 0.085485786 0.042750001
v 0.036520787 0.0889 0.046664216
v 0.036786951 0.090632051 0.048021641
v 0.036801025 0.084935896 0.041749999
v 0.036899723 0.083036296 0.040750001
v 0.036935002 0.085167944 0.042750001
v 0.036935002 0.085167944 0.043250002
v 0.036935002 0.087899998 0.04698205
v 0.036935002 0.0889 0.04698205
v 0.037067093 0.089900002 0.04734531
v 0.037158545 0.084002227 0.04101795
v 0.037169635 0.0889 0.047097761
v 0.037348013 0.084709331 0.041749999
v 0.037417363 0.08496815 0.042750001
v 0.037678026 0.022402916 0.043250002
v 0.037678026 0.06959708 0.043250002
v 0.037843164 0.022874858 0.043116026
v 0.037843164 0.069125138 0.043116026
v 0.037935 0.082900003 0.040750001
v 0.037935 0.083900005 0.04101795
v 0.037935 0.084632054 0.041749999
v 0.037935 0.084899999 0.042750001
v 0.037935 0.084899999 0.043250002
v 0.037935 0.087899998 0.047250003
v 0.037935 0.0889 0.047250003
v 0.037935 0.089900002 0.047517948
v 0.037935 0.090632051 0.048250001
v 0.037935 0.090900004 0.049249999
v 0.037964053 0.023220344 0.042750001
v 0.037964053 0.068779655 0.042750001
v 0.038008302 0.023346798 0.04225
v 0.038008302 0.068653196 0.04225
v 0.040371977 0.021626802 0.043250002
v 0.040371977 0.070373192 0.043250002
v 0.040483236 0.022114266 0.043116026
v 0.040483236 0.069885731 0.043116026
v 0.040564686 0.022471113 0.042750001
v 0.040564686 0.069528885 0.042750001
v 0.0405945 0.022601729 0.040750001
v 0.0405945 0.022601729 0.04225
v 0.0405945 0.069398269 0.040750001
v 0.0405945 0.069398269 0.04225
v 0.043135889 0.021157194 0.043250002
v 0.043135889 0.070842803 0.043250002
v 0.043191873 0.021654051 0.043116026
v 0.043191873 0.070345946 0.043116026
v 0.043232854 0.022017773 0.042750001
v 0.043232854 0.069982223 0.042750001
v 0.043247852 0.022150906 0.04225
v 0.043247852 0.069849089 0.04225
v 0.045935001 0.0062000006 0.040750001
v 0.045935001 0.0071999989 0.043250002
v 0.045935001 0.0097137541 0.043250002
v 0.045935001 0.011863753 0.040750001
v 0.045935001 0.018512402 0.043250002
v 0.045935001 0.019012403 0.040750001
v 0.045935001 0.021 0.043250002
v 0.045935001 0.021499999 0.043116026
v 0.045935001 0.021866025 0.042750001
v 0.045935001 0.022 0.040750001
v 0.045935001 0.022 0.04225
v 0.045935001 0.07 0.040750001
v 0.045935001 0.07 0.04225
v 0.045935001 0.070133969 0.042750001
v 0.045935001 0.070500001 0.043116026
v 0.045935001 0.070999995 0.043250002
v 0.045935001 0.072987594 0.040750001
v 0.045935001 0.073487595 0.043250002
v 0.045935001 0.082900003 0.040750001
v 0.045935001 0.084899999 0.043250002
v 0.04862215 0.022150906 0.04225
v 0.04862215 0.069849089 0.04225
v 0.048637148 0.022017773 0.042750001
v 0.048637148 0.069982223 0.042750001
v 0.04867813 0.021654051 0.043116026
v 0.04867813 0.070345946 0.043116026
v 0.048734114 0.021157194 0.043250002
v 0.048734114 0.070842803 0.043250002
v 0.051275503 0.022601729 0.040750001
v 0.051275503 0.022601729 0.04225
v 0.051275503 0.069398269 0.040750001
v 0.051275503 0.069398269 0.04225
v 0.051305316 0.022471113 0.042750001
v 0.051305316 0.069528885 0.042750001
v 0.051386766 0.022114266 0.043116026
v 0.051386766 0.069885731 0.043116026
v 0.051498026 0.021626802 0.043250002
v 0.051498026 0.070373192 0.043250002
v 0.0538617 0.023346798 0.04225
v 0.0538617 0.068653196 0.04225
v 0.053905949 0.023220344 0.042750001
v 0.053905949 0.068779655 0.042750001
v 0.053935003 0.082900003 0.040750001
v 0.053935003 0.083900005 0.04101795
v 0.053935003 0.084632054 0.041749999
v 0.053935003 0.084899999 0.042750001
v 0.053935003 0.084899999 0.043250002
v 0.053935003 0.087899998 0.047250003
v 0.053935003 0.0889 0.047250003
v 0.053935003 0.089900002 0.047517948
v 0.053935003 0.090632051 0.048250001
v 0.053935003 0.090900004 0.049249999
v 0.054026838 0.022874858 0.043116026
v 0.054026838 0.069125138 0.043116026
v 0.054191977 0.022402916 0.043250002
v 0.054191977 0.06959708 0.043250002
v 0.054452639 0.08496815 0.042750001
v 0.054521989 0.084709331 0.041749999
v 0.054700367 0.0889 0.047097761
v 0.054711457 0.084002227 0.04101795
v 0.054802909 0.089900002 0.04734531
v 0.054935001 0.085167944 0.042750001
v 0.054935001 0.085167944 0.043250002
v 0.054935001 0.087899998 0.04698205
v 0.054935001 0.0889 0.04698205
v 0.054970279 0.083036296 0.040750001
v 0.055068977 0.084935896 0.041749999
v 0.055083051 0.090632051 0.048021641
v 0.055349216 0.085485786 0.042750001
v 0.055349216 0.0889 0.046664216
v 0.055435002 0.084301919 0.04101795
v 0.055465735 0.090900004 0.04894552
v 0.055538684 0.085296318 0.041749999
v 0.055538684 0.089900002 0.046853684
v 0.05566705 0.085899994 0.042750001
v 0.05566705 0.085899994 0.043250002
v 0.05566705 0.087899998 0.046250001
v 0.05566705 0.0889 0.046250001
v 0.055782761 0.0889 0.046015367
v 0.055866852 0.086382359 0.042750001
v 0.055899102 0.085766025 0.041749999
v 0.055935003 0.083435893 0.040750001
v 0.055935003 0.086899996 0.042750001
v 0.055935003 0.086899996 0.043250002
v 0.055935003 0.087899998 0.043250002
v 0.055935003 0.087899998 0.045249999
v 0.055935003 0.0889 0.042750001
v 0.055935003 0.0889 0.045249999
v 0.056026448 0.08935152 0.042185616
v 0.056026448 0.089464381 0.042298477
v 0.056030314 0.089900002 0.046117909
v 0.056051072 0.089235708 0.042078581
v 0.056051072 0.089571416 0.042414289
v 0.056056321 0.084778681 0.04101795
v 0.056056321 0.090632051 0.04737132
v 0.056125671 0.086313009 0.041749999
v 0.056201998 0.089399174 0.041751653
v 0.056201998 0.089898348 0.042250827
v 0.056202948 0.086899996 0.041749999
v 0.056202948 0.089900002 0.045249999
v 0.056259174 0.089722812 0.04172188
v 0.056259174 0.08992812 0.041927185
v 0.05633292 0.089498609 0.041552782
v 0.05633292 0.090097219 0.042151392
v 0.056348212 0.024376746 0.040750001
v 0.056348212 0.024376746 0.04225
v 0.056348212 0.06762325 0.040750001
v 0.056348212 0.06762325 0.04225
v 0.056406341 0.024256039 0.042750001
v 0.056406341 0.067743957 0.042750001
v 0.056533076 0.0854 0.04101795
v 0.056565151 0.023926262 0.043116026
v 0.056565151 0.068073735 0.043116026
v 0.056706641 0.090632051 0.046398051
v 0.056763429 0.084071577 0.040750001
v 0.056763429 0.090900004 0.048078429
v 0.056782097 0.023475777 0.043250002
v 0.056782097 0.068524219 0.043250002
v 0.056832779 0.086123541 0.04101795
v 0.056930639 0.089764759 0.041020475
v 0.056930639 0.090629525 0.041885238
v 0.056935001 0.086899996 0.04101795
v 0.056935001 0.090632051 0.045249999
v 0.057011336 0.090232097 0.041089728
v 0.057011336 0.090560272 0.041417904
v 0.057122819 0.089813828 0.040922336
v 0.057122819 0.090727665 0.041836169
v 0.057238929 0.014126156 0.040750001
v 0.057238929 0.014126156 0.043250002
v 0.057238929 0.077873841 0.040750001
v 0.057238929 0.077873841 0.043250002
v 0.057399102 0.084899999 0.040750001
v 0.057493299 0.013176829 0.040750001
v 0.057493299 0.013176829 0.043250002
v 0.057493299 0.015075481 0.040750001
v 0.057493299 0.015075481 0.043250002
v 0.057493299 0.076924518 0.040750001
v 0.057493299 0.076924518 0.043250002
v 0.057493299 0.078823164 0.040750001
v 0.057493299 0.078823164 0.043250002
v 0.05763052 0.090900004 0.046780735
v 0.057798706 0.085864723 0.040750001
v 0.057872303 0.090399265 0.040884864
v 0.057872303 0.090765134 0.041250732
v 0.057881992 0.089899644 0.040750705
v 0.057881992 0.090899296 0.041750353
v 0.057934999 0.086899996 0.040750001
v 0.057934999 0.089900002 0.040750001
v 0.057934999 0.090399995 0.040883977
v 0.057934999 0.090766028 0.041250002
v 0.057934999 0.090900004 0.041749999
v 0.057934999 0.090900004 0.045249999
v 0.058188256 0.012481876 0.040750001
v 0.058188256 0.012481876 0.043250002
v 0.058188256 0.015770435 0.040750001
v 0.058188256 0.015770435 0.043250002
v 0.058188256 0.076229565 0.040750001
v 0.058188256 0.076229565 0.043250002
v 0.058188256 0.079518124 0.040750001
v 0.058188256 0.079518124 0.043250002
v 0.058703773 0.025678618 0.04225
v 0.058703773 0.06632138 0.04225
v 0.058775049 0.025565179 0.042750001
v 0.058775049 0.066434816 0.042750001
v 0.058969788 0.025255257 0.043116026
v 0.058969788 0.066744745 0.043116026
v 0.059137579 0.012227505 0.040750001
v 0.059137579 0.012227505 0.043250002
v 0.059137579 0.016024806 0.040750001
v 0.059137579 0.016024806 0.043250002
v 0.059137579 0.075975195 0.040750001
v 0.059137579 0.075975195 0.043250002
v 0.059137579 0.079772495 0.040750001
v 0.059137579 0.079772495 0.043250002
v 0.059235804 0.024831895 0.043250002
v 0.059235804 0.067168102 0.043250002
v 0.060086906 0.012481876 0.040750001
v 0.060086906 0.012481876 0.043250002
v 0.060086906 0.015770435 0.040750001
v 0.060086906 0.015770435 0.043250002
v 0.060086906 0.076229565 0.040750001
v 0.060086906 0.076229565 0.043250002
v 0.060086906 0.079518124 0.040750001
v 0.060086906 0.079518124 0.043250002
v 0.060781859 0.013176829 0.040750001
v 0.060781859 0.013176829 0.043250002
v 0.060781859 0.015075481 0.040750001
v 0.060781859 0.015075481 0.043250002
v 0.060781859 0.076924518 0.040750001
v 0.060781859 0.076924518 0.043250002
v 0.060781859 0.078823164 0.040750001
v 0.060781859 0.078823164 0.043250002
v 0.060898758 0.027236044 0.040750001
v 0.060898758 0.027236044 0.04225
v 0.060898758 0.064763956 0.040750001
v 0.060898758 0.064763956 0.04225
v 0.060982287 0.027131299 0.042750001
v 0.060982287 0.064868703 0.042750001
v 0.061036229 0.014126156 0.040750001
v 0.061036229 0.014126156 0.043250002
v 0.061036229 0.077873841 0.040750001
v 0.061036229 0.077873841 0.043250002
v 0.061210502 0.026845127 0.043116026
v 0.061210502 0.065154873 0.043116026
v 0.061522245 0.026454212 0.043250002
v 0.061522245 0.065545782 0.043250002
v 0.062905565 0.029029436 0.04225
v 0.062905565 0.062970564 0.04225
v 0.063000299 0.028934702 0.042750001
v 0.063000299 0.063065298 0.042750001
v 0.063259117 0.028675884 0.043116026
v 0.063259117 0.063324116 0.043116026
v 0.06361267 0.02832233 0.043250002
v 0.06361267 0.063677669 0.043250002
v 0.064698957 0.031036243 0.040750001
v 0.064698957 0.031036243 0.04225
v 0.064698957 0.060963754 0.040750001
v 0.064698957 0.060963754 0.04225
v 0.064803705 0.030952713 0.042750001
v 0.064803705 0.061047286 0.042750001
v 0.065089874 0.030724499 0.043116026
v 0.065089874 0.061275497 0.043116026
v 0.065480791 0.030412754 0.043250002
v 0.065480791 0.061587244 0.043250002
v 0.06598562 0.0071999989 0.043250002
v 0.06598562 0.0097137541 0.043250002
v 0.06598562 0.018512402 0.043250002
v 0.06598562 0.066050611 0.043250002
v 0.06598562 0.073487595 0.043250002
v 0.06598562 0.087899998 0.043250002
v 0.066256382 0.033231229 0.04225
v 0.066256382 0.058768768 0.04225
v 0.066369824 0.033159949 0.042750001
v 0.066369824 0.058840048 0.042750001
v 0.066679746 0.032965213 0.043116026
v 0.066679746 0.059034787 0.043116026
v 0.067103103 0.032699198 0.043250002
v 0.067103103 0.059300803 0.043250002
v 0.067558251 0.035586789 0.040750001
v 0.067558251 0.035586789 0.04225
v 0.067558251 0.056413211 0.040750001
v 0.067558251 0.056413211 0.04225
v 0.067678958 0.03552866 0.042750001
v 0.067678958 0.05647134 0.042750001
v 0.068008736 0.035369847 0.043116026
v 0.068008736 0.056630149 0.043116026
v 0.06845922 0.035152905 0.043250002
v 0.06845922 0.056847092 0.043250002
v 0.068588197 0.038073301 0.04225
v 0.068588197 0.053926699 0.04225
v 0.068714656 0.038029052 0.042750001
v 0.068714656 0.053970948 0.042750001
v 0.069060147 0.037908163 0.043116026
v 0.069060147 0.054091837 0.043116026
v 0.06933327 0.040659498 0.040750001
v 0.06933327 0.040659498 0.04225
v 0.06933327 0.051340502 0.040750001
v 0.06933327 0.051340502 0.04225
v 0.069463886 0.040629685 0.042750001
v 0.069463886 0.051370315 0.042750001
v 0.069532081 0.037743025 0.043250002
v 0.069532081 0.054256976 0.043250002
v 0.06978409 0.043312851 0.04225
v 0.06978409 0.048687145 0.04225
v 0.069820732 0.040548235 0.043116026
v 0.069820732 0.051451761 0.043116026
v 0.069917224 0.04329785 0.042750001
v 0.069917224 0.048702147 0.042750001
v 0.069935001 0.046 0.040750001
v 0.069935001 0.046 0.04225
v 0.070068978 0.046 0.042750001
v 0.070280954 0.043256871 0.043116026
v 0.070280954 0.048743129 0.043116026
v 0.070308201 0.040436976 0.043250002
v 0.070308201 0.051563025 0.043250002
v 0.070435002 0.046 0.043116026
v 0.070777804 0.043200888 0.043250002
v 0.070777804 0.048799112 0.043250002
v 0.070935003 0.046 0.043250002
v 0.072152503 0.0062000006 0.040750001
v 0.072152503 0.011863753 0.040750001
v 0.072152503 0.019012403 0.040750001
v 0.072152503 0.028268063 0.040750001
v 0.072152503 0.046 0.040750001
v 0.072152503 0.072987594 0.040750001
v 0.072152503 0.089900002 0.040750001
v 0.073422596 0.0071999989 0.043250002
v 0.073422596 0.0097137541 0.043250002
v 0.073422596 0.018512402 0.043250002
v 0.073422596 0.046 0.043250002
v 0.073422596 0.066050611 0.043250002
v 0.073422596 0.073487595 0.043250002
v 0.073422596 0.087899998 0.043250002
v 0.073870003 0.0062000006 0.050750002
v 0.073870003 0.0065826811 0.05067388
v 0.073870003 0.0066999979 0.050616026
v 0.073870003 0.0069071054 0.050457109
v 0.073870003 0.0070660263 0.050250001
v 0.073870003 0.0071238801 0.050132684
v 0.073870003 0.0071999989 0.043250002
v 0.073870003 0.0071999989 0.04975
v 0.073870003 0.087899998 0.043250002
v 0.073870003 0.087899998 0.04975
v 0.073870003 0.08797612 0.050132684
v 0.073870003 0.088033974 0.050250001
v 0.073870003 0.088192895 0.050457109
v 0.073870003 0.088399999 0.050616026
v 0.073870003 0.088517316 0.05067388
v 0.073870003 0.0889 0.050750002
v 0.074369997 0.0145 0.040750001
v 0.074369997 0.021469787 0.040750001
v 0.074472226 0.013723541 0.040750001
v 0.074724615 0.023435345 0.040750001
v 0.074771926 0.013 0.040750001
v 0.075120002 0.0145 0.04054904
v 0.075120002 0.021469787 0.04054904
v 0.075196669 0.013917655 0.04054904
v 0.075248681 0.012378678 0.040750001
v 0.07528571 0.023219317 0.040624227
v 0.075421445 0.013374999 0.04054904
v 0.075669035 0.0145 0.039999999
v 0.075669035 0.021469787 0.039999999
v 0.075697176 0.024929304 0.040750001
v 0.075727001 0.01405976 0.039999999
v 0.075752713 0.023039516 0.040268004
v 0.075779013 0.01290901 0.04054904
v 0.07587 0.0024999976 0.02575
v 0.07587 0.0024999976 0.026250001
v 0.07587 0.0054409243 0.026250001
v 0.07587 0.0084519312 0.02575
v 0.07587 0.011901923 0.040750001
v 0.07587 0.013659533 0.034773
v 0.07587 0.014281958 0.035732597
v 0.07587 0.0145 0.036855407
v 0.07587 0.0145 0.039250001
v 0.07587 0.021469787 0.039250001
v 0.075870037 0.0054406784 0.026263755
v 0.075888343 0.0082922205 0.025418751
v 0.075896926 0.01364952 0.039999999
v 0.075910196 0.032797419 0.040750001
v 0.075910196 0.032797419 0.043250002
v 0.075910196 0.059202578 0.040750001
v 0.075910196 0.059202578 0.043250002
v 0.075921111 0.014111772 0.039250001
v 0.075948223 0.0054330938 0.026930615
v 0.076018035 0.024585465 0.04067437
v 0.076047309 0.022926094 0.039741065
v 0.076068193 0.023003751 0.03976725
v 0.076069854 0.0054399073 0.027326647
v 0.076070964 0.0089918114 0.025229398
v 0.076070964 0.013119649 0.035293601
v 0.076070964 0.013586469 0.036013298
v 0.076070964 0.013749998 0.036855407
v 0.076070964 0.013749998 0.039250001
v 0.076124184 0.0088095367 0.024946108
v 0.076164566 0.031848095 0.040750001
v 0.076164566 0.031848095 0.043250002
v 0.076164566 0.033746745 0.040750001
v 0.076164566 0.033746745 0.043250002
v 0.076164566 0.058253251 0.040750001
v 0.076164566 0.058253251 0.043250002
v 0.076164566 0.060151905 0.040750001
v 0.076164566 0.060151905 0.043250002
v 0.076167241 0.013297237 0.039999999
v 0.076245002 0.012551442 0.04054904
v 0.076262198 0.025342805 0.040750001
v 0.076268315 0.0077317357 0.024256265
v 0.076271921 0.0024999976 0.024250001
v 0.076271921 0.0024999976 0.02775
v 0.076281324 0.00546946 0.027766157
v 0.076306537 0.024276299 0.040455103
v 0.076309338 0.013439339 0.039250001
v 0.076469406 0.024967425 0.040687412
v 0.076519519 0.013026923 0.039999999
v 0.076529734 0.0075469427 0.023872994
v 0.076533586 0.024032986 0.04011431
v 0.076593548 0.011602223 0.040750001
v 0.07661479 0.024137676 0.04014961
v 0.076617807 0.0055491216 0.028231824
v 0.076619998 0.0093870349 0.024848292
v 0.076619998 0.012724426 0.035674706
v 0.076619998 0.013077334 0.036218788
v 0.076619998 0.013200961 0.036855407
v 0.076619998 0.013200961 0.039250001
v 0.076659322 0.02462337 0.040504873
v 0.076664917 0.0092011727 0.024628531
v 0.076787658 0.012326665 0.04054904
v 0.076796353 0.0074882209 0.04975
v 0.076796353 0.08761178 0.04975
v 0.07679823 0.0056067146 0.028419744
v 0.076806046 0.025563056 0.040750001
v 0.076811209 0.0074135624 0.050132684
v 0.076811209 0.087686434 0.050132684
v 0.076816097 0.024339352 0.040217616
v 0.076816589 0.0079847127 0.023680931
v 0.076853499 0.0072009563 0.050457109
v 0.076853499 0.087899044 0.050457109
v 0.076859519 0.031153142 0.040750001
v 0.076859519 0.031153142 0.043250002
v 0.076859519 0.034441702 0.040750001
v 0.076859519 0.034441702 0.043250002
v 0.076859519 0.057558298 0.040750001
v 0.076859519 0.057558298 0.043250002
v 0.076859519 0.060846858 0.040750001
v 0.076859519 0.060846858 0.043250002
v 0.076910168 0.025171444 0.040694229
v 0.076916784 0.0068827644 0.05067388
v 0.076916784 0.088217229 0.05067388
v 0.076929763 0.012856998 0.039999999
v 0.076981768 0.013051111 0.039250001
v 0.076991446 0.006507434 0.050750002
v 0.076991446 0.088592559 0.050750002
v 0.077006549 0.024808954 0.040531065
v 0.077088028 0.024502538 0.040272642
v 0.077225462 0.0083620064 0.023645045
v 0.077363282 0.0072011612 0.023155816
v 0.077370003 0.0024999976 0.023151925
v 0.077370003 0.0024999976 0.028848078
v 0.077370003 0.0058624297 0.028848078
v 0.077370003 0.0095316954 0.024708798
v 0.077370003 0.011500001 0.040750001
v 0.077370003 0.012249999 0.04054904
v 0.077370003 0.012579765 0.035814203
v 0.077370003 0.012799036 0.039999999
v 0.077370003 0.01289098 0.036294002
v 0.077370003 0.013 0.036855407
v 0.077370003 0.013 0.039250001
v 0.077370003 0.024557589 0.040291205
v 0.077370003 0.024871666 0.040539853
v 0.077370003 0.025050756 0.040630545
v 0.077370003 0.025240352 0.040696509
v 0.077370003 0.025637355 0.040750001
v 0.077379175 0.0093719848 0.024543172
v 0.07769987 0.0086267106 0.023770293
v 0.077718668 0.0071162619 0.022979723
v 0.077721 0.0024999976 0.026000001
v 0.077721 0.010776784 0.026000001
v 0.077745005 0.0086607151 0.031750001
v 0.077745005 0.012579765 0.035814203
v 0.077745005 0.01289098 0.036294002
v 0.077745005 0.01299629 0.03675
v 0.077745005 0.016321428 0.031750001
v 0.077745005 0.021142857 0.03675
v 0.077748708 0.013 0.036855407
v 0.077752292 0.0077111125 0.043250002
v 0.077752292 0.0077111125 0.04975
v 0.077752292 0.087388888 0.043250002
v 0.077752292 0.087388888 0.04975
v 0.077808842 0.030898772 0.040750001
v 0.077808842 0.030898772 0.043250002
v 0.077808842 0.034696072 0.040750001
v 0.077808842 0.034696072 0.043250002
v 0.077808842 0.057303928 0.040750001
v 0.077808842 0.057303928 0.043250002
v 0.077808842 0.061101228 0.040750001
v 0.077808842 0.061101228 0.043250002
v 0.077881217 0.00752078 0.022980774
v 0.077925175 0.0024999976 0.025238
v 0.077925175 0.0024999976 0.026762001
v 0.077925175 0.010042001 0.025238
v 0.077925175 0.011511572 0.026762001
v 0.077945963 0.0079374984 0.030999999
v 0.077945963 0.013 0.037500001
v 0.077945963 0.015598213 0.030999999
v 0.077945963 0.02186607 0.037500001
v 0.078078672 0.0078911297 0.023098741
v 0.078093544 0.0061514266 0.029147778
v 0.078294337 0.0081960261 0.023323659
v 0.078483 0.0024999976 0.024680179
v 0.078483 0.0024999976 0.027319822
v 0.078483 0.0095040984 0.024680179
v 0.078483 0.01204947 0.027319822
v 0.078494996 0.0074080713 0.030450962
v 0.078494996 0.013 0.038049038
v 0.078494996 0.015068784 0.030450962
v 0.078494996 0.022395501 0.038049038
v 0.078758165 0.031153142 0.040750001
v 0.078758165 0.031153142 0.043250002
v 0.078758165 0.034441702 0.040750001
v 0.078758165 0.034441702 0.043250002
v 0.078758165 0.057558298 0.040750001
v 0.078758165 0.057558298 0.043250002
v 0.078758165 0.060846858 0.040750001
v 0.078758165 0.060846858 0.043250002
v 0.07885056 0.0093572885 0.02452793
v 0.07885056 0.012196284 0.027472071
v 0.078856774 0.007263571 0.030301113
v 0.078856774 0.014924286 0.030301113
v 0.078856774 0.022539999 0.038198888
v 0.078869998 0.0024999976 0.022750001
v 0.078869998 0.0024999976 0.02925
v 0.078869998 0.0062499978 0.02925
v 0.078869998 0.0070055015 0.022750001
v 0.078869998 0.007402502 0.022803491
v 0.078869998 0.0075921007 0.022869457
v 0.078869998 0.0077711903 0.022960147
v 0.078869998 0.0080852658 0.023208797
v 0.079245001 0.0024999976 0.024476001
v 0.079245001 0.0024999976 0.027524002
v 0.079245001 0.0072142854 0.030250002
v 0.079245001 0.0093072131 0.024476001
v 0.079245001 0.012246355 0.027524002
v 0.079245001 0.013 0.038249999
v 0.079245001 0.014874998 0.030250002
v 0.079245001 0.022589285 0.038249999
v 0.079453126 0.031848095 0.040750001
v 0.079453126 0.031848095 0.043250002
v 0.079453126 0.033746745 0.040750001
v 0.079453126 0.033746745 0.043250002
v 0.079453126 0.058253251 0.040750001
v 0.079453126 0.058253251 0.043250002
v 0.079453126 0.060151905 0.040750001
v 0.079453126 0.060151905 0.043250002
v 0.079610251 0.0083418079 0.04975
v 0.079610251 0.086758196 0.04975
v 0.079620004 0.0024999976 0.022750001
v 0.079620004 0.0024999976 0.02925
v 0.079620004 0.0062499978 0.02925
v 0.079620004 0.0070055015 0.022750001
v 0.079620004 0.007402502 0.022803491
v 0.079620004 0.0075921007 0.022869457
v 0.079620004 0.0077711903 0.022960147
v 0.079620004 0.0080852658 0.023208797
v 0.079633228 0.007263571 0.030301113
v 0.079633228 0.014924286 0.030301113
v 0.079633228 0.022539999 0.038198888
v 0.079639383 0.0082714818 0.050132684
v 0.079639383 0.086828515 0.050132684
v 0.079639442 0.0093572885 0.02452793
v 0.079639442 0.012196284 0.027472071
v 0.079675168 0.0080862455 0.023209812
v 0.079695448 0.0077722482 0.022961369
v 0.079707496 0.032797419 0.040750001
v 0.079707496 0.032797419 0.043250002
v 0.079707496 0.059202578 0.040750001
v 0.079707496 0.059202578 0.043250002
v 0.079714283 0.0074035451 0.022805052
v 0.079722337 0.0080712065 0.050457109
v 0.079722337 0.087028787 0.050457109
v 0.079730332 0.0070064776 0.02275203
v 0.079846486 0.0077714808 0.05067388
v 0.079846486 0.087328523 0.05067388
v 0.079992935 0.0074179284 0.050750002
v 0.079992935 0.087682068 0.050750002
v 0.079995006 0.0074080713 0.030450962
v 0.079995006 0.013 0.038049038
v 0.079995006 0.015068784 0.030450962
v 0.079995006 0.022395501 0.038049038
v 0.080007002 0.0024999976 0.024680179
v 0.080007002 0.0024999976 0.027319822
v 0.080007002 0.0095040984 0.024680179
v 0.080007002 0.01204947 0.027319822
v 0.080253765 0.0082207136 0.023349259
v 0.080396459 0.0061514266 0.029147778
v 0.080492213 0.007917922 0.023129728
v 0.08054404 0.0079374984 0.030999999
v 0.08054404 0.013 0.037500001
v 0.08054404 0.015598213 0.030999999
v 0.08054404 0.02186607 0.037500001
v 0.080564827 0.0024999976 0.025238
v 0.080564827 0.0024999976 0.026762001
v 0.080564827 0.010042001 0.025238
v 0.080564827 0.011511572 0.026762001
v 0.080709808 0.007547196 0.023020431
v 0.080741294 0.013 0.036855407
v 0.080744997 0.0086607151 0.031750001
v 0.080744997 0.012579765 0.035814203
v 0.080744997 0.01289098 0.036294002
v 0.080744997 0.01299629 0.03675
v 0.080744997 0.016321428 0.031750001
v 0.080744997 0.021142857 0.03675
v 0.080769002 0.0024999976 0.026000001
v 0.080769002 0.010776784 0.026000001
v 0.080843031 0.0086942688 0.023840357
v 0.080887526 0.0071409456 0.023030926
v 0.081045359 0.0090810955 0.024241507
v 0.081119999 0.0024999976 0.023151925
v 0.081119999 0.0024999976 0.028848078
v 0.081119999 0.0058624297 0.028848078
v 0.081119999 0.0095316954 0.024708798
v 0.081119999 0.011500001 0.040750001
v 0.081119999 0.012249999 0.04054904
v 0.081119999 0.012579765 0.035814203
v 0.081119999 0.012799036 0.039999999
v 0.081119999 0.01289098 0.036294002
v 0.081119999 0.013 0.036855407
v 0.081119999 0.013 0.039250001
v 0.081119999 0.024557589 0.040291205
v 0.081119999 0.024871666 0.040539853
v 0.081119999 0.025050756 0.040630545
v 0.081119999 0.025240352 0.040696509
v 0.081119999 0.025637355 0.040750001
v 0.081125468 0.0072008111 0.023155088
v 0.081345566 0.0084366277 0.023731962
v 0.081369996 0.009209618 0.043250002
v 0.081369996 0.009209618 0.04975
v 0.081369996 0.085890383 0.043250002
v 0.081369996 0.085890383 0.04975
v 0.081413507 0.0244979 0.040271077
v 0.081498265 0.024803672 0.040530324
v 0.081579924 0.085766897 0.04575
v 0.081598595 0.02516564 0.040694039
v 0.081681609 0.0088689327 0.024237506
v 0.081691772 0.0056067146 0.028419744
v 0.081694022 0.01311418 0.039250001
v 0.081699438 0.085694522 0.046264771
v 0.08169955 0.085694462 0.045234986
v 0.081707016 0.025556793 0.040750001
v 0.08171688 0.024302602 0.040205222
v 0.081770927 0.012928516 0.039999999
v 0.081774242 0.008058168 0.023792516
v 0.081870005 0.0093870349 0.024848292
v 0.081870005 0.012724426 0.035674706
v 0.081870005 0.013077334 0.036218788
v 0.081870005 0.013200961 0.036855407
v 0.081870005 0.013200961 0.039250001
v 0.081872195 0.0055491216 0.028231824
v 0.08188501 0.024581641 0.040498946
v 0.08189024 0.024119414 0.040143453
v 0.081913747 0.0062000006 0.040750001
v 0.081913747 0.028268063 0.040750001
v 0.081913747 0.046 0.040750001
v 0.081913747 0.072987594 0.040750001
v 0.081913747 0.089900002 0.040750001
v 0.081981041 0.012421269 0.04054904
v 0.081982762 0.085516781 0.04481655
v 0.081982762 0.085516781 0.046683449
v 0.082066067 0.0076145045 0.024013117
v 0.082089812 0.024921531 0.040685866
v 0.082180664 0.013439339 0.039250001
v 0.082190648 0.008483313 0.02444247
v 0.082203552 0.0097279549 0.04975
v 0.082203552 0.085372046 0.04975
v 0.082208678 0.00546946 0.027766157
v 0.082218081 0.0024999976 0.024250001
v 0.082218081 0.0024999976 0.02775
v 0.082219273 0.0077297129 0.024252072
v 0.08223968 0.023524528 0.039942857
v 0.082245842 0.0096646622 0.050132684
v 0.082245842 0.085435331 0.050132684
v 0.082268052 0.011728361 0.040750001
v 0.082313754 0.025293201 0.040750001
v 0.082322761 0.013297237 0.039999999
v 0.082366273 0.0094844215 0.050457109
v 0.082366273 0.085615575 0.050457109
v 0.082419038 0.0089918114 0.025229398
v 0.082419038 0.013119649 0.035293601
v 0.082419038 0.013586469 0.036013298
v 0.082419038 0.013749998 0.036855407
v 0.082419038 0.013749998 0.039250001
v 0.082420148 0.0054399073 0.027326647
v 0.082426921 0.022985259 0.039761014
v 0.082449451 0.085204184 0.047085818
v 0.082449876 0.085203886 0.044413894
v 0.082470715 0.0080013275 0.024815422
v 0.082505822 0.013925973 0.039250001
v 0.082520217 0.023704555 0.040370654
v 0.082541779 0.0054330938 0.026930615
v 0.082546517 0.0092146769 0.05067388
v 0.082546517 0.085885324 0.05067388
v 0.082564831 0.02229955 0.039529797
v 0.082619965 0.0054406784 0.026263755
v 0.082620002 0.0024999976 0.02575
v 0.082620002 0.0024999976 0.026250001
v 0.082620002 0.0054409243 0.026250001
v 0.082620002 0.0084519312 0.02575
v 0.082620002 0.013659533 0.034773
v 0.082620002 0.014281958 0.035732597
v 0.082620002 0.0145 0.036855407
v 0.082620002 0.0145 0.039250001
v 0.082620002 0.021469787 0.039250001
v 0.082691491 0.013849068 0.039999999
v 0.082710996 0.01290901 0.04054904
v 0.082759127 0.008896485 0.050750002
v 0.082759127 0.086203516 0.050750002
v 0.082780108 0.010133099 0.04575
v 0.082820967 0.0145 0.039999999
v 0.082820967 0.021469787 0.039999999
v 0.082837731 0.022354359 0.040156208
v 0.082873672 0.010202754 0.046255205
v 0.082873955 0.01020297 0.045244038
v 0.082910448 0.023954973 0.040651958
v 0.082958058 0.084833451 0.044133216
v 0.082958058 0.084833451 0.047366783
v 0.083109245 0.010383215 0.04481655
v 0.083109245 0.010383215 0.046683449
v 0.083198726 0.013638962 0.04054904
v 0.083241321 0.012378678 0.040750001
v 0.083355375 0.022458315 0.040593375
v 0.083359361 0.024243047 0.040750001
v 0.08337 0.0145 0.04054904
v 0.08337 0.021469787 0.04054904
v 0.083891645 0.013351951 0.040750001
v 0.083922178 0.011066549 0.044133216
v 0.083922178 0.011066549 0.047366783
v 0.084009655 0.02258971 0.040750001
v 0.084068045 0.083900005 0.0438831
v 0.084068045 0.083900005 0.047616899
v 0.084120005 0.0145 0.040750001
v 0.084120005 0.021469787 0.040750001
v 0.084468663 0.011585467 0.043929704
v 0.084468663 0.011585467 0.047570296
v 0.084476605 0.011593398 0.043250002
v 0.084476605 0.011593398 0.04975
v 0.084476605 0.083506599 0.043250002
v 0.084476605 0.083506599 0.04975
v 0.084485263 0.083497941 0.04392691
v 0.084485263 0.083497941 0.047573093
v 0.084530428 0.011539571 0.050132684
v 0.084530428 0.083560422 0.050132684
v 0.084683709 0.01138629 0.050457109
v 0.084683709 0.08371371 0.050457109
v 0.084868178 0.011999998 0.0438831
v 0.084868178 0.011999998 0.047616899
v 0.084913112 0.011156891 0.05067388
v 0.084913112 0.083943114 0.05067388
v 0.084990457 0.082966551 0.044133216
v 0.084990457 0.082966551 0.047366783
v 0.08518371 0.010886289 0.050750002
v 0.08518371 0.084213704 0.050750002
v 0.08531557 0.082595311 0.044414673
v 0.085316256 0.082594492 0.047084529
v 0.085572794 0.082283214 0.04481655
v 0.085572794 0.082283214 0.046683449
v 0.085665382 0.012933448 0.044133216
v 0.085665382 0.012933448 0.047366783
v 0.085718066 0.082099095 0.045258008
v 0.085718125 0.08209902 0.046241723
v 0.085769013 0.082033098 0.04575
v 0.085950449 0.013308268 0.047081824
v 0.085950524 0.01330838 0.04441829
v 0.08617156 0.013616782 0.04481655
v 0.08617156 0.013616782 0.046683449
v 0.086298153 0.013801131 0.045258835
v 0.086298376 0.013801463 0.04623995
v 0.086342044 0.013866447 0.04975
v 0.086342044 0.081233554 0.04975
v 0.08634235 0.013866898 0.04575
v 0.086405337 0.013824154 0.050132684
v 0.086405337 0.081275843 0.050132684
v 0.08647 0 0.041749999
v 0.08647 0 0.04975
v 0.08647 0.0062000006 0.041749999
v 0.08647 0.0062000006 0.04975
v 0.086546123 0 0.050132684
v 0.086546123 0.0062000006 0.050132684
v 0.086585581 0.013703723 0.050457109
v 0.086585581 0.081396274 0.050457109
v 0.086603977 0 0.041250002
v 0.086603977 0.0062000006 0.041250002
v 0.08676289 0 0.050457109
v 0.08676289 0.0062000006 0.050457109
v 0.086855322 0.013523482 0.05067388
v 0.086855322 0.081576511 0.05067388
v 0.086860381 0.014699999 0.043250002
v 0.086860381 0.014699999 0.04975
v 0.086860381 0.080399998 0.043250002
v 0.086860381 0.080399998 0.04975
v 0.086970001 0 0.040883977
v 0.086970001 0.0062000006 0.040883977
v 0.087087318 0 0.05067388
v 0.087087318 0.0062000006 0.05067388
v 0.087173514 0.013310876 0.050750002
v 0.087173514 0.081789121 0.050750002
v 0.087470002 0 0.040750001
v 0.087470002 0 0.050750002
v 0.087470002 0.0062000006 0.040750001
v 0.087470002 0.0062000006 0.050750002
v 0.087646 0 0.04575
v 0.087646 0.0096011981 0.04575
v 0.087728195 0.016459748 0.04975
v 0.087728195 0.078640252 0.04975
v 0.087798521 0.016430618 0.050132684
v 0.087798521 0.078669384 0.050132684
v 0.087850183 0 0.044987999
v 0.087850183 0 0.046512
v 0.087850183 0.0096011981 0.044987999
v 0.087850183 0.0096011981 0.046512
v 0.087998793 0.016347662 0.050457109
v 0.087998793 0.078752339 0.050457109
v 0.088298522 0.016223511 0.05067388
v 0.088298522 0.078876488 0.05067388
v 0.088358894 0.018317714 0.043250002
v 0.088358894 0.018317714 0.04975
v 0.088358894 0.076782286 0.043250002
v 0.088358894 0.076782286 0.04975
v 0.088408001 0 0.044430178
v 0.088408001 0 0.047069825
v 0.088408001 0.0096011981 0.044430178
v 0.088408001 0.0096011981 0.047069825
v 0.088531226 0.010133099 0.04575
v 0.088563763 0.010140043 0.045589145
v 0.088563778 0.010140046 0.045910891
v 0.088581786 0.019273644 0.04975
v 0.088581786 0.075826354 0.04975
v 0.088651612 0.010157246 0.04545071
v 0.088651612 0.010157246 0.046049293
v 0.088652074 0.016077064 0.050750002
v 0.088652074 0.079022929 0.050750002
v 0.08865644 0.019258793 0.050132684
v 0.08865644 0.075841203 0.050132684
v 0.088722937 0.010169473 0.045383275
v 0.08886905 0.019216504 0.050457109
v 0.08886905 0.075883493 0.050457109
v 0.088870004 0.0222 0.043250002
v 0.088870004 0.0222 0.04975
v 0.088870004 0.046 0.043250002
v 0.088870004 0.066050611 0.043250002
v 0.088870004 0.072899997 0.043250002
v 0.088870004 0.072899997 0.04975
v 0.088900104 0.010192573 0.045282532
v 0.088900104 0.010192573 0.046217471
v 0.088946119 0.0222 0.050132684
v 0.088946119 0.072899997 0.050132684
v 0.089162894 0.0222 0.050457109
v 0.089162894 0.072899997 0.050457109
v 0.089170001 0 0.044226002
v 0.089170001 0 0.047274001
v 0.089170001 0.0096011981 0.044226002
v 0.089170001 0.0096011981 0.047274001
v 0.089170001 0.010206163 0.045232829
v 0.089170001 0.010206163 0.046267174
v 0.089187235 0.019153211 0.05067388
v 0.089187235 0.075946786 0.05067388
v 0.089439899 0.010192573 0.045282532
v 0.089439899 0.010192573 0.046217471
v 0.089487314 0.0222 0.05067388
v 0.089487314 0.072899997 0.05067388
v 0.089562565 0.019078555 0.050750002
v 0.089562565 0.076021448 0.050750002
v 0.08968839 0.010157246 0.04545071
v 0.08968839 0.010157246 0.046049293
v 0.089776181 0.010140054 0.045910995
v 0.08977624 0.010140043 0.045589153
v 0.08980877 0.010133099 0.04575
v 0.089870006 0.0222 0.050750002
v 0.089870006 0.072899997 0.050750002
v 0.089932002 0 0.044430178
v 0.089932002 0 0.047069825
v 0.089932002 0.0096011981 0.044430178
v 0.089932002 0.0096011981 0.047069825
v 0.09048982 0 0.044987999
v 0.09048982 0 0.046512
v 0.09048982 0.0096011981 0.044987999
v 0.09048982 0.0096011981 0.046512
v 0.090694003 0 0.04575
v 0.090694003 0.0096011981 0.04575
v 0.09087 0.090900004 0.041749999
v 0.09087 0.090900004 0.04975
v 0.091370001 0.090766028 0.041250002
v 0.091370001 0.090766028 0.050250001
v 0.091736026 0.090399995 0.040883977
v 0.091736026 0.090399995 0.050616026
v 0.091835931 0.09015882 0.040784076
v 0.091835931 0.09015882 0.050715927
v 0.091870002 0 0.040750001
v 0.091870002 0 0.050750002
v 0.091870002 0.010133099 0.04575
v 0.091870002 0.010383215 0.04481655
v 0.091870002 0.010383215 0.046683449
v 0.091870002 0.011066549 0.044133216
v 0.091870002 0.011066549 0.047366783
v 0.091870002 0.011863753 0.040750001
v 0.091870002 0.011999998 0.0438831
v 0.091870002 0.011999998 0.047616899
v 0.091870002 0.012933448 0.044133216
v 0.091870002 0.012933448 0.047366783
v 0.091870002 0.013616782 0.04481655
v 0.091870002 0.013616782 0.046683449
v 0.091870002 0.013866898 0.04575
v 0.091870002 0.019012403 0.040750001
v 0.091870002 0.028268063 0.040750001
v 0.091870002 0.046 0.040750001
v 0.091870002 0.072987594 0.040750001
v 0.091870002 0.082033098 0.04575
v 0.091870002 0.082283214 0.04481655
v 0.091870002 0.082283214 0.046683449
v 0.091870002 0.082966551 0.044133216
v 0.091870002 0.082966551 0.047366783
v 0.091870002 0.083900005 0.0438831
v 0.091870002 0.083900005 0.047616899
v 0.091870002 0.084833451 0.044133216
v 0.091870002 0.084833451 0.047366783
v 0.091870002 0.085516781 0.04481655
v 0.091870002 0.085516781 0.046683449
v 0.091870002 0.085766897 0.04575
v 0.091870002 0.089900002 0.040750001
v 0.091870002 0.089900002 0.050750002
s 1
f 615// 616// 671//
f 1130// 1144// 1159//
f 572// 574// 528//
f 585// 586// 612//
f 199// 203// 8//
f 8// 203// 207//
f 260// 218// 17//
f 17// 218// 202//
f 17// 202// 16//
f 16// 202// 196//
f 16// 196// 8//
f 8// 196// 195//
f 8// 195// 199//
f 584// 580// 575//
f 575// 580// 529//
f 575// 529// 506//
f 506// 479// 575//
f 575// 479// 319//
f 575// 319// 17//
f 17// 319// 289//
f 17// 289// 260//
f 574// 572// 611//
f 611// 572// 583//
f 611// 583// 585//
f 125// 1// 127//
f 127// 1// 8//
f 127// 8// 229//
f 229// 8// 207//
f 229// 275// 127//
f 127// 275// 308//
f 127// 308// 573//
f 573// 308// 468//
f 573// 468// 528//
f 615// 656// 640//
f 866// 790// 670//
f 670// 790// 702//
f 670// 702// 680//
f 866// 670// 887//
f 887// 670// 892//
f 887// 892// 906//
f 906// 892// 1160//
f 906// 1160// 982//
f 1160// 1132// 1116//
f 1116// 1092// 1160//
f 1160// 1092// 1070//
f 1160// 1070// 982//
f 1090// 1114// 1158//
f 1158// 1114// 1130//
f 881// 904// 1157//
f 1157// 904// 980//
f 1157// 980// 1158//
f 1158// 980// 1068//
f 1158// 1068// 1090//
f 700// 788// 668//
f 668// 788// 864//
f 668// 864// 881//
f 881// 864// 885//
f 881// 885// 904//
f 615// 640// 614//
f 614// 640// 626//
f 614// 626// 613//
f 626// 638// 613//
f 613// 638// 654//
f 613// 654// 669//
f 669// 654// 678//
f 669// 678// 700//
f 1187// 1189// 1156//
f 1158// 1188// 1157//
f 1157// 1188// 1186//
f 1157// 1186// 1156//
f 1156// 1186// 1185//
f 1156// 1185// 1187//
f 1266// 1241// 1158//
f 1158// 1241// 1198//
f 1158// 1198// 1188//
f 1517// 1483// 1496//
f 1496// 1483// 1467//
f 1496// 1467// 1158//
f 1158// 1467// 1307//
f 1158// 1307// 1266//
f 1738// 1516// 1563//
f 1563// 1568// 1738//
f 1738// 1568// 1574//
f 1738// 1574// 1746//
f 1746// 1574// 1575//
f 1746// 1575// 1747//
f 1747// 1575// 1571//
f 1747// 1571// 1565//
f 1495// 1516// 1642//
f 1642// 1516// 1738//
f 1642// 1738// 1640//
f 1640// 1738// 1731//
f 1189// 1193// 1156//
f 1156// 1193// 1206//
f 1156// 1206// 1155//
f 1206// 1252// 1155//
f 1155// 1252// 1296//
f 1155// 1296// 1495//
f 1495// 1296// 1456//
f 1495// 1456// 1516//
f 528// 574// 573//
f 573// 574// 611//
f 573// 611// 610//
f 610// 611// 667//
f 610// 667// 666//
f 666// 667// 879//
f 666// 879// 876//
f 1048// 1007// 1017//
f 894// 1014// 892//
f 892// 1014// 1005//
f 892// 1005// 1012//
f 1064// 1076// 1160//
f 1076// 1066// 1161//
f 1161// 1066// 1058//
f 1161// 1058// 1023//
f 1023// 1058// 1048//
f 1023// 1048// 1022//
f 1022// 1048// 1017//
f 894// 918// 1014//
f 1014// 918// 941//
f 1014// 941// 1034//
f 1034// 941// 957//
f 1034// 957// 1048//
f 1048// 957// 990//
f 1048// 990// 1007//
f 1012// 1032// 892//
f 892// 1032// 1046//
f 892// 1046// 1160//
f 1160// 1046// 1056//
f 1160// 1056// 1064//
f 710// 696// 670//
f 670// 696// 708//
f 728// 718// 671//
f 740// 892// 726//
f 726// 892// 670//
f 726// 670// 716//
f 716// 670// 708//
f 740// 760// 892//
f 892// 760// 767//
f 892// 767// 894//
f 894// 767// 762//
f 894// 762// 844//
f 671// 745// 728//
f 728// 745// 744//
f 728// 744// 754//
f 754// 764// 728//
f 728// 764// 780//
f 728// 780// 742//
f 742// 780// 808//
f 742// 808// 762//
f 762// 808// 830//
f 762// 830// 844//
f 32// 578// 19//
f 19// 578// 577//
f 718// 710// 671//
f 671// 710// 670//
f 671// 670// 615//
f 615// 670// 680//
f 615// 680// 656//
f 1076// 1161// 1160//
f 1160// 1161// 1499//
f 1160// 1499// 1498//
f 360// 18// 385//
f 385// 18// 19//
f 360// 383// 18//
f 18// 383// 416//
f 18// 416// 576//
f 576// 416// 443//
f 576// 443// 493//
f 537// 577// 553//
f 553// 577// 576//
f 553// 576// 535//
f 535// 576// 493//
f 537// 495// 577//
f 577// 495// 445//
f 577// 445// 19//
f 19// 445// 418//
f 19// 418// 385//
f 1144// 1132// 1159//
f 1159// 1132// 1160//
f 1159// 1160// 1217//
f 1217// 1160// 1237//
f 1217// 1235// 1159//
f 1159// 1235// 1277//
f 1159// 1277// 1497//
f 1497// 1277// 1328//
f 1497// 1328// 1356//
f 1387// 1498// 1410//
f 1410// 1498// 1497//
f 1410// 1497// 1385//
f 1385// 1497// 1356//
f 1387// 1358// 1498//
f 1498// 1358// 1330//
f 1498// 1330// 1160//
f 1160// 1330// 1279//
f 1160// 1279// 1237//
f 358// 17// 381//
f 381// 17// 18//
f 358// 379// 17//
f 17// 379// 412//
f 17// 412// 575//
f 575// 412// 439//
f 575// 439// 489//
f 533// 576// 551//
f 551// 576// 575//
f 551// 575// 531//
f 531// 575// 489//
f 533// 491// 576//
f 576// 491// 441//
f 576// 441// 18//
f 18// 441// 414//
f 18// 414// 381//
f 578// 616// 577//
f 577// 616// 615//
f 577// 615// 576//
f 576// 615// 614//
f 576// 614// 575//
f 575// 614// 613//
f 575// 613// 584//
f 1158// 1215// 1231//
f 1130// 1159// 1158//
f 1158// 1159// 1233//
f 1158// 1233// 1215//
f 1231// 1273// 1158//
f 1158// 1273// 1324//
f 1158// 1324// 1496//
f 1496// 1324// 1352//
f 1383// 1497// 1408//
f 1408// 1497// 1496//
f 1408// 1496// 1381//
f 1381// 1496// 1352//
f 1383// 1354// 1497//
f 1497// 1354// 1326//
f 1497// 1326// 1159//
f 1159// 1326// 1275//
f 1159// 1275// 1233//
f 1499// 1762// 1498//
f 1498// 1762// 1749//
f 1498// 1749// 1497//
f 1497// 1749// 1748//
f 1497// 1748// 1496//
f 1496// 1748// 1747//
f 1496// 1747// 1517//
f 1517// 1747// 1565//
f 700// 668// 669//
f 669// 668// 612//
f 669// 612// 613//
f 613// 612// 586//
f 613// 586// 584//
f 667// 694// 704//
f 765// 758// 881//
f 585// 612// 611//
f 611// 612// 668//
f 611// 668// 667//
f 667// 668// 706//
f 667// 706// 694//
f 758// 738// 881//
f 881// 738// 724//
f 881// 724// 668//
f 668// 724// 714//
f 668// 714// 706//
f 704// 712// 667//
f 667// 712// 722//
f 667// 722// 879//
f 879// 722// 736//
f 879// 736// 756//
f 1030// 1010// 881//
f 881// 1010// 879//
f 881// 879// 765//
f 765// 879// 756//
f 1010// 1003// 879//
f 879// 1003// 1008//
f 879// 1008// 1028//
f 1156// 1042// 1052//
f 1030// 881// 1044//
f 1044// 881// 1157//
f 1044// 1157// 1054//
f 1155// 876// 1156//
f 1156// 876// 879//
f 1156// 879// 1042//
f 1042// 879// 1028//
f 1052// 1060// 1156//
f 1156// 1060// 1074//
f 1156// 1074// 1157//
f 1157// 1074// 1062//
f 1157// 1062// 1054//
f 1757// 1755// 1762//
f 1762// 1755// 1749//
f 1752// 1754// 1732//
f 1732// 1754// 1756//
f 1732// 1756// 1763//
f 1763// 1756// 1758//
f 1731// 1736// 1734//
f 1758// 1760// 1763//
f 1763// 1760// 1761//
f 1763// 1761// 1762//
f 1762// 1761// 1759//
f 1762// 1759// 1757//
f 1731// 1734// 1732//
f 1732// 1734// 1733//
f 1732// 1733// 1735//
f 1736// 1731// 1739//
f 1739// 1731// 1738//
f 1739// 1738// 1741//
f 1741// 1738// 1746//
f 1741// 1746// 1743//
f 1735// 1737// 1732//
f 1732// 1737// 1740//
f 1732// 1740// 1752//
f 1743// 1746// 1745//
f 1745// 1746// 1747//
f 1745// 1747// 1748//
f 1740// 1742// 1752//
f 1752// 1742// 1744//
f 1752// 1744// 1750//
f 1755// 1753// 1749//
f 1749// 1753// 1751//
f 1749// 1751// 1748//
f 1748// 1751// 1750//
f 1748// 1750// 1745//
f 1745// 1750// 1744//
f 11// 13// 24//
f 27// 32// 25//
f 25// 32// 19//
f 25// 19// 23//
f 14// 12// 33//
f 33// 12// 10//
f 33// 10// 2//
f 13// 15// 24//
f 24// 15// 14//
f 24// 14// 26//
f 26// 14// 33//
f 26// 33// 28//
f 11// 24// 9//
f 9// 24// 22//
f 9// 22// 20//
f 27// 29// 32//
f 32// 29// 31//
f 32// 31// 33//
f 33// 31// 30//
f 33// 30// 28//
f 3// 1// 5//
f 5// 1// 2//
f 5// 2// 7//
f 7// 2// 10//
f 17// 9// 18//
f 18// 9// 20//
f 18// 20// 19//
f 19// 20// 21//
f 19// 21// 23//
f 3// 4// 1//
f 1// 4// 6//
f 1// 6// 8//
f 8// 6// 9//
f 8// 9// 16//
f 16// 9// 17//
f 1433// 1438// 1427//
f 1445// 1446// 1463//
f 1463// 1446// 1434//
f 1463// 1434// 1423//
f 1350// 1377// 1339//
f 1339// 1377// 1361//
f 1339// 1361// 1317//
f 1351// 1340// 1303//
f 1303// 1340// 1318//
f 1303// 1318// 1317//
f 1423// 1401// 1463//
f 1463// 1401// 1380//
f 1463// 1380// 1303//
f 1303// 1380// 1364//
f 1303// 1364// 1351//
f 1346// 1308// 1335//
f 1335// 1308// 1295//
f 1335// 1295// 1312//
f 1312// 1295// 1303//
f 1312// 1303// 1336//
f 1336// 1303// 1317//
f 1336// 1317// 1347//
f 1347// 1317// 1361//
f 1433// 1445// 1438//
f 1438// 1445// 1463//
f 1438// 1463// 1448//
f 1448// 1463// 1455//
f 1448// 1455// 1437//
f 1437// 1455// 1426//
f 1455// 1451// 1426//
f 1426// 1451// 1449//
f 1426// 1449// 1404//
f 1404// 1449// 1428//
f 1428// 1406// 1404//
f 1404// 1406// 1398//
f 1404// 1398// 1376//
f 1376// 1398// 1372//
f 1376// 1372// 1360//
f 1360// 1372// 1343//
f 1360// 1343// 1346//
f 1346// 1343// 1309//
f 1346// 1309// 1308//
f 1350// 1363// 1377//
f 1377// 1363// 1379//
f 1377// 1379// 1405//
f 1405// 1379// 1400//
f 1405// 1400// 1427//
f 1427// 1400// 1422//
f 1427// 1422// 1433//
f 1394// 1391// 1368//
f 1368// 1391// 1365//
f 1344// 1365// 1373//
f 1373// 1365// 1391//
f 1373// 1391// 1424//
f 1424// 1391// 1452//
f 1424// 1452// 1435//
f 1425// 1392// 1374//
f 1374// 1392// 1366//
f 1374// 1366// 1345//
f 1345// 1366// 1293//
f 1345// 1293// 1334//
f 1334// 1293// 1244//
f 1334// 1244// 1311//
f 1452// 1510// 1435//
f 1435// 1510// 1538//
f 1435// 1538// 1447//
f 1447// 1538// 1539//
f 1447// 1539// 1436//
f 1436// 1539// 1511//
f 1436// 1511// 1425//
f 1425// 1511// 1453//
f 1425// 1453// 1392//
f 1244// 1203// 1311//
f 1311// 1203// 1202//
f 1311// 1202// 1333//
f 1333// 1202// 1243//
f 1333// 1243// 1344//
f 1344// 1243// 1292//
f 1344// 1292// 1365//
f 1393// 1367// 1392//
f 1392// 1367// 1366//
f 1454// 1458// 1441//
f 1441// 1458// 1442//
f 1314// 1298// 1313//
f 1313// 1298// 1294//
f 1313// 1294// 1337//
f 1337// 1294// 1348//
f 1348// 1294// 1342//
f 1348// 1342// 1362//
f 1441// 1431// 1454//
f 1454// 1431// 1420//
f 1454// 1420// 1429//
f 1429// 1420// 1399//
f 1362// 1342// 1375//
f 1375// 1342// 1367//
f 1375// 1367// 1399//
f 1399// 1367// 1393//
f 1399// 1393// 1429//
f 1440// 1461// 1432//
f 1432// 1461// 1462//
f 1301// 1319// 1302//
f 1302// 1319// 1338//
f 1338// 1349// 1302//
f 1302// 1349// 1378//
f 1302// 1378// 1462//
f 1462// 1378// 1421//
f 1462// 1421// 1432//
f 87// 88// 89//
f 87// 89// 86//
f 86// 89// 85//
f 86// 85// 84//
f 1684// 1683// 1685//
f 1685// 1683// 1682//
f 1685// 1682// 1681//
f 1681// 1682// 1680//
f 759// 766// 880//
f 1063// 1075// 1102//
f 192// 193// 87//
f 109// 88// 194//
f 87// 193// 88//
f 1320// 1470// 1163//
f 1177// 1168// 1167//
f 1099// 1113// 1166//
f 1166// 1113// 1123//
f 1123// 1137// 1166//
f 1166// 1137// 1150//
f 1166// 1150// 1165//
f 893// 903// 1104//
f 1104// 903// 913//
f 1104// 913// 931//
f 931// 993// 1104//
f 1104// 993// 1051//
f 1104// 1051// 1103//
f 1103// 1051// 1081//
f 1103// 1081// 1089//
f 859// 869// 893//
f 893// 869// 891//
f 893// 891// 903//
f 841// 608// 779//
f 779// 608// 721//
f 606// 617// 619//
f 659// 607// 649//
f 649// 607// 635//
f 606// 619// 607//
f 607// 619// 622//
f 607// 622// 635//
f 659// 673// 607//
f 607// 673// 683//
f 607// 683// 691//
f 682// 672// 605//
f 605// 672// 658//
f 605// 658// 648//
f 648// 634// 605//
f 605// 634// 621//
f 605// 621// 606//
f 606// 621// 618//
f 606// 618// 617//
f 882// 868// 880//
f 880// 868// 858//
f 880// 858// 605//
f 605// 858// 840//
f 605// 840// 778//
f 778// 720// 605//
f 605// 720// 690//
f 605// 690// 682//
f 1088// 1080// 1102//
f 1102// 1080// 1050//
f 1102// 1050// 992//
f 992// 930// 1102//
f 1102// 930// 912//
f 1102// 912// 880//
f 880// 912// 902//
f 880// 902// 882//
f 1150// 1153// 1165//
f 1165// 1153// 1154//
f 1165// 1154// 1152//
f 1164// 1149// 1136//
f 1136// 1122// 1164//
f 1164// 1122// 1112//
f 1164// 1112// 1102//
f 1102// 1112// 1098//
f 1102// 1098// 1088//
f 810// 811// 729//
f 763// 768// 893//
f 893// 768// 761//
f 893// 761// 741//
f 741// 727// 893//
f 893// 727// 608//
f 893// 608// 859//
f 859// 608// 841//
f 727// 717// 608//
f 608// 717// 709//
f 608// 709// 697//
f 729// 811// 719//
f 719// 811// 609//
f 719// 609// 711//
f 1105// 960// 1049//
f 1049// 1059// 1105//
f 1105// 1059// 1067//
f 1105// 1067// 1104//
f 1104// 1067// 1077//
f 1104// 1077// 1065//
f 1065// 1057// 1104//
f 1104// 1057// 1047//
f 1104// 1047// 893//
f 893// 1047// 1033//
f 893// 1033// 1013//
f 1006// 1015// 895//
f 1013// 1006// 893//
f 893// 1006// 895//
f 893// 895// 763//
f 763// 895// 848//
f 763// 848// 743//
f 743// 848// 832//
f 743// 832// 729//
f 729// 832// 819//
f 729// 819// 810//
f 960// 959// 1049//
f 1049// 959// 951//
f 1049// 951// 1035//
f 1035// 951// 938//
f 1035// 938// 1015//
f 1015// 938// 922//
f 1015// 922// 895//
f 1660// 1632// 1167//
f 1167// 1632// 1580//
f 1580// 1472// 1167//
f 1167// 1472// 1322//
f 1167// 1322// 1177//
f 1216// 1234// 1165//
f 1164// 1274// 1232//
f 1152// 1149// 1165//
f 1165// 1149// 1164//
f 1165// 1164// 1216//
f 1216// 1164// 1232//
f 1234// 1276// 1165//
f 1165// 1276// 1327//
f 1165// 1327// 1682//
f 1327// 1355// 1682//
f 1682// 1355// 1384//
f 1682// 1384// 1680//
f 1384// 1409// 1680//
f 1680// 1409// 1382//
f 1680// 1382// 1658//
f 1658// 1382// 1353//
f 1658// 1353// 1164//
f 1164// 1353// 1325//
f 1164// 1325// 1274//
f 1470// 1578// 1164//
f 1164// 1578// 1630//
f 1164// 1630// 1658//
f 593// 604// 448//
f 448// 604// 298//
f 298// 605// 185//
f 185// 605// 191//
f 185// 191// 135//
f 86// 84// 191//
f 191// 84// 107//
f 191// 107// 135//
f 109// 194// 137//
f 595// 608// 609//
f 609// 608// 697//
f 609// 697// 711//
f 595// 450// 608//
f 608// 450// 300//
f 608// 300// 194//
f 194// 300// 187//
f 194// 187// 137//
f 1168// 1105// 1167//
f 1167// 1105// 1104//
f 1167// 1104// 1166//
f 1166// 1104// 1103//
f 1166// 1103// 1099//
f 1099// 1103// 1089//
f 88// 193// 194//
f 194// 193// 607//
f 194// 607// 608//
f 608// 607// 691//
f 608// 691// 721//
f 1682// 1357// 1165//
f 1165// 1357// 1329//
f 1165// 1329// 1278//
f 1166// 1280// 1331//
f 1359// 1388// 1683//
f 1683// 1388// 1411//
f 1683// 1411// 1682//
f 1682// 1411// 1386//
f 1682// 1386// 1357//
f 1278// 1236// 1165//
f 1165// 1236// 1218//
f 1165// 1218// 1166//
f 1166// 1218// 1238//
f 1166// 1238// 1280//
f 1660// 1167// 1684//
f 1684// 1167// 1166//
f 1684// 1166// 1683//
f 1683// 1166// 1331//
f 1683// 1331// 1359//
f 494// 444// 606//
f 606// 444// 192//
f 496// 538// 607//
f 607// 538// 554//
f 607// 554// 606//
f 606// 554// 536//
f 606// 536// 494//
f 361// 193// 384//
f 384// 193// 192//
f 384// 192// 417//
f 417// 192// 444//
f 361// 386// 193//
f 193// 386// 419//
f 193// 419// 607//
f 607// 419// 446//
f 607// 446// 496//
f 490// 440// 605//
f 605// 440// 191//
f 191// 440// 413//
f 191// 413// 380//
f 492// 534// 606//
f 606// 534// 552//
f 606// 552// 605//
f 605// 552// 532//
f 605// 532// 490//
f 87// 86// 192//
f 192// 86// 191//
f 192// 191// 359//
f 359// 191// 380//
f 359// 382// 192//
f 192// 382// 415//
f 192// 415// 606//
f 606// 415// 442//
f 606// 442// 492//
f 1470// 1164// 1163//
f 1163// 1164// 1102//
f 1163// 1102// 1101//
f 1101// 1102// 1075//
f 1101// 1075// 1061//
f 1061// 1053// 1101//
f 1101// 1053// 1043//
f 1101// 1043// 878//
f 878// 1043// 1029//
f 878// 1029// 1009//
f 1009// 1004// 880//
f 880// 1004// 1011//
f 1011// 1031// 880//
f 880// 1031// 1045//
f 880// 1045// 1102//
f 1102// 1045// 1055//
f 1102// 1055// 1063//
f 605// 695// 707//
f 1009// 880// 878//
f 878// 880// 766//
f 878// 766// 757//
f 298// 604// 605//
f 605// 604// 705//
f 605// 705// 695//
f 757// 737// 878//
f 878// 737// 723//
f 878// 723// 604//
f 604// 723// 713//
f 604// 713// 705//
f 707// 715// 605//
f 605// 715// 725//
f 605// 725// 880//
f 880// 725// 739//
f 880// 739// 759//
f 593// 603// 604//
f 604// 603// 877//
f 604// 877// 878//
f 878// 877// 1100//
f 878// 1100// 1101//
f 1101// 1100// 1162//
f 1101// 1162// 1163//
f 1163// 1162// 1175//
f 1163// 1175// 1320//
f 1016// 991// 1724//
f 41// 824// 781//
f 748// 40// 749//
f 749// 40// 41//
f 749// 41// 755//
f 755// 41// 781//
f 1723// 1026// 1724//
f 1724// 1026// 1027//
f 1724// 1027// 1016//
f 991// 947// 1724//
f 1724// 947// 927//
f 1724// 927// 41//
f 41// 927// 853//
f 41// 853// 824//
f 1643// 1641// 1732//
f 1674// 1705// 1763//
f 1594// 1549// 1643//
f 1594// 1643// 1638//
f 1549// 1418// 1643//
f 1643// 1418// 1286//
f 1643// 1286// 1169//
f 128// 587// 484//
f 1763// 1419// 1550//
f 1705// 1712// 1763//
f 1763// 1712// 1711//
f 1763// 1711// 1732//
f 1732// 1711// 1704//
f 1732// 1704// 1643//
f 1643// 1704// 1673//
f 1643// 1673// 1638//
f 484// 352// 128//
f 128// 352// 221//
f 128// 221// 171//
f 171// 129// 128//
f 128// 129// 94//
f 128// 94// 60//
f 1550// 1595// 1763//
f 1763// 1595// 1639//
f 1763// 1639// 1674//
f 61// 95// 33//
f 33// 95// 130//
f 33// 130// 172//
f 2// 52// 33//
f 33// 52// 53//
f 33// 53// 61//
f 172// 222// 33//
f 33// 222// 353//
f 33// 353// 485//
f 126// 128// 2//
f 2// 128// 60//
f 2// 60// 52//
f 485// 602// 33//
f 33// 602// 1184//
f 33// 1184// 1763//
f 1763// 1184// 1287//
f 1763// 1287// 1419//
f 812// 820// 596//
f 939// 952// 1178//
f 1178// 952// 961//
f 1178// 961// 960//
f 960// 1105// 1178//
f 1178// 1105// 1168//
f 1178// 1168// 1177//
f 811// 812// 609//
f 609// 812// 596//
f 609// 596// 595//
f 820// 833// 596//
f 596// 833// 849//
f 596// 849// 1178//
f 1178// 849// 923//
f 1178// 923// 939//
f 1082// 1091// 1090//
f 640// 641// 633//
f 640// 633// 626//
f 641// 640// 647//
f 647// 640// 656//
f 647// 656// 657//
f 657// 656// 665//
f 665// 656// 680//
f 665// 680// 681//
f 681// 680// 689//
f 689// 680// 702//
f 689// 702// 703//
f 703// 702// 735//
f 735// 702// 790//
f 735// 790// 791//
f 887// 875// 866//
f 866// 875// 867//
f 866// 867// 790//
f 790// 867// 857//
f 790// 857// 791//
f 906// 897// 887//
f 887// 897// 888//
f 887// 888// 875//
f 1037// 983// 982//
f 982// 983// 915//
f 982// 915// 906//
f 906// 915// 907//
f 906// 907// 897//
f 1037// 982// 1071//
f 1071// 982// 1070//
f 1071// 1070// 1083//
f 1083// 1070// 1092//
f 1083// 1092// 1093//
f 1093// 1092// 1107//
f 1107// 1092// 1116//
f 1107// 1116// 1117//
f 1117// 1116// 1125//
f 1125// 1116// 1132//
f 1125// 1132// 1133//
f 1144// 1130// 1131//
f 1131// 1138// 1144//
f 1144// 1138// 1145//
f 1144// 1145// 1132//
f 1132// 1145// 1139//
f 1132// 1139// 1133//
f 1090// 1091// 1114//
f 1091// 1106// 1114//
f 1114// 1106// 1115//
f 1114// 1115// 1130//
f 1130// 1115// 1124//
f 1130// 1124// 1131//
f 1082// 1090// 1069//
f 1069// 1090// 1068//
f 1069// 1068// 1036//
f 1036// 1068// 980//
f 1036// 980// 981//
f 981// 980// 914//
f 914// 980// 904//
f 914// 904// 905//
f 905// 904// 896//
f 896// 904// 885//
f 896// 885// 886//
f 886// 885// 874//
f 874// 885// 864//
f 874// 864// 865//
f 865// 864// 856//
f 856// 864// 788//
f 856// 788// 789//
f 789// 788// 734//
f 734// 788// 700//
f 734// 700// 701//
f 678// 679// 700//
f 700// 679// 688//
f 700// 688// 701//
f 638// 646// 654//
f 654// 646// 655//
f 654// 655// 678//
f 678// 655// 664//
f 678// 664// 679//
f 633// 627// 626//
f 626// 627// 632//
f 626// 632// 638//
f 638// 632// 639//
f 638// 639// 646//
f 1176// 1175// 1162//
f 1162// 1100// 1176//
f 1176// 1100// 877//
f 1176// 877// 594//
f 594// 877// 603//
f 594// 603// 593//
f 70// 48// 1//
f 48// 44// 1//
f 1// 44// 42//
f 1// 42// 2//
f 42// 45// 2//
f 2// 45// 49//
f 2// 49// 126//
f 126// 49// 71//
f 126// 71// 132//
f 132// 71// 104//
f 132// 104// 142//
f 142// 104// 148//
f 1// 125// 70//
f 70// 125// 131//
f 70// 131// 103//
f 103// 131// 141//
f 103// 141// 115//
f 115// 141// 147//
f 115// 147// 123//
f 123// 147// 148//
f 123// 148// 116//
f 116// 148// 104//
f 1616// 1624// 1662//
f 1662// 1624// 1634//
f 1662// 1634// 1692//
f 1692// 1634// 1640//
f 1692// 1640// 1713//
f 1713// 1640// 1731//
f 1636// 1626// 1620//
f 1714// 1732// 1693//
f 1693// 1732// 1641//
f 1693// 1641// 1663//
f 1714// 1718// 1732//
f 1732// 1718// 1721//
f 1732// 1721// 1731//
f 1731// 1721// 1717//
f 1731// 1717// 1713//
f 1641// 1636// 1663//
f 1663// 1636// 1620//
f 1663// 1620// 1651//
f 1651// 1620// 1617//
f 1651// 1617// 1644//
f 1644// 1617// 1616//
f 1644// 1616// 1650//
f 1650// 1616// 1662//
f 1145// 1143// 1139//
f 1139// 1143// 1135//
f 1139// 1135// 1133//
f 1133// 1135// 1127//
f 1133// 1127// 1125//
f 1125// 1127// 1119//
f 1125// 1119// 1117//
f 1117// 1119// 1109//
f 1117// 1109// 1107//
f 1107// 1109// 1095//
f 1107// 1095// 1093//
f 1093// 1095// 1085//
f 1093// 1085// 1083//
f 1083// 1085// 1073//
f 1083// 1073// 1071//
f 1071// 1073// 1039//
f 1071// 1039// 1037//
f 1037// 1039// 985//
f 1037// 985// 983//
f 983// 985// 917//
f 983// 917// 915//
f 915// 917// 909//
f 915// 909// 907//
f 907// 909// 899//
f 907// 899// 897//
f 897// 899// 889//
f 897// 889// 888//
f 888// 889// 873//
f 888// 873// 875//
f 875// 873// 863//
f 875// 863// 867//
f 867// 863// 855//
f 867// 855// 857//
f 857// 855// 787//
f 857// 787// 791//
f 791// 787// 733//
f 791// 733// 735//
f 735// 733// 699//
f 735// 699// 703//
f 703// 699// 687//
f 703// 687// 689//
f 689// 687// 677//
f 689// 677// 681//
f 681// 677// 663//
f 681// 663// 665//
f 665// 663// 653//
f 665// 653// 657//
f 657// 653// 645//
f 657// 645// 647//
f 647// 645// 637//
f 647// 637// 641//
f 641// 637// 629//
f 641// 629// 633//
f 633// 629// 625//
f 633// 625// 627//
f 627// 625// 628//
f 627// 628// 632//
f 632// 628// 636//
f 632// 636// 639//
f 639// 636// 644//
f 639// 644// 646//
f 646// 644// 652//
f 646// 652// 655//
f 655// 652// 662//
f 655// 662// 664//
f 664// 662// 676//
f 664// 676// 679//
f 679// 676// 686//
f 679// 686// 688//
f 688// 686// 698//
f 688// 698// 701//
f 701// 698// 732//
f 701// 732// 734//
f 734// 732// 786//
f 734// 786// 789//
f 789// 786// 854//
f 789// 854// 856//
f 856// 854// 862//
f 856// 862// 865//
f 865// 862// 872//
f 865// 872// 874//
f 874// 872// 884//
f 874// 884// 886//
f 886// 884// 898//
f 886// 898// 896//
f 896// 898// 908//
f 896// 908// 905//
f 905// 908// 916//
f 905// 916// 914//
f 914// 916// 984//
f 914// 984// 981//
f 981// 984// 1038//
f 981// 1038// 1036//
f 1036// 1038// 1072//
f 1036// 1072// 1069//
f 1069// 1072// 1084//
f 1069// 1084// 1082//
f 1082// 1084// 1094//
f 1082// 1094// 1091//
f 1091// 1094// 1108//
f 1091// 1108// 1106//
f 1106// 1108// 1118//
f 1106// 1118// 1115//
f 1115// 1118// 1126//
f 1115// 1126// 1124//
f 1124// 1126// 1134//
f 1124// 1134// 1131//
f 1131// 1134// 1142//
f 1131// 1142// 1138//
f 1138// 1142// 1146//
f 1138// 1146// 1145//
f 1145// 1146// 1143//
f 1146// 1148// 1143//
f 1143// 1148// 1141//
f 1143// 1141// 1135//
f 1135// 1141// 1129//
f 1135// 1129// 1127//
f 1127// 1129// 1121//
f 1127// 1121// 1119//
f 1119// 1121// 1111//
f 1119// 1111// 1109//
f 1109// 1111// 1097//
f 1109// 1097// 1095//
f 1095// 1097// 1087//
f 1095// 1087// 1085//
f 1085// 1087// 1079//
f 1085// 1079// 1073//
f 1073// 1079// 1041//
f 1073// 1041// 1039//
f 1039// 1041// 988//
f 1039// 988// 985//
f 985// 988// 929//
f 985// 929// 917//
f 917// 929// 911//
f 917// 911// 909//
f 909// 911// 901//
f 909// 901// 899//
f 899// 901// 890//
f 899// 890// 889//
f 889// 890// 871//
f 889// 871// 873//
f 873// 871// 861//
f 873// 861// 863//
f 863// 861// 843//
f 863// 843// 855//
f 855// 843// 784//
f 855// 784// 787//
f 787// 784// 731//
f 787// 731// 733//
f 733// 731// 693//
f 733// 693// 699//
f 699// 693// 685//
f 699// 685// 687//
f 687// 685// 675//
f 687// 675// 677//
f 677// 675// 661//
f 677// 661// 663//
f 663// 661// 651//
f 663// 651// 653//
f 653// 651// 643//
f 653// 643// 645//
f 645// 643// 631//
f 645// 631// 637//
f 637// 631// 624//
f 637// 624// 629//
f 629// 624// 620//
f 629// 620// 625//
f 625// 620// 623//
f 625// 623// 628//
f 628// 623// 630//
f 628// 630// 636//
f 636// 630// 642//
f 636// 642// 644//
f 644// 642// 650//
f 644// 650// 652//
f 652// 650// 660//
f 652// 660// 662//
f 662// 660// 674//
f 662// 674// 676//
f 676// 674// 684//
f 676// 684// 686//
f 686// 684// 692//
f 686// 692// 698//
f 698// 692// 730//
f 698// 730// 732//
f 732// 730// 783//
f 732// 783// 786//
f 786// 783// 842//
f 786// 842// 854//
f 854// 842// 860//
f 854// 860// 862//
f 862// 860// 870//
f 862// 870// 872//
f 872// 870// 883//
f 872// 883// 884//
f 884// 883// 900//
f 884// 900// 898//
f 898// 900// 910//
f 898// 910// 908//
f 908// 910// 928//
f 908// 928// 916//
f 916// 928// 987//
f 916// 987// 984//
f 984// 987// 1040//
f 984// 1040// 1038//
f 1038// 1040// 1078//
f 1038// 1078// 1072//
f 1072// 1078// 1086//
f 1072// 1086// 1084//
f 1084// 1086// 1096//
f 1084// 1096// 1094//
f 1094// 1096// 1110//
f 1094// 1110// 1108//
f 1108// 1110// 1120//
f 1108// 1120// 1118//
f 1118// 1120// 1128//
f 1118// 1128// 1126//
f 1126// 1128// 1140//
f 1126// 1140// 1134//
f 1134// 1140// 1147//
f 1134// 1147// 1142//
f 1142// 1147// 1151//
f 1142// 1151// 1146//
f 1146// 1151// 1148//
f 1151// 1153// 1148//
f 1148// 1153// 1150//
f 1148// 1150// 1141//
f 1141// 1150// 1137//
f 1141// 1137// 1129//
f 1129// 1137// 1123//
f 1129// 1123// 1121//
f 1121// 1123// 1113//
f 1121// 1113// 1111//
f 1111// 1113// 1099//
f 1111// 1099// 1097//
f 1097// 1099// 1089//
f 1097// 1089// 1087//
f 1087// 1089// 1081//
f 1087// 1081// 1079//
f 1079// 1081// 1051//
f 1079// 1051// 1041//
f 1041// 1051// 993//
f 1041// 993// 988//
f 988// 993// 931//
f 988// 931// 929//
f 929// 931// 913//
f 929// 913// 911//
f 911// 913// 903//
f 911// 903// 901//
f 901// 903// 891//
f 901// 891// 890//
f 890// 891// 869//
f 890// 869// 871//
f 871// 869// 859//
f 871// 859// 861//
f 861// 859// 841//
f 861// 841// 843//
f 843// 841// 779//
f 843// 779// 784//
f 784// 779// 721//
f 784// 721// 731//
f 731// 721// 691//
f 731// 691// 693//
f 693// 691// 683//
f 693// 683// 685//
f 685// 683// 673//
f 685// 673// 675//
f 675// 673// 659//
f 675// 659// 661//
f 661// 659// 649//
f 661// 649// 651//
f 651// 649// 635//
f 651// 635// 643//
f 643// 635// 622//
f 643// 622// 631//
f 631// 622// 619//
f 631// 619// 624//
f 624// 619// 617//
f 624// 617// 620//
f 620// 617// 618//
f 620// 618// 623//
f 623// 618// 621//
f 623// 621// 630//
f 630// 621// 634//
f 630// 634// 642//
f 642// 634// 648//
f 642// 648// 650//
f 650// 648// 658//
f 650// 658// 660//
f 660// 658// 672//
f 660// 672// 674//
f 674// 672// 682//
f 674// 682// 684//
f 684// 682// 690//
f 684// 690// 692//
f 692// 690// 720//
f 692// 720// 730//
f 730// 720// 778//
f 730// 778// 783//
f 783// 778// 840//
f 783// 840// 842//
f 842// 840// 858//
f 842// 858// 860//
f 860// 858// 868//
f 860// 868// 870//
f 870// 868// 882//
f 870// 882// 883//
f 883// 882// 902//
f 883// 902// 900//
f 900// 902// 912//
f 900// 912// 910//
f 910// 912// 930//
f 910// 930// 928//
f 928// 930// 992//
f 928// 992// 987//
f 987// 992// 1050//
f 987// 1050// 1040//
f 1040// 1050// 1080//
f 1040// 1080// 1078//
f 1078// 1080// 1088//
f 1078// 1088// 1086//
f 1086// 1088// 1098//
f 1086// 1098// 1096//
f 1096// 1098// 1112//
f 1096// 1112// 1110//
f 1110// 1112// 1122//
f 1110// 1122// 1120//
f 1120// 1122// 1136//
f 1120// 1136// 1128//
f 1128// 1136// 1149//
f 1128// 1149// 1140//
f 1140// 1149// 1152//
f 1140// 1152// 1147//
f 1147// 1152// 1154//
f 1147// 1154// 1151//
f 1151// 1154// 1153//
f 458// 434// 475//
f 475// 434// 423//
f 423// 405// 475//
f 475// 405// 394//
f 475// 394// 315//
f 315// 394// 368//
f 315// 368// 351//
f 458// 475// 457//
f 457// 475// 467//
f 457// 467// 433//
f 351// 340// 315//
f 315// 340// 330//
f 315// 330// 329//
f 350// 391// 339//
f 339// 391// 363//
f 339// 363// 329//
f 363// 347// 329//
f 329// 347// 336//
f 329// 336// 315//
f 315// 336// 324//
f 315// 324// 307//
f 307// 324// 335//
f 307// 335// 320//
f 320// 335// 346//
f 426// 437// 467//
f 467// 437// 460//
f 467// 460// 433//
f 433// 460// 438//
f 433// 438// 427//
f 408// 390// 406//
f 467// 463// 426//
f 426// 463// 461//
f 426// 461// 406//
f 406// 461// 428//
f 406// 428// 408//
f 408// 402// 390//
f 390// 402// 376//
f 390// 376// 362//
f 362// 376// 343//
f 362// 343// 346//
f 346// 343// 321//
f 346// 321// 320//
f 350// 367// 391//
f 391// 367// 393//
f 391// 393// 407//
f 407// 393// 404//
f 407// 404// 427//
f 427// 404// 422//
f 427// 422// 433//
f 398// 395// 372//
f 372// 395// 369//
f 323// 225// 333//
f 333// 225// 262//
f 333// 262// 344//
f 435// 556// 459//
f 459// 556// 557//
f 459// 557// 436//
f 436// 557// 525//
f 436// 525// 425//
f 425// 525// 465//
f 425// 465// 388//
f 262// 304// 344//
f 344// 304// 369//
f 344// 369// 387//
f 387// 369// 395//
f 387// 395// 424//
f 424// 395// 464//
f 424// 464// 435//
f 435// 464// 524//
f 435// 524// 556//
f 465// 396// 388//
f 388// 396// 370//
f 388// 370// 345//
f 345// 370// 305//
f 345// 305// 334//
f 334// 305// 263//
f 334// 263// 323//
f 323// 263// 226//
f 323// 226// 225//
f 370// 396// 371//
f 371// 396// 397//
f 326// 310// 325//
f 325// 310// 306//
f 466// 470// 453//
f 453// 470// 454//
f 453// 431// 466//
f 466// 431// 420//
f 466// 420// 429//
f 429// 420// 403//
f 429// 403// 397//
f 397// 403// 389//
f 397// 389// 371//
f 371// 389// 366//
f 371// 366// 342//
f 342// 366// 348//
f 342// 348// 306//
f 306// 348// 337//
f 306// 337// 325//
f 474// 314// 392//
f 392// 314// 349//
f 313// 331// 314//
f 314// 331// 338//
f 314// 338// 349//
f 452// 473// 432//
f 432// 473// 474//
f 432// 474// 421//
f 421// 474// 392//
f 1209// 1210// 1211//
f 1202// 1203// 1204//
f 1202// 1204// 1205//
f 1205// 1204// 1207//
f 1205// 1207// 1211//
f 1211// 1207// 1208//
f 1211// 1208// 1209//
f 564// 563// 562//
f 557// 556// 558//
f 558// 556// 559//
f 558// 559// 560//
f 560// 559// 564//
f 560// 564// 561//
f 561// 564// 562//
f 232// 233// 234//
f 225// 226// 227//
f 225// 227// 228//
f 228// 227// 230//
f 228// 230// 234//
f 234// 230// 231//
f 234// 231// 232//
f 1546// 1545// 1544//
f 1539// 1538// 1540//
f 1540// 1538// 1541//
f 1540// 1541// 1542//
f 1542// 1541// 1546//
f 1542// 1546// 1543//
f 1543// 1546// 1544//
f 1374// 1377// 1405//
f 1374// 1405// 1425//
f 1377// 1374// 1361//
f 1361// 1374// 1345//
f 1361// 1345// 1347//
f 1347// 1345// 1334//
f 1347// 1334// 1336//
f 1336// 1334// 1311//
f 1336// 1311// 1312//
f 1312// 1311// 1333//
f 1312// 1333// 1335//
f 1335// 1333// 1344//
f 1335// 1344// 1346//
f 1405// 1427// 1425//
f 1425// 1427// 1438//
f 1425// 1438// 1436//
f 1436// 1438// 1448//
f 1436// 1448// 1447//
f 1447// 1448// 1437//
f 1447// 1437// 1435//
f 1435// 1437// 1426//
f 1435// 1426// 1424//
f 1424// 1426// 1404//
f 1424// 1404// 1373//
f 1373// 1404// 1376//
f 1373// 1376// 1344//
f 1344// 1376// 1360//
f 1344// 1360// 1346//
f 388// 391// 407//
f 388// 407// 425//
f 391// 388// 363//
f 363// 388// 345//
f 363// 345// 347//
f 347// 345// 334//
f 347// 334// 336//
f 336// 334// 323//
f 336// 323// 324//
f 324// 323// 333//
f 324// 333// 335//
f 335// 333// 344//
f 335// 344// 346//
f 407// 427// 425//
f 425// 427// 438//
f 425// 438// 436//
f 436// 438// 460//
f 436// 460// 459//
f 459// 460// 437//
f 459// 437// 435//
f 435// 437// 426//
f 435// 426// 424//
f 424// 426// 406//
f 424// 406// 387//
f 387// 406// 390//
f 387// 390// 344//
f 344// 390// 362//
f 344// 362// 346//
f 455// 456// 458//
f 455// 458// 454//
f 454// 458// 457//
f 454// 457// 453//
f 330// 328// 327//
f 330// 327// 329//
f 329// 327// 326//
f 329// 326// 325//
f 1443// 1444// 1446//
f 1443// 1446// 1442//
f 1442// 1446// 1445//
f 1442// 1445// 1441//
f 1318// 1316// 1315//
f 1318// 1315// 1317//
f 1317// 1315// 1314//
f 1317// 1314// 1313//
f 226// 263// 247//
f 247// 241// 226//
f 226// 241// 235//
f 226// 235// 227//
f 306// 288// 305//
f 305// 288// 277//
f 305// 277// 263//
f 263// 277// 264//
f 263// 264// 247//
f 306// 305// 342//
f 342// 305// 370//
f 342// 370// 371//
f 372// 369// 322//
f 322// 369// 304//
f 322// 304// 303//
f 303// 304// 273//
f 273// 304// 262//
f 273// 262// 261//
f 261// 262// 236//
f 236// 262// 225//
f 236// 225// 228//
f 462// 480// 464//
f 464// 480// 524//
f 480// 519// 524//
f 524// 519// 526//
f 524// 526// 556//
f 556// 526// 546//
f 556// 546// 559//
f 462// 464// 411//
f 411// 464// 395//
f 411// 395// 398//
f 525// 523// 465//
f 465// 523// 515//
f 465// 515// 502//
f 558// 555// 557//
f 557// 555// 549//
f 557// 549// 525//
f 525// 549// 544//
f 525// 544// 523//
f 397// 396// 429//
f 429// 396// 465//
f 429// 465// 466//
f 466// 465// 502//
f 1450// 1468// 1452//
f 1452// 1468// 1510//
f 1468// 1503// 1510//
f 1510// 1503// 1512//
f 1510// 1512// 1538//
f 1538// 1512// 1530//
f 1538// 1530// 1541//
f 1450// 1452// 1415//
f 1415// 1452// 1391//
f 1415// 1391// 1394//
f 1511// 1509// 1453//
f 1453// 1509// 1492//
f 1453// 1492// 1479//
f 1540// 1537// 1539//
f 1539// 1537// 1533//
f 1539// 1533// 1511//
f 1511// 1533// 1526//
f 1511// 1526// 1509//
f 1393// 1392// 1429//
f 1429// 1392// 1453//
f 1429// 1453// 1454//
f 1454// 1453// 1479//
f 1203// 1244// 1224//
f 1224// 1220// 1203//
f 1203// 1220// 1212//
f 1203// 1212// 1204//
f 1294// 1265// 1293//
f 1293// 1265// 1254//
f 1293// 1254// 1244//
f 1244// 1254// 1245//
f 1244// 1245// 1224//
f 1294// 1293// 1342//
f 1342// 1293// 1366//
f 1342// 1366// 1367//
f 1368// 1365// 1310//
f 1310// 1365// 1292//
f 1310// 1292// 1291//
f 1291// 1292// 1250//
f 1250// 1292// 1243//
f 1250// 1243// 1242//
f 1242// 1243// 1213//
f 1213// 1243// 1202//
f 1213// 1202// 1205//
f 331// 328// 330//
f 331// 330// 338//
f 394// 392// 368//
f 368// 392// 349//
f 368// 349// 351//
f 351// 349// 338//
f 351// 338// 340//
f 340// 338// 330//
f 392// 394// 405//
f 392// 405// 421//
f 405// 423// 421//
f 421// 423// 434//
f 421// 434// 432//
f 432// 434// 452//
f 452// 434// 458//
f 452// 458// 456//
f 389// 393// 366//
f 366// 393// 367//
f 366// 367// 348//
f 367// 350// 348//
f 348// 350// 339//
f 348// 339// 337//
f 337// 339// 329//
f 337// 329// 325//
f 453// 457// 433//
f 453// 433// 431//
f 431// 433// 422//
f 431// 422// 420//
f 420// 422// 404//
f 420// 404// 403//
f 403// 404// 393//
f 403// 393// 389//
f 1441// 1445// 1433//
f 1441// 1433// 1431//
f 1431// 1433// 1422//
f 1431// 1422// 1420//
f 1420// 1422// 1400//
f 1420// 1400// 1399//
f 1399// 1400// 1379//
f 1399// 1379// 1375//
f 1375// 1379// 1362//
f 1362// 1379// 1363//
f 1362// 1363// 1348//
f 1363// 1350// 1348//
f 1348// 1350// 1339//
f 1348// 1339// 1337//
f 1337// 1339// 1317//
f 1337// 1317// 1313//
f 1319// 1316// 1318//
f 1319// 1318// 1338//
f 1380// 1378// 1364//
f 1364// 1378// 1349//
f 1364// 1349// 1351//
f 1351// 1349// 1338//
f 1351// 1338// 1340//
f 1340// 1338// 1318//
f 1378// 1380// 1401//
f 1378// 1401// 1421//
f 1401// 1423// 1421//
f 1421// 1423// 1434//
f 1421// 1434// 1432//
f 1432// 1434// 1440//
f 1440// 1434// 1446//
f 1440// 1446// 1444//
f 1600// 1630// 1588//
f 1588// 1630// 1578//
f 1609// 1613// 1630//
f 1600// 1606// 1630//
f 1630// 1606// 1607//
f 1630// 1607// 1609//
f 1613// 1610// 1631//
f 1610// 1608// 1631//
f 1631// 1608// 1605//
f 1631// 1605// 1611//
f 1611// 1605// 1601//
f 1611// 1601// 1579//
f 1561// 1471// 1570//
f 1570// 1471// 1507//
f 1570// 1507// 1577//
f 1577// 1507// 1579//
f 1577// 1579// 1589//
f 1589// 1579// 1601//
f 1555// 1551// 1470//
f 1470// 1551// 1556//
f 1556// 1560// 1470//
f 1470// 1560// 1569//
f 1470// 1569// 1578//
f 1578// 1569// 1576//
f 1578// 1576// 1588//
f 1176// 1263// 1175//
f 1175// 1263// 1320//
f 1561// 1555// 1471//
f 1471// 1555// 1470//
f 1471// 1470// 1389//
f 1389// 1470// 1320//
f 1389// 1320// 1321//
f 1321// 1320// 1263//
f 1613// 1631// 1630//
f 1630// 1631// 1646//
f 1630// 1646// 1658//
f 1681// 1680// 1669//
f 1669// 1680// 1658//
f 1669// 1658// 1659//
f 1659// 1658// 1646//
f 159// 157// 136//
f 186// 178// 154//
f 154// 178// 166//
f 154// 166// 136//
f 136// 166// 160//
f 136// 160// 159//
f 153// 156// 135//
f 135// 156// 158//
f 158// 161// 135//
f 135// 161// 165//
f 135// 165// 185//
f 165// 177// 185//
f 185// 177// 189//
f 185// 189// 298//
f 298// 189// 200//
f 200// 209// 298//
f 298// 209// 215//
f 298// 215// 219//
f 219// 214// 299//
f 299// 214// 210//
f 299// 210// 265//
f 265// 210// 201//
f 265// 201// 186//
f 186// 201// 190//
f 186// 190// 178//
f 85// 98// 84//
f 84// 98// 107//
f 157// 153// 136//
f 136// 153// 135//
f 136// 135// 121//
f 121// 135// 107//
f 121// 107// 108//
f 108// 107// 98//
f 219// 299// 298//
f 298// 299// 377//
f 298// 377// 448//
f 594// 593// 503//
f 503// 593// 448//
f 503// 448// 449//
f 449// 448// 377//
f 271// 286// 301//
f 188// 198// 266//
f 266// 198// 213//
f 266// 213// 301//
f 301// 213// 243//
f 301// 243// 271//
f 292// 287// 300//
f 300// 287// 270//
f 270// 244// 300//
f 300// 244// 212//
f 300// 212// 187//
f 169// 167// 137//
f 137// 167// 163//
f 137// 163// 162//
f 212// 197// 187//
f 187// 197// 183//
f 187// 183// 137//
f 137// 183// 173//
f 137// 173// 169//
f 138// 164// 168//
f 138// 168// 155//
f 168// 170// 155//
f 155// 170// 174//
f 155// 174// 188//
f 188// 174// 184//
f 188// 184// 198//
f 89// 88// 99//
f 99// 88// 109//
f 99// 109// 110//
f 110// 109// 122//
f 122// 109// 137//
f 122// 137// 138//
f 138// 137// 162//
f 138// 162// 164//
f 286// 292// 301//
f 301// 292// 300//
f 301// 300// 378//
f 378// 300// 450//
f 378// 450// 451//
f 451// 450// 504//
f 504// 450// 595//
f 504// 595// 596//
f 1482// 1476// 1472//
f 1558// 1472// 1572//
f 1572// 1472// 1580//
f 1558// 1529// 1472//
f 1472// 1529// 1501//
f 1472// 1501// 1482//
f 1481// 1502// 1473//
f 1473// 1502// 1528//
f 1473// 1528// 1508//
f 1508// 1528// 1559//
f 1508// 1559// 1581//
f 1559// 1573// 1581//
f 1581// 1573// 1583//
f 1581// 1583// 1612//
f 1599// 1633// 1597//
f 1597// 1633// 1612//
f 1597// 1612// 1593//
f 1593// 1612// 1583//
f 1603// 1604// 1632//
f 1632// 1604// 1602//
f 1632// 1602// 1598//
f 1598// 1596// 1632//
f 1632// 1596// 1592//
f 1632// 1592// 1580//
f 1580// 1592// 1582//
f 1580// 1582// 1572//
f 1178// 1177// 1264//
f 1264// 1177// 1322//
f 1264// 1322// 1323//
f 1323// 1322// 1390//
f 1390// 1322// 1472//
f 1390// 1472// 1473//
f 1473// 1472// 1476//
f 1473// 1476// 1481//
f 1599// 1603// 1633//
f 1633// 1603// 1632//
f 1633// 1632// 1647//
f 1647// 1632// 1660//
f 1647// 1660// 1661//
f 1661// 1660// 1670//
f 1670// 1660// 1684//
f 1670// 1684// 1685//
f 376// 402// 375//
f 375// 402// 401//
f 375// 401// 374//
f 374// 401// 400//
f 374// 400// 373//
f 373// 400// 399//
f 373// 399// 372//
f 372// 399// 398//
f 248// 278// 284//
f 236// 228// 255//
f 255// 228// 248//
f 236// 255// 261//
f 261// 255// 291//
f 261// 291// 273//
f 248// 284// 255//
f 255// 284// 302//
f 255// 302// 291//
f 291// 302// 341//
f 291// 341// 332//
f 273// 291// 303//
f 303// 291// 332//
f 303// 332// 322//
f 376// 341// 343//
f 343// 341// 302//
f 343// 302// 321//
f 321// 302// 284//
f 321// 284// 320//
f 320// 284// 278//
f 320// 278// 307//
f 372// 322// 373//
f 373// 322// 332//
f 373// 332// 374//
f 374// 332// 341//
f 374// 341// 375//
f 375// 341// 376//
f 400// 401// 409//
f 401// 402// 408//
f 410// 399// 400//
f 480// 462// 447//
f 447// 462// 411//
f 447// 411// 410//
f 410// 411// 398//
f 410// 398// 399//
f 401// 408// 409//
f 409// 408// 428//
f 409// 428// 430//
f 430// 428// 461//
f 430// 461// 481//
f 481// 461// 463//
f 481// 463// 501//
f 501// 463// 467//
f 501// 467// 510//
f 400// 409// 410//
f 410// 409// 430//
f 410// 430// 447//
f 447// 430// 481//
f 447// 481// 509//
f 509// 481// 501//
f 509// 501// 522//
f 522// 501// 510//
f 522// 510// 539//
f 480// 447// 519//
f 519// 447// 509//
f 519// 509// 526//
f 526// 509// 522//
f 526// 522// 546//
f 546// 522// 539//
f 546// 539// 559//
f 310// 326// 312//
f 312// 326// 327//
f 312// 327// 313//
f 313// 327// 328//
f 313// 328// 331//
f 306// 310// 288//
f 288// 310// 279//
f 249// 264// 279//
f 279// 264// 277//
f 279// 277// 288//
f 230// 227// 249//
f 249// 227// 235//
f 235// 241// 249//
f 249// 241// 247//
f 249// 247// 264//
f 297// 315// 290//
f 290// 315// 307//
f 290// 307// 276//
f 276// 307// 278//
f 248// 228// 234//
f 234// 245// 248//
f 248// 245// 246//
f 248// 246// 278//
f 278// 246// 274//
f 278// 274// 276//
f 475// 315// 476//
f 476// 315// 316//
f 476// 316// 477//
f 477// 316// 317//
f 477// 317// 478//
f 478// 317// 318//
f 478// 318// 479//
f 479// 318// 319//
f 564// 559// 550//
f 550// 559// 539//
f 510// 527// 539//
f 539// 527// 545//
f 539// 545// 550//
f 475// 482// 467//
f 467// 482// 507//
f 467// 507// 510//
f 510// 507// 517//
f 510// 517// 527//
f 555// 558// 560//
f 540// 544// 560//
f 560// 544// 549//
f 560// 549// 555//
f 511// 470// 466//
f 466// 502// 511//
f 511// 502// 515//
f 511// 515// 540//
f 540// 515// 523//
f 540// 523// 544//
f 454// 470// 455//
f 455// 470// 472//
f 455// 472// 456//
f 456// 472// 473//
f 456// 473// 452//
f 232// 231// 251//
f 251// 231// 250//
f 251// 250// 281//
f 281// 250// 280//
f 281// 280// 313//
f 313// 280// 312//
f 231// 230// 250//
f 250// 230// 249//
f 250// 249// 280//
f 280// 249// 279//
f 280// 279// 312//
f 312// 279// 310//
f 217// 205// 208//
f 317// 316// 296//
f 319// 318// 293//
f 267// 283// 290//
f 290// 283// 296//
f 290// 296// 297//
f 297// 296// 316//
f 297// 316// 315//
f 290// 276// 267//
f 267// 276// 274//
f 267// 274// 223//
f 274// 246// 223//
f 223// 246// 245//
f 223// 245// 234//
f 234// 217// 223//
f 223// 217// 208//
f 223// 208// 267//
f 267// 208// 242//
f 267// 242// 283//
f 283// 242// 269//
f 283// 269// 296//
f 296// 269// 293//
f 296// 293// 317//
f 317// 293// 318//
f 319// 293// 289//
f 289// 293// 269//
f 289// 269// 260//
f 260// 269// 242//
f 260// 242// 218//
f 218// 242// 208//
f 218// 208// 202//
f 202// 208// 205//
f 202// 205// 196//
f 582// 568// 569//
f 517// 516// 527//
f 527// 516// 548//
f 527// 548// 545//
f 545// 548// 569//
f 545// 569// 550//
f 550// 569// 568//
f 550// 568// 564//
f 517// 507// 516//
f 516// 507// 482//
f 516// 482// 483//
f 483// 488// 516//
f 516// 488// 520//
f 516// 520// 548//
f 548// 520// 570//
f 548// 570// 569//
f 569// 570// 579//
f 569// 579// 582//
f 582// 579// 586//
f 482// 475// 483//
f 483// 475// 476//
f 483// 476// 488//
f 488// 476// 477//
f 488// 477// 478//
f 586// 579// 584//
f 584// 579// 570//
f 584// 570// 580//
f 580// 570// 520//
f 580// 520// 529//
f 529// 520// 488//
f 529// 488// 506//
f 506// 488// 478//
f 506// 478// 479//
f 560// 561// 540//
f 540// 561// 541//
f 540// 541// 511//
f 511// 541// 512//
f 511// 512// 470//
f 470// 512// 472//
f 561// 562// 541//
f 541// 562// 542//
f 541// 542// 512//
f 512// 542// 513//
f 512// 513// 472//
f 472// 513// 473//
f 233// 232// 238//
f 238// 232// 251//
f 238// 251// 252//
f 252// 251// 268//
f 268// 251// 281//
f 268// 281// 282//
f 282// 281// 295//
f 295// 281// 313//
f 295// 313// 314//
f 195// 196// 204//
f 204// 196// 205//
f 204// 205// 216//
f 216// 205// 217//
f 216// 217// 233//
f 233// 217// 234//
f 586// 585// 582//
f 582// 585// 581//
f 582// 581// 568//
f 568// 581// 567//
f 568// 567// 564//
f 564// 567// 563//
f 563// 547// 562//
f 562// 547// 542//
f 547// 543// 542//
f 542// 543// 521//
f 542// 521// 513//
f 474// 473// 505//
f 505// 473// 513//
f 505// 513// 514//
f 514// 513// 521//
f 314// 311// 295//
f 295// 311// 294//
f 295// 294// 282//
f 282// 294// 272//
f 282// 272// 268//
f 268// 272// 256//
f 268// 256// 252//
f 252// 256// 237//
f 252// 237// 238//
f 238// 237// 220//
f 238// 220// 233//
f 233// 220// 216//
f 311// 309// 294//
f 294// 309// 285//
f 294// 285// 272//
f 272// 285// 259//
f 272// 259// 256//
f 256// 259// 224//
f 256// 224// 237//
f 237// 224// 211//
f 237// 211// 220//
f 220// 211// 206//
f 220// 206// 216//
f 216// 206// 204//
f 309// 308// 285//
f 285// 308// 275//
f 285// 275// 259//
f 259// 275// 229//
f 259// 229// 224//
f 224// 229// 207//
f 224// 207// 211//
f 211// 207// 203//
f 211// 203// 206//
f 206// 203// 199//
f 206// 199// 204//
f 204// 199// 195//
f 508// 471// 474//
f 474// 505// 508//
f 508// 505// 514//
f 508// 514// 530//
f 530// 514// 521//
f 530// 521// 565//
f 563// 567// 547//
f 547// 567// 565//
f 547// 565// 543//
f 543// 565// 521//
f 567// 581// 565//
f 565// 581// 571//
f 565// 571// 530//
f 530// 571// 566//
f 530// 566// 508//
f 508// 566// 518//
f 508// 518// 471//
f 471// 518// 469//
f 581// 585// 571//
f 571// 585// 583//
f 571// 583// 566//
f 566// 583// 572//
f 566// 572// 518//
f 518// 572// 528//
f 518// 528// 469//
f 469// 528// 468//
f 468// 308// 469//
f 469// 308// 309//
f 469// 309// 471//
f 471// 309// 311//
f 471// 311// 474//
f 474// 311// 314//
f 1394// 1368// 1395//
f 1395// 1368// 1369//
f 1395// 1369// 1396//
f 1396// 1369// 1370//
f 1396// 1370// 1397//
f 1397// 1370// 1371//
f 1397// 1371// 1398//
f 1398// 1371// 1372//
f 1225// 1255// 1261//
f 1213// 1205// 1230//
f 1230// 1205// 1225//
f 1213// 1230// 1242//
f 1242// 1230// 1270//
f 1242// 1270// 1250//
f 1225// 1261// 1230//
f 1230// 1261// 1290//
f 1230// 1290// 1270//
f 1270// 1290// 1341//
f 1270// 1341// 1332//
f 1250// 1270// 1291//
f 1291// 1270// 1332//
f 1291// 1332// 1310//
f 1372// 1341// 1343//
f 1343// 1341// 1290//
f 1343// 1290// 1309//
f 1309// 1290// 1261//
f 1309// 1261// 1308//
f 1308// 1261// 1255//
f 1308// 1255// 1295//
f 1368// 1310// 1369//
f 1369// 1310// 1332//
f 1369// 1332// 1370//
f 1370// 1332// 1341//
f 1370// 1341// 1371//
f 1371// 1341// 1372//
f 1396// 1397// 1407//
f 1397// 1398// 1406//
f 1412// 1395// 1396//
f 1468// 1450// 1439//
f 1439// 1450// 1415//
f 1439// 1415// 1412//
f 1412// 1415// 1394//
f 1412// 1394// 1395//
f 1397// 1406// 1407//
f 1407// 1406// 1428//
f 1407// 1428// 1430//
f 1430// 1428// 1449//
f 1430// 1449// 1469//
f 1469// 1449// 1451//
f 1469// 1451// 1478//
f 1478// 1451// 1455//
f 1478// 1455// 1487//
f 1396// 1407// 1412//
f 1412// 1407// 1430//
f 1412// 1430// 1439//
f 1439// 1430// 1469//
f 1439// 1469// 1486//
f 1486// 1469// 1478//
f 1486// 1478// 1506//
f 1506// 1478// 1487//
f 1506// 1487// 1521//
f 1468// 1439// 1503//
f 1503// 1439// 1486//
f 1503// 1486// 1512//
f 1512// 1486// 1506//
f 1512// 1506// 1530//
f 1530// 1506// 1521//
f 1530// 1521// 1541//
f 1298// 1314// 1300//
f 1300// 1314// 1315//
f 1300// 1315// 1301//
f 1301// 1315// 1316//
f 1301// 1316// 1319//
f 1294// 1298// 1265//
f 1265// 1298// 1256//
f 1226// 1245// 1256//
f 1256// 1245// 1254//
f 1256// 1254// 1265//
f 1207// 1204// 1226//
f 1226// 1204// 1212//
f 1212// 1220// 1226//
f 1226// 1220// 1224//
f 1226// 1224// 1245//
f 1289// 1303// 1269//
f 1269// 1303// 1295//
f 1269// 1295// 1253//
f 1253// 1295// 1255//
f 1225// 1205// 1211//
f 1211// 1222// 1225//
f 1225// 1222// 1223//
f 1225// 1223// 1255//
f 1255// 1223// 1251//
f 1255// 1251// 1253//
f 1463// 1303// 1464//
f 1464// 1303// 1304//
f 1464// 1304// 1465//
f 1465// 1304// 1305//
f 1465// 1305// 1466//
f 1466// 1305// 1306//
f 1466// 1306// 1467//
f 1467// 1306// 1307//
f 1546// 1541// 1536//
f 1536// 1541// 1521//
f 1487// 1513// 1521//
f 1521// 1513// 1527//
f 1521// 1527// 1536//
f 1463// 1474// 1455//
f 1455// 1474// 1484//
f 1455// 1484// 1487//
f 1487// 1484// 1494//
f 1487// 1494// 1513//
f 1537// 1540// 1542//
f 1522// 1526// 1542//
f 1542// 1526// 1533//
f 1542// 1533// 1537//
f 1488// 1458// 1454//
f 1454// 1479// 1488//
f 1488// 1479// 1492//
f 1488// 1492// 1522//
f 1522// 1492// 1509//
f 1522// 1509// 1526//
f 1442// 1458// 1443//
f 1443// 1458// 1460//
f 1443// 1460// 1444//
f 1444// 1460// 1461//
f 1444// 1461// 1440//
f 1209// 1208// 1228//
f 1228// 1208// 1227//
f 1228// 1227// 1258//
f 1258// 1227// 1257//
f 1258// 1257// 1301//
f 1301// 1257// 1300//
f 1208// 1207// 1227//
f 1227// 1207// 1226//
f 1227// 1226// 1257//
f 1257// 1226// 1256//
f 1257// 1256// 1300//
f 1300// 1256// 1298//
f 1197// 1191// 1194//
f 1305// 1304// 1288//
f 1307// 1306// 1281//
f 1246// 1260// 1269//
f 1269// 1260// 1288//
f 1269// 1288// 1289//
f 1289// 1288// 1304//
f 1289// 1304// 1303//
f 1269// 1253// 1246//
f 1246// 1253// 1251//
f 1246// 1251// 1200//
f 1251// 1223// 1200//
f 1200// 1223// 1222//
f 1200// 1222// 1211//
f 1211// 1197// 1200//
f 1200// 1197// 1194//
f 1200// 1194// 1246//
f 1246// 1194// 1221//
f 1246// 1221// 1260//
f 1260// 1221// 1248//
f 1260// 1248// 1288//
f 1288// 1248// 1281//
f 1288// 1281// 1305//
f 1305// 1281// 1306//
f 1307// 1281// 1266//
f 1266// 1281// 1248//
f 1266// 1248// 1241//
f 1241// 1248// 1221//
f 1241// 1221// 1198//
f 1198// 1221// 1194//
f 1198// 1194// 1188//
f 1188// 1194// 1191//
f 1188// 1191// 1186//
f 1567// 1553// 1554//
f 1494// 1493// 1513//
f 1513// 1493// 1532//
f 1513// 1532// 1527//
f 1527// 1532// 1554//
f 1527// 1554// 1536//
f 1536// 1554// 1553//
f 1536// 1553// 1546//
f 1494// 1484// 1493//
f 1493// 1484// 1474//
f 1493// 1474// 1475//
f 1475// 1477// 1493//
f 1493// 1477// 1504//
f 1493// 1504// 1532//
f 1532// 1504// 1557//
f 1532// 1557// 1554//
f 1554// 1557// 1564//
f 1554// 1564// 1567//
f 1567// 1564// 1575//
f 1474// 1463// 1475//
f 1475// 1463// 1464//
f 1475// 1464// 1477//
f 1477// 1464// 1465//
f 1477// 1465// 1466//
f 1575// 1564// 1571//
f 1571// 1564// 1557//
f 1571// 1557// 1565//
f 1565// 1557// 1504//
f 1565// 1504// 1517//
f 1517// 1504// 1477//
f 1517// 1477// 1483//
f 1483// 1477// 1466//
f 1483// 1466// 1467//
f 1542// 1543// 1522//
f 1522// 1543// 1523//
f 1522// 1523// 1488//
f 1488// 1523// 1489//
f 1488// 1489// 1458//
f 1458// 1489// 1460//
f 1543// 1544// 1523//
f 1523// 1544// 1524//
f 1523// 1524// 1489//
f 1489// 1524// 1490//
f 1489// 1490// 1460//
f 1460// 1490// 1461//
f 1210// 1209// 1219//
f 1219// 1209// 1228//
f 1219// 1228// 1229//
f 1229// 1228// 1247//
f 1247// 1228// 1258//
f 1247// 1258// 1259//
f 1259// 1258// 1285//
f 1285// 1258// 1301//
f 1285// 1301// 1302//
f 1185// 1186// 1190//
f 1190// 1186// 1191//
f 1190// 1191// 1196//
f 1196// 1191// 1197//
f 1196// 1197// 1210//
f 1210// 1197// 1211//
f 1575// 1574// 1567//
f 1567// 1574// 1566//
f 1567// 1566// 1553//
f 1553// 1566// 1552//
f 1553// 1552// 1546//
f 1546// 1552// 1545//
f 1545// 1531// 1544//
f 1544// 1531// 1524//
f 1531// 1525// 1524//
f 1524// 1525// 1505//
f 1524// 1505// 1490//
f 1462// 1461// 1480//
f 1480// 1461// 1490//
f 1480// 1490// 1491//
f 1491// 1490// 1505//
f 1302// 1299// 1285//
f 1285// 1299// 1284//
f 1285// 1284// 1259//
f 1259// 1284// 1249//
f 1259// 1249// 1247//
f 1247// 1249// 1239//
f 1247// 1239// 1229//
f 1229// 1239// 1214//
f 1229// 1214// 1219//
f 1219// 1214// 1199//
f 1219// 1199// 1210//
f 1210// 1199// 1196//
f 1299// 1297// 1284//
f 1284// 1297// 1262//
f 1284// 1262// 1249//
f 1249// 1262// 1240//
f 1249// 1240// 1239//
f 1239// 1240// 1201//
f 1239// 1201// 1214//
f 1214// 1201// 1195//
f 1214// 1195// 1199//
f 1199// 1195// 1192//
f 1199// 1192// 1196//
f 1196// 1192// 1190//
f 1297// 1296// 1262//
f 1262// 1296// 1252//
f 1262// 1252// 1240//
f 1240// 1252// 1206//
f 1240// 1206// 1201//
f 1201// 1206// 1193//
f 1201// 1193// 1195//
f 1195// 1193// 1189//
f 1195// 1189// 1192//
f 1192// 1189// 1187//
f 1192// 1187// 1190//
f 1190// 1187// 1185//
f 1485// 1459// 1462//
f 1462// 1480// 1485//
f 1485// 1480// 1491//
f 1485// 1491// 1518//
f 1518// 1491// 1505//
f 1518// 1505// 1547//
f 1545// 1552// 1531//
f 1531// 1552// 1547//
f 1531// 1547// 1525//
f 1525// 1547// 1505//
f 1552// 1566// 1547//
f 1547// 1566// 1562//
f 1547// 1562// 1518//
f 1518// 1562// 1548//
f 1518// 1548// 1485//
f 1485// 1548// 1500//
f 1485// 1500// 1459//
f 1459// 1500// 1457//
f 1566// 1574// 1562//
f 1562// 1574// 1568//
f 1562// 1568// 1548//
f 1548// 1568// 1563//
f 1548// 1563// 1500//
f 1500// 1563// 1516//
f 1500// 1516// 1457//
f 1457// 1516// 1456//
f 1456// 1296// 1457//
f 1457// 1296// 1297//
f 1457// 1297// 1459//
f 1459// 1297// 1299//
f 1459// 1299// 1462//
f 1462// 1299// 1302//
f 1619// 1618// 1617//
f 1617// 1618// 1616//
f 149// 150// 147//
f 147// 150// 148//
f 1216// 1215// 1234//
f 1234// 1215// 1233//
f 1234// 1233// 1276//
f 1276// 1233// 1275//
f 1276// 1275// 1327//
f 1327// 1275// 1326//
f 1327// 1326// 1355//
f 1355// 1326// 1354//
f 1355// 1354// 1384//
f 1384// 1354// 1383//
f 1384// 1383// 1409//
f 1409// 1383// 1408//
f 1409// 1408// 1382//
f 1382// 1408// 1381//
f 1382// 1381// 1353//
f 1353// 1381// 1352//
f 1353// 1352// 1325//
f 1325// 1352// 1324//
f 1325// 1324// 1274//
f 1274// 1324// 1273//
f 1274// 1273// 1232//
f 1232// 1273// 1231//
f 1232// 1231// 1216//
f 1216// 1231// 1215//
f 1004// 1003// 1011//
f 1011// 1003// 1010//
f 1011// 1010// 1031//
f 1031// 1010// 1030//
f 1031// 1030// 1045//
f 1045// 1030// 1044//
f 1045// 1044// 1055//
f 1055// 1044// 1054//
f 1055// 1054// 1063//
f 1063// 1054// 1062//
f 1063// 1062// 1075//
f 1075// 1062// 1074//
f 1075// 1074// 1061//
f 1061// 1074// 1060//
f 1061// 1060// 1053//
f 1053// 1060// 1052//
f 1053// 1052// 1043//
f 1043// 1052// 1042//
f 1043// 1042// 1029//
f 1029// 1042// 1028//
f 1029// 1028// 1009//
f 1009// 1028// 1008//
f 1009// 1008// 1004//
f 1004// 1008// 1003//
f 695// 694// 707//
f 707// 694// 706//
f 707// 706// 715//
f 715// 706// 714//
f 715// 714// 725//
f 725// 714// 724//
f 725// 724// 739//
f 739// 724// 738//
f 739// 738// 759//
f 759// 738// 758//
f 759// 758// 766//
f 766// 758// 765//
f 766// 765// 757//
f 757// 765// 756//
f 757// 756// 737//
f 737// 756// 736//
f 737// 736// 723//
f 723// 736// 722//
f 723// 722// 713//
f 713// 722// 712//
f 713// 712// 705//
f 705// 712// 704//
f 705// 704// 695//
f 695// 704// 694//
f 359// 358// 382//
f 382// 358// 381//
f 382// 381// 415//
f 415// 381// 414//
f 415// 414// 442//
f 442// 414// 441//
f 442// 441// 492//
f 492// 441// 491//
f 492// 491// 534//
f 534// 491// 533//
f 534// 533// 552//
f 552// 533// 551//
f 552// 551// 532//
f 532// 551// 531//
f 532// 531// 490//
f 490// 531// 489//
f 490// 489// 440//
f 440// 489// 439//
f 440// 439// 413//
f 413// 439// 412//
f 413// 412// 380//
f 380// 412// 379//
f 380// 379// 359//
f 359// 379// 358//
f 361// 360// 386//
f 386// 360// 385//
f 386// 385// 419//
f 419// 385// 418//
f 419// 418// 446//
f 446// 418// 445//
f 446// 445// 496//
f 496// 445// 495//
f 496// 495// 538//
f 538// 495// 537//
f 538// 537// 554//
f 554// 537// 553//
f 554// 553// 536//
f 536// 553// 535//
f 536// 535// 494//
f 494// 535// 493//
f 494// 493// 444//
f 444// 493// 443//
f 444// 443// 417//
f 417// 443// 416//
f 417// 416// 384//
f 384// 416// 383//
f 384// 383// 361//
f 361// 383// 360//
f 697// 696// 711//
f 711// 696// 710//
f 711// 710// 719//
f 719// 710// 718//
f 719// 718// 729//
f 729// 718// 728//
f 729// 728// 743//
f 743// 728// 742//
f 743// 742// 763//
f 763// 742// 762//
f 763// 762// 768//
f 768// 762// 767//
f 768// 767// 761//
f 761// 767// 760//
f 761// 760// 741//
f 741// 760// 740//
f 741// 740// 727//
f 727// 740// 726//
f 727// 726// 717//
f 717// 726// 716//
f 717// 716// 709//
f 709// 716// 708//
f 709// 708// 697//
f 697// 708// 696//
f 1006// 1005// 1015//
f 1015// 1005// 1014//
f 1015// 1014// 1035//
f 1035// 1014// 1034//
f 1035// 1034// 1049//
f 1049// 1034// 1048//
f 1049// 1048// 1059//
f 1059// 1048// 1058//
f 1059// 1058// 1067//
f 1067// 1058// 1066//
f 1067// 1066// 1077//
f 1077// 1066// 1076//
f 1077// 1076// 1065//
f 1065// 1076// 1064//
f 1065// 1064// 1057//
f 1057// 1064// 1056//
f 1057// 1056// 1047//
f 1047// 1056// 1046//
f 1047// 1046// 1033//
f 1033// 1046// 1032//
f 1033// 1032// 1013//
f 1013// 1032// 1012//
f 1013// 1012// 1006//
f 1006// 1012// 1005//
f 1218// 1217// 1238//
f 1238// 1217// 1237//
f 1238// 1237// 1280//
f 1280// 1237// 1279//
f 1280// 1279// 1331//
f 1331// 1279// 1330//
f 1331// 1330// 1359//
f 1359// 1330// 1358//
f 1359// 1358// 1388//
f 1388// 1358// 1387//
f 1388// 1387// 1411//
f 1411// 1387// 1410//
f 1411// 1410// 1386//
f 1386// 1410// 1385//
f 1386// 1385// 1357//
f 1357// 1385// 1356//
f 1357// 1356// 1329//
f 1329// 1356// 1328//
f 1329// 1328// 1278//
f 1278// 1328// 1277//
f 1278// 1277// 1236//
f 1236// 1277// 1235//
f 1236// 1235// 1218//
f 1218// 1235// 1217//
f 101// 96// 117//
f 117// 96// 82//
f 117// 82// 105//
f 105// 82// 74//
f 105// 74// 72//
f 72// 74// 64//
f 72// 64// 50//
f 50// 64// 59//
f 50// 59// 46//
f 101// 117// 102//
f 102// 117// 124//
f 102// 124// 100//
f 100// 124// 118//
f 100// 118// 97//
f 97// 118// 106//
f 97// 106// 83//
f 83// 106// 73//
f 83// 73// 75//
f 75// 73// 51//
f 75// 51// 65//
f 65// 51// 47//
f 65// 47// 58//
f 59// 57// 46//
f 46// 57// 55//
f 46// 55// 43//
f 43// 55// 54//
f 43// 54// 47//
f 47// 54// 56//
f 47// 56// 58//
f 72// 70// 105//
f 105// 70// 103//
f 105// 103// 117//
f 117// 103// 115//
f 117// 115// 124//
f 124// 115// 123//
f 124// 123// 118//
f 118// 123// 116//
f 118// 116// 106//
f 106// 116// 104//
f 106// 104// 73//
f 73// 104// 71//
f 73// 71// 51//
f 51// 71// 49//
f 51// 49// 47//
f 47// 49// 45//
f 47// 45// 43//
f 43// 45// 42//
f 43// 42// 46//
f 46// 42// 44//
f 46// 44// 50//
f 50// 44// 48//
f 50// 48// 72//
f 72// 48// 70//
f 1709// 1706// 1719//
f 1719// 1706// 1700//
f 1719// 1700// 1715//
f 1715// 1700// 1696//
f 1715// 1696// 1694//
f 1694// 1696// 1686//
f 1694// 1686// 1664//
f 1664// 1686// 1677//
f 1664// 1677// 1652//
f 1709// 1719// 1710//
f 1710// 1719// 1722//
f 1710// 1722// 1708//
f 1708// 1722// 1720//
f 1708// 1720// 1707//
f 1707// 1720// 1716//
f 1707// 1716// 1701//
f 1701// 1716// 1695//
f 1701// 1695// 1697//
f 1697// 1695// 1665//
f 1697// 1665// 1687//
f 1687// 1665// 1653//
f 1687// 1653// 1672//
f 1677// 1671// 1652//
f 1652// 1671// 1667//
f 1652// 1667// 1645//
f 1645// 1667// 1666//
f 1645// 1666// 1653//
f 1653// 1666// 1668//
f 1653// 1668// 1672//
f 1694// 1692// 1715//
f 1715// 1692// 1713//
f 1715// 1713// 1719//
f 1719// 1713// 1717//
f 1719// 1717// 1722//
f 1722// 1717// 1721//
f 1722// 1721// 1720//
f 1720// 1721// 1718//
f 1720// 1718// 1716//
f 1716// 1718// 1714//
f 1716// 1714// 1695//
f 1695// 1714// 1693//
f 1695// 1693// 1665//
f 1665// 1693// 1663//
f 1665// 1663// 1653//
f 1653// 1663// 1651//
f 1653// 1651// 1645//
f 1645// 1651// 1644//
f 1645// 1644// 1652//
f 1652// 1644// 1650//
f 1652// 1650// 1664//
f 1664// 1650// 1662//
f 1664// 1662// 1694//
f 1694// 1662// 1692//
f 1609// 1607// 1743//
f 1739// 1741// 1588//
f 1588// 1741// 1600//
f 1743// 1607// 1741//
f 1741// 1607// 1606//
f 1741// 1606// 1600//
f 1609// 1743// 1613//
f 1613// 1743// 1745//
f 1613// 1745// 1610//
f 1610// 1745// 1744//
f 1610// 1744// 1608//
f 1608// 1744// 1605//
f 1605// 1744// 1742//
f 1605// 1742// 1601//
f 1601// 1742// 1740//
f 1601// 1740// 1589//
f 1707// 1701// 1735//
f 1735// 1701// 1697//
f 1589// 1740// 1577//
f 1577// 1740// 1737//
f 1577// 1737// 1570//
f 1570// 1737// 1735//
f 1570// 1735// 1561//
f 1561// 1735// 1697//
f 1561// 1697// 1687//
f 1687// 1672// 1561//
f 1561// 1672// 1668//
f 1561// 1668// 1555//
f 1555// 1668// 1666//
f 1696// 1700// 1734//
f 1671// 1560// 1667//
f 1667// 1560// 1556//
f 1667// 1556// 1666//
f 1666// 1556// 1551//
f 1666// 1551// 1555//
f 1671// 1677// 1560//
f 1560// 1677// 1686//
f 1560// 1686// 1696//
f 1700// 1706// 1734//
f 1734// 1706// 1709//
f 1734// 1709// 1733//
f 1733// 1709// 1710//
f 1733// 1710// 1735//
f 1735// 1710// 1708//
f 1735// 1708// 1707//
f 1696// 1734// 1560//
f 1560// 1734// 1736//
f 1560// 1736// 1569//
f 1739// 1588// 1736//
f 1736// 1588// 1576//
f 1736// 1576// 1569//
f 1759// 1501// 1529//
f 1759// 1529// 1757//
f 1501// 1759// 1482//
f 1482// 1759// 1761//
f 1482// 1761// 1476//
f 1559// 1528// 1760//
f 1760// 1528// 1502//
f 1760// 1502// 1761//
f 1761// 1502// 1481//
f 1761// 1481// 1476//
f 1760// 1758// 1559//
f 1559// 1758// 1756//
f 1559// 1756// 1573//
f 1754// 1752// 1599//
f 1599// 1597// 1754//
f 1754// 1597// 1593//
f 1754// 1593// 1756//
f 1756// 1593// 1583//
f 1756// 1583// 1573//
f 1751// 1602// 1750//
f 1750// 1602// 1604//
f 1750// 1604// 1752//
f 1752// 1604// 1603//
f 1752// 1603// 1599//
f 1753// 1596// 1751//
f 1751// 1596// 1598//
f 1751// 1598// 1602//
f 1529// 1558// 1757//
f 1757// 1558// 1572//
f 1757// 1572// 1755//
f 1755// 1572// 1582//
f 1755// 1582// 1753//
f 1753// 1582// 1592//
f 1753// 1592// 1596//
f 157// 159// 14//
f 10// 12// 178//
f 178// 12// 166//
f 14// 159// 12//
f 12// 159// 160//
f 12// 160// 166//
f 157// 14// 153//
f 153// 14// 15//
f 153// 15// 156//
f 156// 15// 13//
f 156// 13// 158//
f 158// 13// 161//
f 161// 13// 11//
f 161// 11// 165//
f 165// 11// 9//
f 165// 9// 177//
f 57// 59// 4//
f 4// 59// 64//
f 4// 64// 74//
f 177// 9// 189//
f 189// 9// 6//
f 189// 6// 200//
f 200// 6// 4//
f 200// 4// 209//
f 209// 4// 74//
f 209// 74// 82//
f 82// 96// 209//
f 209// 96// 101//
f 209// 101// 215//
f 215// 101// 102//
f 215// 102// 219//
f 219// 102// 214//
f 214// 102// 100//
f 214// 100// 210//
f 75// 65// 5//
f 100// 97// 210//
f 210// 97// 83//
f 210// 83// 75//
f 65// 58// 5//
f 5// 58// 56//
f 5// 56// 3//
f 3// 56// 54//
f 3// 54// 4//
f 4// 54// 55//
f 4// 55// 57//
f 75// 5// 210//
f 210// 5// 7//
f 210// 7// 201//
f 10// 178// 7//
f 7// 178// 190//
f 7// 190// 201//
f 30// 271// 243//
f 30// 243// 28//
f 271// 30// 286//
f 286// 30// 31//
f 286// 31// 292//
f 212// 244// 29//
f 29// 244// 270//
f 29// 270// 31//
f 31// 270// 287//
f 31// 287// 292//
f 29// 27// 212//
f 212// 27// 25//
f 212// 25// 197//
f 23// 21// 167//
f 167// 169// 23//
f 23// 169// 173//
f 23// 173// 25//
f 25// 173// 183//
f 25// 183// 197//
f 22// 164// 20//
f 20// 164// 162//
f 20// 162// 21//
f 21// 162// 163//
f 21// 163// 167//
f 24// 170// 22//
f 22// 170// 168//
f 22// 168// 164//
f 243// 213// 28//
f 28// 213// 198//
f 28// 198// 26//
f 26// 198// 184//
f 26// 184// 24//
f 24// 184// 174//
f 24// 174// 170//
f 133// 127// 573//
f 587// 128// 134//
f 1495// 1642// 1635//
f 133// 573// 143//
f 1637// 1643// 1169//
f 1637// 1169// 1627//
f 573// 610// 587//
f 134// 144// 587//
f 587// 144// 150//
f 587// 150// 573//
f 573// 150// 149//
f 573// 149// 143//
f 610// 666// 587//
f 587// 666// 876//
f 587// 876// 1169//
f 1169// 876// 1155//
f 1635// 1625// 1495//
f 1495// 1625// 1618//
f 1495// 1618// 1155//
f 1155// 1618// 1619//
f 1155// 1619// 1169//
f 1169// 1619// 1621//
f 1169// 1621// 1627//
f 850// 924// 849//
f 849// 924// 923//
f 810// 809// 811//
f 811// 809// 813//
f 811// 813// 812//
f 812// 813// 814//
f 961// 963// 960//
f 960// 963// 962//
f 960// 962// 959//
f 959// 962// 958//
f 922// 921// 895//
f 895// 921// 847//
f 895// 847// 848//
f 1161// 1023// 1024//
f 1161// 1727// 1499//
f 1499// 1727// 1729//
f 1499// 1729// 1762//
f 1161// 1024// 1727//
f 1727// 1024// 1025//
f 1727// 1025// 1725//
f 1725// 1025// 1026//
f 1725// 1026// 1723//
f 1763// 1762// 1729//
f 1763// 1729// 1730//
f 1730// 1729// 1727//
f 1730// 1727// 1728//
f 1728// 1727// 1725//
f 1728// 1725// 1726//
f 1726// 1725// 1723//
f 1726// 1723// 1724//
f 33// 1763// 1730//
f 33// 1730// 35//
f 35// 1730// 1728//
f 35// 1728// 37//
f 37// 1728// 1726//
f 37// 1726// 39//
f 39// 1726// 1724//
f 39// 1724// 41//
f 32// 33// 35//
f 32// 35// 34//
f 34// 35// 37//
f 34// 37// 36//
f 36// 37// 39//
f 36// 39// 38//
f 38// 39// 41//
f 38// 41// 40//
f 745// 671// 746//
f 746// 671// 616//
f 746// 616// 578//
f 32// 34// 578//
f 578// 34// 36//
f 578// 36// 746//
f 746// 36// 38//
f 746// 38// 747//
f 747// 38// 40//
f 747// 40// 748//
f 149// 147// 141//
f 149// 141// 143//
f 143// 141// 131//
f 143// 131// 133//
f 133// 131// 125//
f 133// 125// 127//
f 148// 150// 144//
f 148// 144// 142//
f 142// 144// 134//
f 142// 134// 132//
f 132// 134// 128//
f 132// 128// 126//
f 1641// 1643// 1637//
f 1641// 1637// 1636//
f 1636// 1637// 1627//
f 1636// 1627// 1626//
f 1626// 1627// 1621//
f 1626// 1621// 1620//
f 1620// 1621// 1619//
f 1620// 1619// 1617//
f 1642// 1640// 1634//
f 1642// 1634// 1635//
f 1635// 1634// 1624//
f 1635// 1624// 1625//
f 1625// 1624// 1616//
f 1625// 1616// 1618//
f 1025// 1024// 1018//
f 1026// 1025// 1019//
f 1026// 1019// 1021//
f 1021// 1019// 1000//
f 1021// 1000// 1002//
f 978// 976// 995//
f 995// 976// 999//
f 995// 999// 1001//
f 1001// 999// 1018//
f 1001// 1018// 1020//
f 1020// 1018// 1024//
f 1020// 1024// 1023//
f 1025// 1018// 1019//
f 1019// 1018// 999//
f 1019// 999// 1000//
f 1000// 999// 976//
f 1000// 976// 977//
f 962// 968// 965//
f 965// 968// 977//
f 965// 977// 964//
f 964// 977// 976//
f 964// 976// 972//
f 972// 976// 978//
f 968// 973// 977//
f 977// 973// 979//
f 977// 979// 1000//
f 1000// 979// 996//
f 1000// 996// 1002//
f 964// 962// 965//
f 972// 967// 964//
f 964// 967// 962//
f 1020// 1023// 1022//
f 1020// 1022// 1001//
f 1001// 1022// 997//
f 1001// 997// 995//
f 995// 997// 978//
f 978// 997// 974//
f 978// 974// 972//
f 972// 974// 967//
f 967// 974// 958//
f 967// 958// 962//
f 944// 938// 950//
f 950// 938// 951//
f 950// 951// 955//
f 955// 951// 959//
f 955// 959// 958//
f 921// 922// 932//
f 932// 922// 938//
f 932// 938// 937//
f 937// 938// 944//
f 963// 961// 954//
f 954// 961// 952//
f 954// 952// 953//
f 953// 952// 945//
f 945// 952// 939//
f 945// 939// 940//
f 940// 939// 934//
f 934// 939// 923//
f 934// 923// 924//
f 962// 963// 968//
f 968// 963// 975//
f 998// 979// 975//
f 975// 979// 973//
f 975// 973// 968//
f 1026// 1021// 1027//
f 1027// 1021// 1002//
f 1027// 1002// 998//
f 998// 1002// 996//
f 998// 996// 979//
f 918// 919// 935//
f 919// 920// 933//
f 920// 921// 932//
f 920// 932// 933//
f 933// 932// 937//
f 933// 937// 942//
f 942// 937// 944//
f 942// 944// 948//
f 948// 944// 950//
f 948// 950// 956//
f 956// 950// 955//
f 956// 955// 971//
f 971// 955// 958//
f 971// 958// 974//
f 919// 933// 935//
f 935// 933// 942//
f 935// 942// 946//
f 946// 942// 948//
f 946// 948// 969//
f 969// 948// 956//
f 969// 956// 986//
f 986// 956// 971//
f 986// 971// 994//
f 994// 971// 974//
f 994// 974// 997//
f 918// 935// 941//
f 941// 935// 946//
f 941// 946// 957//
f 957// 946// 969//
f 957// 969// 990//
f 990// 969// 986//
f 990// 986// 1007//
f 1007// 986// 994//
f 1007// 994// 1017//
f 1017// 994// 997//
f 1017// 997// 1022//
f 940// 934// 936//
f 936// 943// 970//
f 943// 947// 991//
f 943// 991// 970//
f 970// 991// 1016//
f 970// 1016// 989//
f 989// 1016// 1027//
f 989// 1027// 998//
f 936// 970// 949//
f 949// 970// 989//
f 949// 989// 966//
f 966// 989// 998//
f 966// 998// 975//
f 927// 947// 926//
f 926// 947// 943//
f 926// 943// 925//
f 925// 943// 936//
f 925// 936// 924//
f 924// 936// 934//
f 940// 936// 945//
f 945// 936// 949//
f 945// 949// 953//
f 953// 949// 966//
f 953// 966// 954//
f 954// 966// 975//
f 954// 975// 963//
f 894// 844// 845//
f 919// 918// 894//
f 894// 845// 919//
f 919// 845// 846//
f 919// 846// 920//
f 920// 846// 847//
f 920// 847// 921//
f 809// 810// 816//
f 816// 810// 819//
f 816// 819// 818//
f 818// 819// 826//
f 826// 819// 832//
f 826// 832// 831//
f 848// 847// 832//
f 832// 847// 839//
f 832// 839// 831//
f 850// 849// 837//
f 837// 849// 833//
f 837// 833// 834//
f 834// 833// 827//
f 827// 833// 820//
f 827// 820// 821//
f 821// 820// 817//
f 817// 820// 812//
f 817// 812// 814//
f 853// 927// 926//
f 853// 926// 852//
f 852// 926// 925//
f 852// 925// 851//
f 851// 925// 924//
f 851// 924// 850//
f 744// 773// 777//
f 773// 796// 800//
f 796// 809// 816//
f 796// 816// 800//
f 800// 816// 818//
f 800// 818// 815//
f 815// 818// 826//
f 815// 826// 822//
f 822// 826// 831//
f 822// 831// 829//
f 829// 831// 839//
f 829// 839// 838//
f 838// 839// 847//
f 838// 847// 846//
f 773// 800// 777//
f 777// 800// 815//
f 777// 815// 785//
f 785// 815// 822//
f 785// 822// 801//
f 801// 822// 829//
f 801// 829// 825//
f 825// 829// 838//
f 825// 838// 836//
f 836// 838// 846//
f 836// 846// 845//
f 744// 777// 754//
f 754// 777// 785//
f 754// 785// 764//
f 764// 785// 801//
f 764// 801// 780//
f 780// 801// 825//
f 780// 825// 808//
f 808// 825// 836//
f 808// 836// 830//
f 830// 836// 845//
f 830// 845// 844//
f 821// 817// 805//
f 805// 782// 802//
f 782// 755// 781//
f 782// 781// 802//
f 802// 781// 824//
f 802// 824// 828//
f 828// 824// 853//
f 828// 853// 852//
f 805// 802// 823//
f 823// 802// 828//
f 823// 828// 835//
f 835// 828// 852//
f 835// 852// 851//
f 749// 755// 774//
f 774// 755// 782//
f 774// 782// 797//
f 797// 782// 805//
f 797// 805// 814//
f 814// 805// 817//
f 821// 805// 827//
f 827// 805// 823//
f 827// 823// 834//
f 834// 823// 835//
f 834// 835// 837//
f 837// 835// 851//
f 837// 851// 850//
f 813// 809// 803//
f 803// 809// 796//
f 773// 792// 796//
f 796// 792// 798//
f 796// 798// 803//
f 745// 750// 744//
f 744// 750// 769//
f 744// 769// 773//
f 773// 769// 775//
f 773// 775// 792//
f 751// 748// 749//
f 751// 749// 770//
f 770// 749// 774//
f 770// 774// 776//
f 776// 774// 793//
f 793// 774// 797//
f 793// 797// 799//
f 799// 797// 804//
f 804// 797// 814//
f 804// 814// 813//
f 746// 747// 753//
f 745// 746// 752//
f 745// 752// 750//
f 750// 752// 771//
f 750// 771// 769//
f 793// 795// 776//
f 776// 795// 772//
f 776// 772// 770//
f 770// 772// 753//
f 770// 753// 751//
f 751// 753// 747//
f 751// 747// 748//
f 746// 753// 752//
f 752// 753// 772//
f 752// 772// 771//
f 771// 772// 795//
f 771// 795// 794//
f 813// 803// 806//
f 806// 803// 794//
f 806// 794// 807//
f 807// 794// 795//
f 807// 795// 799//
f 799// 795// 793//
f 803// 798// 794//
f 794// 798// 792//
f 794// 792// 771//
f 771// 792// 775//
f 771// 775// 769//
f 807// 813// 806//
f 799// 804// 807//
f 807// 804// 813//
f 1711// 1712// 1703//
f 1711// 1703// 1702//
f 1702// 1703// 1691//
f 1702// 1691// 1690//
f 1690// 1691// 1689//
f 1690// 1689// 1688//
f 1688// 1689// 1685//
f 1688// 1685// 1681//
f 1676// 1679// 1655//
f 1679// 1699// 1657//
f 1184// 1283// 1287//
f 1287// 1283// 1417//
f 1287// 1417// 1419//
f 1419// 1417// 1535//
f 1419// 1535// 1550//
f 1550// 1535// 1591//
f 1550// 1591// 1595//
f 1595// 1591// 1629//
f 1595// 1629// 1639//
f 1639// 1629// 1657//
f 1639// 1657// 1674//
f 1674// 1657// 1699//
f 1674// 1699// 1705//
f 1679// 1657// 1655//
f 1655// 1657// 1629//
f 1655// 1629// 1623//
f 1623// 1629// 1591//
f 1623// 1591// 1587//
f 1587// 1591// 1535//
f 1587// 1535// 1520//
f 1520// 1535// 1417//
f 1520// 1417// 1414//
f 1414// 1417// 1283//
f 1414// 1283// 1272//
f 1184// 1183// 1283//
f 1283// 1183// 1182//
f 1283// 1182// 1272//
f 1272// 1182// 1181//
f 1272// 1181// 1180//
f 1676// 1655// 1649//
f 1649// 1655// 1623//
f 1649// 1623// 1615//
f 1615// 1623// 1587//
f 1615// 1587// 1585//
f 1585// 1587// 1520//
f 1585// 1520// 1515//
f 1515// 1520// 1414//
f 1515// 1414// 1403//
f 1403// 1414// 1272//
f 1403// 1272// 1268//
f 1268// 1272// 1180//
f 1268// 1180// 1179//
f 1712// 1705// 1703//
f 1703// 1705// 1699//
f 1703// 1699// 1691//
f 1691// 1699// 1679//
f 1691// 1679// 1689//
f 1689// 1679// 1676//
f 1689// 1676// 1685//
f 1685// 1676// 1670//
f 1473// 1508// 1515//
f 1515// 1508// 1581//
f 1515// 1581// 1585//
f 1585// 1581// 1612//
f 1585// 1612// 1615//
f 1615// 1612// 1633//
f 1615// 1633// 1649//
f 1649// 1633// 1647//
f 1649// 1647// 1676//
f 1676// 1647// 1661//
f 1676// 1661// 1670//
f 1473// 1515// 1390//
f 1390// 1515// 1403//
f 1390// 1403// 1323//
f 1323// 1403// 1268//
f 1323// 1268// 1264//
f 1264// 1268// 1179//
f 1264// 1179// 1178//
f 1659// 1646// 1648//
f 1321// 1263// 1267//
f 1267// 1271// 1413//
f 1282// 1286// 1418//
f 1282// 1418// 1416//
f 1416// 1418// 1549//
f 1416// 1549// 1534//
f 1534// 1549// 1594//
f 1534// 1594// 1590//
f 1590// 1594// 1638//
f 1590// 1638// 1628//
f 1628// 1638// 1673//
f 1628// 1673// 1656//
f 1169// 1286// 1170//
f 1170// 1286// 1282//
f 1170// 1282// 1171//
f 1171// 1282// 1172//
f 1172// 1282// 1271//
f 1271// 1282// 1416//
f 1271// 1416// 1413//
f 1413// 1416// 1534//
f 1413// 1534// 1519//
f 1519// 1534// 1590//
f 1519// 1590// 1586//
f 1586// 1590// 1628//
f 1586// 1628// 1622//
f 1622// 1628// 1656//
f 1622// 1656// 1654//
f 1267// 1413// 1402//
f 1402// 1413// 1519//
f 1402// 1519// 1514//
f 1514// 1519// 1586//
f 1514// 1586// 1584//
f 1584// 1586// 1622//
f 1584// 1622// 1614//
f 1614// 1622// 1654//
f 1614// 1654// 1648//
f 1263// 1176// 1267//
f 1267// 1176// 1174//
f 1267// 1174// 1271//
f 1271// 1174// 1173//
f 1271// 1173// 1172//
f 1321// 1267// 1389//
f 1389// 1267// 1402//
f 1389// 1402// 1471//
f 1471// 1402// 1514//
f 1471// 1514// 1507//
f 1507// 1514// 1584//
f 1507// 1584// 1579//
f 1579// 1584// 1614//
f 1579// 1614// 1611//
f 1648// 1646// 1614//
f 1614// 1646// 1631//
f 1614// 1631// 1611//
f 1669// 1659// 1675//
f 1675// 1659// 1648//
f 1675// 1648// 1678//
f 1678// 1648// 1654//
f 1678// 1654// 1698//
f 1698// 1654// 1656//
f 1698// 1656// 1704//
f 1704// 1656// 1673//
f 1704// 1711// 1698//
f 1698// 1711// 1702//
f 1698// 1702// 1678//
f 1678// 1702// 1690//
f 1678// 1690// 1675//
f 1675// 1690// 1688//
f 1675// 1688// 1669//
f 1669// 1688// 1681//
f 1184// 602// 1183//
f 1183// 602// 601//
f 1183// 601// 1182//
f 1182// 601// 600//
f 1182// 600// 1181//
f 1181// 600// 599//
f 1181// 599// 1180//
f 1180// 599// 598//
f 1180// 598// 1179//
f 1179// 598// 597//
f 1179// 597// 1178//
f 1178// 597// 596//
f 587// 1169// 588//
f 588// 1169// 1170//
f 588// 1170// 589//
f 589// 1170// 1171//
f 589// 1171// 590//
f 590// 1171// 1172//
f 590// 1172// 591//
f 591// 1172// 1173//
f 591// 1173// 592//
f 592// 1173// 1174//
f 592// 1174// 594//
f 594// 1174// 1176//
f 500// 498// 357//
f 53// 69// 61//
f 61// 69// 112//
f 61// 112// 95//
f 95// 112// 140//
f 95// 140// 130//
f 130// 140// 176//
f 130// 176// 172//
f 172// 176// 240//
f 172// 240// 222//
f 222// 240// 355//
f 222// 355// 353//
f 353// 355// 487//
f 353// 487// 485//
f 602// 485// 601//
f 601// 485// 487//
f 601// 487// 600//
f 600// 487// 599//
f 599// 487// 498//
f 498// 487// 355//
f 498// 355// 357//
f 357// 355// 240//
f 357// 240// 254//
f 254// 240// 176//
f 254// 176// 180//
f 180// 176// 140//
f 180// 140// 146//
f 146// 140// 112//
f 146// 112// 114//
f 114// 112// 69//
f 114// 69// 91//
f 53// 63// 69//
f 69// 63// 67//
f 69// 67// 91//
f 91// 67// 77//
f 91// 77// 79//
f 500// 357// 365//
f 365// 357// 254//
f 365// 254// 258//
f 258// 254// 180//
f 258// 180// 182//
f 182// 180// 146//
f 182// 146// 152//
f 152// 146// 114//
f 152// 114// 120//
f 120// 114// 91//
f 120// 91// 93//
f 93// 91// 79//
f 93// 79// 81//
f 504// 596// 500//
f 500// 596// 597//
f 500// 597// 498//
f 498// 597// 598//
f 498// 598// 599//
f 138// 155// 152//
f 152// 155// 188//
f 152// 188// 182//
f 182// 188// 266//
f 182// 266// 258//
f 258// 266// 301//
f 258// 301// 365//
f 365// 301// 378//
f 365// 378// 500//
f 500// 378// 451//
f 500// 451// 504//
f 138// 152// 122//
f 122// 152// 120//
f 122// 120// 110//
f 110// 120// 93//
f 110// 93// 99//
f 99// 93// 81//
f 99// 81// 89//
f 92// 90// 113//
f 587// 486// 484//
f 484// 486// 354//
f 484// 354// 352//
f 352// 354// 239//
f 352// 239// 221//
f 221// 239// 175//
f 221// 175// 171//
f 171// 175// 139//
f 171// 139// 129//
f 129// 139// 111//
f 129// 111// 94//
f 94// 111// 68//
f 94// 68// 60//
f 52// 60// 62//
f 62// 60// 68//
f 62// 68// 66//
f 66// 68// 76//
f 76// 68// 90//
f 90// 68// 111//
f 90// 111// 113//
f 113// 111// 139//
f 113// 139// 145//
f 145// 139// 175//
f 145// 175// 179//
f 179// 175// 239//
f 179// 239// 253//
f 253// 239// 354//
f 253// 354// 356//
f 356// 354// 486//
f 356// 486// 497//
f 587// 588// 486//
f 486// 588// 589//
f 486// 589// 497//
f 497// 589// 590//
f 497// 590// 591//
f 92// 113// 119//
f 119// 113// 145//
f 119// 145// 151//
f 151// 145// 179//
f 151// 179// 181//
f 181// 179// 253//
f 181// 253// 257//
f 257// 253// 356//
f 257// 356// 364//
f 364// 356// 497//
f 364// 497// 499//
f 499// 497// 591//
f 499// 591// 592//
f 98// 85// 92//
f 92// 85// 80//
f 92// 80// 90//
f 90// 80// 78//
f 90// 78// 76//
f 299// 265// 257//
f 257// 265// 186//
f 257// 186// 181//
f 181// 186// 154//
f 181// 154// 151//
f 151// 154// 136//
f 151// 136// 119//
f 119// 136// 121//
f 119// 121// 92//
f 92// 121// 108//
f 92// 108// 98//
f 299// 257// 377//
f 377// 257// 364//
f 377// 364// 449//
f 449// 364// 499//
f 449// 499// 503//
f 503// 499// 592//
f 503// 592// 594//
f 53// 52// 63//
f 63// 52// 62//
f 63// 62// 67//
f 67// 62// 66//
f 67// 66// 77//
f 77// 66// 76//
f 77// 76// 79//
f 79// 76// 78//
f 79// 78// 81//
f 81// 78// 80//
f 81// 80// 89//
f 89// 80// 85//
