# stlbn R3_SB R2 box
v 0 0.0025400035 0
v 0 0.0025400035 0.0076199998
v 0 0.010411903 0
v 0 0.012960002 0.0076199998
v 0 0.014230002 0.0079602953
v 0 0.014882501 0.0085000005
v 0 0.020689506 0.0085000005
v 0 0.021342002 0.0079602953
v 0 0.022612002 0.0076199998
v 0 0.054188769 0
v 0 0.073131233 0
v 0 0.080900669 0
v 0 0.104708 0.0076199998
v 0 0.105978 0.0079602953
v 0 0.1066305 0.0085000005
v 0 0.1124375 0.0085000005
v 0 0.11309001 0.0079602953
v 0 0.11436 0.0076199998
v 0 0.1169081 0
v 0 0.12478 0
v 0 0.12478 0.0076199998
v 3.2477081e-05 0.015159708 0.0088900002
v 3.2477081e-05 0.0204123 0.0088900002
v 3.2477081e-05 0.10690771 0.0088900002
v 3.2477081e-05 0.1121603 0.0088900002
v 0.00013824552 0.015500002 0.01016
v 0.00013824552 0.020072002 0.01016
v 0.00013824552 0.10724801 0.01016
v 0.00013824552 0.11182 0.01016
v 0.00034029782 0.0012700036 0
v 0.00034029782 0.0012700036 0.0076199998
v 0.00034029782 0.12605 0
v 0.00034029782 0.12605 0.0076199998
v 0.0012699999 0.00034029782 0
v 0.0012699999 0.00034029782 0.0076199998
v 0.0012699999 0.12697971 0
v 0.0012699999 0.12697971 0.0076199998
v 0.0025399998 0 0
v 0.0025399998 0 0.0076199998
v 0.0025399998 0.12732001 0
v 0.0025399998 0.12732001 0.0076199998
v 0.0031962022 0.0056600049 0
v 0.0031962022 0.0056600049 0.0076199998
v 0.0031962022 0.063660003 0
v 0.0031962022 0.063660003 0.0076199998
v 0.0031962022 0.12166 0
v 0.0031962022 0.12166 0.0076199998
v 0.003526289 0.0044281036 0
v 0.003526289 0.0044281036 0.0076199998
v 0.003526289 0.0068919025 0
v 0.003526289 0.0068919025 0.0076199998
v 0.003526289 0.062428102 0
v 0.003526289 0.062428102 0.0076199998
v 0.003526289 0.064891905 0
v 0.003526289 0.064891905 0.0076199998
v 0.003526289 0.1204281 0
v 0.003526289 0.1204281 0.0076199998
v 0.003526289 0.1228919 0
v 0.003526289 0.1228919 0.0076199998
v 0.0044280998 0.003526289 0
v 0.0044280998 0.003526289 0.0076199998
v 0.0044280998 0.0077937171 0
v 0.0044280998 0.0077937171 0.0076199998
v 0.0044280998 0.061526291 0
v 0.0044280998 0.061526291 0.0076199998
v 0.0044280998 0.065793715 0
v 0.0044280998 0.065793715 0.0076199998
v 0.0044280998 0.11952629 0
v 0.0044280998 0.11952629 0.0076199998
v 0.0044280998 0.12379372 0
v 0.0044280998 0.12379372 0.0076199998
v 0.0056600012 0.0031962022 0
v 0.0056600012 0.0031962022 0.0076199998
v 0.0056600012 0.0081238039 0
v 0.0056600012 0.0081238039 0.0076199998
v 0.0056600012 0.061196204 0
v 0.0056600012 0.061196204 0.0076199998
v 0.0056600012 0.066123806 0
v 0.0056600012 0.066123806 0.0076199998
v 0.0056600012 0.11919621 0
v 0.0056600012 0.11919621 0.0076199998
v 0.0056600012 0.1241238 0
v 0.0056600012 0.1241238 0.0076199998
v 0.0068919025 0.003526289 0
v 0.0068919025 0.003526289 0.0076199998
v 0.0068919025 0.0077937171 0
v 0.0068919025 0.0077937171 0.0076199998
v 0.0068919025 0.061526291 0
v 0.0068919025 0.061526291 0.0076199998
v 0.0068919025 0.065793715 0
v 0.0068919025 0.065793715 0.0076199998
v 0.0068919025 0.11952629 0
v 0.0068919025 0.11952629 0.0076199998
v 0.0068919025 0.12379372 0
v 0.0068919025 0.12379372 0.0076199998
v 0.0076200031 0.015500002 0.01016
v 0.0076200031 0.015500002 0.1
v 0.0076200031 0.020072002 0.01016
v 0.0076200031 0.020072002 0.1
v 0.0076200031 0.10724801 0.01016
v 0.0076200031 0.10724801 0.1
v 0.0076200031 0.11182 0.01016
v 0.0076200031 0.11182 0.1
v 0.0077937134 0.0044281036 0
v 0.0077937134 0.0044281036 0.0076199998
v 0.0077937134 0.0068919025 0
v 0.0077937134 0.0068919025 0.0076199998
v 0.0077937134 0.062428102 0
v 0.0077937134 0.062428102 0.0076199998
v 0.0077937134 0.064891905 0
v 0.0077937134 0.064891905 0.0076199998
v 0.0077937134 0.1204281 0
v 0.0077937134 0.1204281 0.0076199998
v 0.0077937134 0.1228919 0
v 0.0077937134 0.1228919 0.0076199998
v 0.0080463551 0.015352596 0.0093072951
v 0.0080463551 0.020219412 0.0093072951
v 0.0080463551 0.10710059 0.0093072951
v 0.0080463551 0.11196741 0.0093072951
v 0.00811553 0.1071992 0.10595025
v 0.0081238002 0.0056600049 0
v 0.0081238002 0.0056600049 0.0076199998
v 0.0081238002 0.063660003 0
v 0.0081238002 0.063660003 0.0076199998
v 0.0081238002 0.12166 0
v 0.0081238002 0.12166 0.0076199998
v 0.008193437 0.015383869 0.0094432309
v 0.008193437 0.020188138 0.0094432309
v 0.008193437 0.10713187 0.0094432309
v 0.008193437 0.11193614 0.0094432309
v 0.008253552 0.01516138 0.0088929022
v 0.008253552 0.10690938 0.0088929022
v 0.0082539544 0.020411089 0.0088920966
v 0.0082539544 0.11215909 0.0088920966
v 0.0082774013 0.015413456 0.10789398
v 0.0082774013 0.020158552 0.10789398
v 0.0082774013 0.11190655 0.10789398
v 0.0083367713 0.015383869 0.0095865661
v 0.0083367713 0.020188138 0.0095865661
v 0.0083367713 0.10713187 0.0095865661
v 0.0083367713 0.11193614 0.0095865661
v 0.0083802342 0.02057736 0.0086395312
v 0.0083802342 0.11232536 0.0086395312
v 0.0084232204 0.01492748 0.0085535627
v 0.0084232204 0.10667548 0.0085535627
v 0.0084727071 0.015352596 0.0097336471
v 0.0084727071 0.020219412 0.0097336471
v 0.0084727071 0.10710059 0.0097336471
v 0.0084727071 0.11196741 0.0097336471
v 0.008592017 0.10705466 0.11167184
v 0.0086649768 0.020483702 0.0088542858
v 0.0086649768 0.1122317 0.0088542858
v 0.0087180585 0.014236197 0.0079638818
v 0.0087180585 0.1059842 0.0079638818
v 0.0087182485 0.021336462 0.0079635037
v 0.0087182485 0.11308447 0.0079635037
v 0.008728642 0.015030485 0.0087748831
v 0.008728642 0.10677849 0.0087748831
v 0.0087805688 0.021580528 0.0078388657
v 0.0087805688 0.11332853 0.0078388657
v 0.0087957941 0.013920031 0.0078084171
v 0.0087957941 0.10566804 0.0078084171
v 0.008887101 0.01516138 0.0095264511
v 0.0088879056 0.020411089 0.0095260488
v 0.0088879056 0.11215909 0.0095260488
v 0.0088895559 0.022544682 0.0076208925
v 0.0088895559 0.11429268 0.0076208925
v 0.008890003 0.012700003 0.0076199998
v 0.008890003 0.012960002 0.0076199998
v 0.008890003 0.015159708 0.11525
v 0.008890003 0.0204123 0.11525
v 0.008890003 0.022612002 0.0076199998
v 0.008890003 0.024390005 0.0076199998
v 0.008890003 0.10293 0.0076199998
v 0.008890003 0.104708 0.0076199998
v 0.008890003 0.1121603 0.11525
v 0.008890003 0.11436 0.0076199998
v 0.008890003 0.11462 0.0076199998
v 0.0089257173 0.020483702 0.0091150235
v 0.0089257173 0.1122317 0.0091150235
v 0.0090051182 0.015030485 0.0090513574
v 0.0090051182 0.10677849 0.0090513574
v 0.0090311505 0.10681994 0.11694489
v 0.0091404691 0.02057736 0.0093997661
v 0.0091404691 0.11232536 0.0093997661
v 0.0092264377 0.01492748 0.0093567818
v 0.0092264377 0.10667548 0.0093567818
v 0.0093117654 0.021438945 0.008051456
v 0.0093117654 0.11318695 0.008051456
v 0.0093399622 0.014057133 0.0080167633
v 0.0093399622 0.10580513 0.0080167633
v 0.009400446 0.010795005 0.0076199998
v 0.009400446 0.116525 0.0076199998
v 0.0094160512 0.014756054 0.12156676
v 0.0094160512 0.020815954 0.12156676
v 0.0094160512 0.10650405 0.12156676
v 0.0094160512 0.11256395 0.12156676
v 0.0095240735 0.022532374 0.0077912775
v 0.0095240735 0.11428037 0.0077912775
v 0.009525001 0.012700003 0.0077901478
v 0.009525001 0.012960002 0.0077901478
v 0.009525001 0.022612002 0.0077901478
v 0.009525001 0.023755003 0.0077901478
v 0.009525001 0.10356501 0.0077901478
v 0.009525001 0.104708 0.0077901478
v 0.009525001 0.11436 0.0077901478
v 0.009525001 0.11462 0.0077901478
v 0.0095298737 0.10638251 0.10366
v 0.0096321814 0.10625808 0.10272533
v 0.0096322037 0.10625805 0.10459478
v 0.0097285435 0.021438945 0.0084682358
v 0.0097285435 0.11318695 0.0084682358
v 0.0097319335 0.10611916 0.12535982
v 0.0097632371 0.014057133 0.0084400391
v 0.0097632371 0.10580513 0.0084400391
v 0.0097777881 0.023502216 0.0079818517
v 0.0098161176 0.014236197 0.0090619409
v 0.0098164976 0.021336462 0.0090617519
v 0.0098164976 0.11308447 0.0090617519
v 0.009819705 0.014230002 0.12641378
v 0.009819705 0.021342002 0.12641378
v 0.009819705 0.11309001 0.12641378
v 0.009860862 0.10590389 0.10187375
v 0.0098610744 0.10590349 0.10544694
v 0.0099411346 0.021580528 0.0089994334
v 0.0099411346 0.11332853 0.0089994334
v 0.0099503696 0.011112504 0.0077901478
v 0.0099503696 0.1162075 0.0077901478
v 0.0099666566 0.10568002 0.1015326
v 0.0099666566 0.10568002 0.1057874
v 0.0099666566 0.10568002 0.12817833
v 0.0099715851 0.013920031 0.0089842081
v 0.0099715851 0.10566804 0.0089842081
v 0.0099887252 0.022532374 0.0082559269
v 0.0099887252 0.11428037 0.0082559269
v 0.0099898539 0.012700003 0.0082550002
v 0.0099898539 0.012960002 0.0082550002
v 0.0099898539 0.022612002 0.0082550002
v 0.0099898539 0.02329015 0.0082550002
v 0.0099898539 0.10402986 0.0082550002
v 0.0099898539 0.104708 0.0082550002
v 0.0099898539 0.11436 0.0082550002
v 0.0099898539 0.11462 0.0082550002
v 0.010063328 0.023216676 0.0084039923
v 0.010073453 0.013617404 0.12946074
v 0.010073453 0.021954603 0.12946074
v 0.010073453 0.1137026 0.12946074
v 0.01007615 0.10535526 0.1294931
v 0.010116726 0.10415673 0.0085613001
v 0.010135598 0.023144405 0.0086422348
v 0.010136161 0.10590389 0.13021375
v 0.01013827 0.013291541 0.13023907
v 0.01013827 0.022280466 0.13023907
v 0.01013827 0.11402847 0.13023907
v 0.010154564 0.013126127 0.13043469
v 0.010154564 0.02244588 0.13043469
v 0.010154564 0.11419388 0.13043469
v 0.010158643 0.013043109 0.13048367
v 0.010158643 0.022528898 0.13048367
v 0.010158643 0.1142769 0.13048367
v 0.010159109 0.022544682 0.0088904463
v 0.010159109 0.11429268 0.0088904463
v 0.010160003 0.012700003 0.0088900002
v 0.010160003 0.012700003 0.1305
v 0.010160003 0.012960002 0.0088900002
v 0.010160003 0.012960002 0.1305
v 0.010160003 0.022612002 0.0088900002
v 0.010160003 0.022612002 0.1305
v 0.010160003 0.023120005 0.0088900002
v 0.010160003 0.023120005 0.070079997
v 0.010160003 0.023120005 0.075159997
v 0.010160003 0.023120005 0.097309999
v 0.010160003 0.023120005 0.11001
v 0.010160003 0.023120005 0.12565
v 0.010160003 0.02329015 0.070715003
v 0.010160003 0.02329015 0.074524999
v 0.010160003 0.02329015 0.097944997
v 0.010160003 0.02329015 0.109375
v 0.010160003 0.02329015 0.126285
v 0.010160003 0.023755003 0.071179852
v 0.010160003 0.023755003 0.074060149
v 0.010160003 0.023755003 0.098409854
v 0.010160003 0.023755003 0.10891015
v 0.010160003 0.023755003 0.12674986
v 0.010160003 0.024390005 0.071350001
v 0.010160003 0.024390005 0.073890001
v 0.010160003 0.024390005 0.098580003
v 0.010160003 0.024390005 0.10874
v 0.010160003 0.024390005 0.12692
v 0.010160003 0.027337492 0.10366
v 0.010160003 0.027667653 0.1305
v 0.010160003 0.027816121 0.10187375
v 0.010160003 0.027816121 0.10544626
v 0.010160003 0.027816121 0.13021375
v 0.010160003 0.02912375 0.10056612
v 0.010160003 0.02912375 0.10675389
v 0.010160003 0.02912375 0.12890612
v 0.010160003 0.030910004 0.10008749
v 0.010160003 0.030910004 0.10723251
v 0.010160003 0.030910004 0.12842749
v 0.010160003 0.032696258 0.10056612
v 0.010160003 0.032696258 0.10675389
v 0.010160003 0.032696258 0.12890612
v 0.010160003 0.034003887 0.10187375
v 0.010160003 0.034003887 0.10544626
v 0.010160003 0.034003887 0.13021375
v 0.010160003 0.034152351 0.1305
v 0.010160003 0.034482513 0.10366
v 0.010160003 0.034550004 0.098580003
v 0.010160003 0.034550004 0.10874
v 0.010160003 0.034550004 0.12692
v 0.010160003 0.035185002 0.098750144
v 0.010160003 0.035185002 0.10856985
v 0.010160003 0.035185002 0.12709014
v 0.010160003 0.035649855 0.099215001
v 0.010160003 0.035649855 0.108105
v 0.010160003 0.035649855 0.127555
v 0.010160003 0.035820004 0.099849999
v 0.010160003 0.035820004 0.10112
v 0.010160003 0.035820004 0.1062
v 0.010160003 0.035820004 0.10747
v 0.010160003 0.035820004 0.12819
v 0.010160003 0.035820004 0.12946001
v 0.010160003 0.035990149 0.101755
v 0.010160003 0.035990149 0.105565
v 0.010160003 0.035990149 0.13009501
v 0.010160003 0.036361098 0.1305
v 0.010160003 0.036455005 0.10221985
v 0.010160003 0.036455005 0.10510015
v 0.010160003 0.037090003 0.10239
v 0.010160003 0.037090003 0.10493
v 0.010160003 0.047183335 0.073890001
v 0.010160003 0.047183335 0.10239
v 0.010160003 0.047183335 0.10493
v 0.010160003 0.047818337 0.074060149
v 0.010160003 0.047818337 0.10221985
v 0.010160003 0.047818337 0.10510015
v 0.010160003 0.04791224 0.1305
v 0.010160003 0.04828319 0.074524999
v 0.010160003 0.04828319 0.101755
v 0.010160003 0.04828319 0.105565
v 0.010160003 0.04828319 0.13009501
v 0.010160003 0.048453338 0.075159997
v 0.010160003 0.048453338 0.10112
v 0.010160003 0.048453338 0.1062
v 0.010160003 0.048453338 0.12946001
v 0.010160003 0.049723335 0.1305
v 0.010160003 0.050993338 0.075159997
v 0.010160003 0.050993338 0.10112
v 0.010160003 0.050993338 0.1062
v 0.010160003 0.050993338 0.12946001
v 0.010160003 0.051163483 0.074524999
v 0.010160003 0.051163483 0.101755
v 0.010160003 0.051163483 0.105565
v 0.010160003 0.051163483 0.13009501
v 0.010160003 0.051534433 0.1305
v 0.010160003 0.051628336 0.074060149
v 0.010160003 0.051628336 0.10221985
v 0.010160003 0.051628336 0.10510015
v 0.010160003 0.052263334 0.073890001
v 0.010160003 0.052263334 0.10239
v 0.010160003 0.052263334 0.10493
v 0.010160003 0.075056672 0.073890001
v 0.010160003 0.075056672 0.10239
v 0.010160003 0.075056672 0.10493
v 0.010160003 0.07569167 0.074060149
v 0.010160003 0.07569167 0.10221985
v 0.010160003 0.07569167 0.10510015
v 0.010160003 0.075785577 0.1305
v 0.010160003 0.076156519 0.074524999
v 0.010160003 0.076156519 0.101755
v 0.010160003 0.076156519 0.105565
v 0.010160003 0.076156519 0.13009501
v 0.010160003 0.076326668 0.075159997
v 0.010160003 0.076326668 0.10112
v 0.010160003 0.076326668 0.1062
v 0.010160003 0.076326668 0.12946001
v 0.010160003 0.078866668 0.075159997
v 0.010160003 0.078866668 0.10112
v 0.010160003 0.078866668 0.1062
v 0.010160003 0.078866668 0.12946001
v 0.010160003 0.079036817 0.074524999
v 0.010160003 0.079036817 0.101755
v 0.010160003 0.079036817 0.105565
v 0.010160003 0.079036817 0.13009501
v 0.010160003 0.079407766 0.1305
v 0.010160003 0.079501674 0.074060149
v 0.010160003 0.079501674 0.10221985
v 0.010160003 0.079501674 0.10510015
v 0.010160003 0.080136672 0.073890001
v 0.010160003 0.080136672 0.10239
v 0.010160003 0.080136672 0.10493
v 0.010160003 0.097341999 0.10239
v 0.010160003 0.097341999 0.10493
v 0.010160003 0.097977005 0.10221985
v 0.010160003 0.097977005 0.10510015
v 0.010160003 0.098070905 0.1305
v 0.010160003 0.098441854 0.101755
v 0.010160003 0.098441854 0.105565
v 0.010160003 0.098441854 0.13009501
v 0.010160003 0.098612003 0.099849999
v 0.010160003 0.098612003 0.10112
v 0.010160003 0.098612003 0.1062
v 0.010160003 0.098612003 0.10747
v 0.010160003 0.098612003 0.12819
v 0.010160003 0.098612003 0.12946001
v 0.010160003 0.098782152 0.099215001
v 0.010160003 0.098782152 0.108105
v 0.010160003 0.098782152 0.127555
v 0.010160003 0.099237494 0.10366
v 0.010160003 0.099247009 0.098750144
v 0.010160003 0.099247009 0.10856985
v 0.010160003 0.099247009 0.12709014
v 0.010160003 0.099567652 0.1305
v 0.010160003 0.099716119 0.10187375
v 0.010160003 0.099716119 0.10544626
v 0.010160003 0.099716119 0.13021375
v 0.010160003 0.099882007 0.098580003
v 0.010160003 0.099882007 0.10874
v 0.010160003 0.099882007 0.12692
v 0.010160003 0.10102375 0.10056612
v 0.010160003 0.10102375 0.10675389
v 0.010160003 0.10102375 0.12890612
v 0.010160003 0.10281 0.10008749
v 0.010160003 0.10281 0.10723251
v 0.010160003 0.10281 0.12842749
v 0.010160003 0.10293 0.071350001
v 0.010160003 0.10293 0.073890001
v 0.010160003 0.10293 0.098580003
v 0.010160003 0.10293 0.10874
v 0.010160003 0.10293 0.12692
v 0.010160003 0.10356501 0.071179852
v 0.010160003 0.10356501 0.074060149
v 0.010160003 0.10356501 0.098409854
v 0.010160003 0.10356501 0.10891015
v 0.010160003 0.10356501 0.12674986
v 0.010160003 0.10402986 0.070715003
v 0.010160003 0.10402986 0.074524999
v 0.010160003 0.10402986 0.097944997
v 0.010160003 0.10402986 0.109375
v 0.010160003 0.10402986 0.126285
v 0.010160003 0.10420001 0.0088900002
v 0.010160003 0.10420001 0.070079997
v 0.010160003 0.10420001 0.075159997
v 0.010160003 0.10420001 0.097309999
v 0.010160003 0.10420001 0.11001
v 0.010160003 0.10420001 0.12565
v 0.010160003 0.10459626 0.10056612
v 0.010160003 0.10459626 0.10675389
v 0.010160003 0.10459626 0.12890612
v 0.010160003 0.104708 0.0088900002
v 0.010160003 0.104708 0.10063338
v 0.010160003 0.104708 0.10668662
v 0.010160003 0.104708 0.12897338
v 0.010160003 0.11436 0.0088900002
v 0.010160003 0.11436 0.1305
v 0.010160003 0.11461121 0.067769997
v 0.010160003 0.11461121 0.1305
v 0.010160003 0.11462 0.0088900002
v 0.010160003 0.11462 0.067769997
v 0.010160018 0.012691256 0.13050018
v 0.010164984 0.036454968 0.13055983
v 0.010164984 0.051628303 0.13055983
v 0.010164984 0.079501636 0.13055983
v 0.010164987 0.047818337 0.13055985
v 0.010164987 0.07569167 0.13055985
v 0.010164987 0.097977005 0.13055985
v 0.010175552 0.036761303 0.13068673
v 0.010175552 0.04751204 0.13068673
v 0.010175552 0.051934637 0.13068673
v 0.010175552 0.075385369 0.13068673
v 0.010175552 0.079807967 0.13068673
v 0.010175552 0.097670704 0.13068673
v 0.010179155 0.037090003 0.13073
v 0.010179155 0.047183335 0.13073
v 0.010179155 0.052263334 0.13073
v 0.010179155 0.075056672 0.13073
v 0.010179155 0.080136672 0.13073
v 0.010179155 0.097341999 0.13073
v 0.010284919 0.027337492 0.132
v 0.010284919 0.034482513 0.132
v 0.010284919 0.099237494 0.132
v 0.010284919 0.10638251 0.132
v 0.010352943 0.011344928 0.0082550002
v 0.010352943 0.11597508 0.0082550002
v 0.010390684 0.037090003 0.13327
v 0.010390684 0.047183335 0.13327
v 0.010390684 0.052263334 0.13327
v 0.010390684 0.075056672 0.13327
v 0.010390684 0.080136672 0.13327
v 0.010390684 0.097341999 0.13327
v 0.010394286 0.036761303 0.13331327
v 0.010394286 0.04751204 0.13331327
v 0.010394286 0.051934637 0.13331327
v 0.010394286 0.075385369 0.13331327
v 0.010394286 0.079807967 0.13331327
v 0.010394286 0.097670704 0.13331327
v 0.010404851 0.036455005 0.13344015
v 0.010404851 0.047818337 0.13344015
v 0.010404851 0.051628336 0.13344015
v 0.010404851 0.07569167 0.13344015
v 0.010404851 0.079501674 0.13344015
v 0.010404851 0.097977005 0.13344015
v 0.010433678 0.027816121 0.13378626
v 0.010433678 0.034003887 0.13378626
v 0.010433678 0.099716119 0.13378626
v 0.010433678 0.10590389 0.13378626
v 0.010443565 0.035990149 0.13390499
v 0.010443565 0.04828319 0.13390499
v 0.010443565 0.051163483 0.13390499
v 0.010443565 0.076156519 0.13390499
v 0.010443565 0.079036817 0.13390499
v 0.010443565 0.098441854 0.13390499
v 0.010496449 0.035820004 0.13454001
v 0.010496449 0.048453338 0.13454001
v 0.010496449 0.050993338 0.13454001
v 0.010496449 0.076326668 0.13454001
v 0.010496449 0.078866668 0.13454001
v 0.010496449 0.098612003 0.13454001
v 0.010500297 0.011430003 0.0088900002
v 0.010500297 0.11589 0.0088900002
v 0.010500297 0.11589 0.067769997
v 0.010501757 0.011427481 0.13053845
v 0.010542575 0.02912375 0.13509388
v 0.010542575 0.032696258 0.13509388
v 0.010542575 0.10102375 0.13509388
v 0.010542575 0.10459626 0.13509388
v 0.010572296 0.029985368 0.13545078
v 0.010572296 0.031834636 0.13545078
v 0.010572296 0.10188537 0.13545078
v 0.010572296 0.10373464 0.13545078
v 0.010582432 0.030910004 0.13557251
v 0.010582432 0.10281 0.13557251
v 0.01060221 0.035820004 0.13581
v 0.01060221 0.098612003 0.13581
v 0.010655094 0.035649855 0.136445
v 0.010655094 0.098782152 0.136445
v 0.010693807 0.035185002 0.13690986
v 0.010693807 0.099247009 0.13690986
v 0.010704372 0.034878701 0.13703673
v 0.010704372 0.099553302 0.13703673
v 0.010707974 0.024390005 0.13708
v 0.010707974 0.034550004 0.13708
v 0.010707974 0.099882007 0.13708
v 0.010707974 0.10293 0.13708
v 0.010711581 0.024061304 0.13712327
v 0.010711581 0.1032587 0.13712327
v 0.010722145 0.023755003 0.13725014
v 0.010722145 0.10356501 0.13725014
v 0.010760859 0.02329015 0.137715
v 0.010760859 0.10402986 0.137715
v 0.010795001 0.009400446 0.0076199998
v 0.010795001 0.11791956 0.0076199998
v 0.010813739 0.023120005 0.13835
v 0.010813739 0.10420001 0.13835
v 0.0111125 0.0099503733 0.0077901478
v 0.0111125 0.11736964 0.0077901478
v 0.011344928 0.010352947 0.0082550002
v 0.011344928 0.11696706 0.0082550002
v 0.011430003 0.010500297 0.0088900002
v 0.011430003 0.010500297 0.1305384
v 0.011430003 0.11681971 0.0088900002
v 0.011430003 0.11681971 0.067769997
v 0.011505209 0.027337492 0.10366
v 0.011505209 0.027337492 0.132
v 0.011505209 0.027816121 0.10187375
v 0.011505209 0.027816121 0.10544626
v 0.011505209 0.027816121 0.13021375
v 0.011505209 0.027816121 0.13378626
v 0.011505209 0.029011354 0.10366
v 0.011505209 0.029011354 0.132
v 0.011505209 0.02912375 0.10056612
v 0.011505209 0.02912375 0.10675389
v 0.011505209 0.02912375 0.12890612
v 0.011505209 0.02912375 0.13509388
v 0.011505209 0.029265724 0.10271067
v 0.011505209 0.029265724 0.10460933
v 0.011505209 0.029265724 0.13105068
v 0.011505209 0.029265724 0.13294932
v 0.011505209 0.029960677 0.10201572
v 0.011505209 0.029960677 0.10530428
v 0.011505209 0.029960677 0.13035572
v 0.011505209 0.029960677 0.13364428
v 0.011505209 0.030910004 0.10008749
v 0.011505209 0.030910004 0.10176135
v 0.011505209 0.030910004 0.10555865
v 0.011505209 0.030910004 0.10723251
v 0.011505209 0.030910004 0.12842749
v 0.011505209 0.030910004 0.13010135
v 0.011505209 0.030910004 0.13389865
v 0.011505209 0.030910004 0.13557251
v 0.011505209 0.031859327 0.10201572
v 0.011505209 0.031859327 0.10530428
v 0.011505209 0.031859327 0.13035572
v 0.011505209 0.031859327 0.13364428
v 0.011505209 0.032554284 0.10271067
v 0.011505209 0.032554284 0.10460933
v 0.011505209 0.032554284 0.13105068
v 0.011505209 0.032554284 0.13294932
v 0.011505209 0.032696258 0.10056612
v 0.011505209 0.032696258 0.10675389
v 0.011505209 0.032696258 0.12890612
v 0.011505209 0.032696258 0.13509388
v 0.011505209 0.032808654 0.10366
v 0.011505209 0.032808654 0.132
v 0.011505209 0.034003887 0.10187375
v 0.011505209 0.034003887 0.10544626
v 0.011505209 0.034003887 0.13021375
v 0.011505209 0.034003887 0.13378626
v 0.011505209 0.034482513 0.10366
v 0.011505209 0.034482513 0.132
v 0.011505209 0.099237494 0.10366
v 0.011505209 0.099237494 0.132
v 0.011505209 0.099716119 0.10187375
v 0.011505209 0.099716119 0.10544626
v 0.011505209 0.099716119 0.13021375
v 0.011505209 0.099716119 0.13378626
v 0.011505209 0.10091135 0.10366
v 0.011505209 0.10091135 0.132
v 0.011505209 0.10102375 0.10056612
v 0.011505209 0.10102375 0.10675389
v 0.011505209 0.10102375 0.12890612
v 0.011505209 0.10102375 0.13509388
v 0.011505209 0.10116573 0.10271067
v 0.011505209 0.10116573 0.10460933
v 0.011505209 0.10116573 0.13105068
v 0.011505209 0.10116573 0.13294932
v 0.011505209 0.10186068 0.10201572
v 0.011505209 0.10186068 0.10530428
v 0.011505209 0.10186068 0.13035572
v 0.011505209 0.10186068 0.13364428
v 0.011505209 0.10281 0.10008749
v 0.011505209 0.10281 0.10176135
v 0.011505209 0.10281 0.10555865
v 0.011505209 0.10281 0.10723251
v 0.011505209 0.10281 0.12842749
v 0.011505209 0.10281 0.13010135
v 0.011505209 0.10281 0.13389865
v 0.011505209 0.10281 0.13557251
v 0.011505209 0.10375933 0.10201572
v 0.011505209 0.10375933 0.10530428
v 0.011505209 0.10375933 0.13035572
v 0.011505209 0.10375933 0.13364428
v 0.011505209 0.10445428 0.10271067
v 0.011505209 0.10445428 0.10460933
v 0.011505209 0.10445428 0.13105068
v 0.011505209 0.10445428 0.13294932
v 0.011505209 0.10459626 0.10056612
v 0.011505209 0.10459626 0.10675389
v 0.011505209 0.10459626 0.12890612
v 0.011505209 0.10459626 0.13509388
v 0.011505209 0.10470866 0.10366
v 0.011505209 0.10470866 0.132
v 0.011505209 0.10590389 0.10187375
v 0.011505209 0.10590389 0.10544626
v 0.011505209 0.10590389 0.13021375
v 0.011505209 0.10590389 0.13378626
v 0.011505209 0.10638251 0.10366
v 0.011505209 0.10638251 0.132
v 0.011543259 0.10420001 0.14711
v 0.011596143 0.10402986 0.147745
v 0.011634853 0.10356501 0.14820985
v 0.011645421 0.1032587 0.14833672
v 0.011649024 0.097850002 0.14838
v 0.011649024 0.10293 0.14838
v 0.01165263 0.097521305 0.14842327
v 0.011663195 0.097215004 0.14855015
v 0.011701908 0.096750155 0.14901499
v 0.011712484 0.048453338 0.149142
v 0.011712484 0.050993338 0.149142
v 0.011712484 0.076326668 0.149142
v 0.011712484 0.078866668 0.149142
v 0.011752956 0.076229997 0.14962801
v 0.011754788 0.096579999 0.14964999
v 0.011765365 0.04828319 0.149777
v 0.011765365 0.051163483 0.149777
v 0.011765365 0.079036817 0.149777
v 0.011787269 0.075954698 0.15004003
v 0.011804078 0.047818337 0.15024185
v 0.011804078 0.051628336 0.15024185
v 0.011804078 0.079501674 0.15024185
v 0.011810195 0.075542681 0.15031533
v 0.011814643 0.04751204 0.15036872
v 0.011814643 0.051934637 0.15036872
v 0.011814643 0.079807967 0.15036872
v 0.011818245 0.046675339 0.15041199
v 0.011818245 0.047183335 0.15041199
v 0.011818245 0.052263334 0.15041199
v 0.011818245 0.052771337 0.15041199
v 0.011818245 0.074548669 0.15041199
v 0.011818245 0.075056672 0.15041199
v 0.011818245 0.080136672 0.15041199
v 0.011818245 0.080644667 0.15041199
v 0.011821851 0.046346635 0.15045528
v 0.011821851 0.053100035 0.15045528
v 0.011821851 0.074219972 0.15045528
v 0.011821851 0.080973372 0.15045528
v 0.011832416 0.046040334 0.15058215
v 0.011832416 0.053406335 0.15058215
v 0.011832416 0.073913671 0.15058215
v 0.011832416 0.081279673 0.15058215
v 0.011871129 0.045575485 0.15104701
v 0.011871129 0.053871188 0.15104701
v 0.011871129 0.073448814 0.15104701
v 0.011871129 0.081744522 0.15104701
v 0.01192401 0.045405336 0.151682
v 0.01192401 0.054041337 0.151682
v 0.01192401 0.073278673 0.151682
v 0.01192401 0.081914671 0.151682
v 0.012051307 0.049723335 0.15321054
v 0.012051307 0.077596672 0.15321054
v 0.012061901 0 0
v 0.012061901 0.0015981048 0
v 0.012061901 0.010411903 0
v 0.012061901 0.054188769 0
v 0.012061901 0.073131233 0
v 0.012061901 0.080900669 0
v 0.012061901 0.1169081 0
v 0.012061901 0.12732001 0
v 0.012072064 0.048789889 0.15345979
v 0.012072064 0.050656788 0.15345979
v 0.012072064 0.076663218 0.15345979
v 0.012072064 0.078530118 0.15345979
v 0.012128774 0.048106555 0.15414077
v 0.012128774 0.051340118 0.15414077
v 0.012128774 0.075979888 0.15414077
v 0.012128774 0.079213455 0.15414077
v 0.012177844 0.023120005 0.15473001
v 0.012177844 0.045405336 0.15473001
v 0.012177844 0.054041337 0.15473001
v 0.012177844 0.073278673 0.15473001
v 0.012177844 0.081914671 0.15473001
v 0.012177844 0.096579999 0.15473001
v 0.012206241 0.047856435 0.15507101
v 0.012206241 0.051590238 0.15507101
v 0.012206241 0.075729772 0.15507101
v 0.012206241 0.079463571 0.15507101
v 0.012226243 0.10742551 0.071269996
v 0.012226243 0.10742551 0.12675001
v 0.012226243 0.11461121 0.071269996
v 0.012226243 0.11461121 0.12675001
v 0.012230724 0.02329015 0.15536501
v 0.012230724 0.045235187 0.15536501
v 0.012230724 0.054211482 0.15536501
v 0.012230724 0.073108524 0.15536501
v 0.012230724 0.08208482 0.15536501
v 0.012230724 0.096409857 0.15536501
v 0.012269437 0.023755003 0.15582985
v 0.012269437 0.044770338 0.15582985
v 0.012269437 0.054676335 0.15582985
v 0.012269437 0.072643667 0.15582985
v 0.012269437 0.082549669 0.15582985
v 0.012269437 0.095945001 0.15582985
v 0.012280002 0.024061304 0.15595673
v 0.012280002 0.044464037 0.15595673
v 0.012280002 0.054982636 0.15595673
v 0.012280002 0.072337374 0.15595673
v 0.012280002 0.08285597 0.15595673
v 0.012280002 0.095638707 0.15595673
v 0.012283608 0.024390005 0.156
v 0.012283608 0.044135336 0.156
v 0.012283608 0.055311337 0.156
v 0.012283608 0.072008669 0.156
v 0.012283608 0.083184674 0.156
v 0.012283608 0.095310003 0.156
v 0.012283709 0.048106555 0.15600123
v 0.012283709 0.051340118 0.15600123
v 0.012283709 0.075979888 0.15600123
v 0.012283709 0.079213455 0.15600123
v 0.012322392 0.014853634 0.15646572
v 0.012322392 0.11244882 0.15646572
v 0.012340423 0.048789889 0.15668221
v 0.012340423 0.050656788 0.15668221
v 0.012340423 0.076663218 0.15668221
v 0.012340423 0.078530118 0.15668221
v 0.01236118 0.049723335 0.15693146
v 0.01236118 0.077596672 0.15693146
v 0.012385841 0.10742551 0.070674367
v 0.012385841 0.10742551 0.071865633
v 0.012385841 0.10742551 0.12615436
v 0.012385841 0.10742551 0.12734564
v 0.012385841 0.11461121 0.070674367
v 0.012385841 0.11461121 0.071865633
v 0.012385841 0.11461121 0.12615436
v 0.012385841 0.11461121 0.12734564
v 0.012506027 0.11226518 0.1586708
v 0.012506027 0.11228274 0.1586708
v 0.012691256 0.010160018 0.13050018
v 0.012700003 0.008890003 0.0076199998
v 0.012700003 0.0095250048 0.0077901478
v 0.012700003 0.0099898539 0.0082550002
v 0.012700003 0.010160003 0.0088900002
v 0.012700003 0.010160003 0.1305
v 0.012700003 0.015231241 0.161
v 0.012700003 0.02018021 0.161
v 0.012700003 0.11208877 0.161
v 0.012700003 0.11716001 0.0088900002
v 0.012700003 0.11716001 0.067769997
v 0.012700003 0.11733015 0.0082550002
v 0.012700003 0.11753198 0.0079919742
v 0.012700003 0.11779501 0.0077901478
v 0.012700003 0.11843 0.0076199998
v 0.01270045 0.010169216 0.13061062
v 0.012821872 0.10742551 0.070238337
v 0.012821872 0.10742551 0.072301663
v 0.012821872 0.10742551 0.12571834
v 0.012821872 0.10742551 0.12778166
v 0.012821872 0.11461121 0.070238337
v 0.012821872 0.11461121 0.072301663
v 0.012821872 0.11461121 0.12571834
v 0.012821872 0.11461121 0.12778166
v 0.012844581 0.1135497 0.1586708
v 0.012960002 0 0.0076199998
v 0.012960002 0.008890003 0.0076199998
v 0.012960002 0.0095250048 0.0077901478
v 0.012960002 0.0099898539 0.0082550002
v 0.012960002 0.010160003 0.0088900002
v 0.012960002 0.010160003 0.1305
v 0.013027325 0.0088895559 0.0076208925
v 0.013027325 0.010159113 0.0088904463
v 0.013038553 0.013964277 0.161
v 0.013038553 0.11335573 0.161
v 0.01303963 0.0095240772 0.0077912775
v 0.01303963 0.0099887252 0.0082559269
v 0.013043109 0.010158643 0.13048367
v 0.013126124 0.010154564 0.13043469
v 0.013160001 0.023120005 0.0088900002
v 0.013160001 0.023120005 0.01285563
v 0.013160001 0.023120005 0.01491765
v 0.013160001 0.023120005 0.01670327
v 0.013160001 0.023120005 0.01962173
v 0.013160001 0.023120005 0.032743651
v 0.013160001 0.023120005 0.039233349
v 0.013160001 0.023120005 0.048491649
v 0.013160001 0.023120005 0.054981351
v 0.013160001 0.023120005 0.066055372
v 0.013160001 0.023120005 0.070079997
v 0.013160001 0.023216676 0.0084039923
v 0.013160001 0.02329015 0.070715003
v 0.013160001 0.023491979 0.0079919742
v 0.013160001 0.023755003 0.071179852
v 0.013160001 0.023903996 0.007716673
v 0.013160001 0.024390005 0.0076199998
v 0.013160001 0.024390005 0.01109
v 0.013160001 0.024390005 0.0112
v 0.013160001 0.024390005 0.025125001
v 0.013160001 0.024390005 0.029026
v 0.013160001 0.024390005 0.042950999
v 0.013160001 0.024390005 0.044774
v 0.013160001 0.024390005 0.058699001
v 0.013160001 0.024390005 0.062799998
v 0.013160001 0.024390005 0.071350001
v 0.013160001 0.024557468 0.012041903
v 0.013160001 0.024557468 0.057857096
v 0.013160001 0.024678744 0.0181625
v 0.013160001 0.024684746 0.0099900002
v 0.013160001 0.024684746 0.024025001
v 0.013160001 0.024684746 0.030126
v 0.013160001 0.024684746 0.041850999
v 0.013160001 0.024684746 0.045874
v 0.013160001 0.024684746 0.063900001
v 0.013160001 0.024838343 0.017566871
v 0.013160001 0.024838343 0.018758129
v 0.013160001 0.025034368 0.012755635
v 0.013160001 0.025034368 0.057143364
v 0.013160001 0.025274374 0.017130839
v 0.013160001 0.025274374 0.019194162
v 0.013160001 0.025428742 0.068301998
v 0.013160001 0.025490005 0.0091847442
v 0.013160001 0.025490005 0.023219744
v 0.013160001 0.025490005 0.030931257
v 0.013160001 0.025490005 0.041045744
v 0.013160001 0.025490005 0.046679255
v 0.013160001 0.025490005 0.064705253
v 0.013160001 0.025588341 0.067706369
v 0.013160001 0.025588341 0.068897627
v 0.013160001 0.0257481 0.013232535
v 0.013160001 0.0257481 0.056666464
v 0.013160001 0.025870003 0.01697124
v 0.013160001 0.025870003 0.01935376
v 0.013160001 0.026024371 0.067270339
v 0.013160001 0.026024371 0.069333665
v 0.013160001 0.026465632 0.017130839
v 0.013160001 0.026465632 0.019194162
v 0.013160001 0.026590005 0.0088900002
v 0.013160001 0.026590005 0.0134
v 0.013160001 0.026590005 0.022925001
v 0.013160001 0.026590005 0.031226
v 0.013160001 0.026590005 0.040750999
v 0.013160001 0.026590005 0.046974
v 0.013160001 0.026590005 0.056499001
v 0.013160001 0.026590005 0.064999998
v 0.013160001 0.026620004 0.06711074
v 0.013160001 0.026620004 0.069493257
v 0.013160001 0.026901666 0.017566871
v 0.013160001 0.026901666 0.018758129
v 0.013160001 0.027061265 0.0181625
v 0.013160001 0.027215634 0.067270339
v 0.013160001 0.027215634 0.069333665
v 0.013160001 0.027651664 0.067706369
v 0.013160001 0.027651664 0.068897627
v 0.013160001 0.027811263 0.068301998
v 0.013160001 0.030212805 0.0181625
v 0.013160001 0.030212805 0.035988498
v 0.013160001 0.030212805 0.0517365
v 0.013160001 0.030444205 0.0172989
v 0.013160001 0.030444205 0.019026101
v 0.013160001 0.030444205 0.035124902
v 0.013160001 0.030444205 0.036852099
v 0.013160001 0.030444205 0.0508729
v 0.013160001 0.030444205 0.052600101
v 0.013160001 0.031076401 0.016666701
v 0.013160001 0.031076401 0.019658299
v 0.013160001 0.031076401 0.034492701
v 0.013160001 0.031076401 0.037484299
v 0.013160001 0.031076401 0.050240699
v 0.013160001 0.031076401 0.053232297
v 0.013160001 0.031940002 0.016435299
v 0.013160001 0.031940002 0.019889699
v 0.013160001 0.031940002 0.034261301
v 0.013160001 0.031940002 0.0377157
v 0.013160001 0.031940002 0.050009299
v 0.013160001 0.031940002 0.053463701
v 0.013160001 0.032803603 0.016666701
v 0.013160001 0.032803603 0.019658299
v 0.013160001 0.032803603 0.034492701
v 0.013160001 0.032803603 0.037484299
v 0.013160001 0.032803603 0.050240699
v 0.013160001 0.032803603 0.053232297
v 0.013160001 0.033435803 0.0172989
v 0.013160001 0.033435803 0.019026101
v 0.013160001 0.033435803 0.035124902
v 0.013160001 0.033435803 0.036852099
v 0.013160001 0.033435803 0.0508729
v 0.013160001 0.033435803 0.052600101
v 0.013160001 0.033667203 0.0181625
v 0.013160001 0.033667203 0.035988498
v 0.013160001 0.033667203 0.0517365
v 0.013160001 0.045838602 0.0076199998
v 0.013160001 0.045838602 0.0088900002
v 0.013160001 0.045838602 0.0134
v 0.013160001 0.045838602 0.01491765
v 0.013160001 0.045838602 0.01670327
v 0.013160001 0.045838602 0.01962173
v 0.013160001 0.045838602 0.022925001
v 0.013160001 0.045838602 0.031226
v 0.013160001 0.045838602 0.032743651
v 0.013160001 0.045838602 0.039233349
v 0.013160001 0.045838602 0.040750999
v 0.013160001 0.045838602 0.046974
v 0.013160001 0.045838602 0.048491649
v 0.013160001 0.045838602 0.054981351
v 0.013160001 0.045838602 0.056499001
v 0.013160001 0.045838602 0.064999998
v 0.013160001 0.045838602 0.066055372
v 0.013160001 0.045838602 0.070421629
v 0.013160001 0.045838602 0.071350001
v 0.013160001 0.055810004 0.0088900002
v 0.013160001 0.055810004 0.0134
v 0.013160001 0.055810004 0.022925001
v 0.013160001 0.055810004 0.031226
v 0.013160001 0.055810004 0.040750999
v 0.013160001 0.055810004 0.046974
v 0.013160001 0.055810004 0.056499001
v 0.013160001 0.055810004 0.064999998
v 0.013160001 0.056651905 0.056666464
v 0.013160001 0.056910004 0.0091847442
v 0.013160001 0.056910004 0.013105256
v 0.013160001 0.056910004 0.023219744
v 0.013160001 0.056910004 0.030931257
v 0.013160001 0.056910004 0.041045744
v 0.013160001 0.056910004 0.046679255
v 0.013160001 0.056910004 0.064705253
v 0.013160001 0.057365637 0.057143364
v 0.013160001 0.057715259 0.0099900002
v 0.013160001 0.057715259 0.0123
v 0.013160001 0.057715259 0.024025001
v 0.013160001 0.057715259 0.030126
v 0.013160001 0.057715259 0.041850999
v 0.013160001 0.057715259 0.045874
v 0.013160001 0.057715259 0.063900001
v 0.013160001 0.057842538 0.057857096
v 0.013160001 0.058010004 0.01109
v 0.013160001 0.058010004 0.0112
v 0.013160001 0.058010004 0.025125001
v 0.013160001 0.058010004 0.029026
v 0.013160001 0.058010004 0.042950999
v 0.013160001 0.058010004 0.044774
v 0.013160001 0.058010004 0.058699001
v 0.013160001 0.058010004 0.062799998
v 0.013160001 0.058684371 0.0076199998
v 0.013160001 0.058684371 0.01285563
v 0.013160001 0.058684371 0.01491765
v 0.013160001 0.058684371 0.01670327
v 0.013160001 0.058684371 0.01962173
v 0.013160001 0.058684371 0.032743651
v 0.013160001 0.058684371 0.039233349
v 0.013160001 0.058684371 0.048491649
v 0.013160001 0.058684371 0.054981351
v 0.013160001 0.058684371 0.066055372
v 0.013160001 0.058684371 0.070421629
v 0.013160001 0.058684371 0.071350001
v 0.013160001 0.059358742 0.0181625
v 0.013160001 0.059358742 0.068301998
v 0.013160001 0.059518341 0.017566871
v 0.013160001 0.059518341 0.018758129
v 0.013160001 0.059518341 0.067706369
v 0.013160001 0.059518341 0.068897627
v 0.013160001 0.059954375 0.017130839
v 0.013160001 0.059954375 0.019194162
v 0.013160001 0.059954375 0.067270339
v 0.013160001 0.059954375 0.069333665
v 0.013160001 0.060550004 0.01697124
v 0.013160001 0.060550004 0.01935376
v 0.013160001 0.060550004 0.06711074
v 0.013160001 0.060550004 0.069493257
v 0.013160001 0.061145633 0.017130839
v 0.013160001 0.061145633 0.019194162
v 0.013160001 0.061145633 0.067270339
v 0.013160001 0.061145633 0.069333665
v 0.013160001 0.061581664 0.017566871
v 0.013160001 0.061581664 0.018758129
v 0.013160001 0.061581664 0.067706369
v 0.013160001 0.061581664 0.068897627
v 0.013160001 0.061741263 0.0181625
v 0.013160001 0.061741263 0.068301998
v 0.013160001 0.062415633 0.0076199998
v 0.013160001 0.062415633 0.01285563
v 0.013160001 0.062415633 0.01491765
v 0.013160001 0.062415633 0.01670327
v 0.013160001 0.062415633 0.01962173
v 0.013160001 0.062415633 0.032743651
v 0.013160001 0.062415633 0.039233349
v 0.013160001 0.062415633 0.048491649
v 0.013160001 0.062415633 0.054981351
v 0.013160001 0.062415633 0.066055372
v 0.013160001 0.062415633 0.070421629
v 0.013160001 0.062415633 0.071350001
v 0.013160001 0.063090004 0.01109
v 0.013160001 0.063090004 0.0112
v 0.013160001 0.063090004 0.025125001
v 0.013160001 0.063090004 0.029026
v 0.013160001 0.063090004 0.042950999
v 0.013160001 0.063090004 0.044774
v 0.013160001 0.063090004 0.058699001
v 0.013160001 0.063090004 0.062799998
v 0.013160001 0.063257471 0.063641906
v 0.013160001 0.063384749 0.0099900002
v 0.013160001 0.063384749 0.0123
v 0.013160001 0.063384749 0.024025001
v 0.013160001 0.063384749 0.030126
v 0.013160001 0.063384749 0.041850999
v 0.013160001 0.063384749 0.045874
v 0.013160001 0.063384749 0.057599001
v 0.013160001 0.063734367 0.064355634
v 0.013160001 0.06419 0.0091847442
v 0.013160001 0.06419 0.013105256
v 0.013160001 0.06419 0.023219744
v 0.013160001 0.06419 0.030931257
v 0.013160001 0.06419 0.041045744
v 0.013160001 0.06419 0.046679255
v 0.013160001 0.06419 0.056793746
v 0.013160001 0.064448103 0.064832538
v 0.013160001 0.065290004 0.0088900002
v 0.013160001 0.065290004 0.0134
v 0.013160001 0.065290004 0.022925001
v 0.013160001 0.065290004 0.031226
v 0.013160001 0.065290004 0.040750999
v 0.013160001 0.065290004 0.046974
v 0.013160001 0.065290004 0.056499001
v 0.013160001 0.065290004 0.064999998
v 0.013160001 0.0810128 0.0181625
v 0.013160001 0.0810128 0.035988498
v 0.013160001 0.0810128 0.0517365
v 0.013160001 0.0812442 0.0172989
v 0.013160001 0.0812442 0.019026101
v 0.013160001 0.0812442 0.035124902
v 0.013160001 0.0812442 0.036852099
v 0.013160001 0.0812442 0.0508729
v 0.013160001 0.0812442 0.052600101
v 0.013160001 0.081876405 0.016666701
v 0.013160001 0.081876405 0.019658299
v 0.013160001 0.081876405 0.034492701
v 0.013160001 0.081876405 0.037484299
v 0.013160001 0.081876405 0.050240699
v 0.013160001 0.081876405 0.053232297
v 0.013160001 0.082740001 0.016435299
v 0.013160001 0.082740001 0.019889699
v 0.013160001 0.082740001 0.034261301
v 0.013160001 0.082740001 0.0377157
v 0.013160001 0.082740001 0.050009299
v 0.013160001 0.082740001 0.053463701
v 0.013160001 0.083603606 0.016666701
v 0.013160001 0.083603606 0.019658299
v 0.013160001 0.083603606 0.034492701
v 0.013160001 0.083603606 0.037484299
v 0.013160001 0.083603606 0.050240699
v 0.013160001 0.083603606 0.053232297
v 0.013160001 0.084235802 0.0172989
v 0.013160001 0.084235802 0.019026101
v 0.013160001 0.084235802 0.035124902
v 0.013160001 0.084235802 0.036852099
v 0.013160001 0.084235802 0.0508729
v 0.013160001 0.084235802 0.052600101
v 0.013160001 0.084467202 0.0181625
v 0.013160001 0.084467202 0.035988498
v 0.013160001 0.084467202 0.0517365
v 0.013160001 0.090588599 0.0076199998
v 0.013160001 0.090588599 0.0088900002
v 0.013160001 0.090588599 0.0134
v 0.013160001 0.090588599 0.01491765
v 0.013160001 0.090588599 0.01670327
v 0.013160001 0.090588599 0.01962173
v 0.013160001 0.090588599 0.022925001
v 0.013160001 0.090588599 0.031226
v 0.013160001 0.090588599 0.032743651
v 0.013160001 0.090588599 0.039233349
v 0.013160001 0.090588599 0.040750999
v 0.013160001 0.090588599 0.046974
v 0.013160001 0.090588599 0.048491649
v 0.013160001 0.090588599 0.054981351
v 0.013160001 0.090588599 0.056499001
v 0.013160001 0.090588599 0.064999998
v 0.013160001 0.090588599 0.066055372
v 0.013160001 0.090588599 0.070421629
v 0.013160001 0.090588599 0.071350001
v 0.013160001 0.094510004 0.0088900002
v 0.013160001 0.094510004 0.0134
v 0.013160001 0.094510004 0.022925001
v 0.013160001 0.094510004 0.031226
v 0.013160001 0.094510004 0.040750999
v 0.013160001 0.094510004 0.046974
v 0.013160001 0.094510004 0.056499001
v 0.013160001 0.094510004 0.064999998
v 0.013160001 0.095610008 0.0091847442
v 0.013160001 0.095610008 0.013105256
v 0.013160001 0.095610008 0.023219744
v 0.013160001 0.095610008 0.030931257
v 0.013160001 0.095610008 0.041045744
v 0.013160001 0.095610008 0.046679255
v 0.013160001 0.095610008 0.056793746
v 0.013160001 0.095610008 0.064705253
v 0.013160001 0.096415259 0.0099900002
v 0.013160001 0.096415259 0.0123
v 0.013160001 0.096415259 0.024025001
v 0.013160001 0.096415259 0.030126
v 0.013160001 0.096415259 0.041850999
v 0.013160001 0.096415259 0.045874
v 0.013160001 0.096415259 0.057599001
v 0.013160001 0.096415259 0.063900001
v 0.013160001 0.096710004 0.01109
v 0.013160001 0.096710004 0.0112
v 0.013160001 0.096710004 0.025125001
v 0.013160001 0.096710004 0.029026
v 0.013160001 0.096710004 0.042950999
v 0.013160001 0.096710004 0.044774
v 0.013160001 0.096710004 0.058699001
v 0.013160001 0.096710004 0.062799998
v 0.013160001 0.098109372 0.0076199998
v 0.013160001 0.098109372 0.01285563
v 0.013160001 0.098109372 0.01491765
v 0.013160001 0.098109372 0.01670327
v 0.013160001 0.098109372 0.01962173
v 0.013160001 0.098109372 0.032743651
v 0.013160001 0.098109372 0.039233349
v 0.013160001 0.098109372 0.048491649
v 0.013160001 0.098109372 0.054981351
v 0.013160001 0.098109372 0.066055372
v 0.013160001 0.098109372 0.070421629
v 0.013160001 0.098109372 0.071350001
v 0.013160001 0.099508747 0.01112
v 0.013160001 0.099508747 0.068301998
v 0.013160001 0.099668339 0.01052437
v 0.013160001 0.099668339 0.01171563
v 0.013160001 0.099668339 0.067706369
v 0.013160001 0.099668339 0.068897627
v 0.013160001 0.10010438 0.010088339
v 0.013160001 0.10010438 0.012151661
v 0.013160001 0.10010438 0.067270339
v 0.013160001 0.10010438 0.069333665
v 0.013160001 0.10070001 0.0099287396
v 0.013160001 0.10070001 0.01231126
v 0.013160001 0.10070001 0.06711074
v 0.013160001 0.10070001 0.069493257
v 0.013160001 0.10129564 0.010088339
v 0.013160001 0.10129564 0.012151661
v 0.013160001 0.10129564 0.067270339
v 0.013160001 0.10129564 0.069333665
v 0.013160001 0.10173167 0.01052437
v 0.013160001 0.10173167 0.01171563
v 0.013160001 0.10173167 0.067706369
v 0.013160001 0.10173167 0.068897627
v 0.013160001 0.10189126 0.01112
v 0.013160001 0.10189126 0.068301998
v 0.013160001 0.10293 0.0076199998
v 0.013160001 0.10293 0.071350001
v 0.013160001 0.10304563 0.01285563
v 0.013160001 0.10304563 0.01491765
v 0.013160001 0.10304563 0.01670327
v 0.013160001 0.10304563 0.01962173
v 0.013160001 0.10304563 0.032743651
v 0.013160001 0.10304563 0.039233349
v 0.013160001 0.10304563 0.048491649
v 0.013160001 0.10304563 0.054981351
v 0.013160001 0.10304563 0.066055372
v 0.013160001 0.10304563 0.070421629
v 0.013160001 0.10356501 0.0077901478
v 0.013160001 0.10356501 0.071179852
v 0.013160001 0.10402986 0.0082550002
v 0.013160001 0.10402986 0.070715003
v 0.013160001 0.10420001 0.0088900002
v 0.013160001 0.10420001 0.01285563
v 0.013160001 0.10420001 0.01491765
v 0.013160001 0.10420001 0.01670327
v 0.013160001 0.10420001 0.01962173
v 0.013160001 0.10420001 0.032743651
v 0.013160001 0.10420001 0.039233349
v 0.013160001 0.10420001 0.048491649
v 0.013160001 0.10420001 0.054981351
v 0.013160001 0.10420001 0.066055372
v 0.013160001 0.10420001 0.070079997
v 0.013246357 0.11407365 0.1586708
v 0.013291538 0.010138273 0.13023907
v 0.013417501 0.10670973 0.071269996
v 0.013417501 0.10670973 0.12675001
v 0.013417501 0.10742551 0.070078738
v 0.013417501 0.10742551 0.072461262
v 0.013417501 0.10742551 0.12555873
v 0.013417501 0.10742551 0.12794127
v 0.013417501 0.11461121 0.070078738
v 0.013417501 0.11461121 0.072461262
v 0.013417501 0.11461121 0.12555873
v 0.013417501 0.11461121 0.12794127
v 0.01344033 0.01344033 0.161
v 0.01344033 0.11387968 0.161
v 0.0136174 0.010073453 0.12946074
v 0.013770301 0.11447542 0.1586708
v 0.013815057 0.011283819 0.14399464
v 0.013964277 0.013038557 0.161
v 0.013964277 0.11428145 0.161
v 0.013991475 0.0087805688 0.0078388657
v 0.013991475 0.0099411383 0.0089994334
v 0.01401313 0.10742551 0.070238337
v 0.01401313 0.10742551 0.072301663
v 0.01401313 0.10742551 0.12571834
v 0.01401313 0.10742551 0.12778166
v 0.01401313 0.11461121 0.070238337
v 0.01401313 0.11461121 0.072301663
v 0.01401313 0.11461121 0.12571834
v 0.01401313 0.11461121 0.12778166
v 0.014133058 0.0093117692 0.008051456
v 0.014133058 0.0097285472 0.0084682358
v 0.014230002 0 0.0079602953
v 0.014230002 0.0098197088 0.12641378
v 0.014235541 0.0087182522 0.0079635037
v 0.014235541 0.0098165013 0.0090617519
v 0.014426 0.015950002 0.15139879
v 0.014426 0.015950002 0.161
v 0.014426 0.10062 0.15139879
v 0.014426 0.10062 0.161
v 0.014449164 0.10742551 0.070674367
v 0.014449164 0.10742551 0.071865633
v 0.014449164 0.10742551 0.12615436
v 0.014449164 0.10742551 0.12734564
v 0.014449164 0.11461121 0.070674367
v 0.014449164 0.11461121 0.071865633
v 0.014449164 0.11461121 0.12615436
v 0.014449164 0.11461121 0.12734564
v 0.014477484 0.10535325 0.15508479
v 0.014477484 0.11251415 0.15568115
v 0.014608759 0.10742551 0.071269996
v 0.014608759 0.10742551 0.12675001
v 0.014608759 0.11461121 0.071269996
v 0.014608759 0.11461121 0.12675001
v 0.01463018 0.015188005 0.15139879
v 0.01463018 0.015188005 0.161
v 0.01463018 0.016712002 0.15139879
v 0.01463018 0.016712002 0.161
v 0.01463018 0.099858001 0.15139879
v 0.01463018 0.099858001 0.161
v 0.01463018 0.101382 0.15139879
v 0.01463018 0.101382 0.161
v 0.014637083 0.10530381 0.15567838
v 0.014637083 0.10540268 0.15449122
v 0.014637083 0.11246473 0.15627472
v 0.014637083 0.1125636 0.15508758
v 0.014668748 0.0094993077 0.12256645
v 0.014668748 0.010169216 0.13061062
v 0.014668748 0.011283819 0.14399464
v 0.014668748 0.012137514 0.15424567
v 0.014675003 0.023120005 0.075159997
v 0.014675003 0.023120005 0.097309999
v 0.014675003 0.023120005 0.11001
v 0.014675003 0.023120005 0.12565
v 0.014675003 0.023120005 0.13835
v 0.014675003 0.023120005 0.15473001
v 0.014675003 0.02329015 0.074524999
v 0.014675003 0.02329015 0.097944997
v 0.014675003 0.02329015 0.109375
v 0.014675003 0.02329015 0.126285
v 0.014675003 0.02329015 0.137715
v 0.014675003 0.02329015 0.15536501
v 0.014675003 0.023755003 0.074060149
v 0.014675003 0.023755003 0.098409854
v 0.014675003 0.023755003 0.10891015
v 0.014675003 0.023755003 0.12674986
v 0.014675003 0.023755003 0.13725014
v 0.014675003 0.023755003 0.15582985
v 0.014675003 0.024390005 0.073890001
v 0.014675003 0.024390005 0.098580003
v 0.014675003 0.024390005 0.10874
v 0.014675003 0.024390005 0.12692
v 0.014675003 0.024390005 0.13708
v 0.014675003 0.024390005 0.156
v 0.014675003 0.034550004 0.098580003
v 0.014675003 0.034550004 0.10874
v 0.014675003 0.034550004 0.12692
v 0.014675003 0.034550004 0.13708
v 0.014675003 0.035185002 0.098750144
v 0.014675003 0.035185002 0.10856985
v 0.014675003 0.035185002 0.12709014
v 0.014675003 0.035185002 0.13690986
v 0.014675003 0.035649855 0.099215001
v 0.014675003 0.035649855 0.108105
v 0.014675003 0.035649855 0.127555
v 0.014675003 0.035649855 0.136445
v 0.014675003 0.035820004 0.099849999
v 0.014675003 0.035820004 0.10112
v 0.014675003 0.035820004 0.1062
v 0.014675003 0.035820004 0.10747
v 0.014675003 0.035820004 0.12819
v 0.014675003 0.035820004 0.12946001
v 0.014675003 0.035820004 0.13454001
v 0.014675003 0.035820004 0.13581
v 0.014675003 0.035990149 0.101755
v 0.014675003 0.035990149 0.105565
v 0.014675003 0.035990149 0.13009501
v 0.014675003 0.035990149 0.13390499
v 0.014675003 0.036455005 0.10221985
v 0.014675003 0.036455005 0.10510015
v 0.014675003 0.036455005 0.13055985
v 0.014675003 0.036455005 0.13344015
v 0.014675003 0.037090003 0.10239
v 0.014675003 0.037090003 0.10493
v 0.014675003 0.037090003 0.13073
v 0.014675003 0.037090003 0.13327
v 0.014675003 0.044135336 0.156
v 0.014675003 0.044770338 0.15582985
v 0.014675003 0.045235187 0.15536501
v 0.014675003 0.045405336 0.151682
v 0.014675003 0.045405336 0.15473001
v 0.014675003 0.045575485 0.15104701
v 0.014675003 0.046040334 0.15058215
v 0.014675003 0.046675339 0.15041199
v 0.014675003 0.047183335 0.073890001
v 0.014675003 0.047183335 0.10239
v 0.014675003 0.047183335 0.10493
v 0.014675003 0.047183335 0.13073
v 0.014675003 0.047183335 0.13327
v 0.014675003 0.047183335 0.15041199
v 0.014675003 0.047818337 0.074060149
v 0.014675003 0.047818337 0.10221985
v 0.014675003 0.047818337 0.10510015
v 0.014675003 0.047818337 0.13055985
v 0.014675003 0.047818337 0.13344015
v 0.014675003 0.047818337 0.15024185
v 0.014675003 0.04828319 0.074524999
v 0.014675003 0.04828319 0.101755
v 0.014675003 0.04828319 0.105565
v 0.014675003 0.04828319 0.13009501
v 0.014675003 0.04828319 0.13390499
v 0.014675003 0.04828319 0.149777
v 0.014675003 0.048453338 0.075159997
v 0.014675003 0.048453338 0.10112
v 0.014675003 0.048453338 0.1062
v 0.014675003 0.048453338 0.12946001
v 0.014675003 0.048453338 0.13454001
v 0.014675003 0.048453338 0.149142
v 0.014675003 0.050993338 0.075159997
v 0.014675003 0.050993338 0.10112
v 0.014675003 0.050993338 0.1062
v 0.014675003 0.050993338 0.12946001
v 0.014675003 0.050993338 0.13454001
v 0.014675003 0.050993338 0.149142
v 0.014675003 0.051163483 0.074524999
v 0.014675003 0.051163483 0.101755
v 0.014675003 0.051163483 0.105565
v 0.014675003 0.051163483 0.13009501
v 0.014675003 0.051163483 0.13390499
v 0.014675003 0.051163483 0.149777
v 0.014675003 0.051628336 0.074060149
v 0.014675003 0.051628336 0.10221985
v 0.014675003 0.051628336 0.10510015
v 0.014675003 0.051628336 0.13055985
v 0.014675003 0.051628336 0.13344015
v 0.014675003 0.051628336 0.15024185
v 0.014675003 0.052263334 0.073890001
v 0.014675003 0.052263334 0.10239
v 0.014675003 0.052263334 0.10493
v 0.014675003 0.052263334 0.13073
v 0.014675003 0.052263334 0.13327
v 0.014675003 0.052263334 0.15041199
v 0.014675003 0.052771337 0.15041199
v 0.014675003 0.053406335 0.15058215
v 0.014675003 0.053871188 0.15104701
v 0.014675003 0.054041337 0.151682
v 0.014675003 0.054041337 0.15473001
v 0.014675003 0.054211482 0.15536501
v 0.014675003 0.054676335 0.15582985
v 0.014675003 0.055311337 0.156
v 0.014675003 0.072008669 0.156
v 0.014675003 0.072643667 0.15582985
v 0.014675003 0.073108524 0.15536501
v 0.014675003 0.073278673 0.151682
v 0.014675003 0.073278673 0.15473001
v 0.014675003 0.073448814 0.15104701
v 0.014675003 0.073913671 0.15058215
v 0.014675003 0.074548669 0.15041199
v 0.014675003 0.075056672 0.073890001
v 0.014675003 0.075056672 0.10239
v 0.014675003 0.075056672 0.10493
v 0.014675003 0.075056672 0.13073
v 0.014675003 0.075056672 0.13327
v 0.014675003 0.075056672 0.15041199
v 0.014675003 0.075542681 0.15031533
v 0.014675003 0.07569167 0.074060149
v 0.014675003 0.07569167 0.10221985
v 0.014675003 0.07569167 0.10510015
v 0.014675003 0.07569167 0.13055985
v 0.014675003 0.07569167 0.13344015
v 0.014675003 0.075954698 0.15004003
v 0.014675003 0.076156519 0.074524999
v 0.014675003 0.076156519 0.101755
v 0.014675003 0.076156519 0.105565
v 0.014675003 0.076156519 0.13009501
v 0.014675003 0.076156519 0.13390499
v 0.014675003 0.076229997 0.14962801
v 0.014675003 0.076326668 0.075159997
v 0.014675003 0.076326668 0.10112
v 0.014675003 0.076326668 0.1062
v 0.014675003 0.076326668 0.12946001
v 0.014675003 0.076326668 0.13454001
v 0.014675003 0.076326668 0.149142
v 0.014675003 0.078866668 0.075159997
v 0.014675003 0.078866668 0.10112
v 0.014675003 0.078866668 0.1062
v 0.014675003 0.078866668 0.12946001
v 0.014675003 0.078866668 0.13454001
v 0.014675003 0.078866668 0.149142
v 0.014675003 0.079036817 0.074524999
v 0.014675003 0.079036817 0.101755
v 0.014675003 0.079036817 0.105565
v 0.014675003 0.079036817 0.13009501
v 0.014675003 0.079036817 0.13390499
v 0.014675003 0.079036817 0.149777
v 0.014675003 0.079501674 0.074060149
v 0.014675003 0.079501674 0.10221985
v 0.014675003 0.079501674 0.10510015
v 0.014675003 0.079501674 0.13055985
v 0.014675003 0.079501674 0.13344015
v 0.014675003 0.079501674 0.15024185
v 0.014675003 0.080136672 0.073890001
v 0.014675003 0.080136672 0.10239
v 0.014675003 0.080136672 0.10493
v 0.014675003 0.080136672 0.13073
v 0.014675003 0.080136672 0.13327
v 0.014675003 0.080136672 0.15041199
v 0.014675003 0.080644667 0.15041199
v 0.014675003 0.081279673 0.15058215
v 0.014675003 0.081744522 0.15104701
v 0.014675003 0.081914671 0.151682
v 0.014675003 0.081914671 0.15473001
v 0.014675003 0.08208482 0.15536501
v 0.014675003 0.082549669 0.15582985
v 0.014675003 0.083184674 0.156
v 0.014675003 0.095310003 0.156
v 0.014675003 0.095945001 0.15582985
v 0.014675003 0.096409857 0.15536501
v 0.014675003 0.096579999 0.14964999
v 0.014675003 0.096579999 0.15473001
v 0.014675003 0.096750155 0.14901499
v 0.014675003 0.097215004 0.14855015
v 0.014675003 0.097341999 0.10239
v 0.014675003 0.097341999 0.10493
v 0.014675003 0.097341999 0.13073
v 0.014675003 0.097341999 0.13327
v 0.014675003 0.097850002 0.14838
v 0.014675003 0.097977005 0.10221985
v 0.014675003 0.097977005 0.10510015
v 0.014675003 0.097977005 0.13055985
v 0.014675003 0.097977005 0.13344015
v 0.014675003 0.098441854 0.101755
v 0.014675003 0.098441854 0.105565
v 0.014675003 0.098441854 0.13009501
v 0.014675003 0.098441854 0.13390499
v 0.014675003 0.098612003 0.099849999
v 0.014675003 0.098612003 0.10112
v 0.014675003 0.098612003 0.1062
v 0.014675003 0.098612003 0.10747
v 0.014675003 0.098612003 0.12819
v 0.014675003 0.098612003 0.12946001
v 0.014675003 0.098612003 0.13454001
v 0.014675003 0.098612003 0.13581
v 0.014675003 0.098782152 0.099215001
v 0.014675003 0.098782152 0.108105
v 0.014675003 0.098782152 0.127555
v 0.014675003 0.098782152 0.136445
v 0.014675003 0.099247009 0.098750144
v 0.014675003 0.099247009 0.10856985
v 0.014675003 0.099247009 0.12709014
v 0.014675003 0.099247009 0.13690986
v 0.014675003 0.099882007 0.098580003
v 0.014675003 0.099882007 0.10874
v 0.014675003 0.099882007 0.12692
v 0.014675003 0.099882007 0.13708
v 0.014675003 0.10293 0.073890001
v 0.014675003 0.10293 0.098580003
v 0.014675003 0.10293 0.10874
v 0.014675003 0.10293 0.12692
v 0.014675003 0.10293 0.13708
v 0.014675003 0.10293 0.14838
v 0.014675003 0.10356501 0.074060149
v 0.014675003 0.10356501 0.098409854
v 0.014675003 0.10356501 0.10891015
v 0.014675003 0.10356501 0.12674986
v 0.014675003 0.10356501 0.13725014
v 0.014675003 0.10356501 0.14820985
v 0.014675003 0.10402986 0.074524999
v 0.014675003 0.10402986 0.097944997
v 0.014675003 0.10402986 0.109375
v 0.014675003 0.10402986 0.126285
v 0.014675003 0.10402986 0.137715
v 0.014675003 0.10402986 0.147745
v 0.014675003 0.10420001 0.075159997
v 0.014675003 0.10420001 0.097309999
v 0.014675003 0.10420001 0.11001
v 0.014675003 0.10420001 0.12565
v 0.014675003 0.10420001 0.13835
v 0.014675003 0.10420001 0.14711
v 0.01485363 0.012322396 0.15646572
v 0.014882501 0 0.0085000005
v 0.014937829 0.0092136748 0.11913661
v 0.014994644 0.008380238 0.0086395312
v 0.014994644 0.0091404729 0.0093997661
v 0.015037265 0.11481398 0.1586708
v 0.015073113 0.10526763 0.15611289
v 0.015073113 0.10543887 0.1540567
v 0.015073113 0.11242854 0.15670925
v 0.015073113 0.11259978 0.15465304
v 0.015088301 0.0086649805 0.0088542858
v 0.015088301 0.0089257173 0.0091150235
v 0.015159708 3.2484531e-05 0.0088900002
v 0.015159708 0.008890003 0.11525
v 0.015160915 0.0082539544 0.0088920966
v 0.015160915 0.0088879056 0.0095260488
v 0.015188001 0.01463018 0.15139879
v 0.015188001 0.01463018 0.161
v 0.015188001 0.017269827 0.15139879
v 0.015188001 0.017269827 0.161
v 0.015188001 0.099300176 0.15139879
v 0.015188001 0.099300176 0.161
v 0.015188001 0.10193983 0.15139879
v 0.015188001 0.10193983 0.161
v 0.015231241 0.012700003 0.161
v 0.015231241 0.11462 0.161
v 0.015265003 0.10287 0.0088900002
v 0.015265003 0.10287 0.065229997
v 0.015265003 0.11716001 0.0088900002
v 0.015265003 0.11716001 0.065229997
v 0.015289403 0.1171844 0.0086422348
v 0.015352592 0.0080463551 0.0093072951
v 0.015352592 0.0084727071 0.0097336471
v 0.015361674 0.10287 0.0084039923
v 0.015361674 0.11725667 0.0084039923
v 0.015383866 0.008193437 0.0094432309
v 0.015383866 0.0083367713 0.0095865661
v 0.015413452 0.0082774051 0.10789398
v 0.015435148 0.10287 0.065865003
v 0.015435148 0.11716001 0.065865003
v 0.015500002 0.00013824552 0.01016
v 0.015500002 0.0076200031 0.01016
v 0.015500002 0.0076200031 0.1
v 0.015636977 0.10287 0.0079919742
v 0.015636977 0.11753198 0.0079919742
v 0.015668742 0.10463993 0.15502539
v 0.015668742 0.10525438 0.15627195
v 0.015668742 0.10545211 0.15389764
v 0.015668742 0.1124153 0.15686829
v 0.015668742 0.11261302 0.154494
v 0.015900001 0.10287 0.066329852
v 0.015900001 0.11716001 0.066329852
v 0.015950002 0.014426004 0.15139879
v 0.015950002 0.014426004 0.161
v 0.015950002 0.015950002 0.15048309
v 0.015950002 0.017474003 0.15139879
v 0.015950002 0.017474003 0.161
v 0.015950002 0.099096 0.15139879
v 0.015950002 0.099096 0.161
v 0.015950002 0.10062 0.15048309
v 0.015950002 0.102144 0.15139879
v 0.015950002 0.102144 0.161
v 0.016000003 0.015240002 0
v 0.016000003 0.015240002 0.00562
v 0.016000003 0.043117337 0
v 0.016000003 0.043117337 0.00562
v 0.016000003 0.049721338 0
v 0.016000003 0.049721338 0.00562
v 0.016000003 0.054188769 0
v 0.016000003 0.073131233 0
v 0.016000003 0.077598669 0
v 0.016000003 0.077598669 0.00562
v 0.016000003 0.08420267 0
v 0.016000003 0.08420267 0.00562
v 0.016000003 0.11208001 0
v 0.016000003 0.11208001 0.00562
v 0.016048994 0.10287 0.007716673
v 0.016048994 0.11794399 0.007716673
v 0.016264372 0.10526763 0.15611289
v 0.016264372 0.10543887 0.1540567
v 0.016264372 0.11242854 0.15670925
v 0.016264372 0.11259978 0.15465304
v 0.016340297 0.013970003 0
v 0.016340297 0.013970003 0.00562
v 0.016340297 0.044387337 0
v 0.016340297 0.044387337 0.00562
v 0.016340297 0.048451338 0
v 0.016340297 0.048451338 0.00562
v 0.016340297 0.078868672 0
v 0.016340297 0.078868672 0.00562
v 0.016340297 0.082932666 0
v 0.016340297 0.082932666 0.00562
v 0.016340297 0.11335 0
v 0.016340297 0.11335 0.00562
v 0.016535003 0.015240002 0.01289
v 0.016535003 0.015240002 0.01670327
v 0.016535003 0.015240002 0.01962173
v 0.016535003 0.015240002 0.032743651
v 0.016535003 0.015240002 0.039233349
v 0.016535003 0.015240002 0.048491649
v 0.016535003 0.015240002 0.057
v 0.016535003 0.024390005 0.025125001
v 0.016535003 0.024390005 0.029026
v 0.016535003 0.024390005 0.042950999
v 0.016535003 0.024390005 0.044774
v 0.016535003 0.024534374 0.01670327
v 0.016535003 0.024534374 0.01962173
v 0.016535003 0.024534374 0.032743651
v 0.016535003 0.024534374 0.039233349
v 0.016535003 0.024534374 0.048491649
v 0.016535003 0.024678744 0.0181625
v 0.016535003 0.024684746 0.024025001
v 0.016535003 0.024684746 0.030126
v 0.016535003 0.024684746 0.041850999
v 0.016535003 0.024684746 0.045874
v 0.016535003 0.024838343 0.017566871
v 0.016535003 0.024838343 0.018758129
v 0.016535003 0.025181495 0.01289
v 0.016535003 0.025192361 0.057
v 0.016535003 0.025274374 0.017130839
v 0.016535003 0.025274374 0.019194162
v 0.016535003 0.025490005 0.023219744
v 0.016535003 0.025490005 0.030931257
v 0.016535003 0.025490005 0.041045744
v 0.016535003 0.025490005 0.046679255
v 0.016535003 0.0257481 0.013232535
v 0.016535003 0.0257481 0.056666464
v 0.016535003 0.025870003 0.01697124
v 0.016535003 0.025870003 0.01935376
v 0.016535003 0.026465632 0.017130839
v 0.016535003 0.026465632 0.019194162
v 0.016535003 0.026590005 0.0134
v 0.016535003 0.026590005 0.022925001
v 0.016535003 0.026590005 0.031226
v 0.016535003 0.026590005 0.040750999
v 0.016535003 0.026590005 0.046974
v 0.016535003 0.026590005 0.056499001
v 0.016535003 0.026901666 0.017566871
v 0.016535003 0.026901666 0.018758129
v 0.016535003 0.027061265 0.0181625
v 0.016535003 0.028637033 0.0134
v 0.016535003 0.028637033 0.01670327
v 0.016535003 0.028637033 0.01962173
v 0.016535003 0.028637033 0.022925001
v 0.016535003 0.028637033 0.031226
v 0.016535003 0.028637033 0.032743651
v 0.016535003 0.028637033 0.039233349
v 0.016535003 0.028637033 0.040750999
v 0.016535003 0.028637033 0.046974
v 0.016535003 0.028637033 0.048491649
v 0.016535003 0.028637033 0.056499001
v 0.016535003 0.030212805 0.0181625
v 0.016535003 0.030212805 0.035988498
v 0.016535003 0.030212805 0.0517365
v 0.016535003 0.030444205 0.0172989
v 0.016535003 0.030444205 0.019026101
v 0.016535003 0.030444205 0.035124902
v 0.016535003 0.030444205 0.036852099
v 0.016535003 0.030444205 0.0508729
v 0.016535003 0.030444205 0.052600101
v 0.016535003 0.031076401 0.016666701
v 0.016535003 0.031076401 0.019658299
v 0.016535003 0.031076401 0.034492701
v 0.016535003 0.031076401 0.037484299
v 0.016535003 0.031076401 0.050240699
v 0.016535003 0.031076401 0.053232297
v 0.016535003 0.031940002 0.016435299
v 0.016535003 0.031940002 0.019889699
v 0.016535003 0.031940002 0.034261301
v 0.016535003 0.031940002 0.0377157
v 0.016535003 0.031940002 0.050009299
v 0.016535003 0.031940002 0.053463701
v 0.016535003 0.032803603 0.016666701
v 0.016535003 0.032803603 0.019658299
v 0.016535003 0.032803603 0.034492701
v 0.016535003 0.032803603 0.037484299
v 0.016535003 0.032803603 0.050240699
v 0.016535003 0.032803603 0.053232297
v 0.016535003 0.033435803 0.0172989
v 0.016535003 0.033435803 0.019026101
v 0.016535003 0.033435803 0.035124902
v 0.016535003 0.033435803 0.036852099
v 0.016535003 0.033435803 0.0508729
v 0.016535003 0.033435803 0.052600101
v 0.016535003 0.033667203 0.0181625
v 0.016535003 0.033667203 0.035988498
v 0.016535003 0.033667203 0.0517365
v 0.016535003 0.055810004 0.0134
v 0.016535003 0.055810004 0.022925001
v 0.016535003 0.055810004 0.031226
v 0.016535003 0.055810004 0.040750999
v 0.016535003 0.055810004 0.046974
v 0.016535003 0.055810004 0.056499001
v 0.016535003 0.056651905 0.056666464
v 0.016535003 0.056910004 0.013105256
v 0.016535003 0.056910004 0.023219744
v 0.016535003 0.056910004 0.030931257
v 0.016535003 0.056910004 0.041045744
v 0.016535003 0.056910004 0.046679255
v 0.016535003 0.057207644 0.057
v 0.016535003 0.057218514 0.01289
v 0.016535003 0.057715259 0.024025001
v 0.016535003 0.057715259 0.030126
v 0.016535003 0.057715259 0.041850999
v 0.016535003 0.057715259 0.045874
v 0.016535003 0.058010004 0.025125001
v 0.016535003 0.058010004 0.029026
v 0.016535003 0.058010004 0.042950999
v 0.016535003 0.058010004 0.044774
v 0.016535003 0.058684371 0.01670327
v 0.016535003 0.058684371 0.01962173
v 0.016535003 0.058684371 0.032743651
v 0.016535003 0.058684371 0.039233349
v 0.016535003 0.058684371 0.048491649
v 0.016535003 0.058684371 0.057
v 0.016535003 0.059358742 0.0181625
v 0.016535003 0.059518341 0.017566871
v 0.016535003 0.059518341 0.018758129
v 0.016535003 0.059954375 0.017130839
v 0.016535003 0.059954375 0.019194162
v 0.016535003 0.060550004 0.01697124
v 0.016535003 0.060550004 0.01935376
v 0.016535003 0.061145633 0.017130839
v 0.016535003 0.061145633 0.019194162
v 0.016535003 0.061581664 0.017566871
v 0.016535003 0.061581664 0.018758129
v 0.016535003 0.061741263 0.0181625
v 0.016535003 0.062415633 0.01670327
v 0.016535003 0.062415633 0.01962173
v 0.016535003 0.062415633 0.032743651
v 0.016535003 0.062415633 0.039233349
v 0.016535003 0.062415633 0.048491649
v 0.016535003 0.063090004 0.025125001
v 0.016535003 0.063090004 0.029026
v 0.016535003 0.063090004 0.042950999
v 0.016535003 0.063090004 0.044774
v 0.016535003 0.063384749 0.024025001
v 0.016535003 0.063384749 0.030126
v 0.016535003 0.063384749 0.041850999
v 0.016535003 0.063384749 0.045874
v 0.016535003 0.063881494 0.01289
v 0.016535003 0.063892365 0.057
v 0.016535003 0.06419 0.013105256
v 0.016535003 0.06419 0.023219744
v 0.016535003 0.06419 0.030931257
v 0.016535003 0.06419 0.041045744
v 0.016535003 0.06419 0.046679255
v 0.016535003 0.06419 0.056793746
v 0.016535003 0.065290004 0.0134
v 0.016535003 0.065290004 0.022925001
v 0.016535003 0.065290004 0.031226
v 0.016535003 0.065290004 0.040750999
v 0.016535003 0.065290004 0.046974
v 0.016535003 0.065290004 0.056499001
v 0.016535003 0.072051406 0.0134
v 0.016535003 0.072051406 0.01670327
v 0.016535003 0.072051406 0.01962173
v 0.016535003 0.072051406 0.022925001
v 0.016535003 0.072051406 0.031226
v 0.016535003 0.072051406 0.032743651
v 0.016535003 0.072051406 0.039233349
v 0.016535003 0.072051406 0.040750999
v 0.016535003 0.072051406 0.046974
v 0.016535003 0.072051406 0.048491649
v 0.016535003 0.072051406 0.056499001
v 0.016535003 0.0810128 0.0181625
v 0.016535003 0.0810128 0.035988498
v 0.016535003 0.0810128 0.0517365
v 0.016535003 0.0812442 0.0172989
v 0.016535003 0.0812442 0.019026101
v 0.016535003 0.0812442 0.035124902
v 0.016535003 0.0812442 0.036852099
v 0.016535003 0.0812442 0.0508729
v 0.016535003 0.0812442 0.052600101
v 0.016535003 0.081876405 0.016666701
v 0.016535003 0.081876405 0.019658299
v 0.016535003 0.081876405 0.034492701
v 0.016535003 0.081876405 0.037484299
v 0.016535003 0.081876405 0.050240699
v 0.016535003 0.081876405 0.053232297
v 0.016535003 0.082740001 0.016435299
v 0.016535003 0.082740001 0.019889699
v 0.016535003 0.082740001 0.034261301
v 0.016535003 0.082740001 0.0377157
v 0.016535003 0.082740001 0.050009299
v 0.016535003 0.082740001 0.053463701
v 0.016535003 0.083603606 0.016666701
v 0.016535003 0.083603606 0.019658299
v 0.016535003 0.083603606 0.034492701
v 0.016535003 0.083603606 0.037484299
v 0.016535003 0.083603606 0.050240699
v 0.016535003 0.083603606 0.053232297
v 0.016535003 0.084235802 0.0172989
v 0.016535003 0.084235802 0.019026101
v 0.016535003 0.084235802 0.035124902
v 0.016535003 0.084235802 0.036852099
v 0.016535003 0.084235802 0.0508729
v 0.016535003 0.084235802 0.052600101
v 0.016535003 0.084467202 0.0181625
v 0.016535003 0.084467202 0.035988498
v 0.016535003 0.084467202 0.0517365
v 0.016535003 0.090588599 0.0134
v 0.016535003 0.090588599 0.01670327
v 0.016535003 0.090588599 0.01962173
v 0.016535003 0.090588599 0.022925001
v 0.016535003 0.090588599 0.031226
v 0.016535003 0.090588599 0.032743651
v 0.016535003 0.090588599 0.039233349
v 0.016535003 0.090588599 0.040750999
v 0.016535003 0.090588599 0.046974
v 0.016535003 0.090588599 0.048491649
v 0.016535003 0.090588599 0.056499001
v 0.016535003 0.094510004 0.0134
v 0.016535003 0.094510004 0.022925001
v 0.016535003 0.094510004 0.031226
v 0.016535003 0.094510004 0.040750999
v 0.016535003 0.094510004 0.046974
v 0.016535003 0.094510004 0.056499001
v 0.016535003 0.095610008 0.013105256
v 0.016535003 0.095610008 0.023219744
v 0.016535003 0.095610008 0.030931257
v 0.016535003 0.095610008 0.041045744
v 0.016535003 0.095610008 0.046679255
v 0.016535003 0.095610008 0.056793746
v 0.016535003 0.095907643 0.057
v 0.016535003 0.095918514 0.01289
v 0.016535003 0.096415259 0.024025001
v 0.016535003 0.096415259 0.030126
v 0.016535003 0.096415259 0.041850999
v 0.016535003 0.096415259 0.045874
v 0.016535003 0.096710004 0.025125001
v 0.016535003 0.096710004 0.029026
v 0.016535003 0.096710004 0.042950999
v 0.016535003 0.096710004 0.044774
v 0.016535003 0.10287 0.0076199998
v 0.016535003 0.10287 0.01289
v 0.016535003 0.10287 0.01670327
v 0.016535003 0.10287 0.01962173
v 0.016535003 0.10287 0.032743651
v 0.016535003 0.10287 0.039233349
v 0.016535003 0.10287 0.048491649
v 0.016535003 0.10287 0.057
v 0.016535003 0.10287 0.066500001
v 0.016535003 0.11716001 0.066500001
v 0.016535003 0.11843 0.0076199998
v 0.016537569 0.025034368 0.057143364
v 0.016537569 0.057365637 0.057143364
v 0.016577091 0.10070001 0.01231126
v 0.016578753 0.057715259 0.0123
v 0.016578753 0.063384749 0.0123
v 0.016578753 0.096415259 0.0123
v 0.016580105 0.063384749 0.057599001
v 0.016580105 0.096415259 0.057599001
v 0.016583253 0.10039137 0.012270584
v 0.016583264 0.10100889 0.012270517
v 0.016603734 0.10010438 0.012151661
v 0.016603734 0.10129564 0.012151661
v 0.016625945 0.024557468 0.012041903
v 0.016627908 0.024557468 0.057857096
v 0.016627908 0.057842538 0.057857096
v 0.016644407 0.10154383 0.01196087
v 0.01664453 0.099855676 0.011960361
v 0.01664624 0.0079248026 0.10366
v 0.01664624 0.010284923 0.132
v 0.01664624 0.010844812 0.10366
v 0.01664624 0.010844812 0.132
v 0.016675003 0.018910002 0.075309999
v 0.016675003 0.018910002 0.085419022
v 0.016675003 0.018910002 0.11783
v 0.016675003 0.018910002 0.14313565
v 0.016675003 0.018910002 0.1505
v 0.016675003 0.029011354 0.10366
v 0.016675003 0.029011354 0.132
v 0.016675003 0.029265724 0.10271067
v 0.016675003 0.029265724 0.10460933
v 0.016675003 0.029265724 0.13105068
v 0.016675003 0.029265724 0.13294932
v 0.016675003 0.029960677 0.10201572
v 0.016675003 0.029960677 0.10530428
v 0.016675003 0.029960677 0.13035572
v 0.016675003 0.029960677 0.13364428
v 0.016675003 0.030910004 0.10176135
v 0.016675003 0.030910004 0.10555865
v 0.016675003 0.030910004 0.13010135
v 0.016675003 0.030910004 0.13389865
v 0.016675003 0.031859327 0.10201572
v 0.016675003 0.031859327 0.10530428
v 0.016675003 0.031859327 0.13035572
v 0.016675003 0.031859327 0.13364428
v 0.016675003 0.032554284 0.10271067
v 0.016675003 0.032554284 0.10460933
v 0.016675003 0.032554284 0.13105068
v 0.016675003 0.032554284 0.13294932
v 0.016675003 0.032808654 0.10366
v 0.016675003 0.032808654 0.132
v 0.016675003 0.10091135 0.10366
v 0.016675003 0.10091135 0.132
v 0.016675003 0.10116573 0.10271067
v 0.016675003 0.10116573 0.10460933
v 0.016675003 0.10116573 0.13105068
v 0.016675003 0.10116573 0.13294932
v 0.016675003 0.10186068 0.10201572
v 0.016675003 0.10186068 0.10530428
v 0.016675003 0.10186068 0.13035572
v 0.016675003 0.10186068 0.13364428
v 0.016675003 0.10281 0.10176135
v 0.016675003 0.10281 0.10555865
v 0.016675003 0.10281 0.13010135
v 0.016675003 0.10281 0.13389865
v 0.016675003 0.10375933 0.10201572
v 0.016675003 0.10375933 0.10530428
v 0.016675003 0.10375933 0.13035572
v 0.016675003 0.10375933 0.13364428
v 0.016675003 0.10445428 0.10271067
v 0.016675003 0.10445428 0.10460933
v 0.016675003 0.10445428 0.13105068
v 0.016675003 0.10445428 0.13294932
v 0.016675003 0.10470866 0.10366
v 0.016675003 0.10470866 0.132
v 0.016675003 0.11294564 0.1505
v 0.016675003 0.11461121 0.075309999
v 0.016675003 0.11461121 0.1305
v 0.016689051 0.10062 0.15092716
v 0.016698524 0.063161939 0.011757989
v 0.016698908 0.057938404 0.011756693
v 0.016698908 0.096638404 0.011756693
v 0.016699664 0.100005 0.15106572
v 0.016699664 0.10123501 0.15106572
v 0.016700406 0.10530381 0.15567838
v 0.016700406 0.10540268 0.15449122
v 0.016700406 0.11246473 0.15627472
v 0.016700406 0.1125636 0.15508758
v 0.016701281 0.096638143 0.058141313
v 0.016701616 0.063161567 0.058142431
v 0.01671128 0.099668339 0.01171563
v 0.01671128 0.10173167 0.01171563
v 0.016712002 0.01463018 0.15139879
v 0.016712002 0.01463018 0.161
v 0.016712002 0.017269827 0.15139879
v 0.016712002 0.017269827 0.161
v 0.016712002 0.099300176 0.15139879
v 0.016712002 0.099300176 0.161
v 0.016712002 0.10193983 0.15139879
v 0.016712002 0.10193983 0.161
v 0.016737442 0.099315196 0.15139879
v 0.016737442 0.10192481 0.15139879
v 0.016813915 0.099547789 0.011422511
v 0.016813915 0.10185221 0.011422516
v 0.016860005 0.10535325 0.15508479
v 0.016860005 0.11251415 0.15568115
v 0.016909551 0.024390005 0.0112
v 0.016909551 0.058010004 0.0112
v 0.016909551 0.063090004 0.0112
v 0.016909551 0.096710004 0.0112
v 0.016913757 0.024390005 0.058699001
v 0.016913757 0.058010004 0.058699001
v 0.016913757 0.063090004 0.058699001
v 0.016913757 0.096710004 0.058699001
v 0.016946357 0.099466816 0.15235849
v 0.016947575 0.10177214 0.15236257
v 0.016947929 0.099508747 0.01112
v 0.016950291 0.10189125 0.011115218
v 0.016962886 0.024390005 0.01109
v 0.016962886 0.058010004 0.01109
v 0.016962886 0.063090004 0.01109
v 0.016962886 0.096710004 0.01109
v 0.017018523 0.0078090988 0.10227062
v 0.017018523 0.0080405101 0.10504938
v 0.017018523 0.010169216 0.13061062
v 0.017018523 0.010400627 0.13338938
v 0.017018523 0.010844812 0.10227062
v 0.017018523 0.010844812 0.10504938
v 0.017018523 0.010844812 0.13061062
v 0.017018523 0.010844812 0.13338938
v 0.017038871 0 0
v 0.017038871 0.0015981048 0
v 0.017038871 0.010411903 0
v 0.017038871 0.080900669 0
v 0.017038871 0.1169081 0
v 0.017038871 0.12732001 0
v 0.017070901 0.015240002 0.01089
v 0.017070901 0.015240002 0.059
v 0.017070901 0.024390005 0.059
v 0.017070901 0.058010004 0.059
v 0.017070901 0.063090004 0.059
v 0.017070901 0.096710004 0.059
v 0.017070901 0.10186885 0.01089
v 0.017070901 0.10287 0.01089
v 0.017070901 0.10287 0.059
v 0.017072644 0.024399392 0.010886979
v 0.017072644 0.058000617 0.010886979
v 0.017072644 0.063099392 0.010886979
v 0.017072644 0.096700616 0.010886979
v 0.017075013 0.099532574 0.010882894
v 0.017092038 0.049723335 0.15279076
v 0.017092038 0.077596672 0.15279076
v 0.017115857 0.050208136 0.15285304
v 0.017115857 0.078081474 0.15285304
v 0.017115887 0.04923825 0.15285312
v 0.017115887 0.077111579 0.15285312
v 0.017189134 0.048789889 0.15303366
v 0.017189134 0.050656788 0.15303366
v 0.017189134 0.076663218 0.15303366
v 0.017189134 0.078530118 0.15303366
v 0.017234027 0.018910002 0.085419022
v 0.017234027 0.018910002 0.11783
v 0.017234027 0.018910002 0.14313565
v 0.017269824 0.015188005 0.15139879
v 0.017269824 0.015188005 0.161
v 0.017269824 0.016712002 0.15139879
v 0.017269824 0.016712002 0.161
v 0.017269824 0.099858001 0.15321641
v 0.017269824 0.099858001 0.161
v 0.017269824 0.101382 0.15321641
v 0.017269824 0.101382 0.161
v 0.017270003 0.0130403 0
v 0.017270003 0.0130403 0.00562
v 0.017270003 0.045317039 0
v 0.017270003 0.045317039 0.00562
v 0.017270003 0.047521632 0
v 0.017270003 0.047521632 0.00562
v 0.017270003 0.079798371 0
v 0.017270003 0.079798371 0.00562
v 0.017270003 0.082002968 0
v 0.017270003 0.082002968 0.00562
v 0.017270003 0.1142797 0
v 0.017270003 0.1142797 0.00562
v 0.017309509 0.099668339 0.01052437
v 0.017309509 0.10173167 0.01052437
v 0.017321154 0.048398316 0.15332532
v 0.017321154 0.076271653 0.15332532
v 0.017321505 0.051049098 0.15332605
v 0.017321505 0.078922436 0.15332605
v 0.01741064 0.10105488 0.15350369
v 0.017410651 0.10018517 0.15350372
v 0.017449956 0.024520371 0.010343924
v 0.017449956 0.057879634 0.010343924
v 0.017449956 0.063220374 0.010343924
v 0.017449956 0.096579634 0.010343924
v 0.017456975 0.10039282 0.15359098
v 0.017457023 0.10084685 0.15359107
v 0.017468743 0.096870005 0.063450001
v 0.017468743 0.10287 0.063450001
v 0.017473999 0.015950002 0.15139879
v 0.017473999 0.015950002 0.161
v 0.017473999 0.10062 0.15362227
v 0.017473999 0.10062 0.161
v 0.017512962 0.051340118 0.15369238
v 0.017512962 0.079213455 0.15369238
v 0.017513592 0.048105881 0.1536935
v 0.017513592 0.075979218 0.1536935
v 0.017543964 0.051371589 0.15374675
v 0.017543964 0.079244919 0.15374675
v 0.017545838 0.018910002 0.072059996
v 0.017545838 0.018910002 0.15375
v 0.017545838 0.048073288 0.15375
v 0.017545838 0.075946622 0.15375
v 0.017545838 0.11267498 0.15375
v 0.017545838 0.11461121 0.072059996
v 0.017628338 0.096870005 0.062854372
v 0.017628338 0.096870005 0.06404563
v 0.017628338 0.10287 0.062854372
v 0.017628338 0.10287 0.06404563
v 0.01768006 0.10010438 0.010088339
v 0.01768006 0.10129564 0.010088339
v 0.017793052 0.010844812 0.10366
v 0.017793052 0.010844812 0.132
v 0.017793052 0.018910002 0.10366
v 0.017793052 0.018910002 0.132
v 0.017793804 0.024692338 0.0099769533
v 0.017793804 0.057707667 0.0099769533
v 0.017793804 0.063392341 0.0099769533
v 0.017793804 0.096407667 0.0099769533
v 0.017799433 0.1003831 0.0099716671
v 0.017799444 0.10101688 0.0099716568
v 0.017834242 0.096668139 0.063227132
v 0.017845962 0.10070001 0.0099287396
v 0.017871391 0.096701369 0.062994696
v 0.017898485 0.096611783 0.063450001
v 0.018001914 0.096710004 0.062799998
v 0.018011693 0.010844812 0.10284402
v 0.018011693 0.010844812 0.10447598
v 0.018011693 0.010844812 0.13118403
v 0.018011693 0.010844812 0.13281597
v 0.018011693 0.018910002 0.10284402
v 0.018011693 0.018910002 0.10447598
v 0.018011693 0.018910002 0.13118403
v 0.018011693 0.018910002 0.13281597
v 0.01803562 0.0077243932 0.10125352
v 0.01803562 0.008125212 0.10606648
v 0.01803562 0.010084514 0.12959352
v 0.01803562 0.010485329 0.13440648
v 0.01803562 0.010844812 0.10125352
v 0.01803562 0.010844812 0.10606648
v 0.01803562 0.010844812 0.12959352
v 0.01803562 0.010844812 0.13440648
v 0.018064372 0.096870005 0.062418338
v 0.018064372 0.096870005 0.064481661
v 0.018064372 0.10287 0.062418338
v 0.018064372 0.10287 0.064481661
v 0.018077742 0.12437001 0
v 0.018077742 0.12437001 0.0076199998
v 0.018114191 0.047856435 0.154579
v 0.018114191 0.051590238 0.154579
v 0.018114191 0.075729772 0.154579
v 0.018114191 0.079463571 0.154579
v 0.018161483 0.096500099 0.063737817
v 0.018197514 0.096710004 0.062648945
v 0.018237341 0.12377437 0
v 0.018237341 0.12377437 0.0076199998
v 0.018237341 0.12496564 0
v 0.018237341 0.12496564 0.0076199998
v 0.018237993 0.024957456 0.0096152844
v 0.018237993 0.057442553 0.0096152844
v 0.018237993 0.063657455 0.0096152844
v 0.018237993 0.096142553 0.0096152844
v 0.018423699 0.096438192 0.063859284
v 0.018535003 0.015240002 0.0094258981
v 0.018535003 0.015240002 0.060464103
v 0.018535003 0.024390005 0.060464103
v 0.018535003 0.058010004 0.060464103
v 0.018535003 0.063090004 0.060464103
v 0.018535003 0.096710004 0.060464103
v 0.018535003 0.10287 0.0094258981
v 0.018535003 0.10287 0.060464103
v 0.018540002 0.012700003 0
v 0.018540002 0.012700003 0.00562
v 0.018540002 0.045657337 0
v 0.018540002 0.045657337 0.00562
v 0.018540002 0.047181338 0
v 0.018540002 0.047181338 0.00562
v 0.018540002 0.080138668 0
v 0.018540002 0.080138668 0.00562
v 0.018540002 0.08166267 0
v 0.018540002 0.08166267 0.00562
v 0.018540002 0.11462 0
v 0.018540002 0.11462 0.00562
v 0.018545125 0.02515775 0.0094200736
v 0.018545125 0.057242256 0.0094200736
v 0.018545125 0.063857749 0.0094200736
v 0.018545125 0.095942259 0.0094200736
v 0.018609025 0.010844812 0.10224669
v 0.018609025 0.010844812 0.10507331
v 0.018609025 0.010844812 0.13058668
v 0.018609025 0.010844812 0.13341331
v 0.018609025 0.018910002 0.10224669
v 0.018609025 0.018910002 0.10507331
v 0.018609025 0.018910002 0.13058668
v 0.018609025 0.018910002 0.13341331
v 0.018660001 0.096419826 0.063892044
v 0.018660001 0.096710004 0.062525027
v 0.018660001 0.096870005 0.062258739
v 0.018660001 0.096870005 0.06464126
v 0.018660001 0.10287 0.062258739
v 0.018660001 0.10287 0.06464126
v 0.018673372 0.12333834 0
v 0.018673372 0.12333834 0.0076199998
v 0.018673372 0.12540166 0
v 0.018673372 0.12540166 0.0076199998
v 0.018705804 0.0077012777 0.10097592
v 0.018705804 0.0081483312 0.10634407
v 0.018705804 0.010061394 0.12931593
v 0.018705804 0.010508448 0.13468407
v 0.018896304 0.096438192 0.063859284
v 0.018956933 0.048106555 0.15544549
v 0.018956933 0.051340118 0.15544549
v 0.018956933 0.075979888 0.15544549
v 0.018956933 0.079213455 0.15544549
v 0.01904425 0.025501467 0.0091781719
v 0.01904425 0.056898542 0.0091781719
v 0.01904425 0.064201467 0.0091781719
v 0.01904425 0.095598541 0.0091781719
v 0.019122489 0.096710004 0.062648945
v 0.01915852 0.096500099 0.063737817
v 0.019255631 0.096870005 0.062418338
v 0.019255631 0.096870005 0.064481661
v 0.019255631 0.10287 0.062418338
v 0.019255631 0.10287 0.064481661
v 0.019269001 0.12317874 0
v 0.019269001 0.12317874 0.0076199998
v 0.019269001 0.12556127 0
v 0.019269001 0.12556127 0.0076199998
v 0.019318089 0.096710004 0.062799998
v 0.019421518 0.096611783 0.063450001
v 0.019425001 0.0076933913 0.10088124
v 0.019425001 0.0081562139 0.10643876
v 0.019425001 0.010053508 0.12922125
v 0.019425001 0.010516334 0.13477875
v 0.019425001 0.010844812 0.10088124
v 0.019425001 0.010844812 0.10202805
v 0.019425001 0.010844812 0.10529195
v 0.019425001 0.010844812 0.10643876
v 0.019425001 0.010844812 0.12922125
v 0.019425001 0.010844812 0.13036805
v 0.019425001 0.010844812 0.13363194
v 0.019425001 0.010844812 0.13477875
v 0.019425001 0.018910002 0.10202805
v 0.019425001 0.018910002 0.10529195
v 0.019425001 0.018910002 0.13036805
v 0.019425001 0.018910002 0.13363194
v 0.019448612 0.096701369 0.062994696
v 0.019485764 0.096668154 0.06322705
v 0.019491829 0.025821961 0.0090284208
v 0.019491829 0.056578048 0.0090284208
v 0.019491829 0.064521961 0.0090284208
v 0.019491829 0.095278047 0.0090284208
v 0.019691661 0.096870005 0.062854372
v 0.019691661 0.096870005 0.06404563
v 0.019691661 0.10287 0.062854372
v 0.019691661 0.10287 0.06404563
v 0.019799162 0.048778858 0.15605462
v 0.019799162 0.076652192 0.15605462
v 0.019808497 0.050656788 0.15606028
v 0.019808497 0.078530118 0.15606028
v 0.01985126 0.096870005 0.063450001
v 0.01985126 0.10287 0.063450001
v 0.01986463 0.12333834 0
v 0.01986463 0.12333834 0.0076199998
v 0.01986463 0.12540166 0
v 0.01986463 0.12540166 0.0076199998
v 0.019925002 0.018910002 0.069680832
v 0.019925002 0.018910002 0.15612917
v 0.019925002 0.048941076 0.15612917
v 0.019925002 0.076814406 0.15612917
v 0.019925002 0.11247685 0.15612917
v 0.019925002 0.11461121 0.069680832
v 0.020072002 0.00013824552 0.01016
v 0.020072002 0.0076200031 0.01016
v 0.020072002 0.0076200031 0.1
v 0.020073254 0.0076997764 0.10095792
v 0.020120598 0.049305096 0.15623765
v 0.020120598 0.077178434 0.15623765
v 0.020120692 0.050141327 0.15623769
v 0.020120692 0.078014664 0.15623769
v 0.020127632 0.0081486963 0.10634846
v 0.020144198 0.010061394 0.12931593
v 0.020144198 0.010508448 0.13468407
v 0.020199053 0.049723335 0.15627873
v 0.020199053 0.077596672 0.15627873
v 0.020240817 0.0085305423 0.11093364
v 0.020240977 0.010844812 0.10224669
v 0.020240977 0.010844812 0.10507331
v 0.020240977 0.010844812 0.13058668
v 0.020240977 0.010844812 0.13341331
v 0.020240977 0.018910002 0.10224669
v 0.020240977 0.018910002 0.10507331
v 0.020240977 0.018910002 0.13058668
v 0.020240977 0.018910002 0.13341331
v 0.020274047 0.026620004 0.069493257
v 0.020274047 0.060550004 0.069493257
v 0.020274047 0.10070001 0.069493257
v 0.020300664 0.12377437 0
v 0.020300664 0.12377437 0.0076199998
v 0.020300664 0.12496564 0
v 0.020300664 0.12496564 0.0076199998
v 0.020301893 0.026439168 0.069479458
v 0.020301893 0.060369171 0.069479458
v 0.020301893 0.10051917 0.069479458
v 0.020301919 0.026800916 0.069479443
v 0.020301919 0.060730916 0.069479443
v 0.020301919 0.10088092 0.069479443
v 0.020378064 0.026963923 0.069442533
v 0.020378064 0.060893923 0.069442533
v 0.020378064 0.10104392 0.069442533
v 0.020378213 0.026275851 0.069442466
v 0.020378213 0.060205851 0.069442466
v 0.020378213 0.10035585 0.069442466
v 0.020412296 3.2484531e-05 0.0088900002
v 0.020412296 0.008890003 0.0088900002
v 0.020412296 0.008890003 0.10106255
v 0.020412296 0.008890003 0.10625745
v 0.020412296 0.008890003 0.11525
v 0.020460263 0.12437001 0
v 0.020460263 0.12437001 0.0076199998
v 0.020524841 0.026582468 0.0088900132
v 0.020524841 0.055817537 0.0088900132
v 0.020524841 0.065282471 0.0088900132
v 0.020524841 0.094517536 0.0088900132
v 0.020535 0.015240002 0.0088900002
v 0.020535 0.015240002 0.061000001
v 0.020535 0.024390005 0.061000001
v 0.020535 0.026590005 0.0088900002
v 0.020535 0.055810004 0.0088900002
v 0.020535 0.058010004 0.061000001
v 0.020535 0.063090004 0.061000001
v 0.020535 0.065290004 0.0088900002
v 0.020535 0.094510004 0.0088900002
v 0.020535 0.096710004 0.061000001
v 0.020535 0.10287 0.0088900002
v 0.020535 0.10287 0.061000001
v 0.020610001 0.015240002 0.061000001
v 0.020610001 0.024390005 0.061000001
v 0.020610001 0.058010004 0.061000001
v 0.020610001 0.063090004 0.061000001
v 0.020610001 0.096710004 0.061000001
v 0.020610001 0.10287 0.061000001
v 0.020618953 0.026024371 0.069333665
v 0.020618953 0.027215634 0.069333665
v 0.020618953 0.059954375 0.069333665
v 0.020618953 0.061145633 0.069333665
v 0.020618953 0.10010438 0.069333665
v 0.020618953 0.10129564 0.069333665
v 0.020689502 0 0.0085000005
v 0.02070751 0.067353457 0.161
v 0.020814382 0.0094144829 0.10125352
v 0.020814382 0.0094144829 0.10606648
v 0.020814382 0.010084514 0.12959352
v 0.020814382 0.010485329 0.13440648
v 0.020814382 0.010844812 0.10125352
v 0.020814382 0.010844812 0.10606648
v 0.020814382 0.010844812 0.12959352
v 0.020814382 0.010844812 0.13440648
v 0.02081595 0.0094160549 0.12156676
v 0.020838313 0.010844812 0.10284402
v 0.020838313 0.010844812 0.10447598
v 0.020838313 0.010844812 0.13118403
v 0.020838313 0.010844812 0.13281597
v 0.020838313 0.018910002 0.10284402
v 0.020838313 0.018910002 0.10447598
v 0.020838313 0.018910002 0.13118403
v 0.020838313 0.018910002 0.13281597
v 0.02105695 0.010844812 0.10366
v 0.02105695 0.010844812 0.132
v 0.02105695 0.018910002 0.10366
v 0.02105695 0.018910002 0.132
v 0.021204412 0.015240002 0.061594412
v 0.021204412 0.024390005 0.061594412
v 0.021204412 0.058010004 0.061594412
v 0.021204412 0.063090004 0.061594412
v 0.021204412 0.096710004 0.061594412
v 0.021204412 0.10287 0.061594412
v 0.021274846 0.057612684 0.161
v 0.021342002 0 0.0079602953
v 0.021342002 0.0098197088 0.0079602953
v 0.021342002 0.0098197088 0.10164838
v 0.021342002 0.0098197088 0.10567162
v 0.021342002 0.0098197088 0.12641378
v 0.021492679 0.11242277 0.15677851
v 0.021587886 0.024390005 0.062799998
v 0.021587886 0.058010004 0.062799998
v 0.021587886 0.063090004 0.062799998
v 0.021587886 0.096710004 0.062799998
v 0.02166 0.025428742 0.068301998
v 0.02166 0.025588341 0.067706369
v 0.02166 0.025588341 0.068897627
v 0.02166 0.025646809 0.068989024
v 0.02166 0.026024371 0.067270339
v 0.02166 0.026620004 0.06711074
v 0.02166 0.027215634 0.067270339
v 0.02166 0.027593195 0.068989024
v 0.02166 0.027651664 0.067706369
v 0.02166 0.027651664 0.068897627
v 0.02166 0.027811263 0.068301998
v 0.02166 0.059358742 0.068301998
v 0.02166 0.059518341 0.067706369
v 0.02166 0.059518341 0.068897627
v 0.02166 0.059576809 0.068989024
v 0.02166 0.059954375 0.067270339
v 0.02166 0.060550004 0.06711074
v 0.02166 0.061145633 0.067270339
v 0.02166 0.061523195 0.068989024
v 0.02166 0.061581664 0.067706369
v 0.02166 0.061581664 0.068897627
v 0.02166 0.061741263 0.068301998
v 0.02166 0.099508747 0.068301998
v 0.02166 0.099668339 0.067706369
v 0.02166 0.099668339 0.068897627
v 0.02166 0.099726811 0.068989024
v 0.02166 0.10010438 0.067270339
v 0.02166 0.10070001 0.06711074
v 0.02166 0.10129564 0.067270339
v 0.02166 0.1016732 0.068989024
v 0.02166 0.10173167 0.067706369
v 0.02166 0.10173167 0.068897627
v 0.02166 0.10189126 0.068301998
v 0.021831479 0.010037106 0.10227062
v 0.021831479 0.010037106 0.10504938
v 0.021831479 0.010169216 0.13061062
v 0.021831479 0.010400627 0.13338938
v 0.021831479 0.010844812 0.10227062
v 0.021831479 0.010844812 0.10504938
v 0.021831479 0.010844812 0.13061062
v 0.021831479 0.010844812 0.13338938
v 0.021888215 0.026116874 0.068938643
v 0.021888215 0.027123131 0.068938643
v 0.021888215 0.060046874 0.068938643
v 0.021888215 0.061053131 0.068938643
v 0.021888215 0.10019688 0.068938643
v 0.021888215 0.10120313 0.068938643
v 0.021911558 0.015240002 0.063334011
v 0.021911558 0.10287 0.063334011
v 0.0219546 0.010073453 0.0077065486
v 0.0219546 0.010073453 0.12946074
v 0.02200697 0.026620004 0.068915807
v 0.02200697 0.060550004 0.068915807
v 0.02200697 0.10070001 0.068915807
v 0.022074956 0.024520371 0.063546076
v 0.022074956 0.057879634 0.063546076
v 0.022074956 0.063220374 0.063546076
v 0.022074956 0.096579634 0.063546076
v 0.022108462 0.010109592 0.10293851
v 0.022108674 0.010109633 0.1043807
v 0.022203762 0.010126982 0.10366
v 0.022203762 0.010284923 0.132
v 0.022203762 0.010844812 0.10366
v 0.022203762 0.010844812 0.132
v 0.022280466 0.010138273 0.13023907
v 0.022375781 0.026620004 0.068301998
v 0.022375781 0.060550004 0.068301998
v 0.022375781 0.10070001 0.068301998
v 0.022401843 0.076962501 0.161
v 0.022418804 0.024692338 0.063913047
v 0.022418804 0.057707667 0.063913047
v 0.022418804 0.096407667 0.063913047
v 0.022445876 0.010154564 0.13043469
v 0.022528894 0.010158643 0.13048367
v 0.022612002 0 0.0076199998
v 0.022612002 0.010160003 0.0076199998
v 0.022612002 0.010160003 0.01112
v 0.022612002 0.010160003 0.036896002
v 0.022612002 0.010160003 0.060791001
v 0.022612002 0.010160003 0.082828999
v 0.022612002 0.010160003 0.083829001
v 0.022612002 0.010160003 0.106724
v 0.022612002 0.010160003 0.1305
v 0.022862993 0.024957456 0.064274713
v 0.022862993 0.057442553 0.064274713
v 0.022862993 0.063657455 0.064274713
v 0.022862993 0.096142553 0.064274713
v 0.02315788 0.010169216 0.13061062
v 0.02315788 0.011283819 0.14399464
v 0.02315788 0.012322396 0.15646572
v 0.02315788 0.012700003 0.161
v 0.023175001 0.018910002 0.068810001
v 0.023175001 0.018910002 0.15700001
v 0.023175001 0.11240432 0.15700001
v 0.023175001 0.11461121 0.068810001
v 0.02333463 0.015240002 0.064559214
v 0.02333463 0.10287 0.064559214
v 0.023347128 0.025277499 0.064565599
v 0.023347128 0.057122506 0.064565599
v 0.023347128 0.063977502 0.064565599
v 0.023347128 0.095822506 0.064565599
v 0.02366925 0.025501467 0.064711832
v 0.02366925 0.056898542 0.064711832
v 0.02366925 0.095598541 0.064711832
v 0.024073265 0.048265308 0.161
v 0.024112001 0.010160003 0.01589
v 0.024112001 0.010160003 0.034626
v 0.024112001 0.010160003 0.039166
v 0.024112001 0.010160003 0.057902001
v 0.024112001 0.010160003 0.062442001
v 0.024112001 0.010160003 0.081178002
v 0.024112001 0.010160003 0.085717998
v 0.024112001 0.010160003 0.104454
v 0.024112001 0.010160003 0.108994
v 0.024112001 0.010160003 0.12773
v 0.024112001 0.010390684 0.13327
v 0.024112001 0.011283819 0.14399464
v 0.024112001 0.012177847 0.15473001
v 0.024112001 0.013490003 0.01589
v 0.024112001 0.013490003 0.034626
v 0.024112001 0.013490003 0.039166
v 0.024112001 0.013490003 0.057902001
v 0.024112001 0.013490003 0.062442001
v 0.024112001 0.013490003 0.081178002
v 0.024112001 0.016910002 0.085717998
v 0.024112001 0.016910002 0.104454
v 0.024112001 0.016910002 0.108994
v 0.024112001 0.016910002 0.12773
v 0.024112001 0.016910002 0.13327
v 0.024112001 0.016910002 0.15473001
v 0.024116829 0.025821961 0.064861581
v 0.024116829 0.056578048 0.064861581
v 0.024116829 0.064521961 0.064861581
v 0.024116829 0.095278047 0.064861581
v 0.02428215 0.010160003 0.015255
v 0.02428215 0.010160003 0.035261001
v 0.02428215 0.010160003 0.038531002
v 0.02428215 0.010160003 0.058536999
v 0.02428215 0.010160003 0.061806999
v 0.02428215 0.010160003 0.081813
v 0.02428215 0.010160003 0.085083
v 0.02428215 0.010160003 0.105089
v 0.02428215 0.010160003 0.108359
v 0.02428215 0.010160003 0.128365
v 0.02428215 0.010337804 0.132635
v 0.02428215 0.012230728 0.15536501
v 0.02428215 0.013490003 0.015255
v 0.02428215 0.013490003 0.035261001
v 0.02428215 0.013490003 0.038531002
v 0.02428215 0.013490003 0.058536999
v 0.02428215 0.013490003 0.061806999
v 0.02428215 0.013490003 0.081813
v 0.02428215 0.016910002 0.085083
v 0.02428215 0.016910002 0.105089
v 0.02428215 0.016910002 0.108359
v 0.02428215 0.016910002 0.128365
v 0.02428215 0.016910002 0.132635
v 0.02428215 0.016910002 0.15536501
v 0.024747003 0.010160003 0.014790148
v 0.024747003 0.010160003 0.035725851
v 0.024747003 0.010160003 0.038066149
v 0.024747003 0.010160003 0.059001852
v 0.024747003 0.010160003 0.061342146
v 0.024747003 0.010160003 0.082277849
v 0.024747003 0.010160003 0.084618151
v 0.024747003 0.010160003 0.10555385
v 0.024747003 0.010160003 0.10789414
v 0.024747003 0.010160003 0.12882985
v 0.024747003 0.01029909 0.13217014
v 0.024747003 0.012269441 0.15582985
v 0.024747003 0.013490003 0.014790148
v 0.024747003 0.013490003 0.035725851
v 0.024747003 0.013490003 0.038066149
v 0.024747003 0.013490003 0.059001852
v 0.024747003 0.013490003 0.061342146
v 0.024747003 0.013490003 0.082277849
v 0.024747003 0.016910002 0.084618151
v 0.024747003 0.016910002 0.10555385
v 0.024747003 0.016910002 0.10789414
v 0.024747003 0.016910002 0.12882985
v 0.024747003 0.016910002 0.13217014
v 0.024747003 0.016910002 0.15582985
v 0.0250533 0.010288525 0.13204327
v 0.0250533 0.012280006 0.15595673
v 0.025149841 0.026582468 0.06499999
v 0.025149841 0.055817537 0.06499999
v 0.025149841 0.065282471 0.06499999
v 0.025149841 0.094517536 0.06499999
v 0.02516 0.015240002 0.064999998
v 0.02516 0.026590005 0.064999998
v 0.02516 0.055810004 0.064999998
v 0.02516 0.065290004 0.064999998
v 0.02516 0.094510004 0.064999998
v 0.02516 0.10287 0.064999998
v 0.025382001 0.010160003 0.01462
v 0.025382001 0.010160003 0.035896
v 0.025382001 0.010160003 0.037896
v 0.025382001 0.010160003 0.059172001
v 0.025382001 0.010160003 0.061172001
v 0.025382001 0.010160003 0.082447998
v 0.025382001 0.010160003 0.084448002
v 0.025382001 0.010160003 0.105724
v 0.025382001 0.010160003 0.107724
v 0.025382001 0.010160003 0.12899999
v 0.025382001 0.010284923 0.132
v 0.025382001 0.012283608 0.156
v 0.025382001 0.013490003 0.01462
v 0.025382001 0.013490003 0.035896
v 0.025382001 0.013490003 0.037896
v 0.025382001 0.013490003 0.059172001
v 0.025382001 0.013490003 0.061172001
v 0.025382001 0.013490003 0.082447998
v 0.025382001 0.016910002 0.084448002
v 0.025382001 0.016910002 0.105724
v 0.025382001 0.016910002 0.107724
v 0.025382001 0.016910002 0.12899999
v 0.025382001 0.016910002 0.132
v 0.025382001 0.016910002 0.156
v 0.025638741 0.067066245 0.15700001
v 0.02613939 0.058470435 0.15700001
v 0.026266504 0.085921794 0.161
v 0.027133919 0.075545818 0.15700001
v 0.028608873 0.050221782 0.15700001
v 0.028951906 0.039815255 0.161
v 0.030544315 0.083452001 0.15700001
v 0.032093152 0.093748339 0.161
v 0.032914065 0.042764977 0.15700001
v 0.033275463 0 0
v 0.033275463 0.0015981048 0
v 0.033275463 0.010411903 0
v 0.033275463 0.012700003 0
v 0.033275463 0.045657337 0
v 0.033275463 0.047181338 0
v 0.033275463 0.080138668 0
v 0.033275463 0.080900669 0
v 0.033275463 0.08166267 0
v 0.033275463 0.11462 0
v 0.033275463 0.1169081 0
v 0.033275463 0.12732001 0
v 0.034333691 0.018910002 0.068810001
v 0.034333691 0.018910002 0.085419022
v 0.034333691 0.018910002 0.11783
v 0.034333691 0.018910002 0.14313565
v 0.034333691 0.018910002 0.15700001
v 0.035647757 0.032718066 0.161
v 0.035686076 0.090358585 0.15700001
v 0.038822867 0.036502011 0.15700001
v 0.039567664 0.1000202 0.161
v 0.042282008 0.095893234 0.15700001
v 0.04355067 0.012700003 0
v 0.04355067 0.012700003 0.00562
v 0.04355067 0.045657337 0
v 0.04355067 0.045657337 0.00562
v 0.04355067 0.047181338 0
v 0.04355067 0.047181338 0.00562
v 0.04355067 0.080138668 0
v 0.04355067 0.080138668 0.00562
v 0.04355067 0.08166267 0
v 0.04355067 0.08166267 0.00562
v 0.04355067 0.11462 0
v 0.04355067 0.11462 0.00562
v 0.043799847 0.027356353 0.161
v 0.044159334 0.012283608 0.156
v 0.044159334 0.016910002 0.156
v 0.044488035 0.012280006 0.15595673
v 0.044794336 0.012269441 0.15582985
v 0.044794336 0.016910002 0.15582985
v 0.044820666 0.0130403 0
v 0.044820666 0.0130403 0.00562
v 0.044820666 0.045317039 0
v 0.044820666 0.045317039 0.00562
v 0.044820666 0.047521632 0
v 0.044820666 0.047521632 0.00562
v 0.044820666 0.079798371 0
v 0.044820666 0.079798371 0.00562
v 0.044820666 0.082002968 0
v 0.044820666 0.082002968 0.00562
v 0.044820666 0.1142797 0
v 0.044820666 0.1142797 0.00562
v 0.045259185 0.012230728 0.15536501
v 0.045259185 0.016910002 0.15536501
v 0.045429334 0.011924013 0.151682
v 0.045429334 0.012177847 0.15473001
v 0.045429334 0.016910002 0.151682
v 0.045429334 0.016910002 0.15473001
v 0.045599483 0.011871129 0.15104701
v 0.045599483 0.016910002 0.15104701
v 0.045750372 0.013970003 0
v 0.045750372 0.013970003 0.00562
v 0.045750372 0.044387337 0
v 0.045750372 0.044387337 0.00562
v 0.045750372 0.048451338 0
v 0.045750372 0.048451338 0.00562
v 0.045750372 0.078868672 0
v 0.045750372 0.078868672 0.00562
v 0.045750372 0.082932666 0
v 0.045750372 0.082932666 0.00562
v 0.045750372 0.11335 0
v 0.045750372 0.11335 0.00562
v 0.04601673 0.031770531 0.15700001
v 0.046064332 0.01183242 0.15058215
v 0.046064332 0.016910002 0.15058215
v 0.04609067 0.015240002 0
v 0.04609067 0.015240002 0.00562
v 0.04609067 0.043117337 0
v 0.04609067 0.043117337 0.00562
v 0.04609067 0.049721338 0
v 0.04609067 0.049721338 0.00562
v 0.04609067 0.054188769 0
v 0.04609067 0.073131233 0
v 0.04609067 0.077598669 0
v 0.04609067 0.077598669 0.00562
v 0.04609067 0.08420267 0
v 0.04609067 0.08420267 0.00562
v 0.04609067 0.11208001 0
v 0.04609067 0.11208001 0.00562
v 0.046370633 0.011821851 0.15045528
v 0.046699334 0.011818249 0.15041199
v 0.046699334 0.016910002 0.15041199
v 0.046852671 0 0
v 0.046852671 0.0015981048 0
v 0.046852671 0.010411903 0
v 0.046852671 0.054188769 0
v 0.046852671 0.073131233 0
v 0.046852671 0.080900669 0
v 0.046852671 0.1169081 0
v 0.046852671 0.12732001 0
v 0.047207333 0.010160003 0.01462
v 0.047207333 0.010160003 0.035896
v 0.047207333 0.010160003 0.037896
v 0.047207333 0.010160003 0.059172001
v 0.047207333 0.010160003 0.061172001
v 0.047207333 0.010160003 0.082447998
v 0.047207333 0.010160003 0.084448002
v 0.047207333 0.010160003 0.105724
v 0.047207333 0.010160003 0.107724
v 0.047207333 0.010160003 0.12899999
v 0.047207333 0.010284923 0.132
v 0.047207333 0.011818249 0.15041199
v 0.047207333 0.013490003 0.01462
v 0.047207333 0.013490003 0.035896
v 0.047207333 0.013490003 0.037896
v 0.047207333 0.013490003 0.059172001
v 0.047207333 0.013490003 0.061172001
v 0.047207333 0.013490003 0.082447998
v 0.047207333 0.016910002 0.084448002
v 0.047207333 0.016910002 0.105724
v 0.047207333 0.016910002 0.107724
v 0.047207333 0.016910002 0.12899999
v 0.047207333 0.016910002 0.132
v 0.047207333 0.016910002 0.15041199
v 0.047536034 0.010288525 0.13204327
v 0.047536034 0.011814646 0.15036872
v 0.047610436 0.012206245 0.15507101
v 0.047610436 0.018910002 0.15451272
v 0.047614668 0.015240002 0
v 0.047614668 0.015240002 0.00562
v 0.047614668 0.043117337 0
v 0.047614668 0.043117337 0.00562
v 0.047614668 0.049721338 0
v 0.047614668 0.049721338 0.00562
v 0.047614668 0.054188769 0
v 0.047614668 0.073131233 0
v 0.047614668 0.077598669 0
v 0.047614668 0.077598669 0.00562
v 0.047614668 0.08420267 0
v 0.047614668 0.08420267 0.00562
v 0.047614668 0.11208001 0
v 0.047614668 0.11208001 0.00562
v 0.047842335 0.010160003 0.014790148
v 0.047842335 0.010160003 0.035725851
v 0.047842335 0.010160003 0.038066149
v 0.047842335 0.010160003 0.059001852
v 0.047842335 0.010160003 0.061342146
v 0.047842335 0.010160003 0.082277849
v 0.047842335 0.010160003 0.084618151
v 0.047842335 0.010160003 0.10555385
v 0.047842335 0.010160003 0.10789414
v 0.047842335 0.010160003 0.12882985
v 0.047842335 0.01029909 0.13217014
v 0.047842335 0.011804078 0.15024185
v 0.047842335 0.013490003 0.014790148
v 0.047842335 0.013490003 0.035725851
v 0.047842335 0.013490003 0.038066149
v 0.047842335 0.013490003 0.059001852
v 0.047842335 0.013490003 0.061342146
v 0.047842335 0.013490003 0.082277849
v 0.047842335 0.016910002 0.084618151
v 0.047842335 0.016910002 0.10555385
v 0.047842335 0.016910002 0.10789414
v 0.047842335 0.016910002 0.12882985
v 0.047842335 0.016910002 0.13217014
v 0.047842335 0.016910002 0.15024185
v 0.047860552 0.012128774 0.15414077
v 0.047860552 0.012283713 0.15600123
v 0.047860552 0.018910002 0.15357603
v 0.047860552 0.018910002 0.15544941
v 0.047954962 0.013970003 0
v 0.047954962 0.013970003 0.00562
v 0.047954962 0.044387337 0
v 0.047954962 0.044387337 0.00562
v 0.047954962 0.048451338 0
v 0.047954962 0.048451338 0.00562
v 0.047954962 0.078868672 0
v 0.047954962 0.078868672 0.00562
v 0.047954962 0.082932666 0
v 0.047954962 0.082932666 0.00562
v 0.047954962 0.11335 0
v 0.047954962 0.11335 0.00562
v 0.048287086 0.10439926 0.161
v 0.048307188 0.010160003 0.015255
v 0.048307188 0.010160003 0.035261001
v 0.048307188 0.010160003 0.038531002
v 0.048307188 0.010160003 0.058536999
v 0.048307188 0.010160003 0.061806999
v 0.048307188 0.010160003 0.081813
v 0.048307188 0.010160003 0.085083
v 0.048307188 0.010160003 0.105089
v 0.048307188 0.010160003 0.108359
v 0.048307188 0.010160003 0.128365
v 0.048307188 0.010337804 0.132635
v 0.048307188 0.011765368 0.149777
v 0.048307188 0.013490003 0.015255
v 0.048307188 0.013490003 0.035261001
v 0.048307188 0.013490003 0.038531002
v 0.048307188 0.013490003 0.058536999
v 0.048307188 0.013490003 0.061806999
v 0.048307188 0.013490003 0.081813
v 0.048307188 0.016910002 0.085083
v 0.048307188 0.016910002 0.105089
v 0.048307188 0.016910002 0.108359
v 0.048307188 0.016910002 0.128365
v 0.048307188 0.016910002 0.132635
v 0.048307188 0.016910002 0.149777
v 0.048477337 0.010160003 0.01589
v 0.048477337 0.010160003 0.034626
v 0.048477337 0.010160003 0.039166
v 0.048477337 0.010160003 0.057902001
v 0.048477337 0.010160003 0.062442001
v 0.048477337 0.010160003 0.081178002
v 0.048477337 0.010160003 0.085717998
v 0.048477337 0.010160003 0.104454
v 0.048477337 0.010160003 0.108994
v 0.048477337 0.010160003 0.12773
v 0.048477337 0.010390684 0.13327
v 0.048477337 0.011283819 0.14399464
v 0.048477337 0.011712484 0.149142
v 0.048477337 0.013490003 0.01589
v 0.048477337 0.013490003 0.034626
v 0.048477337 0.013490003 0.039166
v 0.048477337 0.013490003 0.057902001
v 0.048477337 0.013490003 0.062442001
v 0.048477337 0.013490003 0.081178002
v 0.048477337 0.016910002 0.085717998
v 0.048477337 0.016910002 0.104454
v 0.048477337 0.016910002 0.108994
v 0.048477337 0.016910002 0.12773
v 0.048477337 0.016910002 0.13327
v 0.048477337 0.016910002 0.149142
v 0.048543885 0.012072064 0.15345979
v 0.048543885 0.012340423 0.15668221
v 0.048543885 0.018910002 0.15289034
v 0.048543885 0.018910002 0.1561351
v 0.048884667 0.0130403 0
v 0.048884667 0.0130403 0.00562
v 0.048884667 0.045317039 0
v 0.048884667 0.045317039 0.00562
v 0.048884667 0.047521632 0
v 0.048884667 0.047521632 0.00562
v 0.048884667 0.079798371 0
v 0.048884667 0.079798371 0.00562
v 0.048884667 0.082002968 0
v 0.048884667 0.082002968 0.00562
v 0.048884667 0.1142797 0
v 0.048884667 0.1142797 0.00562
v 0.048994146 0.018910002 0.1527032
v 0.048994146 0.018910002 0.15632226
v 0.049096335 0.010160003 0.0076199998
v 0.049096335 0.010160003 0.01112
v 0.049096335 0.010160003 0.036896002
v 0.049096335 0.010160003 0.060791001
v 0.049096335 0.010160003 0.082828999
v 0.049096335 0.010160003 0.083829001
v 0.049096335 0.010160003 0.106724
v 0.049096335 0.010160003 0.1305
v 0.049477335 0.010169216 0.13061062
v 0.049477335 0.011283819 0.14399464
v 0.049477335 0.012051307 0.15321054
v 0.049477335 0.01236118 0.15693146
v 0.049477335 0.012700003 0.161
v 0.049477335 0.018910002 0.15263936
v 0.049477335 0.018910002 0.15638608
v 0.049715333 0.010160003 0.062442001
v 0.049715333 0.010160003 0.081178002
v 0.049960002 0.11461121 0.066500001
v 0.049960002 0.11461121 0.067769997
v 0.049960002 0.11716001 0.066500001
v 0.049960002 0.11716001 0.067769997
v 0.049960524 0.018910002 0.1527032
v 0.049960524 0.018910002 0.15632226
v 0.049976528 0.099757567 0.15700001
v 0.049987569 0.010160003 0.061425999
v 0.049987569 0.010160003 0.082194
v 0.050154667 0.012700003 0
v 0.050154667 0.012700003 0.00562
v 0.050154667 0.045657337 0
v 0.050154667 0.045657337 0.00562
v 0.050154667 0.047181338 0
v 0.050154667 0.047181338 0.00562
v 0.050154667 0.080138668 0
v 0.050154667 0.080138668 0.00562
v 0.050154667 0.08166267 0
v 0.050154667 0.08166267 0.00562
v 0.050154667 0.11462 0
v 0.050154667 0.11462 0.00562
v 0.050410785 0.012072064 0.15345979
v 0.050410785 0.012340423 0.15668221
v 0.050410785 0.018910002 0.15289034
v 0.050410785 0.018910002 0.1561351
v 0.050477333 0.010160003 0.01589
v 0.050477333 0.010160003 0.034626
v 0.050477333 0.010160003 0.039166
v 0.050477333 0.010160003 0.057902001
v 0.050477333 0.010160003 0.085717998
v 0.050477333 0.010160003 0.104454
v 0.050477333 0.010160003 0.108994
v 0.050477333 0.010160003 0.12773
v 0.050477333 0.010390684 0.13327
v 0.050477333 0.010922004 0.062442001
v 0.050477333 0.010922004 0.081178002
v 0.050477333 0.011283819 0.14399464
v 0.050477333 0.011712484 0.149142
v 0.050477333 0.013490003 0.01589
v 0.050477333 0.013490003 0.034626
v 0.050477333 0.013490003 0.039166
v 0.050477333 0.013490003 0.057902001
v 0.050477333 0.013490003 0.062442001
v 0.050477333 0.013490003 0.081178002
v 0.050477333 0.016910002 0.085717998
v 0.050477333 0.016910002 0.104454
v 0.050477333 0.016910002 0.108994
v 0.050477333 0.016910002 0.12773
v 0.050477333 0.016910002 0.13327
v 0.050477333 0.016910002 0.149142
v 0.050647482 0.010160003 0.015255
v 0.050647482 0.010160003 0.035261001
v 0.050647482 0.010160003 0.038531002
v 0.050647482 0.010160003 0.058536999
v 0.050647482 0.010160003 0.085083
v 0.050647482 0.010160003 0.105089
v 0.050647482 0.010160003 0.108359
v 0.050647482 0.010160003 0.128365
v 0.050647482 0.010337804 0.132635
v 0.050647482 0.010922004 0.061806999
v 0.050647482 0.010922004 0.081813
v 0.050647482 0.011765368 0.149777
v 0.050647482 0.013490003 0.015255
v 0.050647482 0.013490003 0.035261001
v 0.050647482 0.013490003 0.038531002
v 0.050647482 0.013490003 0.058536999
v 0.050647482 0.013490003 0.061806999
v 0.050647482 0.013490003 0.081813
v 0.050647482 0.016910002 0.085083
v 0.050647482 0.016910002 0.105089
v 0.050647482 0.016910002 0.108359
v 0.050647482 0.016910002 0.128365
v 0.050647482 0.016910002 0.132635
v 0.050647482 0.016910002 0.149777
v 0.050731335 0.010160003 0.060682237
v 0.050731335 0.010160003 0.082937762
v 0.051094119 0.012128774 0.15414077
v 0.051094119 0.012283713 0.15600123
v 0.051094119 0.018910002 0.15357603
v 0.051094119 0.018910002 0.15544941
v 0.051112335 0.010160003 0.014790148
v 0.051112335 0.010160003 0.035725851
v 0.051112335 0.010160003 0.038066149
v 0.051112335 0.010160003 0.059001852
v 0.051112335 0.010160003 0.084618151
v 0.051112335 0.010160003 0.10555385
v 0.051112335 0.010160003 0.10789414
v 0.051112335 0.010160003 0.12882985
v 0.051112335 0.01029909 0.13217014
v 0.051112335 0.010922004 0.061342146
v 0.051112335 0.010922004 0.082277849
v 0.051112335 0.011804078 0.15024185
v 0.051112335 0.013490003 0.014790148
v 0.051112335 0.013490003 0.035725851
v 0.051112335 0.013490003 0.038066149
v 0.051112335 0.013490003 0.059001852
v 0.051112335 0.013490003 0.061342146
v 0.051112335 0.013490003 0.082277849
v 0.051112335 0.016910002 0.084618151
v 0.051112335 0.016910002 0.10555385
v 0.051112335 0.016910002 0.10789414
v 0.051112335 0.016910002 0.12882985
v 0.051112335 0.016910002 0.13217014
v 0.051112335 0.016910002 0.15024185
v 0.051344234 0.012206245 0.15507101
v 0.051344234 0.018910002 0.15451272
v 0.051418632 0.010288525 0.13204327
v 0.051418632 0.011814646 0.15036872
v 0.051738001 0.103632 0.066500001
v 0.051738001 0.103632 0.068810001
v 0.051738001 0.11461121 0.066500001
v 0.051738001 0.11461121 0.068810001
v 0.051747333 0.010160003 0.01462
v 0.051747333 0.010160003 0.035896
v 0.051747333 0.010160003 0.037896
v 0.051747333 0.010160003 0.059172001
v 0.051747333 0.010160003 0.06041
v 0.051747333 0.010160003 0.083209999
v 0.051747333 0.010160003 0.084448002
v 0.051747333 0.010160003 0.105724
v 0.051747333 0.010160003 0.107724
v 0.051747333 0.010160003 0.12899999
v 0.051747333 0.010284923 0.132
v 0.051747333 0.010922004 0.061172001
v 0.051747333 0.010922004 0.082447998
v 0.051747333 0.011818249 0.15041199
v 0.051747333 0.013490003 0.01462
v 0.051747333 0.013490003 0.035896
v 0.051747333 0.013490003 0.037896
v 0.051747333 0.013490003 0.059172001
v 0.051747333 0.013490003 0.061172001
v 0.051747333 0.013490003 0.082447998
v 0.051747333 0.016910002 0.084448002
v 0.051747333 0.016910002 0.105724
v 0.051747333 0.016910002 0.107724
v 0.051747333 0.016910002 0.12899999
v 0.051747333 0.016910002 0.132
v 0.051747333 0.016910002 0.15041199
v 0.051855385 0.10304548 0.066500001
v 0.051942177 0.10287 0.066500001
v 0.051942177 0.10287 0.068810001
v 0.052029606 0.103632 0.066558003
v 0.052029606 0.103632 0.068751998
v 0.052119002 0.103632 0.066602089
v 0.052119002 0.103632 0.068707913
v 0.052119002 0.11461121 0.066602089
v 0.052119002 0.11461121 0.068707913
v 0.05212453 0.1031577 0.066558003
v 0.052194715 0.10301581 0.068751998
v 0.052255332 0.011818249 0.15041199
v 0.052255332 0.016910002 0.15041199
v 0.052276816 0.103632 0.066723183
v 0.052276816 0.103632 0.068586819
v 0.052323177 0.10287 0.066568092
v 0.0523527 0.10325284 0.066723183
v 0.052397914 0.103632 0.066881001
v 0.052397914 0.103632 0.068429001
v 0.052397914 0.11461121 0.066881001
v 0.052397914 0.11461121 0.068429001
v 0.052408807 0.10313942 0.068586819
v 0.052441999 0.103632 0.066970393
v 0.052441999 0.103632 0.068339601
v 0.052469172 0.10287 0.066629097
v 0.052500002 0.10231218 0.068810001
v 0.052500002 0.103632 0.067262001
v 0.052500002 0.103632 0.068048
v 0.052500002 0.11461121 0.067262001
v 0.052500002 0.11461121 0.068048
v 0.052505158 0.10331642 0.066970393
v 0.052551858 0.103222 0.068339601
v 0.052558694 0.10333874 0.067262001
v 0.052568659 0.1029321 0.066723183
v 0.052584033 0.011821851 0.15045528
v 0.05260209 0.103251 0.067262001
v 0.05260209 0.103251 0.068048
v 0.052645802 0.10256472 0.068751998
v 0.052677982 0.10287 0.066749536
v 0.052684911 0.10304944 0.066970393
v 0.052725732 0.10309066 0.067262001
v 0.052769408 0.10277881 0.068586819
v 0.052851997 0.10292186 0.068339601
v 0.052881002 0.10297209 0.067262001
v 0.052881002 0.10297209 0.068048
v 0.052890334 0.01183242 0.15058215
v 0.052890334 0.016910002 0.15058215
v 0.052916273 0.10287 0.066932835
v 0.052968696 0.024019167 0.161
v 0.052975379 0.10292596 0.067262001
v 0.052992772 0.10287 0.067000806
v 0.053258099 0.10287 0.067258097
v 0.053262003 0.102108 0.068810001
v 0.053262003 0.1023996 0.068751998
v 0.053262003 0.10264682 0.068586819
v 0.053262003 0.102812 0.068339601
v 0.053262003 0.10287 0.067262001
v 0.053262003 0.10287 0.068048
v 0.053355187 0.011871129 0.15104701
v 0.053355187 0.016910002 0.15104701
v 0.053525336 0.011924013 0.151682
v 0.053525336 0.012177847 0.15473001
v 0.053525336 0.016910002 0.151682
v 0.053525336 0.016910002 0.15473001
v 0.053695481 0.012230728 0.15536501
v 0.053695481 0.016910002 0.15536501
v 0.053905435 0 0
v 0.053905435 0.0015981048 0
v 0.053905435 0.010411903 0
v 0.053905435 0.012700003 0
v 0.053905435 0.045657337 0
v 0.053905435 0.047181338 0
v 0.053905435 0.080138668 0
v 0.053905435 0.080900669 0
v 0.053905435 0.08166267 0
v 0.053905435 0.11462 0
v 0.053905435 0.1169081 0
v 0.053905435 0.12732001 0
v 0.054107841 0.028825607 0.15700001
v 0.054160334 0.012269441 0.15582985
v 0.054160334 0.016910002 0.15582985
v 0.054466635 0.012280006 0.15595673
v 0.054795332 0.012283608 0.156
v 0.054795332 0.016910002 0.156
v 0.057781361 0.10664944 0.161
v 0.05835481 0.10174325 0.15700001
v 0.060196202 0.0056600049 0
v 0.060196202 0.0056600049 0.0076199998
v 0.060526289 0.0044281036 0
v 0.060526289 0.0044281036 0.0076199998
v 0.060526289 0.0068919025 0
v 0.060526289 0.0068919025 0.0076199998
v 0.0614281 0.003526289 0
v 0.0614281 0.003526289 0.0076199998
v 0.0614281 0.0077937171 0
v 0.0614281 0.0077937171 0.0076199998
v 0.062660001 0.0031962022 0
v 0.062660001 0.0031962022 0.0076199998
v 0.062660001 0.0081238039 0
v 0.062660001 0.0081238039 0.0076199998
v 0.062660001 0.010169216 0.13061062
v 0.062660001 0.010284923 0.132
v 0.062660001 0.012283608 0.156
v 0.062660001 0.012322396 0.15646572
v 0.062660001 0.012700003 0.161
v 0.062660001 0.018910002 0.068810001
v 0.062660001 0.018910002 0.085419022
v 0.062660001 0.018910002 0.11783
v 0.062660001 0.018910002 0.14313565
v 0.062660001 0.018910002 0.15700001
v 0.062660001 0.022886414 0.161
v 0.062660001 0.027826004 0.15700001
v 0.062660001 0.10199401 0.15700001
v 0.062660001 0.10693359 0.161
v 0.063891903 0.003526289 0
v 0.063891903 0.003526289 0.0076199998
v 0.063891903 0.0077937171 0
v 0.063891903 0.0077937171 0.0076199998
v 0.064793713 0.0044281036 0
v 0.064793713 0.0044281036 0.0076199998
v 0.064793713 0.0068919025 0
v 0.064793713 0.0068919025 0.0076199998
v 0.065123804 0.0056600049 0
v 0.065123804 0.0056600049 0.0076199998
v 0.066965193 0.10174325 0.15700001
v 0.067538641 0.10664944 0.161
v 0.07052467 0.012283608 0.156
v 0.07052467 0.016910002 0.156
v 0.070853367 0.012280006 0.15595673
v 0.071159668 0.012269441 0.15582985
v 0.071159668 0.016910002 0.15582985
v 0.071212158 0.028825607 0.15700001
v 0.071414568 0 0
v 0.071414568 0.0015981048 0
v 0.071414568 0.010411903 0
v 0.071414568 0.012700003 0
v 0.071414568 0.045657337 0
v 0.071414568 0.047181338 0
v 0.071414568 0.080138668 0
v 0.071414568 0.080900669 0
v 0.071414568 0.08166267 0
v 0.071414568 0.11462 0
v 0.071414568 0.1169081 0
v 0.071414568 0.12732001 0
v 0.071624517 0.012230728 0.15536501
v 0.071624517 0.016910002 0.15536501
v 0.071794666 0.011924013 0.151682
v 0.071794666 0.012177847 0.15473001
v 0.071794666 0.016910002 0.151682
v 0.071794666 0.016910002 0.15473001
v 0.071964815 0.011871129 0.15104701
v 0.071964815 0.016910002 0.15104701
v 0.072058 0.102108 0.068810001
v 0.072058 0.102489 0.068707913
v 0.072058 0.10264682 0.068586819
v 0.072058 0.10276791 0.068429001
v 0.072058 0.10287 0.067262001
v 0.072058 0.10287 0.068048
v 0.072061904 0.10287 0.067258097
v 0.072344624 0.10292596 0.067262001
v 0.072351307 0.024019167 0.161
v 0.072403729 0.10287 0.066932835
v 0.072425038 0.10287 0.066914618
v 0.072429672 0.01183242 0.15058215
v 0.072429672 0.016910002 0.15058215
v 0.072439 0.10297209 0.067262001
v 0.072439 0.10297209 0.068048
v 0.072490044 0.10288368 0.068429001
v 0.07259427 0.10309066 0.067262001
v 0.072629504 0.10264213 0.068707913
v 0.072666116 0.10301813 0.066881001
v 0.072717912 0.103251 0.067262001
v 0.072717912 0.103251 0.068048
v 0.072735965 0.011821851 0.15045528
v 0.072761312 0.10333874 0.067262001
v 0.072806321 0.10319996 0.068429001
v 0.07282 0.10231218 0.068810001
v 0.07282 0.103632 0.067262001
v 0.07282 0.103632 0.068048
v 0.07282 0.11461121 0.067262001
v 0.07282 0.11461121 0.068048
v 0.072850831 0.10287 0.066629097
v 0.072855532 0.10329945 0.066881001
v 0.072893687 0.10287 0.066609204
v 0.072922088 0.103632 0.066881001
v 0.072922088 0.103632 0.068429001
v 0.072922088 0.11461121 0.066881001
v 0.072922088 0.11461121 0.068429001
v 0.072996825 0.10287 0.066568092
v 0.073047869 0.1030605 0.068707913
v 0.07306467 0.011818249 0.15041199
v 0.07306467 0.016910002 0.15041199
v 0.073112965 0.10319211 0.066602089
v 0.073201001 0.103632 0.066602089
v 0.073201001 0.103632 0.068707913
v 0.073201001 0.11461121 0.066602089
v 0.073201001 0.11461121 0.068707913
v 0.073377825 0.10287 0.066500001
v 0.073377825 0.10287 0.068810001
v 0.073464617 0.10304548 0.066500001
v 0.073572665 0.010160003 0.01462
v 0.073572665 0.010160003 0.035896
v 0.073572665 0.010160003 0.037896
v 0.073572665 0.010160003 0.059172001
v 0.073572665 0.010160003 0.06041
v 0.073572665 0.010160003 0.083209999
v 0.073572665 0.010160003 0.084448002
v 0.073572665 0.010160003 0.105724
v 0.073572665 0.010160003 0.107724
v 0.073572665 0.010160003 0.12899999
v 0.073572665 0.010284923 0.132
v 0.073572665 0.010922004 0.061172001
v 0.073572665 0.010922004 0.082447998
v 0.073572665 0.011818249 0.15041199
v 0.073572665 0.013490003 0.01462
v 0.073572665 0.013490003 0.035896
v 0.073572665 0.013490003 0.037896
v 0.073572665 0.013490003 0.059172001
v 0.073572665 0.013490003 0.061172001
v 0.073572665 0.013490003 0.082447998
v 0.073572665 0.016910002 0.084448002
v 0.073572665 0.016910002 0.105724
v 0.073572665 0.016910002 0.107724
v 0.073572665 0.016910002 0.12899999
v 0.073572665 0.016910002 0.132
v 0.073572665 0.016910002 0.15041199
v 0.073582001 0.103632 0.066500001
v 0.073582001 0.103632 0.068810001
v 0.073582001 0.11461121 0.066500001
v 0.073582001 0.11461121 0.068810001
v 0.07390137 0.010288525 0.13204327
v 0.07390137 0.011814646 0.15036872
v 0.073975772 0.012206245 0.15507101
v 0.073975772 0.018910002 0.15451272
v 0.074207671 0.010160003 0.014790148
v 0.074207671 0.010160003 0.035725851
v 0.074207671 0.010160003 0.038066149
v 0.074207671 0.010160003 0.059001852
v 0.074207671 0.010160003 0.084618151
v 0.074207671 0.010160003 0.10555385
v 0.074207671 0.010160003 0.10789414
v 0.074207671 0.010160003 0.12882985
v 0.074207671 0.01029909 0.13217014
v 0.074207671 0.010922004 0.061342146
v 0.074207671 0.010922004 0.082277849
v 0.074207671 0.011804078 0.15024185
v 0.074207671 0.013490003 0.014790148
v 0.074207671 0.013490003 0.035725851
v 0.074207671 0.013490003 0.038066149
v 0.074207671 0.013490003 0.059001852
v 0.074207671 0.013490003 0.061342146
v 0.074207671 0.013490003 0.082277849
v 0.074207671 0.016910002 0.084618151
v 0.074207671 0.016910002 0.10555385
v 0.074207671 0.016910002 0.10789414
v 0.074207671 0.016910002 0.12882985
v 0.074207671 0.016910002 0.13217014
v 0.074207671 0.016910002 0.15024185
v 0.074225888 0.012128774 0.15414077
v 0.074225888 0.012283713 0.15600123
v 0.074225888 0.018910002 0.15357603
v 0.074225888 0.018910002 0.15544941
v 0.074588671 0.010160003 0.060682237
v 0.074588671 0.010160003 0.082937762
v 0.07467252 0.010160003 0.015255
v 0.07467252 0.010160003 0.035261001
v 0.07467252 0.010160003 0.038531002
v 0.07467252 0.010160003 0.058536999
v 0.07467252 0.010160003 0.085083
v 0.07467252 0.010160003 0.105089
v 0.07467252 0.010160003 0.108359
v 0.07467252 0.010160003 0.128365
v 0.07467252 0.010337804 0.132635
v 0.07467252 0.010922004 0.061806999
v 0.07467252 0.010922004 0.081813
v 0.07467252 0.011765368 0.149777
v 0.07467252 0.013490003 0.015255
v 0.07467252 0.013490003 0.035261001
v 0.07467252 0.013490003 0.038531002
v 0.07467252 0.013490003 0.058536999
v 0.07467252 0.013490003 0.061806999
v 0.07467252 0.013490003 0.081813
v 0.07467252 0.016910002 0.085083
v 0.07467252 0.016910002 0.105089
v 0.07467252 0.016910002 0.108359
v 0.07467252 0.016910002 0.128365
v 0.07467252 0.016910002 0.132635
v 0.07467252 0.016910002 0.149777
v 0.074722096 0.010160003 0.060766339
v 0.074842669 0.010160003 0.01589
v 0.074842669 0.010160003 0.034626
v 0.074842669 0.010160003 0.039166
v 0.074842669 0.010160003 0.057902001
v 0.074842669 0.010160003 0.085717998
v 0.074842669 0.010160003 0.104454
v 0.074842669 0.010160003 0.108994
v 0.074842669 0.010160003 0.12773
v 0.074842669 0.010390684 0.13327
v 0.074842669 0.010922004 0.062442001
v 0.074842669 0.010922004 0.081178002
v 0.074842669 0.011283819 0.14399464
v 0.074842669 0.011712484 0.149142
v 0.074842669 0.013490003 0.01589
v 0.074842669 0.013490003 0.034626
v 0.074842669 0.013490003 0.039166
v 0.074842669 0.013490003 0.057902001
v 0.074842669 0.013490003 0.062442001
v 0.074842669 0.013490003 0.081178002
v 0.074842669 0.016910002 0.085717998
v 0.074842669 0.016910002 0.104454
v 0.074842669 0.016910002 0.108994
v 0.074842669 0.016910002 0.12773
v 0.074842669 0.016910002 0.13327
v 0.074842669 0.016910002 0.149142
v 0.074909218 0.012072064 0.15345979
v 0.074909218 0.012340423 0.15668221
v 0.074909218 0.018910002 0.15289034
v 0.074909218 0.018910002 0.1561351
v 0.075165331 0.012700003 0
v 0.075165331 0.012700003 0.00562
v 0.075165331 0.045657337 0
v 0.075165331 0.045657337 0.00562
v 0.075165331 0.047181338 0
v 0.075165331 0.047181338 0.00562
v 0.075165331 0.080138668 0
v 0.075165331 0.080138668 0.00562
v 0.075165331 0.08166267 0
v 0.075165331 0.08166267 0.00562
v 0.075165331 0.11462 0
v 0.075165331 0.11462 0.00562
v 0.075223669 0.010160003 0.0076199998
v 0.075223669 0.010160003 0.01112
v 0.075223669 0.010160003 0.036896002
v 0.075223669 0.010160003 0.060791001
v 0.075223669 0.010160003 0.082828999
v 0.075223669 0.010160003 0.083829001
v 0.075223669 0.010160003 0.106724
v 0.075223669 0.010160003 0.1305
v 0.075248331 0.010160003 0.061292574
v 0.075248331 0.010160003 0.082327425
v 0.075332433 0.010160003 0.061425999
v 0.075332433 0.010160003 0.082194
v 0.075343475 0.099757567 0.15700001
v 0.075359479 0.018910002 0.1527032
v 0.075359479 0.018910002 0.15632226
v 0.07536 0.11461121 0.066500001
v 0.07536 0.11461121 0.067769997
v 0.07536 0.11716001 0.066500001
v 0.07536 0.11716001 0.067769997
v 0.07560467 0.010160003 0.062442001
v 0.07560467 0.010160003 0.081178002
v 0.075842671 0.010169216 0.13061062
v 0.075842671 0.011283819 0.14399464
v 0.075842671 0.012051307 0.15321054
v 0.075842671 0.01236118 0.15693146
v 0.075842671 0.012700003 0.161
v 0.075842671 0.018910002 0.15263936
v 0.075842671 0.018910002 0.15638608
v 0.076325856 0.018910002 0.1527032
v 0.076325856 0.018910002 0.15632226
v 0.076435335 0.0130403 0
v 0.076435335 0.0130403 0.00562
v 0.076435335 0.045317039 0
v 0.076435335 0.045317039 0.00562
v 0.076435335 0.047521632 0
v 0.076435335 0.047521632 0.00562
v 0.076435335 0.079798371 0
v 0.076435335 0.079798371 0.00562
v 0.076435335 0.082002968 0
v 0.076435335 0.082002968 0.00562
v 0.076435335 0.1142797 0
v 0.076435335 0.1142797 0.00562
v 0.076776117 0.012072064 0.15345979
v 0.076776117 0.012340423 0.15668221
v 0.076776117 0.018910002 0.15289034
v 0.076776117 0.018910002 0.1561351
v 0.076842666 0.010160003 0.01589
v 0.076842666 0.010160003 0.034626
v 0.076842666 0.010160003 0.039166
v 0.076842666 0.010160003 0.057902001
v 0.076842666 0.010160003 0.062442001
v 0.076842666 0.010160003 0.081178002
v 0.076842666 0.010160003 0.085717998
v 0.076842666 0.010160003 0.104454
v 0.076842666 0.010160003 0.108994
v 0.076842666 0.010160003 0.12773
v 0.076842666 0.010390684 0.13327
v 0.076842666 0.011283819 0.14399464
v 0.076842666 0.011712484 0.149142
v 0.076842666 0.013490003 0.01589
v 0.076842666 0.013490003 0.034626
v 0.076842666 0.013490003 0.039166
v 0.076842666 0.013490003 0.057902001
v 0.076842666 0.013490003 0.062442001
v 0.076842666 0.013490003 0.081178002
v 0.076842666 0.016910002 0.085717998
v 0.076842666 0.016910002 0.104454
v 0.076842666 0.016910002 0.108994
v 0.076842666 0.016910002 0.12773
v 0.076842666 0.016910002 0.13327
v 0.076842666 0.016910002 0.149142
v 0.077012815 0.010160003 0.015255
v 0.077012815 0.010160003 0.035261001
v 0.077012815 0.010160003 0.038531002
v 0.077012815 0.010160003 0.058536999
v 0.077012815 0.010160003 0.061806999
v 0.077012815 0.010160003 0.081813
v 0.077012815 0.010160003 0.085083
v 0.077012815 0.010160003 0.105089
v 0.077012815 0.010160003 0.108359
v 0.077012815 0.010160003 0.128365
v 0.077012815 0.010337804 0.132635
v 0.077012815 0.011765368 0.149777
v 0.077012815 0.013490003 0.015255
v 0.077012815 0.013490003 0.035261001
v 0.077012815 0.013490003 0.038531002
v 0.077012815 0.013490003 0.058536999
v 0.077012815 0.013490003 0.061806999
v 0.077012815 0.013490003 0.081813
v 0.077012815 0.016910002 0.085083
v 0.077012815 0.016910002 0.105089
v 0.077012815 0.016910002 0.108359
v 0.077012815 0.016910002 0.128365
v 0.077012815 0.016910002 0.132635
v 0.077012815 0.016910002 0.149777
v 0.077032916 0.10439926 0.161
v 0.077365041 0.013970003 0
v 0.077365041 0.013970003 0.00562
v 0.077365041 0.044387337 0
v 0.077365041 0.044387337 0.00562
v 0.077365041 0.048451338 0
v 0.077365041 0.048451338 0.00562
v 0.077365041 0.078868672 0
v 0.077365041 0.078868672 0.00562
v 0.077365041 0.082932666 0
v 0.077365041 0.082932666 0.00562
v 0.077365041 0.11335 0
v 0.077365041 0.11335 0.00562
v 0.077459455 0.012128774 0.15414077
v 0.077459455 0.012283713 0.15600123
v 0.077459455 0.018910002 0.15357603
v 0.077459455 0.018910002 0.15544941
v 0.077477664 0.010160003 0.014790148
v 0.077477664 0.010160003 0.035725851
v 0.077477664 0.010160003 0.038066149
v 0.077477664 0.010160003 0.059001852
v 0.077477664 0.010160003 0.061342146
v 0.077477664 0.010160003 0.082277849
v 0.077477664 0.010160003 0.084618151
v 0.077477664 0.010160003 0.10555385
v 0.077477664 0.010160003 0.10789414
v 0.077477664 0.010160003 0.12882985
v 0.077477664 0.01029909 0.13217014
v 0.077477664 0.011804078 0.15024185
v 0.077477664 0.013490003 0.014790148
v 0.077477664 0.013490003 0.035725851
v 0.077477664 0.013490003 0.038066149
v 0.077477664 0.013490003 0.059001852
v 0.077477664 0.013490003 0.061342146
v 0.077477664 0.013490003 0.082277849
v 0.077477664 0.016910002 0.084618151
v 0.077477664 0.016910002 0.10555385
v 0.077477664 0.016910002 0.10789414
v 0.077477664 0.016910002 0.12882985
v 0.077477664 0.016910002 0.13217014
v 0.077477664 0.016910002 0.15024185
v 0.077705339 0.015240002 0
v 0.077705339 0.015240002 0.00562
v 0.077705339 0.043117337 0
v 0.077705339 0.043117337 0.00562
v 0.077705339 0.049721338 0
v 0.077705339 0.049721338 0.00562
v 0.077705339 0.054188769 0
v 0.077705339 0.073131233 0
v 0.077705339 0.077598669 0
v 0.077705339 0.077598669 0.00562
v 0.077705339 0.08420267 0
v 0.077705339 0.08420267 0.00562
v 0.077705339 0.11208001 0
v 0.077705339 0.11208001 0.00562
v 0.077709571 0.012206245 0.15507101
v 0.077709571 0.018910002 0.15451272
v 0.077783965 0.010288525 0.13204327
v 0.077783965 0.011814646 0.15036872
v 0.078112669 0.010160003 0.01462
v 0.078112669 0.010160003 0.035896
v 0.078112669 0.010160003 0.037896
v 0.078112669 0.010160003 0.059172001
v 0.078112669 0.010160003 0.061172001
v 0.078112669 0.010160003 0.082447998
v 0.078112669 0.010160003 0.084448002
v 0.078112669 0.010160003 0.105724
v 0.078112669 0.010160003 0.107724
v 0.078112669 0.010160003 0.12899999
v 0.078112669 0.010284923 0.132
v 0.078112669 0.011818249 0.15041199
v 0.078112669 0.013490003 0.01462
v 0.078112669 0.013490003 0.035896
v 0.078112669 0.013490003 0.037896
v 0.078112669 0.013490003 0.059172001
v 0.078112669 0.013490003 0.061172001
v 0.078112669 0.013490003 0.082447998
v 0.078112669 0.016910002 0.084448002
v 0.078112669 0.016910002 0.105724
v 0.078112669 0.016910002 0.107724
v 0.078112669 0.016910002 0.12899999
v 0.078112669 0.016910002 0.132
v 0.078112669 0.016910002 0.15041199
v 0.078620672 0.011818249 0.15041199
v 0.078620672 0.016910002 0.15041199
v 0.078949369 0.011821851 0.15045528
v 0.079229333 0.015240002 0
v 0.079229333 0.015240002 0.00562
v 0.079229333 0.043117337 0
v 0.079229333 0.043117337 0.00562
v 0.079229333 0.049721338 0
v 0.079229333 0.049721338 0.00562
v 0.079229333 0.054188769 0
v 0.079229333 0.073131233 0
v 0.079229333 0.077598669 0
v 0.079229333 0.077598669 0.00562
v 0.079229333 0.08420267 0
v 0.079229333 0.08420267 0.00562
v 0.079229333 0.11208001 0
v 0.079229333 0.11208001 0.00562
v 0.07925567 0.01183242 0.15058215
v 0.07925567 0.016910002 0.15058215
v 0.079303272 0.031770531 0.15700001
v 0.07956963 0.013970003 0
v 0.07956963 0.013970003 0.00562
v 0.07956963 0.044387337 0
v 0.07956963 0.044387337 0.00562
v 0.07956963 0.048451338 0
v 0.07956963 0.048451338 0.00562
v 0.07956963 0.078868672 0
v 0.07956963 0.078868672 0.00562
v 0.07956963 0.082932666 0
v 0.07956963 0.082932666 0.00562
v 0.07956963 0.11335 0
v 0.07956963 0.11335 0.00562
v 0.079720519 0.011871129 0.15104701
v 0.079720519 0.016910002 0.15104701
v 0.079890668 0.011924013 0.151682
v 0.079890668 0.012177847 0.15473001
v 0.079890668 0.016910002 0.151682
v 0.079890668 0.016910002 0.15473001
v 0.080060817 0.012230728 0.15536501
v 0.080060817 0.016910002 0.15536501
v 0.080499336 0.0130403 0
v 0.080499336 0.0130403 0.00562
v 0.080499336 0.045317039 0
v 0.080499336 0.045317039 0.00562
v 0.080499336 0.047521632 0
v 0.080499336 0.047521632 0.00562
v 0.080499336 0.079798371 0
v 0.080499336 0.079798371 0.00562
v 0.080499336 0.082002968 0
v 0.080499336 0.082002968 0.00562
v 0.080499336 0.1142797 0
v 0.080499336 0.1142797 0.00562
v 0.080525666 0.012269441 0.15582985
v 0.080525666 0.016910002 0.15582985
v 0.080831967 0.012280006 0.15595673
v 0.081160665 0.012283608 0.156
v 0.081160665 0.016910002 0.156
v 0.081520155 0.027356353 0.161
v 0.081769332 0.012700003 0
v 0.081769332 0.012700003 0.00562
v 0.081769332 0.045657337 0
v 0.081769332 0.045657337 0.00562
v 0.081769332 0.047181338 0
v 0.081769332 0.047181338 0.00562
v 0.081769332 0.080138668 0
v 0.081769332 0.080138668 0.00562
v 0.081769332 0.08166267 0
v 0.081769332 0.08166267 0.00562
v 0.081769332 0.11462 0
v 0.081769332 0.11462 0.00562
v 0.083037995 0.095893234 0.15700001
v 0.085752338 0.1000202 0.161
v 0.086497135 0.036502011 0.15700001
v 0.089633927 0.090358585 0.15700001
v 0.089672245 0.032718066 0.161
v 0.090986311 0.018910002 0.068810001
v 0.090986311 0.018910002 0.085419022
v 0.090986311 0.018910002 0.11783
v 0.090986311 0.018910002 0.14313565
v 0.090986311 0.018910002 0.15700001
v 0.09204454 0 0
v 0.09204454 0.0015981048 0
v 0.09204454 0.010411903 0
v 0.09204454 0.012700003 0
v 0.09204454 0.045657337 0
v 0.09204454 0.047181338 0
v 0.09204454 0.080138668 0
v 0.09204454 0.080900669 0
v 0.09204454 0.08166267 0
v 0.09204454 0.11462 0
v 0.09204454 0.1169081 0
v 0.09204454 0.12732001 0
v 0.092405938 0.042764977 0.15700001
v 0.09322685 0.093748339 0.161
v 0.094775692 0.083452001 0.15700001
v 0.096368097 0.039815255 0.161
v 0.096711129 0.050221782 0.15700001
v 0.098186083 0.075545818 0.15700001
v 0.099053502 0.085921794 0.161
v 0.099180609 0.058470435 0.15700001
v 0.099681258 0.067066245 0.15700001
v 0.099938005 0.010160003 0.01462
v 0.099938005 0.010160003 0.035896
v 0.099938005 0.010160003 0.037896
v 0.099938005 0.010160003 0.059172001
v 0.099938005 0.010160003 0.061172001
v 0.099938005 0.010160003 0.082447998
v 0.099938005 0.010160003 0.084448002
v 0.099938005 0.010160003 0.105724
v 0.099938005 0.010160003 0.107724
v 0.099938005 0.010160003 0.12899999
v 0.099938005 0.010284923 0.132
v 0.099938005 0.012283608 0.156
v 0.099938005 0.013490003 0.01462
v 0.099938005 0.013490003 0.035896
v 0.099938005 0.013490003 0.037896
v 0.099938005 0.013490003 0.059172001
v 0.099938005 0.013490003 0.061172001
v 0.099938005 0.013490003 0.082447998
v 0.099938005 0.016910002 0.084448002
v 0.099938005 0.016910002 0.105724
v 0.099938005 0.016910002 0.107724
v 0.099938005 0.016910002 0.12899999
v 0.099938005 0.016910002 0.132
v 0.099938005 0.016910002 0.156
v 0.10016 0.015240002 0.064999998
v 0.10016 0.026590005 0.064999998
v 0.10016 0.055810004 0.064999998
v 0.10016 0.065290004 0.064999998
v 0.10016 0.094510004 0.064999998
v 0.10016 0.10287 0.064999998
v 0.10017017 0.026582468 0.06499999
v 0.10017017 0.055817537 0.06499999
v 0.10017017 0.065282471 0.06499999
v 0.10017017 0.094517536 0.06499999
v 0.1002667 0.010288525 0.13204327
v 0.1002667 0.012280006 0.15595673
v 0.100573 0.010160003 0.014790148
v 0.100573 0.010160003 0.035725851
v 0.100573 0.010160003 0.038066149
v 0.100573 0.010160003 0.059001852
v 0.100573 0.010160003 0.061342146
v 0.100573 0.010160003 0.082277849
v 0.100573 0.010160003 0.084618151
v 0.100573 0.010160003 0.10555385
v 0.100573 0.010160003 0.10789414
v 0.100573 0.010160003 0.12882985
v 0.100573 0.01029909 0.13217014
v 0.100573 0.012269441 0.15582985
v 0.100573 0.013490003 0.014790148
v 0.100573 0.013490003 0.035725851
v 0.100573 0.013490003 0.038066149
v 0.100573 0.013490003 0.059001852
v 0.100573 0.013490003 0.061342146
v 0.100573 0.013490003 0.082277849
v 0.100573 0.016910002 0.084618151
v 0.100573 0.016910002 0.10555385
v 0.100573 0.016910002 0.10789414
v 0.100573 0.016910002 0.12882985
v 0.100573 0.016910002 0.13217014
v 0.100573 0.016910002 0.15582985
v 0.10103785 0.010160003 0.015255
v 0.10103785 0.010160003 0.035261001
v 0.10103785 0.010160003 0.038531002
v 0.10103785 0.010160003 0.058536999
v 0.10103785 0.010160003 0.061806999
v 0.10103785 0.010160003 0.081813
v 0.10103785 0.010160003 0.085083
v 0.10103785 0.010160003 0.105089
v 0.10103785 0.010160003 0.108359
v 0.10103785 0.010160003 0.128365
v 0.10103785 0.010337804 0.132635
v 0.10103785 0.012230728 0.15536501
v 0.10103785 0.013490003 0.015255
v 0.10103785 0.013490003 0.035261001
v 0.10103785 0.013490003 0.038531002
v 0.10103785 0.013490003 0.058536999
v 0.10103785 0.013490003 0.061806999
v 0.10103785 0.013490003 0.081813
v 0.10103785 0.016910002 0.085083
v 0.10103785 0.016910002 0.105089
v 0.10103785 0.016910002 0.108359
v 0.10103785 0.016910002 0.128365
v 0.10103785 0.016910002 0.132635
v 0.10103785 0.016910002 0.15536501
v 0.10120317 0.025821961 0.064861581
v 0.10120317 0.056578048 0.064861581
v 0.10120317 0.064521961 0.064861581
v 0.10120317 0.095278047 0.064861581
v 0.101208 0.010160003 0.01589
v 0.101208 0.010160003 0.034626
v 0.101208 0.010160003 0.039166
v 0.101208 0.010160003 0.057902001
v 0.101208 0.010160003 0.062442001
v 0.101208 0.010160003 0.081178002
v 0.101208 0.010160003 0.085717998
v 0.101208 0.010160003 0.104454
v 0.101208 0.010160003 0.108994
v 0.101208 0.010160003 0.12773
v 0.101208 0.010390684 0.13327
v 0.101208 0.011283819 0.14399464
v 0.101208 0.012177847 0.15473001
v 0.101208 0.013490003 0.01589
v 0.101208 0.013490003 0.034626
v 0.101208 0.013490003 0.039166
v 0.101208 0.013490003 0.057902001
v 0.101208 0.013490003 0.062442001
v 0.101208 0.013490003 0.081178002
v 0.101208 0.016910002 0.085717998
v 0.101208 0.016910002 0.104454
v 0.101208 0.016910002 0.108994
v 0.101208 0.016910002 0.12773
v 0.101208 0.016910002 0.13327
v 0.101208 0.016910002 0.15473001
v 0.10124674 0.048265308 0.161
v 0.10165075 0.025501467 0.064711832
v 0.10165075 0.056898542 0.064711832
v 0.10165075 0.095598541 0.064711832
v 0.10195801 0.010160003 0.0076199998
v 0.10195801 0.010160003 0.01112
v 0.10195801 0.010160003 0.036896002
v 0.10195801 0.010160003 0.060791001
v 0.10195801 0.010160003 0.082828999
v 0.10195801 0.010160003 0.083829001
v 0.10195801 0.010160003 0.106724
v 0.10195801 0.010160003 0.1305
v 0.10197288 0.025277499 0.064565599
v 0.10197288 0.057122506 0.064565599
v 0.10197288 0.063977502 0.064565599
v 0.10197288 0.095822506 0.064565599
v 0.10198537 0.015240002 0.064559214
v 0.10198537 0.10287 0.064559214
v 0.102145 0.018910002 0.068810001
v 0.102145 0.018910002 0.15700001
v 0.102145 0.11240432 0.15700001
v 0.102145 0.11461121 0.068810001
v 0.10245701 0.024957456 0.064274713
v 0.10245701 0.057442553 0.064274713
v 0.10245701 0.063657455 0.064274713
v 0.10245701 0.096142553 0.064274713
v 0.102708 0 0.0076199998
v 0.102708 0.010160003 0.0076199998
v 0.102708 0.010160003 0.01112
v 0.102708 0.010160003 0.036896002
v 0.102708 0.010160003 0.060791001
v 0.102708 0.010160003 0.082828999
v 0.102708 0.010160003 0.083829001
v 0.102708 0.010160003 0.106724
v 0.102708 0.010160003 0.1305
v 0.10279111 0.010158643 0.13048367
v 0.10287413 0.010154564 0.13043469
v 0.1029012 0.024692338 0.063913047
v 0.1029012 0.057707667 0.063913047
v 0.1029012 0.096407667 0.063913047
v 0.10291816 0.076962501 0.161
v 0.10294423 0.026620004 0.068301998
v 0.10294423 0.060550004 0.068301998
v 0.10294423 0.10070001 0.068301998
v 0.10303953 0.010138273 0.13023907
v 0.10311624 0.010126982 0.10366
v 0.10311624 0.010284923 0.132
v 0.10311624 0.010844812 0.10366
v 0.10311624 0.010844812 0.132
v 0.10321133 0.010109633 0.10293931
v 0.10321154 0.010109592 0.10438149
v 0.10324505 0.024520371 0.063546076
v 0.10324505 0.057879634 0.063546076
v 0.10324505 0.063220374 0.063546076
v 0.10324505 0.096579634 0.063546076
v 0.10331303 0.026620004 0.068915807
v 0.10331303 0.060550004 0.068915807
v 0.10331303 0.10070001 0.068915807
v 0.10336541 0.010073453 0.0077065486
v 0.10336541 0.010073453 0.12946074
v 0.10340844 0.015240002 0.063334011
v 0.10340844 0.10287 0.063334011
v 0.10343179 0.026116874 0.068938643
v 0.10343179 0.027123131 0.068938643
v 0.10343179 0.060046874 0.068938643
v 0.10343179 0.061053131 0.068938643
v 0.10343179 0.10019688 0.068938643
v 0.10343179 0.10120313 0.068938643
v 0.10348852 0.010037106 0.10227062
v 0.10348852 0.010037106 0.10504938
v 0.10348852 0.010169216 0.13061062
v 0.10348852 0.010400627 0.13338938
v 0.10348852 0.010844812 0.10227062
v 0.10348852 0.010844812 0.10504938
v 0.10348852 0.010844812 0.13061062
v 0.10348852 0.010844812 0.13338938
v 0.10366 0.025428742 0.068301998
v 0.10366 0.025588341 0.067706369
v 0.10366 0.025588341 0.068897627
v 0.10366 0.025646809 0.068989024
v 0.10366 0.026024371 0.067270339
v 0.10366 0.026620004 0.06711074
v 0.10366 0.027215634 0.067270339
v 0.10366 0.027593195 0.068989024
v 0.10366 0.027651664 0.067706369
v 0.10366 0.027651664 0.068897627
v 0.10366 0.027811263 0.068301998
v 0.10366 0.059358742 0.068301998
v 0.10366 0.059518341 0.067706369
v 0.10366 0.059518341 0.068897627
v 0.10366 0.059576809 0.068989024
v 0.10366 0.059954375 0.067270339
v 0.10366 0.060550004 0.06711074
v 0.10366 0.061145633 0.067270339
v 0.10366 0.061523195 0.068989024
v 0.10366 0.061581664 0.067706369
v 0.10366 0.061581664 0.068897627
v 0.10366 0.061741263 0.068301998
v 0.10366 0.099508747 0.068301998
v 0.10366 0.099668339 0.067706369
v 0.10366 0.099668339 0.068897627
v 0.10366 0.099726811 0.068989024
v 0.10366 0.10010438 0.067270339
v 0.10366 0.10070001 0.06711074
v 0.10366 0.10129564 0.067270339
v 0.10366 0.1016732 0.068989024
v 0.10366 0.10173167 0.067706369
v 0.10366 0.10173167 0.068897627
v 0.10366 0.10189126 0.068301998
v 0.10373212 0.024390005 0.062799998
v 0.10373212 0.058010004 0.062799998
v 0.10373212 0.063090004 0.062799998
v 0.10373212 0.096710004 0.062799998
v 0.10382733 0.11242277 0.15677851
v 0.103978 0 0.0079602953
v 0.103978 0.0098197088 0.0079602953
v 0.103978 0.0098197088 0.10164838
v 0.103978 0.0098197088 0.10567162
v 0.103978 0.0098197088 0.12641378
v 0.10404515 0.057612684 0.161
v 0.10411559 0.015240002 0.061594412
v 0.10411559 0.024390005 0.061594412
v 0.10411559 0.058010004 0.061594412
v 0.10411559 0.063090004 0.061594412
v 0.10411559 0.096710004 0.061594412
v 0.10411559 0.10287 0.061594412
v 0.10426305 0.010844812 0.10366
v 0.10426305 0.010844812 0.132
v 0.10426305 0.018910002 0.10366
v 0.10426305 0.018910002 0.132
v 0.10448169 0.010844812 0.10284402
v 0.10448169 0.010844812 0.10447598
v 0.10448169 0.010844812 0.13118403
v 0.10448169 0.010844812 0.13281597
v 0.10448169 0.018910002 0.10284402
v 0.10448169 0.018910002 0.10447598
v 0.10448169 0.018910002 0.13118403
v 0.10448169 0.018910002 0.13281597
v 0.10450405 0.0094160549 0.12156676
v 0.10450562 0.0094144829 0.10125352
v 0.10450562 0.0094144829 0.10606648
v 0.10450562 0.010084514 0.12959352
v 0.10450562 0.010485329 0.13440648
v 0.10450562 0.010844812 0.10125352
v 0.10450562 0.010844812 0.10606648
v 0.10450562 0.010844812 0.12959352
v 0.10450562 0.010844812 0.13440648
v 0.10461249 0.067353457 0.161
v 0.1046305 0 0.0085000005
v 0.10470105 0.026024371 0.069333665
v 0.10470105 0.027215634 0.069333665
v 0.10470105 0.059954375 0.069333665
v 0.10470105 0.061145633 0.069333665
v 0.10470105 0.10010438 0.069333665
v 0.10470105 0.10129564 0.069333665
v 0.10471 0.015240002 0.061000001
v 0.10471 0.024390005 0.061000001
v 0.10471 0.058010004 0.061000001
v 0.10471 0.063090004 0.061000001
v 0.10471 0.096710004 0.061000001
v 0.10471 0.10287 0.061000001
v 0.104785 0.015240002 0.0088900002
v 0.104785 0.015240002 0.061000001
v 0.104785 0.024390005 0.061000001
v 0.104785 0.026590005 0.0088900002
v 0.104785 0.055810004 0.0088900002
v 0.104785 0.058010004 0.061000001
v 0.104785 0.063090004 0.061000001
v 0.104785 0.065290004 0.0088900002
v 0.104785 0.094510004 0.0088900002
v 0.104785 0.096710004 0.061000001
v 0.104785 0.10287 0.0088900002
v 0.104785 0.10287 0.061000001
v 0.10479516 0.026582468 0.0088900132
v 0.10479516 0.055817537 0.0088900132
v 0.10479516 0.065282471 0.0088900132
v 0.10479516 0.094517536 0.0088900132
v 0.10485974 0.12437001 0
v 0.10485974 0.12437001 0.0076199998
v 0.10490771 3.2484531e-05 0.0088900002
v 0.10490771 0.008890003 0.0088900002
v 0.10490771 0.008890003 0.10106255
v 0.10490771 0.008890003 0.10625745
v 0.10490771 0.008890003 0.11525
v 0.10494179 0.026964158 0.069442466
v 0.10494179 0.060894158 0.069442466
v 0.10494179 0.10104416 0.069442466
v 0.10494193 0.026276086 0.069442533
v 0.10494193 0.060206085 0.069442533
v 0.10494193 0.10035609 0.069442533
v 0.10501808 0.026439089 0.069479443
v 0.10501808 0.060369089 0.069479443
v 0.10501808 0.10051909 0.069479443
v 0.10501811 0.026800837 0.069479458
v 0.10501811 0.060730837 0.069479458
v 0.10501811 0.10088084 0.069479458
v 0.10501934 0.12377437 0
v 0.10501934 0.12377437 0.0076199998
v 0.10501934 0.12496564 0
v 0.10501934 0.12496564 0.0076199998
v 0.10504596 0.026620004 0.069493257
v 0.10504596 0.060550004 0.069493257
v 0.10504596 0.10070001 0.069493257
v 0.10507903 0.010844812 0.10224669
v 0.10507903 0.010844812 0.10507331
v 0.10507903 0.010844812 0.13058668
v 0.10507903 0.010844812 0.13341331
v 0.10507903 0.018910002 0.10224669
v 0.10507903 0.018910002 0.10507331
v 0.10507903 0.018910002 0.13058668
v 0.10507903 0.018910002 0.13341331
v 0.10507919 0.0085305423 0.11093364
v 0.10512095 0.049723335 0.15627873
v 0.10512095 0.077596672 0.15627873
v 0.10517581 0.010061394 0.12931593
v 0.10517581 0.010508448 0.13468407
v 0.10519237 0.0081486963 0.10634846
v 0.10519904 0.050140589 0.15623784
v 0.10519904 0.078013927 0.15623784
v 0.1051991 0.049305927 0.15623781
v 0.1051991 0.077179261 0.15623781
v 0.10524675 0.0076997764 0.10095792
v 0.105248 0.00013824552 0.01016
v 0.105248 0.0076200031 0.01016
v 0.105248 0.0076200031 0.1
v 0.105395 0.018910002 0.069680832
v 0.105395 0.018910002 0.15612917
v 0.105395 0.050505597 0.15612917
v 0.105395 0.078378931 0.15612917
v 0.105395 0.11247685 0.15612917
v 0.105395 0.11461121 0.069680832
v 0.10545537 0.12333834 0
v 0.10545537 0.12333834 0.0076199998
v 0.10545537 0.12540166 0
v 0.10545537 0.12540166 0.0076199998
v 0.10546874 0.096870005 0.063450001
v 0.10546874 0.10287 0.063450001
v 0.1055115 0.048789889 0.15606028
v 0.1055115 0.076663218 0.15606028
v 0.10552084 0.050667815 0.15605462
v 0.10552084 0.078541152 0.15605462
v 0.10562834 0.096870005 0.062854372
v 0.10562834 0.096870005 0.06404563
v 0.10562834 0.10287 0.062854372
v 0.10562834 0.10287 0.06404563
v 0.10582817 0.025821961 0.0090284208
v 0.10582817 0.056578048 0.0090284208
v 0.10582817 0.064521961 0.0090284208
v 0.10582817 0.095278047 0.0090284208
v 0.10583425 0.096668139 0.063227132
v 0.10587139 0.096701369 0.062994696
v 0.105895 0.0081562139 0.10643876
v 0.105895 0.010053508 0.12922125
v 0.105895 0.010516334 0.13477875
v 0.105895 0.010844812 0.10088124
v 0.105895 0.010844812 0.10202805
v 0.105895 0.010844812 0.10529195
v 0.105895 0.010844812 0.10643876
v 0.105895 0.010844812 0.12922125
v 0.105895 0.010844812 0.13036805
v 0.105895 0.010844812 0.13363194
v 0.105895 0.010844812 0.13477875
v 0.105895 0.018910002 0.10202805
v 0.105895 0.018910002 0.10529195
v 0.105895 0.018910002 0.13036805
v 0.105895 0.018910002 0.13363194
v 0.10589501 0.0076933913 0.10088124
v 0.10589848 0.096611783 0.063450001
v 0.10600191 0.096710004 0.062799998
v 0.106051 0.12317874 0
v 0.106051 0.12317874 0.0076199998
v 0.106051 0.12556127 0
v 0.106051 0.12556127 0.0076199998
v 0.10606437 0.096870005 0.062418338
v 0.10606437 0.096870005 0.064481661
v 0.10606437 0.10287 0.062418338
v 0.10606437 0.10287 0.064481661
v 0.10616148 0.096500099 0.063737817
v 0.10619751 0.096710004 0.062648945
v 0.1062648 0.012700003 0.161
v 0.1062648 0.02018021 0.161
v 0.1062648 0.11462 0.161
v 0.10627575 0.025501467 0.0091781719
v 0.10627575 0.056898542 0.0091781719
v 0.10627575 0.064201467 0.0091781719
v 0.10627575 0.095598541 0.0091781719
v 0.10636307 0.048106555 0.15544549
v 0.10636307 0.051340118 0.15544549
v 0.10636307 0.075979888 0.15544549
v 0.10636307 0.079213455 0.15544549
v 0.1064237 0.096438192 0.063859284
v 0.1066142 0.0077012777 0.10097592
v 0.1066142 0.0081483312 0.10634407
v 0.1066142 0.010061394 0.12931593
v 0.1066142 0.010508448 0.13468407
v 0.10664663 0.12333834 0
v 0.10664663 0.12333834 0.0076199998
v 0.10664663 0.12540166 0
v 0.10664663 0.12540166 0.0076199998
v 0.10666 0.096419826 0.063892044
v 0.10666 0.096710004 0.062525027
v 0.10666 0.096870005 0.062258739
v 0.10666 0.096870005 0.06464126
v 0.10666 0.10287 0.062258739
v 0.10666 0.10287 0.06464126
v 0.10671098 0.010844812 0.10224669
v 0.10671098 0.010844812 0.10507331
v 0.10671098 0.010844812 0.13058668
v 0.10671098 0.010844812 0.13341331
v 0.10671098 0.018910002 0.10224669
v 0.10671098 0.018910002 0.10507331
v 0.10671098 0.018910002 0.13058668
v 0.10671098 0.018910002 0.13341331
v 0.10677488 0.02515775 0.0094200736
v 0.10677488 0.057242256 0.0094200736
v 0.10677488 0.063857749 0.0094200736
v 0.10677488 0.095942259 0.0094200736
v 0.10678 0.012700003 0
v 0.10678 0.012700003 0.00562
v 0.10678 0.045657337 0
v 0.10678 0.045657337 0.00562
v 0.10678 0.047181338 0
v 0.10678 0.047181338 0.00562
v 0.10678 0.080138668 0
v 0.10678 0.080138668 0.00562
v 0.10678 0.08166267 0
v 0.10678 0.08166267 0.00562
v 0.10678 0.11462 0
v 0.10678 0.11462 0.00562
v 0.106785 0.015240002 0.0094258981
v 0.106785 0.015240002 0.060464103
v 0.106785 0.024390005 0.060464103
v 0.106785 0.058010004 0.060464103
v 0.106785 0.063090004 0.060464103
v 0.106785 0.096710004 0.060464103
v 0.106785 0.10287 0.0094258981
v 0.106785 0.10287 0.060464103
v 0.1068963 0.096438192 0.063859284
v 0.10708201 0.024957456 0.0096152844
v 0.10708201 0.057442553 0.0096152844
v 0.10708201 0.063657455 0.0096152844
v 0.10708201 0.096142553 0.0096152844
v 0.10708266 0.12377437 0
v 0.10708266 0.12377437 0.0076199998
v 0.10708266 0.12496564 0
v 0.10708266 0.12496564 0.0076199998
v 0.10712249 0.096710004 0.062648945
v 0.10715852 0.096500099 0.063737817
v 0.10720581 0.047856435 0.154579
v 0.10720581 0.051590238 0.154579
v 0.10720581 0.075729772 0.154579
v 0.10720581 0.079463571 0.154579
v 0.10724226 0.12437001 0
v 0.10724226 0.12437001 0.0076199998
v 0.10725563 0.096870005 0.062418338
v 0.10725563 0.096870005 0.064481661
v 0.10725563 0.10287 0.062418338
v 0.10725563 0.10287 0.064481661
v 0.10728438 0.0077243932 0.10125352
v 0.10728438 0.008125212 0.10606648
v 0.10728438 0.010084514 0.12959352
v 0.10728438 0.010485329 0.13440648
v 0.10728438 0.010844812 0.10125352
v 0.10728438 0.010844812 0.10606648
v 0.10728438 0.010844812 0.12959352
v 0.10728438 0.010844812 0.13440648
v 0.10730831 0.010844812 0.10284402
v 0.10730831 0.010844812 0.10447598
v 0.10730831 0.010844812 0.13118403
v 0.10730831 0.010844812 0.13281597
v 0.10730831 0.018910002 0.10284402
v 0.10730831 0.018910002 0.10447598
v 0.10730831 0.018910002 0.13118403
v 0.10730831 0.018910002 0.13281597
v 0.10731809 0.096710004 0.062799998
v 0.10742152 0.096611783 0.063450001
v 0.10744861 0.096701369 0.062994696
v 0.10747404 0.10070001 0.0099287396
v 0.10748576 0.096668154 0.06322705
v 0.10752077 0.1003824 0.0099718571
v 0.10752083 0.1010178 0.0099719111
v 0.1075262 0.024692338 0.0099769533
v 0.1075262 0.057707667 0.0099769533
v 0.1075262 0.063392341 0.0099769533
v 0.1075262 0.096407667 0.0099769533
v 0.10752695 0.010844812 0.10366
v 0.10752695 0.010844812 0.132
v 0.10752695 0.018910002 0.10366
v 0.10752695 0.018910002 0.132
v 0.10763994 0.10010438 0.010088339
v 0.10763994 0.10129564 0.010088339
v 0.10769166 0.096870005 0.062854372
v 0.10769166 0.096870005 0.06404563
v 0.10769166 0.10287 0.062854372
v 0.10769166 0.10287 0.06404563
v 0.10777417 0.018910002 0.072059996
v 0.10777417 0.018910002 0.15375
v 0.10777417 0.051373385 0.15375
v 0.10777417 0.079246715 0.15375
v 0.10777417 0.11267498 0.15375
v 0.10777417 0.11461121 0.072059996
v 0.10777604 0.048075087 0.15374675
v 0.10777604 0.075948417 0.15374675
v 0.10780641 0.051340792 0.1536935
v 0.10780641 0.079214126 0.1536935
v 0.10780704 0.048106555 0.15369238
v 0.10780704 0.075979888 0.15369238
v 0.10784601 0.015950002 0.15139879
v 0.10784601 0.015950002 0.161
v 0.10784601 0.10062 0.15362227
v 0.10784601 0.10062 0.161
v 0.10785126 0.096870005 0.063450001
v 0.10785126 0.10287 0.063450001
v 0.10786298 0.10039315 0.15359107
v 0.10786302 0.10084718 0.15359098
v 0.10787004 0.024520371 0.010343924
v 0.10787004 0.057879634 0.010343924
v 0.10787004 0.063220374 0.010343924
v 0.10787004 0.096579634 0.010343924
v 0.10790935 0.10105483 0.15350372
v 0.10790937 0.10018513 0.15350369
v 0.10799834 0.048397236 0.15332638
v 0.10799834 0.076270565 0.15332638
v 0.10799874 0.051048599 0.15332556
v 0.10799874 0.078921929 0.15332556
v 0.10801049 0.099668339 0.01052437
v 0.10801049 0.10173167 0.01052437
v 0.10805 0.0130403 0
v 0.10805 0.0130403 0.00562
v 0.10805 0.045317039 0
v 0.10805 0.045317039 0.00562
v 0.10805 0.047521632 0
v 0.10805 0.047521632 0.00562
v 0.10805 0.079798371 0
v 0.10805 0.079798371 0.00562
v 0.10805 0.082002968 0
v 0.10805 0.082002968 0.00562
v 0.10805 0.1142797 0
v 0.10805 0.1142797 0.00562
v 0.10805018 0.015188005 0.15139879
v 0.10805018 0.015188005 0.161
v 0.10805018 0.016712002 0.15139879
v 0.10805018 0.016712002 0.161
v 0.10805018 0.099858001 0.15321641
v 0.10805018 0.099858001 0.161
v 0.10805018 0.101382 0.15321641
v 0.10805018 0.101382 0.161
v 0.10813087 0.048789889 0.15303366
v 0.10813087 0.050656788 0.15303366
v 0.10813087 0.076663218 0.15303366
v 0.10813087 0.078530118 0.15303366
v 0.10820416 0.049238615 0.15285301
v 0.10820416 0.077111945 0.15285301
v 0.10820419 0.050207652 0.15285291
v 0.10820419 0.078080989 0.15285291
v 0.10822797 0.049723335 0.15279076
v 0.10822797 0.077596672 0.15279076
v 0.10824499 0.10186743 0.010882894
v 0.10824735 0.024399392 0.010886979
v 0.10824735 0.058000617 0.010886979
v 0.10824735 0.063099392 0.010886979
v 0.10824735 0.096700616 0.010886979
v 0.1082491 0.015240002 0.01089
v 0.1082491 0.015240002 0.059
v 0.1082491 0.024390005 0.059
v 0.1082491 0.058010004 0.059
v 0.1082491 0.063090004 0.059
v 0.1082491 0.096710004 0.059
v 0.1082491 0.099531159 0.01089
v 0.1082491 0.10287 0.01089
v 0.1082491 0.10287 0.059
v 0.10828114 0 0
v 0.10828114 0.0015981048 0
v 0.10828114 0.010411903 0
v 0.10828114 0.080900669 0
v 0.10828114 0.1169081 0
v 0.10828114 0.12732001 0
v 0.10830148 0.0078090988 0.10227062
v 0.10830148 0.0080405101 0.10504938
v 0.10830148 0.010169216 0.13061062
v 0.10830148 0.010400627 0.13338938
v 0.10830148 0.010844812 0.10227062
v 0.10830148 0.010844812 0.10504938
v 0.10830148 0.010844812 0.13061062
v 0.10830148 0.010844812 0.13338938
v 0.10835712 0.024390005 0.01109
v 0.10835712 0.058010004 0.01109
v 0.10835712 0.063090004 0.01109
v 0.10835712 0.096710004 0.01109
v 0.10836971 0.099508747 0.011115217
v 0.10837208 0.10189126 0.01112
v 0.10837243 0.099467866 0.15236257
v 0.10837364 0.10177319 0.15235849
v 0.10840625 0.024390005 0.058699001
v 0.10840625 0.058010004 0.058699001
v 0.10840625 0.063090004 0.058699001
v 0.10840625 0.096710004 0.058699001
v 0.10841045 0.024390005 0.0112
v 0.10841045 0.058010004 0.0112
v 0.10841045 0.063090004 0.0112
v 0.10841045 0.096710004 0.0112
v 0.10845999 0.10535325 0.15508479
v 0.10845999 0.11251415 0.15568115
v 0.10850605 0.10185224 0.011422422
v 0.10850611 0.099547803 0.011422568
v 0.10858256 0.099315196 0.15139879
v 0.10858256 0.10192481 0.15139879
v 0.108608 0.01463018 0.15139879
v 0.108608 0.01463018 0.161
v 0.108608 0.017269827 0.15139879
v 0.108608 0.017269827 0.161
v 0.108608 0.099300176 0.15139879
v 0.108608 0.099300176 0.161
v 0.108608 0.10193983 0.15139879
v 0.108608 0.10193983 0.161
v 0.10860872 0.099668339 0.01171563
v 0.10860872 0.10173167 0.01171563
v 0.10861839 0.096638441 0.058142431
v 0.10861872 0.063161865 0.058141313
v 0.1086196 0.10530381 0.15567838
v 0.1086196 0.10540268 0.15449122
v 0.1086196 0.11246473 0.15627472
v 0.1086196 0.1125636 0.15508758
v 0.10862034 0.100005 0.15106572
v 0.10862034 0.10123501 0.15106572
v 0.10862109 0.063161604 0.011756693
v 0.10862148 0.057938065 0.011757989
v 0.10862148 0.096638069 0.011757989
v 0.10863096 0.10062 0.15092716
v 0.108645 0.018910002 0.075309999
v 0.108645 0.018910002 0.085419022
v 0.108645 0.018910002 0.11783
v 0.108645 0.018910002 0.14313565
v 0.108645 0.018910002 0.1505
v 0.108645 0.029011354 0.10366
v 0.108645 0.029011354 0.132
v 0.108645 0.029265724 0.10271067
v 0.108645 0.029265724 0.10460933
v 0.108645 0.029265724 0.13105068
v 0.108645 0.029265724 0.13294932
v 0.108645 0.029960677 0.10201572
v 0.108645 0.029960677 0.10530428
v 0.108645 0.029960677 0.13035572
v 0.108645 0.029960677 0.13364428
v 0.108645 0.030910004 0.10176135
v 0.108645 0.030910004 0.10555865
v 0.108645 0.030910004 0.13010135
v 0.108645 0.030910004 0.13389865
v 0.108645 0.031859327 0.10201572
v 0.108645 0.031859327 0.10530428
v 0.108645 0.031859327 0.13035572
v 0.108645 0.031859327 0.13364428
v 0.108645 0.032554284 0.10271067
v 0.108645 0.032554284 0.10460933
v 0.108645 0.032554284 0.13105068
v 0.108645 0.032554284 0.13294932
v 0.108645 0.032808654 0.10366
v 0.108645 0.032808654 0.132
v 0.108645 0.10091135 0.10366
v 0.108645 0.10091135 0.132
v 0.108645 0.10116573 0.10271067
v 0.108645 0.10116573 0.10460933
v 0.108645 0.10116573 0.13105068
v 0.108645 0.10116573 0.13294932
v 0.108645 0.10186068 0.10201572
v 0.108645 0.10186068 0.10530428
v 0.108645 0.10186068 0.13035572
v 0.108645 0.10186068 0.13364428
v 0.108645 0.10281 0.10176135
v 0.108645 0.10281 0.10555865
v 0.108645 0.10281 0.13010135
v 0.108645 0.10281 0.13389865
v 0.108645 0.10375933 0.10201572
v 0.108645 0.10375933 0.10530428
v 0.108645 0.10375933 0.13035572
v 0.108645 0.10375933 0.13364428
v 0.108645 0.10445428 0.10271067
v 0.108645 0.10445428 0.10460933
v 0.108645 0.10445428 0.13105068
v 0.108645 0.10445428 0.13294932
v 0.108645 0.10470866 0.10366
v 0.108645 0.10470866 0.132
v 0.108645 0.11294564 0.1505
v 0.108645 0.11461121 0.075309999
v 0.108645 0.11461121 0.1305
v 0.10867377 0.0079248026 0.10366
v 0.10867377 0.010284923 0.132
v 0.10867377 0.010844812 0.10366
v 0.10867377 0.010844812 0.132
v 0.10867548 0.1015443 0.011960397
v 0.10867555 0.099855974 0.011960666
v 0.10869209 0.024557468 0.057857096
v 0.10869209 0.057842538 0.057857096
v 0.10869406 0.024557468 0.012041903
v 0.10871626 0.10010438 0.012151661
v 0.10871626 0.10129564 0.012151661
v 0.10873674 0.10100904 0.012270475
v 0.10873677 0.10039166 0.012270661
v 0.1087399 0.063384749 0.057599001
v 0.1087399 0.096415259 0.057599001
v 0.10874125 0.057715259 0.0123
v 0.10874125 0.063384749 0.0123
v 0.10874125 0.096415259 0.0123
v 0.10874291 0.10070001 0.01231126
v 0.10878243 0.025034368 0.057143364
v 0.10878243 0.057365637 0.057143364
v 0.108785 0.015240002 0.01289
v 0.108785 0.015240002 0.01670327
v 0.108785 0.015240002 0.01962173
v 0.108785 0.015240002 0.021407351
v 0.108785 0.015240002 0.032743651
v 0.108785 0.015240002 0.039233349
v 0.108785 0.015240002 0.048491649
v 0.108785 0.015240002 0.055231851
v 0.108785 0.015240002 0.057
v 0.108785 0.024390005 0.025125001
v 0.108785 0.024390005 0.029026
v 0.108785 0.024390005 0.042950999
v 0.108785 0.024390005 0.044774
v 0.108785 0.024534374 0.01670327
v 0.108785 0.024534374 0.01962173
v 0.108785 0.024534374 0.021407351
v 0.108785 0.024534374 0.032743651
v 0.108785 0.024534374 0.039233349
v 0.108785 0.024534374 0.048491649
v 0.108785 0.024534374 0.055231851
v 0.108785 0.024678744 0.0181625
v 0.108785 0.024684746 0.024025001
v 0.108785 0.024684746 0.030126
v 0.108785 0.024684746 0.041850999
v 0.108785 0.024684746 0.045874
v 0.108785 0.024838343 0.017566871
v 0.108785 0.024838343 0.018758129
v 0.108785 0.025181495 0.01289
v 0.108785 0.025192361 0.057
v 0.108785 0.025274374 0.017130839
v 0.108785 0.025274374 0.019194162
v 0.108785 0.025490005 0.023219744
v 0.108785 0.025490005 0.030931257
v 0.108785 0.025490005 0.041045744
v 0.108785 0.025490005 0.046679255
v 0.108785 0.0257481 0.013232535
v 0.108785 0.0257481 0.056666464
v 0.108785 0.025870003 0.01697124
v 0.108785 0.025870003 0.01935376
v 0.108785 0.026465632 0.017130839
v 0.108785 0.026465632 0.019194162
v 0.108785 0.026590005 0.0134
v 0.108785 0.026590005 0.022925001
v 0.108785 0.026590005 0.031226
v 0.108785 0.026590005 0.040750999
v 0.108785 0.026590005 0.046974
v 0.108785 0.026590005 0.056499001
v 0.108785 0.026901666 0.017566871
v 0.108785 0.026901666 0.018758129
v 0.108785 0.027061265 0.0181625
v 0.108785 0.028637033 0.0134
v 0.108785 0.028637033 0.01670327
v 0.108785 0.028637033 0.01962173
v 0.108785 0.028637033 0.021407351
v 0.108785 0.028637033 0.022925001
v 0.108785 0.028637033 0.031226
v 0.108785 0.028637033 0.032743651
v 0.108785 0.028637033 0.039233349
v 0.108785 0.028637033 0.040750999
v 0.108785 0.028637033 0.046974
v 0.108785 0.028637033 0.048491649
v 0.108785 0.028637033 0.055231851
v 0.108785 0.028637033 0.056499001
v 0.108785 0.030212805 0.0181625
v 0.108785 0.030212805 0.035988498
v 0.108785 0.030212805 0.0517365
v 0.108785 0.030444205 0.0172989
v 0.108785 0.030444205 0.019026101
v 0.108785 0.030444205 0.035124902
v 0.108785 0.030444205 0.036852099
v 0.108785 0.030444205 0.0508729
v 0.108785 0.030444205 0.052600101
v 0.108785 0.031076401 0.016666701
v 0.108785 0.031076401 0.019658299
v 0.108785 0.031076401 0.034492701
v 0.108785 0.031076401 0.037484299
v 0.108785 0.031076401 0.050240699
v 0.108785 0.031076401 0.053232297
v 0.108785 0.031940002 0.016435299
v 0.108785 0.031940002 0.019889699
v 0.108785 0.031940002 0.034261301
v 0.108785 0.031940002 0.0377157
v 0.108785 0.031940002 0.050009299
v 0.108785 0.031940002 0.053463701
v 0.108785 0.032803603 0.016666701
v 0.108785 0.032803603 0.019658299
v 0.108785 0.032803603 0.034492701
v 0.108785 0.032803603 0.037484299
v 0.108785 0.032803603 0.050240699
v 0.108785 0.032803603 0.053232297
v 0.108785 0.033435803 0.0172989
v 0.108785 0.033435803 0.019026101
v 0.108785 0.033435803 0.035124902
v 0.108785 0.033435803 0.036852099
v 0.108785 0.033435803 0.0508729
v 0.108785 0.033435803 0.052600101
v 0.108785 0.033667203 0.0181625
v 0.108785 0.033667203 0.035988498
v 0.108785 0.033667203 0.0517365
v 0.108785 0.055810004 0.0134
v 0.108785 0.055810004 0.022925001
v 0.108785 0.055810004 0.031226
v 0.108785 0.055810004 0.040750999
v 0.108785 0.055810004 0.046974
v 0.108785 0.055810004 0.056499001
v 0.108785 0.056651905 0.056666464
v 0.108785 0.056910004 0.013105256
v 0.108785 0.056910004 0.023219744
v 0.108785 0.056910004 0.030931257
v 0.108785 0.056910004 0.041045744
v 0.108785 0.056910004 0.046679255
v 0.108785 0.057207644 0.057
v 0.108785 0.057218514 0.01289
v 0.108785 0.057715259 0.024025001
v 0.108785 0.057715259 0.030126
v 0.108785 0.057715259 0.041850999
v 0.108785 0.057715259 0.045874
v 0.108785 0.058010004 0.025125001
v 0.108785 0.058010004 0.029026
v 0.108785 0.058010004 0.042950999
v 0.108785 0.058010004 0.044774
v 0.108785 0.058684371 0.01670327
v 0.108785 0.058684371 0.01962173
v 0.108785 0.058684371 0.021407351
v 0.108785 0.058684371 0.032743651
v 0.108785 0.058684371 0.039233349
v 0.108785 0.058684371 0.048491649
v 0.108785 0.058684371 0.055231851
v 0.108785 0.059358742 0.0181625
v 0.108785 0.059518341 0.017566871
v 0.108785 0.059518341 0.018758129
v 0.108785 0.059954375 0.017130839
v 0.108785 0.059954375 0.019194162
v 0.108785 0.060550004 0.01697124
v 0.108785 0.060550004 0.01935376
v 0.108785 0.061145633 0.017130839
v 0.108785 0.061145633 0.019194162
v 0.108785 0.061581664 0.017566871
v 0.108785 0.061581664 0.018758129
v 0.108785 0.061741263 0.0181625
v 0.108785 0.062415633 0.01670327
v 0.108785 0.062415633 0.01962173
v 0.108785 0.062415633 0.021407351
v 0.108785 0.062415633 0.032743651
v 0.108785 0.062415633 0.039233349
v 0.108785 0.062415633 0.048491649
v 0.108785 0.062415633 0.055231851
v 0.108785 0.063090004 0.025125001
v 0.108785 0.063090004 0.029026
v 0.108785 0.063090004 0.042950999
v 0.108785 0.063090004 0.044774
v 0.108785 0.063384749 0.024025001
v 0.108785 0.063384749 0.030126
v 0.108785 0.063384749 0.041850999
v 0.108785 0.063384749 0.045874
v 0.108785 0.063881494 0.01289
v 0.108785 0.063892365 0.057
v 0.108785 0.06419 0.013105256
v 0.108785 0.06419 0.023219744
v 0.108785 0.06419 0.030931257
v 0.108785 0.06419 0.041045744
v 0.108785 0.06419 0.046679255
v 0.108785 0.06419 0.056793746
v 0.108785 0.065290004 0.0134
v 0.108785 0.065290004 0.022925001
v 0.108785 0.065290004 0.031226
v 0.108785 0.065290004 0.040750999
v 0.108785 0.065290004 0.046974
v 0.108785 0.065290004 0.056499001
v 0.108785 0.072051406 0.0134
v 0.108785 0.072051406 0.01670327
v 0.108785 0.072051406 0.01962173
v 0.108785 0.072051406 0.021407351
v 0.108785 0.072051406 0.022925001
v 0.108785 0.072051406 0.031226
v 0.108785 0.072051406 0.032743651
v 0.108785 0.072051406 0.039233349
v 0.108785 0.072051406 0.040750999
v 0.108785 0.072051406 0.046974
v 0.108785 0.072051406 0.048491649
v 0.108785 0.072051406 0.055231851
v 0.108785 0.072051406 0.056499001
v 0.108785 0.0810128 0.0181625
v 0.108785 0.0810128 0.035988498
v 0.108785 0.0810128 0.0517365
v 0.108785 0.0812442 0.0172989
v 0.108785 0.0812442 0.019026101
v 0.108785 0.0812442 0.035124902
v 0.108785 0.0812442 0.036852099
v 0.108785 0.0812442 0.0508729
v 0.108785 0.0812442 0.052600101
v 0.108785 0.081876405 0.016666701
v 0.108785 0.081876405 0.019658299
v 0.108785 0.081876405 0.034492701
v 0.108785 0.081876405 0.037484299
v 0.108785 0.081876405 0.050240699
v 0.108785 0.081876405 0.053232297
v 0.108785 0.082740001 0.016435299
v 0.108785 0.082740001 0.019889699
v 0.108785 0.082740001 0.034261301
v 0.108785 0.082740001 0.0377157
v 0.108785 0.082740001 0.050009299
v 0.108785 0.082740001 0.053463701
v 0.108785 0.083603606 0.016666701
v 0.108785 0.083603606 0.019658299
v 0.108785 0.083603606 0.034492701
v 0.108785 0.083603606 0.037484299
v 0.108785 0.083603606 0.050240699
v 0.108785 0.083603606 0.053232297
v 0.108785 0.084235802 0.0172989
v 0.108785 0.084235802 0.019026101
v 0.108785 0.084235802 0.035124902
v 0.108785 0.084235802 0.036852099
v 0.108785 0.084235802 0.0508729
v 0.108785 0.084235802 0.052600101
v 0.108785 0.084467202 0.0181625
v 0.108785 0.084467202 0.035988498
v 0.108785 0.084467202 0.0517365
v 0.108785 0.090588599 0.0134
v 0.108785 0.090588599 0.01670327
v 0.108785 0.090588599 0.01962173
v 0.108785 0.090588599 0.021407351
v 0.108785 0.090588599 0.022925001
v 0.108785 0.090588599 0.031226
v 0.108785 0.090588599 0.032743651
v 0.108785 0.090588599 0.039233349
v 0.108785 0.090588599 0.040750999
v 0.108785 0.090588599 0.046974
v 0.108785 0.090588599 0.048491649
v 0.108785 0.090588599 0.055231851
v 0.108785 0.090588599 0.056499001
v 0.108785 0.094510004 0.0134
v 0.108785 0.094510004 0.022925001
v 0.108785 0.094510004 0.031226
v 0.108785 0.094510004 0.040750999
v 0.108785 0.094510004 0.046974
v 0.108785 0.094510004 0.056499001
v 0.108785 0.095610008 0.013105256
v 0.108785 0.095610008 0.023219744
v 0.108785 0.095610008 0.030931257
v 0.108785 0.095610008 0.041045744
v 0.108785 0.095610008 0.046679255
v 0.108785 0.095610008 0.056793746
v 0.108785 0.095907643 0.057
v 0.108785 0.095918514 0.01289
v 0.108785 0.096415259 0.024025001
v 0.108785 0.096415259 0.030126
v 0.108785 0.096415259 0.041850999
v 0.108785 0.096415259 0.045874
v 0.108785 0.096710004 0.025125001
v 0.108785 0.096710004 0.029026
v 0.108785 0.096710004 0.042950999
v 0.108785 0.096710004 0.044774
v 0.108785 0.10287 0.0076199998
v 0.108785 0.10287 0.01289
v 0.108785 0.10287 0.01670327
v 0.108785 0.10287 0.01962173
v 0.108785 0.10287 0.021407351
v 0.108785 0.10287 0.032743651
v 0.108785 0.10287 0.039233349
v 0.108785 0.10287 0.048491649
v 0.108785 0.10287 0.055231851
v 0.108785 0.10287 0.057
v 0.108785 0.10287 0.066500001
v 0.108785 0.11716001 0.066500001
v 0.108785 0.11843 0.0076199998
v 0.1089797 0.013970003 0
v 0.1089797 0.013970003 0.00562
v 0.1089797 0.044387337 0
v 0.1089797 0.044387337 0.00562
v 0.1089797 0.048451338 0
v 0.1089797 0.048451338 0.00562
v 0.1089797 0.078868672 0
v 0.1089797 0.078868672 0.00562
v 0.1089797 0.082932666 0
v 0.1089797 0.082932666 0.00562
v 0.1089797 0.11335 0
v 0.1089797 0.11335 0.00562
v 0.10905563 0.10526763 0.15611289
v 0.10905563 0.10543887 0.1540567
v 0.10905563 0.11242854 0.15670925
v 0.10905563 0.11259978 0.15465304
v 0.10926639 0.11794862 0.0077147684
v 0.10932 0.015240002 0
v 0.10932 0.015240002 0.00562
v 0.10932 0.043117337 0
v 0.10932 0.043117337 0.00562
v 0.10932 0.049721338 0
v 0.10932 0.049721338 0.00562
v 0.10932 0.054188769 0
v 0.10932 0.073131233 0
v 0.10932 0.077598669 0
v 0.10932 0.077598669 0.00562
v 0.10932 0.08420267 0
v 0.10932 0.08420267 0.00562
v 0.10932 0.11208001 0
v 0.10932 0.11208001 0.00562
v 0.10937 0.014426004 0.15139879
v 0.10937 0.014426004 0.161
v 0.10937 0.015950002 0.15048309
v 0.10937 0.017474003 0.15139879
v 0.10937 0.017474003 0.161
v 0.10937 0.099096 0.15139879
v 0.10937 0.099096 0.161
v 0.10937 0.10062 0.15048309
v 0.10937 0.102144 0.15139879
v 0.10937 0.102144 0.161
v 0.10942 0.10287 0.0077901478
v 0.10942 0.10287 0.066329852
v 0.10942 0.11716001 0.066329852
v 0.10942 0.11779501 0.0077901478
v 0.10965126 0.10463993 0.15502539
v 0.10965126 0.10525438 0.15627195
v 0.10965126 0.10545211 0.15389764
v 0.10965126 0.1124153 0.15686829
v 0.10965126 0.11261302 0.154494
v 0.10967278 0.11754221 0.0079818517
v 0.10982 0.00013824552 0.01016
v 0.10982 0.0076200031 0.01016
v 0.10982 0.0076200031 0.1
v 0.10988486 0.10287 0.0082550002
v 0.10988486 0.10287 0.065865003
v 0.10988486 0.11716001 0.065865003
v 0.10988486 0.11733015 0.0082550002
v 0.10990655 0.0082774051 0.10789398
v 0.10993613 0.008193437 0.0094432309
v 0.10993613 0.0083367713 0.0095865661
v 0.10996741 0.0080463551 0.0093072951
v 0.10996741 0.0084727071 0.0097336471
v 0.1100306 0.1171844 0.0086422348
v 0.110055 0.10287 0.0088900002
v 0.110055 0.10287 0.065229997
v 0.110055 0.11716001 0.0088900002
v 0.110055 0.11716001 0.065229997
v 0.11008877 0.012700003 0.161
v 0.11008877 0.11462 0.161
v 0.110132 0.01463018 0.15139879
v 0.110132 0.01463018 0.161
v 0.110132 0.017269827 0.15139879
v 0.110132 0.017269827 0.161
v 0.110132 0.099300176 0.15139879
v 0.110132 0.099300176 0.161
v 0.110132 0.10193983 0.15139879
v 0.110132 0.10193983 0.161
v 0.11015862 0.008253552 0.0088929022
v 0.11015862 0.008887101 0.0095264511
v 0.11016029 3.2484531e-05 0.0088900002
v 0.11016029 0.008890003 0.11525
v 0.11024689 0.10526763 0.15611289
v 0.11024689 0.10543887 0.1540567
v 0.11024689 0.11242854 0.15670925
v 0.11024689 0.11259978 0.15465304
v 0.11028273 0.11481398 0.1586708
v 0.11028952 0.0087286457 0.0087748831
v 0.11028952 0.0090051219 0.0090513574
v 0.11039253 0.0084232204 0.0085535627
v 0.11039253 0.0092264414 0.0093567818
v 0.1104375 0 0.0085000005
v 0.11046638 0.012322396 0.15646572
v 0.11056395 0.0094160549 0.12156676
v 0.110645 0.023120005 0.075159997
v 0.110645 0.023120005 0.097309999
v 0.110645 0.023120005 0.11001
v 0.110645 0.023120005 0.12565
v 0.110645 0.023120005 0.13835
v 0.110645 0.023120005 0.15473001
v 0.110645 0.023216676 0.13786399
v 0.110645 0.02329015 0.074524999
v 0.110645 0.02329015 0.097944997
v 0.110645 0.02329015 0.109375
v 0.110645 0.02329015 0.126285
v 0.110645 0.02329015 0.15536501
v 0.110645 0.023491979 0.13745198
v 0.110645 0.023755003 0.074060149
v 0.110645 0.023755003 0.098409854
v 0.110645 0.023755003 0.10891015
v 0.110645 0.023755003 0.12674986
v 0.110645 0.023755003 0.15582985
v 0.110645 0.023903996 0.13717668
v 0.110645 0.024390005 0.073890001
v 0.110645 0.024390005 0.098580003
v 0.110645 0.024390005 0.10874
v 0.110645 0.024390005 0.12692
v 0.110645 0.024390005 0.13708
v 0.110645 0.024390005 0.156
v 0.110645 0.034550004 0.098580003
v 0.110645 0.034550004 0.10874
v 0.110645 0.034550004 0.12692
v 0.110645 0.034550004 0.13708
v 0.110645 0.035185002 0.098750144
v 0.110645 0.035185002 0.10856985
v 0.110645 0.035185002 0.12709014
v 0.110645 0.035185002 0.13690986
v 0.110645 0.035649855 0.099215001
v 0.110645 0.035649855 0.108105
v 0.110645 0.035649855 0.127555
v 0.110645 0.035649855 0.136445
v 0.110645 0.035820004 0.099849999
v 0.110645 0.035820004 0.10112
v 0.110645 0.035820004 0.1062
v 0.110645 0.035820004 0.10747
v 0.110645 0.035820004 0.12819
v 0.110645 0.035820004 0.12946001
v 0.110645 0.035820004 0.13454001
v 0.110645 0.035820004 0.13581
v 0.110645 0.035990149 0.101755
v 0.110645 0.035990149 0.105565
v 0.110645 0.035990149 0.13009501
v 0.110645 0.035990149 0.13390499
v 0.110645 0.036455005 0.10221985
v 0.110645 0.036455005 0.10510015
v 0.110645 0.036455005 0.13055985
v 0.110645 0.036455005 0.13344015
v 0.110645 0.037090003 0.10239
v 0.110645 0.037090003 0.10493
v 0.110645 0.037090003 0.13073
v 0.110645 0.037090003 0.13327
v 0.110645 0.044135336 0.156
v 0.110645 0.044770338 0.15582985
v 0.110645 0.045235187 0.15536501
v 0.110645 0.045405336 0.151682
v 0.110645 0.045405336 0.15473001
v 0.110645 0.045575485 0.15104701
v 0.110645 0.046040334 0.15058215
v 0.110645 0.046675339 0.15041199
v 0.110645 0.047183335 0.073890001
v 0.110645 0.047183335 0.10239
v 0.110645 0.047183335 0.10493
v 0.110645 0.047183335 0.13073
v 0.110645 0.047183335 0.13327
v 0.110645 0.047183335 0.15041199
v 0.110645 0.047818337 0.074060149
v 0.110645 0.047818337 0.10221985
v 0.110645 0.047818337 0.10510015
v 0.110645 0.047818337 0.13055985
v 0.110645 0.047818337 0.13344015
v 0.110645 0.047818337 0.15024185
v 0.110645 0.04828319 0.074524999
v 0.110645 0.04828319 0.101755
v 0.110645 0.04828319 0.105565
v 0.110645 0.04828319 0.13009501
v 0.110645 0.04828319 0.13390499
v 0.110645 0.04828319 0.149777
v 0.110645 0.048453338 0.075159997
v 0.110645 0.048453338 0.10112
v 0.110645 0.048453338 0.1062
v 0.110645 0.048453338 0.12946001
v 0.110645 0.048453338 0.13454001
v 0.110645 0.048453338 0.149142
v 0.110645 0.050993338 0.075159997
v 0.110645 0.050993338 0.10112
v 0.110645 0.050993338 0.1062
v 0.110645 0.050993338 0.12946001
v 0.110645 0.050993338 0.13454001
v 0.110645 0.050993338 0.149142
v 0.110645 0.051163483 0.074524999
v 0.110645 0.051163483 0.101755
v 0.110645 0.051163483 0.105565
v 0.110645 0.051163483 0.13009501
v 0.110645 0.051163483 0.13390499
v 0.110645 0.051163483 0.149777
v 0.110645 0.051628336 0.074060149
v 0.110645 0.051628336 0.10221985
v 0.110645 0.051628336 0.10510015
v 0.110645 0.051628336 0.13055985
v 0.110645 0.051628336 0.13344015
v 0.110645 0.051628336 0.15024185
v 0.110645 0.052263334 0.073890001
v 0.110645 0.052263334 0.10239
v 0.110645 0.052263334 0.10493
v 0.110645 0.052263334 0.13073
v 0.110645 0.052263334 0.13327
v 0.110645 0.052263334 0.15041199
v 0.110645 0.052771337 0.15041199
v 0.110645 0.053406335 0.15058215
v 0.110645 0.053871188 0.15104701
v 0.110645 0.054041337 0.151682
v 0.110645 0.054041337 0.15473001
v 0.110645 0.054211482 0.15536501
v 0.110645 0.054676335 0.15582985
v 0.110645 0.055311337 0.156
v 0.110645 0.072008669 0.156
v 0.110645 0.072643667 0.15582985
v 0.110645 0.073108524 0.15536501
v 0.110645 0.073278673 0.151682
v 0.110645 0.073278673 0.15473001
v 0.110645 0.073448814 0.15104701
v 0.110645 0.073913671 0.15058215
v 0.110645 0.074548669 0.15041199
v 0.110645 0.075056672 0.073890001
v 0.110645 0.075056672 0.10239
v 0.110645 0.075056672 0.10493
v 0.110645 0.075056672 0.13073
v 0.110645 0.075056672 0.13327
v 0.110645 0.075056672 0.15041199
v 0.110645 0.075542681 0.15031533
v 0.110645 0.07569167 0.074060149
v 0.110645 0.07569167 0.10221985
v 0.110645 0.07569167 0.10510015
v 0.110645 0.07569167 0.13055985
v 0.110645 0.07569167 0.13344015
v 0.110645 0.075954698 0.15004003
v 0.110645 0.076156519 0.074524999
v 0.110645 0.076156519 0.101755
v 0.110645 0.076156519 0.105565
v 0.110645 0.076156519 0.13009501
v 0.110645 0.076156519 0.13390499
v 0.110645 0.076229997 0.14962801
v 0.110645 0.076326668 0.075159997
v 0.110645 0.076326668 0.10112
v 0.110645 0.076326668 0.1062
v 0.110645 0.076326668 0.12946001
v 0.110645 0.076326668 0.13454001
v 0.110645 0.076326668 0.149142
v 0.110645 0.078866668 0.075159997
v 0.110645 0.078866668 0.10112
v 0.110645 0.078866668 0.1062
v 0.110645 0.078866668 0.12946001
v 0.110645 0.078866668 0.13454001
v 0.110645 0.078866668 0.149142
v 0.110645 0.079036817 0.074524999
v 0.110645 0.079036817 0.101755
v 0.110645 0.079036817 0.105565
v 0.110645 0.079036817 0.13009501
v 0.110645 0.079036817 0.13390499
v 0.110645 0.079036817 0.149777
v 0.110645 0.079501674 0.074060149
v 0.110645 0.079501674 0.10221985
v 0.110645 0.079501674 0.10510015
v 0.110645 0.079501674 0.13055985
v 0.110645 0.079501674 0.13344015
v 0.110645 0.079501674 0.15024185
v 0.110645 0.080136672 0.073890001
v 0.110645 0.080136672 0.10239
v 0.110645 0.080136672 0.10493
v 0.110645 0.080136672 0.13073
v 0.110645 0.080136672 0.13327
v 0.110645 0.080136672 0.15041199
v 0.110645 0.080644667 0.15041199
v 0.110645 0.081279673 0.15058215
v 0.110645 0.081744522 0.15104701
v 0.110645 0.081914671 0.151682
v 0.110645 0.081914671 0.15473001
v 0.110645 0.08208482 0.15536501
v 0.110645 0.082549669 0.15582985
v 0.110645 0.083184674 0.156
v 0.110645 0.095310003 0.156
v 0.110645 0.095945001 0.15582985
v 0.110645 0.096409857 0.15536501
v 0.110645 0.096579999 0.14964999
v 0.110645 0.096579999 0.15473001
v 0.110645 0.096750155 0.14901499
v 0.110645 0.097215004 0.14855015
v 0.110645 0.097341999 0.10239
v 0.110645 0.097341999 0.10493
v 0.110645 0.097341999 0.13073
v 0.110645 0.097341999 0.13327
v 0.110645 0.097850002 0.14838
v 0.110645 0.097977005 0.10221985
v 0.110645 0.097977005 0.10510015
v 0.110645 0.097977005 0.13055985
v 0.110645 0.097977005 0.13344015
v 0.110645 0.098441854 0.101755
v 0.110645 0.098441854 0.105565
v 0.110645 0.098441854 0.13009501
v 0.110645 0.098441854 0.13390499
v 0.110645 0.098612003 0.099849999
v 0.110645 0.098612003 0.10112
v 0.110645 0.098612003 0.1062
v 0.110645 0.098612003 0.10747
v 0.110645 0.098612003 0.12819
v 0.110645 0.098612003 0.12946001
v 0.110645 0.098612003 0.13454001
v 0.110645 0.098612003 0.13581
v 0.110645 0.098782152 0.099215001
v 0.110645 0.098782152 0.108105
v 0.110645 0.098782152 0.127555
v 0.110645 0.098782152 0.136445
v 0.110645 0.099247009 0.098750144
v 0.110645 0.099247009 0.10856985
v 0.110645 0.099247009 0.12709014
v 0.110645 0.099247009 0.13690986
v 0.110645 0.099882007 0.098580003
v 0.110645 0.099882007 0.10874
v 0.110645 0.099882007 0.12692
v 0.110645 0.099882007 0.13708
v 0.110645 0.10293 0.073890001
v 0.110645 0.10293 0.098580003
v 0.110645 0.10293 0.10874
v 0.110645 0.10293 0.12692
v 0.110645 0.10293 0.13708
v 0.110645 0.10293 0.14838
v 0.110645 0.10341601 0.13717668
v 0.110645 0.10356501 0.074060149
v 0.110645 0.10356501 0.098409854
v 0.110645 0.10356501 0.10891015
v 0.110645 0.10356501 0.12674986
v 0.110645 0.10356501 0.14820985
v 0.110645 0.10382803 0.13745198
v 0.110645 0.10402986 0.074524999
v 0.110645 0.10402986 0.097944997
v 0.110645 0.10402986 0.109375
v 0.110645 0.10402986 0.126285
v 0.110645 0.10402986 0.147745
v 0.110645 0.10410333 0.13786399
v 0.110645 0.10420001 0.075159997
v 0.110645 0.10420001 0.097309999
v 0.110645 0.10420001 0.11001
v 0.110645 0.10420001 0.12565
v 0.110645 0.10420001 0.13835
v 0.110645 0.10420001 0.14711
v 0.11068292 0.10530381 0.15567838
v 0.11068292 0.10540268 0.15449122
v 0.11068292 0.11246473 0.15627472
v 0.11068292 0.1125636 0.15508758
v 0.11068982 0.015188005 0.15139879
v 0.11068982 0.015188005 0.161
v 0.11068982 0.016712002 0.15139879
v 0.11068982 0.016712002 0.161
v 0.11068982 0.099858001 0.15139879
v 0.11068982 0.099858001 0.161
v 0.11068982 0.101382 0.15139879
v 0.11068982 0.101382 0.161
v 0.11071125 0.10742551 0.071269996
v 0.11071125 0.10742551 0.12675001
v 0.11071125 0.11461121 0.071269996
v 0.11071125 0.11461121 0.12675001
v 0.11084252 0.10535325 0.15508479
v 0.11084252 0.11251415 0.15568115
v 0.11087084 0.10742551 0.070674367
v 0.11087084 0.10742551 0.071865633
v 0.11087084 0.10742551 0.12615436
v 0.11087084 0.10742551 0.12734564
v 0.11087084 0.11461121 0.070674367
v 0.11087084 0.11461121 0.071865633
v 0.11087084 0.11461121 0.12615436
v 0.11087084 0.11461121 0.12734564
v 0.110894 0.015950002 0.15139879
v 0.110894 0.015950002 0.161
v 0.110894 0.10062 0.15139879
v 0.110894 0.10062 0.161
v 0.11108381 0.0087180622 0.0079638818
v 0.11108381 0.0098161213 0.0090619409
v 0.11109 0 0.0079602953
v 0.11109 0.0098197088 0.12641378
v 0.11126287 0.0093399659 0.0080167633
v 0.11126287 0.0097632408 0.0084400391
v 0.11130688 0.10742551 0.070238337
v 0.11130688 0.10742551 0.072301663
v 0.11130688 0.10742551 0.12571834
v 0.11130688 0.10742551 0.12778166
v 0.11130688 0.11461121 0.070238337
v 0.11130688 0.11461121 0.072301663
v 0.11130688 0.11461121 0.12571834
v 0.11130688 0.11461121 0.12778166
v 0.11135572 0.013038557 0.161
v 0.11135572 0.11428145 0.161
v 0.11139997 0.0087957941 0.0078084171
v 0.11139997 0.0099715851 0.0089842081
v 0.11150494 0.011283819 0.14399464
v 0.11154971 0.11447542 0.1586708
v 0.11170261 0.010073453 0.12946074
v 0.11187968 0.01344033 0.161
v 0.11187968 0.11387968 0.161
v 0.11190251 0.10670973 0.071269996
v 0.11190251 0.10670973 0.12675001
v 0.11190251 0.10742551 0.070078738
v 0.11190251 0.10742551 0.072461262
v 0.11190251 0.10742551 0.12555873
v 0.11190251 0.10742551 0.12794127
v 0.11190251 0.11461121 0.070078738
v 0.11190251 0.11461121 0.072461262
v 0.11190251 0.11461121 0.12555873
v 0.11190251 0.11461121 0.12794127
v 0.11202846 0.010138273 0.13023907
v 0.11207364 0.11407365 0.1586708
v 0.11216 0.023120005 0.0088900002
v 0.11216 0.023120005 0.0094093699
v 0.11216 0.023120005 0.01491765
v 0.11216 0.023120005 0.01670327
v 0.11216 0.023120005 0.01962173
v 0.11216 0.023120005 0.032743651
v 0.11216 0.023120005 0.039233349
v 0.11216 0.023120005 0.048491649
v 0.11216 0.023120005 0.054981351
v 0.11216 0.023120005 0.066055372
v 0.11216 0.023120005 0.070079997
v 0.11216 0.023216676 0.0084039923
v 0.11216 0.02329015 0.070715003
v 0.11216 0.023491979 0.0079919742
v 0.11216 0.023755003 0.071179852
v 0.11216 0.023903996 0.007716673
v 0.11216 0.024390005 0.0076199998
v 0.11216 0.024390005 0.01109
v 0.11216 0.024390005 0.0112
v 0.11216 0.024390005 0.025125001
v 0.11216 0.024390005 0.029026
v 0.11216 0.024390005 0.042950999
v 0.11216 0.024390005 0.044774
v 0.11216 0.024390005 0.058699001
v 0.11216 0.024390005 0.062799998
v 0.11216 0.024390005 0.071350001
v 0.11216 0.024557468 0.012041903
v 0.11216 0.024557468 0.057857096
v 0.11216 0.024678744 0.0181625
v 0.11216 0.024684746 0.0099900002
v 0.11216 0.024684746 0.024025001
v 0.11216 0.024684746 0.030126
v 0.11216 0.024684746 0.041850999
v 0.11216 0.024684746 0.045874
v 0.11216 0.024684746 0.063900001
v 0.11216 0.024838343 0.017566871
v 0.11216 0.024838343 0.018758129
v 0.11216 0.025034368 0.012755635
v 0.11216 0.025034368 0.057143364
v 0.11216 0.025274374 0.017130839
v 0.11216 0.025274374 0.019194162
v 0.11216 0.025428742 0.068301998
v 0.11216 0.025490005 0.0091847442
v 0.11216 0.025490005 0.023219744
v 0.11216 0.025490005 0.030931257
v 0.11216 0.025490005 0.041045744
v 0.11216 0.025490005 0.046679255
v 0.11216 0.025490005 0.064705253
v 0.11216 0.025588341 0.067706369
v 0.11216 0.025588341 0.068897627
v 0.11216 0.0257481 0.013232535
v 0.11216 0.0257481 0.056666464
v 0.11216 0.025870003 0.01697124
v 0.11216 0.025870003 0.01935376
v 0.11216 0.026024371 0.067270339
v 0.11216 0.026024371 0.069333665
v 0.11216 0.026465632 0.017130839
v 0.11216 0.026465632 0.019194162
v 0.11216 0.026590005 0.0088900002
v 0.11216 0.026590005 0.0134
v 0.11216 0.026590005 0.022925001
v 0.11216 0.026590005 0.031226
v 0.11216 0.026590005 0.040750999
v 0.11216 0.026590005 0.046974
v 0.11216 0.026590005 0.056499001
v 0.11216 0.026590005 0.064999998
v 0.11216 0.026620004 0.06711074
v 0.11216 0.026620004 0.069493257
v 0.11216 0.026901666 0.017566871
v 0.11216 0.026901666 0.018758129
v 0.11216 0.027061265 0.0181625
v 0.11216 0.027215634 0.067270339
v 0.11216 0.027215634 0.069333665
v 0.11216 0.027651664 0.067706369
v 0.11216 0.027651664 0.068897627
v 0.11216 0.027811263 0.068301998
v 0.11216 0.030212805 0.0181625
v 0.11216 0.030212805 0.035988498
v 0.11216 0.030212805 0.0517365
v 0.11216 0.030444205 0.0172989
v 0.11216 0.030444205 0.019026101
v 0.11216 0.030444205 0.035124902
v 0.11216 0.030444205 0.036852099
v 0.11216 0.030444205 0.0508729
v 0.11216 0.030444205 0.052600101
v 0.11216 0.031076401 0.016666701
v 0.11216 0.031076401 0.019658299
v 0.11216 0.031076401 0.034492701
v 0.11216 0.031076401 0.037484299
v 0.11216 0.031076401 0.050240699
v 0.11216 0.031076401 0.053232297
v 0.11216 0.031940002 0.016435299
v 0.11216 0.031940002 0.019889699
v 0.11216 0.031940002 0.034261301
v 0.11216 0.031940002 0.0377157
v 0.11216 0.031940002 0.050009299
v 0.11216 0.031940002 0.053463701
v 0.11216 0.032803603 0.016666701
v 0.11216 0.032803603 0.019658299
v 0.11216 0.032803603 0.034492701
v 0.11216 0.032803603 0.037484299
v 0.11216 0.032803603 0.050240699
v 0.11216 0.032803603 0.053232297
v 0.11216 0.033435803 0.0172989
v 0.11216 0.033435803 0.019026101
v 0.11216 0.033435803 0.035124902
v 0.11216 0.033435803 0.036852099
v 0.11216 0.033435803 0.0508729
v 0.11216 0.033435803 0.052600101
v 0.11216 0.033667203 0.0181625
v 0.11216 0.033667203 0.035988498
v 0.11216 0.033667203 0.0517365
v 0.11216 0.045838602 0.0076199998
v 0.11216 0.045838602 0.0088900002
v 0.11216 0.045838602 0.0134
v 0.11216 0.045838602 0.01491765
v 0.11216 0.045838602 0.01670327
v 0.11216 0.045838602 0.01962173
v 0.11216 0.045838602 0.022925001
v 0.11216 0.045838602 0.031226
v 0.11216 0.045838602 0.032743651
v 0.11216 0.045838602 0.039233349
v 0.11216 0.045838602 0.040750999
v 0.11216 0.045838602 0.046974
v 0.11216 0.045838602 0.048491649
v 0.11216 0.045838602 0.054981351
v 0.11216 0.045838602 0.056499001
v 0.11216 0.045838602 0.064999998
v 0.11216 0.045838602 0.066055372
v 0.11216 0.045838602 0.071350001
v 0.11216 0.055810004 0.0088900002
v 0.11216 0.055810004 0.0134
v 0.11216 0.055810004 0.022925001
v 0.11216 0.055810004 0.031226
v 0.11216 0.055810004 0.040750999
v 0.11216 0.055810004 0.046974
v 0.11216 0.055810004 0.056499001
v 0.11216 0.055810004 0.064999998
v 0.11216 0.056651905 0.056666464
v 0.11216 0.056910004 0.0091847442
v 0.11216 0.056910004 0.013105256
v 0.11216 0.056910004 0.023219744
v 0.11216 0.056910004 0.030931257
v 0.11216 0.056910004 0.041045744
v 0.11216 0.056910004 0.046679255
v 0.11216 0.056910004 0.064705253
v 0.11216 0.057365637 0.057143364
v 0.11216 0.057715259 0.0099900002
v 0.11216 0.057715259 0.0123
v 0.11216 0.057715259 0.024025001
v 0.11216 0.057715259 0.030126
v 0.11216 0.057715259 0.041850999
v 0.11216 0.057715259 0.045874
v 0.11216 0.057715259 0.063900001
v 0.11216 0.057842538 0.057857096
v 0.11216 0.058010004 0.01109
v 0.11216 0.058010004 0.0112
v 0.11216 0.058010004 0.025125001
v 0.11216 0.058010004 0.029026
v 0.11216 0.058010004 0.042950999
v 0.11216 0.058010004 0.044774
v 0.11216 0.058010004 0.058699001
v 0.11216 0.058010004 0.062799998
v 0.11216 0.058684371 0.0076199998
v 0.11216 0.058684371 0.0094093699
v 0.11216 0.058684371 0.01491765
v 0.11216 0.058684371 0.01670327
v 0.11216 0.058684371 0.01962173
v 0.11216 0.058684371 0.032743651
v 0.11216 0.058684371 0.039233349
v 0.11216 0.058684371 0.048491649
v 0.11216 0.058684371 0.054981351
v 0.11216 0.058684371 0.066055372
v 0.11216 0.058684371 0.071350001
v 0.11216 0.059358742 0.0181625
v 0.11216 0.059358742 0.068301998
v 0.11216 0.059518341 0.017566871
v 0.11216 0.059518341 0.018758129
v 0.11216 0.059518341 0.067706369
v 0.11216 0.059518341 0.068897627
v 0.11216 0.059954375 0.017130839
v 0.11216 0.059954375 0.019194162
v 0.11216 0.059954375 0.067270339
v 0.11216 0.059954375 0.069333665
v 0.11216 0.060550004 0.01697124
v 0.11216 0.060550004 0.01935376
v 0.11216 0.060550004 0.06711074
v 0.11216 0.060550004 0.069493257
v 0.11216 0.061145633 0.017130839
v 0.11216 0.061145633 0.019194162
v 0.11216 0.061145633 0.067270339
v 0.11216 0.061145633 0.069333665
v 0.11216 0.061581664 0.017566871
v 0.11216 0.061581664 0.018758129
v 0.11216 0.061581664 0.067706369
v 0.11216 0.061581664 0.068897627
v 0.11216 0.061741263 0.0181625
v 0.11216 0.061741263 0.068301998
v 0.11216 0.062415633 0.0076199998
v 0.11216 0.062415633 0.0094093699
v 0.11216 0.062415633 0.01491765
v 0.11216 0.062415633 0.01670327
v 0.11216 0.062415633 0.01962173
v 0.11216 0.062415633 0.032743651
v 0.11216 0.062415633 0.039233349
v 0.11216 0.062415633 0.048491649
v 0.11216 0.062415633 0.054981351
v 0.11216 0.062415633 0.066055372
v 0.11216 0.062415633 0.071350001
v 0.11216 0.063090004 0.01109
v 0.11216 0.063090004 0.0112
v 0.11216 0.063090004 0.025125001
v 0.11216 0.063090004 0.029026
v 0.11216 0.063090004 0.042950999
v 0.11216 0.063090004 0.044774
v 0.11216 0.063090004 0.058699001
v 0.11216 0.063090004 0.062799998
v 0.11216 0.063257471 0.063641906
v 0.11216 0.063384749 0.0099900002
v 0.11216 0.063384749 0.0123
v 0.11216 0.063384749 0.024025001
v 0.11216 0.063384749 0.030126
v 0.11216 0.063384749 0.041850999
v 0.11216 0.063384749 0.045874
v 0.11216 0.063384749 0.057599001
v 0.11216 0.063734367 0.064355634
v 0.11216 0.06419 0.0091847442
v 0.11216 0.06419 0.013105256
v 0.11216 0.06419 0.023219744
v 0.11216 0.06419 0.030931257
v 0.11216 0.06419 0.041045744
v 0.11216 0.06419 0.046679255
v 0.11216 0.06419 0.056793746
v 0.11216 0.064448103 0.064832538
v 0.11216 0.065290004 0.0088900002
v 0.11216 0.065290004 0.0134
v 0.11216 0.065290004 0.022925001
v 0.11216 0.065290004 0.031226
v 0.11216 0.065290004 0.040750999
v 0.11216 0.065290004 0.046974
v 0.11216 0.065290004 0.056499001
v 0.11216 0.065290004 0.064999998
v 0.11216 0.0810128 0.0181625
v 0.11216 0.0810128 0.035988498
v 0.11216 0.0810128 0.0517365
v 0.11216 0.0812442 0.0172989
v 0.11216 0.0812442 0.019026101
v 0.11216 0.0812442 0.035124902
v 0.11216 0.0812442 0.036852099
v 0.11216 0.0812442 0.0508729
v 0.11216 0.0812442 0.052600101
v 0.11216 0.081876405 0.016666701
v 0.11216 0.081876405 0.019658299
v 0.11216 0.081876405 0.034492701
v 0.11216 0.081876405 0.037484299
v 0.11216 0.081876405 0.050240699
v 0.11216 0.081876405 0.053232297
v 0.11216 0.082740001 0.016435299
v 0.11216 0.082740001 0.019889699
v 0.11216 0.082740001 0.034261301
v 0.11216 0.082740001 0.0377157
v 0.11216 0.082740001 0.050009299
v 0.11216 0.082740001 0.053463701
v 0.11216 0.083603606 0.016666701
v 0.11216 0.083603606 0.019658299
v 0.11216 0.083603606 0.034492701
v 0.11216 0.083603606 0.037484299
v 0.11216 0.083603606 0.050240699
v 0.11216 0.083603606 0.053232297
v 0.11216 0.084235802 0.0172989
v 0.11216 0.084235802 0.019026101
v 0.11216 0.084235802 0.035124902
v 0.11216 0.084235802 0.036852099
v 0.11216 0.084235802 0.0508729
v 0.11216 0.084235802 0.052600101
v 0.11216 0.084467202 0.0181625
v 0.11216 0.084467202 0.035988498
v 0.11216 0.084467202 0.0517365
v 0.11216 0.090588599 0.0076199998
v 0.11216 0.090588599 0.0088900002
v 0.11216 0.090588599 0.0134
v 0.11216 0.090588599 0.01491765
v 0.11216 0.090588599 0.01670327
v 0.11216 0.090588599 0.01962173
v 0.11216 0.090588599 0.022925001
v 0.11216 0.090588599 0.031226
v 0.11216 0.090588599 0.032743651
v 0.11216 0.090588599 0.039233349
v 0.11216 0.090588599 0.040750999
v 0.11216 0.090588599 0.046974
v 0.11216 0.090588599 0.048491649
v 0.11216 0.090588599 0.054981351
v 0.11216 0.090588599 0.056499001
v 0.11216 0.090588599 0.064999998
v 0.11216 0.090588599 0.066055372
v 0.11216 0.090588599 0.071350001
v 0.11216 0.094510004 0.0088900002
v 0.11216 0.094510004 0.0134
v 0.11216 0.094510004 0.022925001
v 0.11216 0.094510004 0.031226
v 0.11216 0.094510004 0.040750999
v 0.11216 0.094510004 0.046974
v 0.11216 0.094510004 0.056499001
v 0.11216 0.094510004 0.064999998
v 0.11216 0.095610008 0.0091847442
v 0.11216 0.095610008 0.013105256
v 0.11216 0.095610008 0.023219744
v 0.11216 0.095610008 0.030931257
v 0.11216 0.095610008 0.041045744
v 0.11216 0.095610008 0.046679255
v 0.11216 0.095610008 0.056793746
v 0.11216 0.095610008 0.064705253
v 0.11216 0.096415259 0.0099900002
v 0.11216 0.096415259 0.0123
v 0.11216 0.096415259 0.024025001
v 0.11216 0.096415259 0.030126
v 0.11216 0.096415259 0.041850999
v 0.11216 0.096415259 0.045874
v 0.11216 0.096415259 0.057599001
v 0.11216 0.096415259 0.063900001
v 0.11216 0.096710004 0.01109
v 0.11216 0.096710004 0.0112
v 0.11216 0.096710004 0.025125001
v 0.11216 0.096710004 0.029026
v 0.11216 0.096710004 0.042950999
v 0.11216 0.096710004 0.044774
v 0.11216 0.096710004 0.058699001
v 0.11216 0.096710004 0.062799998
v 0.11216 0.098109372 0.0076199998
v 0.11216 0.098109372 0.0094093699
v 0.11216 0.098109372 0.01491765
v 0.11216 0.098109372 0.01670327
v 0.11216 0.098109372 0.01962173
v 0.11216 0.098109372 0.032743651
v 0.11216 0.098109372 0.039233349
v 0.11216 0.098109372 0.048491649
v 0.11216 0.098109372 0.054981351
v 0.11216 0.098109372 0.066055372
v 0.11216 0.098109372 0.071350001
v 0.11216 0.099508747 0.01112
v 0.11216 0.099508747 0.068301998
v 0.11216 0.099668339 0.01052437
v 0.11216 0.099668339 0.01171563
v 0.11216 0.099668339 0.067706369
v 0.11216 0.099668339 0.068897627
v 0.11216 0.10010438 0.010088339
v 0.11216 0.10010438 0.012151661
v 0.11216 0.10010438 0.067270339
v 0.11216 0.10010438 0.069333665
v 0.11216 0.10070001 0.0099287396
v 0.11216 0.10070001 0.01231126
v 0.11216 0.10070001 0.06711074
v 0.11216 0.10070001 0.069493257
v 0.11216 0.10129564 0.010088339
v 0.11216 0.10129564 0.012151661
v 0.11216 0.10129564 0.067270339
v 0.11216 0.10129564 0.069333665
v 0.11216 0.10173167 0.01052437
v 0.11216 0.10173167 0.01171563
v 0.11216 0.10173167 0.067706369
v 0.11216 0.10173167 0.068897627
v 0.11216 0.10189126 0.01112
v 0.11216 0.10189126 0.068301998
v 0.11216 0.10293 0.0076199998
v 0.11216 0.10293 0.071350001
v 0.11216 0.10304563 0.0094093699
v 0.11216 0.10304563 0.01491765
v 0.11216 0.10304563 0.01670327
v 0.11216 0.10304563 0.01962173
v 0.11216 0.10304563 0.032743651
v 0.11216 0.10304563 0.039233349
v 0.11216 0.10304563 0.048491649
v 0.11216 0.10304563 0.054981351
v 0.11216 0.10304563 0.066055372
v 0.11216 0.10356501 0.0077901478
v 0.11216 0.10356501 0.071179852
v 0.11216 0.10402986 0.0082550002
v 0.11216 0.10402986 0.070715003
v 0.11216 0.10420001 0.0088900002
v 0.11216 0.10420001 0.0094093699
v 0.11216 0.10420001 0.01491765
v 0.11216 0.10420001 0.01670327
v 0.11216 0.10420001 0.01962173
v 0.11216 0.10420001 0.032743651
v 0.11216 0.10420001 0.039233349
v 0.11216 0.10420001 0.048491649
v 0.11216 0.10420001 0.054981351
v 0.11216 0.10420001 0.066055372
v 0.11216 0.10420001 0.070079997
v 0.11219388 0.010154564 0.13043469
v 0.1122769 0.010158643 0.13048367
v 0.11228145 0.013964277 0.161
v 0.11228145 0.11335573 0.161
v 0.11236 0 0.0076199998
v 0.11236 0.008890003 0.0076199998
v 0.11236 0.0095250048 0.0077901478
v 0.11236 0.0099898539 0.0082550002
v 0.11236 0.010160003 0.0088900002
v 0.11236 0.010160003 0.1305
v 0.11247543 0.1135497 0.1586708
v 0.11249813 0.10742551 0.070238337
v 0.11249813 0.10742551 0.072301663
v 0.11249813 0.10742551 0.12571834
v 0.11249813 0.10742551 0.12778166
v 0.11249813 0.11461121 0.070238337
v 0.11249813 0.11461121 0.072301663
v 0.11249813 0.11461121 0.12571834
v 0.11249813 0.11461121 0.12778166
v 0.11261955 0.010169216 0.13061062
v 0.11262 0.008890003 0.0076199998
v 0.11262 0.0095250048 0.0077901478
v 0.11262 0.0099898539 0.0082550002
v 0.11262 0.010160003 0.0088900002
v 0.11262 0.010160003 0.1305
v 0.11262 0.015231241 0.161
v 0.11262 0.02018021 0.161
v 0.11262 0.049723335 0.161
v 0.11262 0.11208877 0.161
v 0.11262 0.11716001 0.0088900002
v 0.11262 0.11716001 0.067769997
v 0.11262 0.11733015 0.0082550002
v 0.11262 0.11753198 0.0079919742
v 0.11262 0.11779501 0.0077901478
v 0.11262 0.11794399 0.007716673
v 0.11262 0.11843 0.0076199998
v 0.11262874 0.010160018 0.13050018
v 0.11281398 0.11226518 0.1586708
v 0.11281398 0.11228274 0.1586708
v 0.11293416 0.10742551 0.070674367
v 0.11293416 0.10742551 0.071865633
v 0.11293416 0.10742551 0.12615436
v 0.11293416 0.10742551 0.12734564
v 0.11293416 0.11461121 0.070674367
v 0.11293416 0.11461121 0.071865633
v 0.11293416 0.11461121 0.12615436
v 0.11293416 0.11461121 0.12734564
v 0.11295882 0.049723335 0.15693146
v 0.11295882 0.077596672 0.15693146
v 0.11297958 0.048789889 0.15668221
v 0.11297958 0.050656788 0.15668221
v 0.11297958 0.076663218 0.15668221
v 0.11297958 0.078530118 0.15668221
v 0.11299761 0.11244882 0.15646572
v 0.11303629 0.048106555 0.15600123
v 0.11303629 0.051340118 0.15600123
v 0.11303629 0.075979888 0.15600123
v 0.11303629 0.079213455 0.15600123
v 0.11303639 0.024390005 0.156
v 0.11303639 0.044135336 0.156
v 0.11303639 0.055311337 0.156
v 0.11303639 0.072008669 0.156
v 0.11303639 0.083184674 0.156
v 0.11303639 0.095310003 0.156
v 0.11304 0.024061304 0.15595673
v 0.11304 0.044464037 0.15595673
v 0.11304 0.054982636 0.15595673
v 0.11304 0.072337374 0.15595673
v 0.11304 0.08285597 0.15595673
v 0.11304 0.095638707 0.15595673
v 0.11305057 0.023755003 0.15582985
v 0.11305057 0.044770338 0.15582985
v 0.11305057 0.054676335 0.15582985
v 0.11305057 0.072643667 0.15582985
v 0.11305057 0.082549669 0.15582985
v 0.11305057 0.095945001 0.15582985
v 0.11308928 0.02329015 0.15536501
v 0.11308928 0.045235187 0.15536501
v 0.11308928 0.054211482 0.15536501
v 0.11308928 0.073108524 0.15536501
v 0.11308928 0.08208482 0.15536501
v 0.11308928 0.096409857 0.15536501
v 0.11309376 0.10742551 0.071269996
v 0.11309376 0.10742551 0.12675001
v 0.11309376 0.11461121 0.071269996
v 0.11309376 0.11461121 0.12675001
v 0.11311376 0.047856435 0.15507101
v 0.11311376 0.051590238 0.15507101
v 0.11311376 0.075729772 0.15507101
v 0.11311376 0.079463571 0.15507101
v 0.11314216 0.023120005 0.15473001
v 0.11314216 0.045405336 0.15473001
v 0.11314216 0.054041337 0.15473001
v 0.11314216 0.073278673 0.15473001
v 0.11314216 0.081914671 0.15473001
v 0.11314216 0.096579999 0.15473001
v 0.11319123 0.048106555 0.15414077
v 0.11319123 0.051340118 0.15414077
v 0.11319123 0.075979888 0.15414077
v 0.11319123 0.079213455 0.15414077
v 0.11324794 0.048789889 0.15345979
v 0.11324794 0.050656788 0.15345979
v 0.11324794 0.076663218 0.15345979
v 0.11324794 0.078530118 0.15345979
v 0.1132581 0 0
v 0.1132581 0.0015981048 0
v 0.1132581 0.010411903 0
v 0.1132581 0.054188769 0
v 0.1132581 0.073131233 0
v 0.1132581 0.080900669 0
v 0.1132581 0.1169081 0
v 0.1132581 0.12732001 0
v 0.1132687 0.049723335 0.15321054
v 0.1132687 0.077596672 0.15321054
v 0.11339599 0.045405336 0.151682
v 0.11339599 0.054041337 0.151682
v 0.11339599 0.073278673 0.151682
v 0.11339599 0.081914671 0.151682
v 0.11344887 0.045575485 0.15104701
v 0.11344887 0.053871188 0.15104701
v 0.11344887 0.073448814 0.15104701
v 0.11344887 0.081744522 0.15104701
v 0.11348759 0.046040334 0.15058215
v 0.11348759 0.053406335 0.15058215
v 0.11348759 0.073913671 0.15058215
v 0.11348759 0.081279673 0.15058215
v 0.11349815 0.046346635 0.15045528
v 0.11349815 0.053100035 0.15045528
v 0.11349815 0.074219972 0.15045528
v 0.11349815 0.080973372 0.15045528
v 0.11350176 0.046675339 0.15041199
v 0.11350176 0.047183335 0.15041199
v 0.11350176 0.052263334 0.15041199
v 0.11350176 0.052771337 0.15041199
v 0.11350176 0.074548669 0.15041199
v 0.11350176 0.075056672 0.15041199
v 0.11350176 0.080136672 0.15041199
v 0.11350176 0.080644667 0.15041199
v 0.11350536 0.04751204 0.15036872
v 0.11350536 0.051934637 0.15036872
v 0.11350536 0.079807967 0.15036872
v 0.1135098 0.075542681 0.15031533
v 0.11351593 0.047818337 0.15024185
v 0.11351593 0.051628336 0.15024185
v 0.11351593 0.079501674 0.15024185
v 0.11353274 0.075954698 0.15004003
v 0.11355464 0.04828319 0.149777
v 0.11355464 0.051163483 0.149777
v 0.11355464 0.079036817 0.149777
v 0.11356521 0.096579999 0.14964999
v 0.11356705 0.076229997 0.14962801
v 0.11360752 0.048453338 0.149142
v 0.11360752 0.050993338 0.149142
v 0.11360752 0.076326668 0.149142
v 0.11360752 0.078866668 0.149142
v 0.11361809 0.096750155 0.14901499
v 0.1136568 0.097215004 0.14855015
v 0.11366737 0.097521305 0.14842327
v 0.11367097 0.097850002 0.14838
v 0.11367097 0.10293 0.14838
v 0.11367458 0.1032587 0.14833672
v 0.11368515 0.10356501 0.14820985
v 0.11372386 0.10402986 0.147745
v 0.11377674 0.10420001 0.14711
v 0.11381479 0.027337492 0.10366
v 0.11381479 0.027337492 0.132
v 0.11381479 0.027816121 0.10187375
v 0.11381479 0.027816121 0.10544626
v 0.11381479 0.027816121 0.13021375
v 0.11381479 0.027816121 0.13378626
v 0.11381479 0.029011354 0.10366
v 0.11381479 0.029011354 0.132
v 0.11381479 0.02912375 0.10056612
v 0.11381479 0.02912375 0.10675389
v 0.11381479 0.02912375 0.12890612
v 0.11381479 0.02912375 0.13509388
v 0.11381479 0.029265724 0.10271067
v 0.11381479 0.029265724 0.10460933
v 0.11381479 0.029265724 0.13105068
v 0.11381479 0.029265724 0.13294932
v 0.11381479 0.029960677 0.10201572
v 0.11381479 0.029960677 0.10530428
v 0.11381479 0.029960677 0.13035572
v 0.11381479 0.029960677 0.13364428
v 0.11381479 0.030910004 0.10008749
v 0.11381479 0.030910004 0.10176135
v 0.11381479 0.030910004 0.10555865
v 0.11381479 0.030910004 0.10723251
v 0.11381479 0.030910004 0.12842749
v 0.11381479 0.030910004 0.13010135
v 0.11381479 0.030910004 0.13389865
v 0.11381479 0.030910004 0.13557251
v 0.11381479 0.031859327 0.10201572
v 0.11381479 0.031859327 0.10530428
v 0.11381479 0.031859327 0.13035572
v 0.11381479 0.031859327 0.13364428
v 0.11381479 0.032554284 0.10271067
v 0.11381479 0.032554284 0.10460933
v 0.11381479 0.032554284 0.13105068
v 0.11381479 0.032554284 0.13294932
v 0.11381479 0.032696258 0.10056612
v 0.11381479 0.032696258 0.10675389
v 0.11381479 0.032696258 0.12890612
v 0.11381479 0.032696258 0.13509388
v 0.11381479 0.032808654 0.10366
v 0.11381479 0.032808654 0.132
v 0.11381479 0.034003887 0.10187375
v 0.11381479 0.034003887 0.10544626
v 0.11381479 0.034003887 0.13021375
v 0.11381479 0.034003887 0.13378626
v 0.11381479 0.034482513 0.10366
v 0.11381479 0.034482513 0.132
v 0.11381479 0.099237494 0.10366
v 0.11381479 0.099237494 0.132
v 0.11381479 0.099716119 0.10187375
v 0.11381479 0.099716119 0.10544626
v 0.11381479 0.099716119 0.13021375
v 0.11381479 0.099716119 0.13378626
v 0.11381479 0.10091135 0.10366
v 0.11381479 0.10091135 0.132
v 0.11381479 0.10102375 0.10056612
v 0.11381479 0.10102375 0.10675389
v 0.11381479 0.10102375 0.12890612
v 0.11381479 0.10102375 0.13509388
v 0.11381479 0.10116573 0.10271067
v 0.11381479 0.10116573 0.10460933
v 0.11381479 0.10116573 0.13105068
v 0.11381479 0.10116573 0.13294932
v 0.11381479 0.10186068 0.10201572
v 0.11381479 0.10186068 0.10530428
v 0.11381479 0.10186068 0.13035572
v 0.11381479 0.10186068 0.13364428
v 0.11381479 0.10281 0.10008749
v 0.11381479 0.10281 0.10176135
v 0.11381479 0.10281 0.10555865
v 0.11381479 0.10281 0.10723251
v 0.11381479 0.10281 0.12842749
v 0.11381479 0.10281 0.13010135
v 0.11381479 0.10281 0.13389865
v 0.11381479 0.10281 0.13557251
v 0.11381479 0.10375933 0.10201572
v 0.11381479 0.10375933 0.10530428
v 0.11381479 0.10375933 0.13035572
v 0.11381479 0.10375933 0.13364428
v 0.11381479 0.10445428 0.10271067
v 0.11381479 0.10445428 0.10460933
v 0.11381479 0.10445428 0.13105068
v 0.11381479 0.10445428 0.13294932
v 0.11381479 0.10459626 0.10056612
v 0.11381479 0.10459626 0.10675389
v 0.11381479 0.10459626 0.12890612
v 0.11381479 0.10459626 0.13509388
v 0.11381479 0.10470866 0.10366
v 0.11381479 0.10470866 0.132
v 0.11381479 0.10590389 0.10187375
v 0.11381479 0.10590389 0.10544626
v 0.11381479 0.10590389 0.13021375
v 0.11381479 0.10590389 0.13378626
v 0.11381479 0.10638251 0.10366
v 0.11381479 0.10638251 0.132
v 0.11389 0.010500297 0.0088900002
v 0.11389 0.010500297 0.1305384
v 0.11389 0.11681971 0.0088900002
v 0.11389 0.11681971 0.067769997
v 0.11397508 0.010352947 0.0082550002
v 0.11397508 0.11696706 0.0082550002
v 0.11420751 0.0099503733 0.0077901478
v 0.11420751 0.11736964 0.0077901478
v 0.11450626 0.023120005 0.13835
v 0.11450626 0.10420001 0.13835
v 0.11452501 0.009400446 0.0076199998
v 0.11452501 0.11791956 0.0076199998
v 0.11454674 0.023216676 0.13786399
v 0.11454674 0.10410333 0.13786399
v 0.11458105 0.023491979 0.13745198
v 0.11458105 0.10382803 0.13745198
v 0.11460398 0.023903996 0.13717668
v 0.11460398 0.10341601 0.13717668
v 0.11461203 0.024390005 0.13708
v 0.11461203 0.034550004 0.13708
v 0.11461203 0.099882007 0.13708
v 0.11461203 0.10293 0.13708
v 0.11461563 0.034878701 0.13703673
v 0.11461563 0.099553302 0.13703673
v 0.1146262 0.035185002 0.13690986
v 0.1146262 0.099247009 0.13690986
v 0.11466491 0.035649855 0.136445
v 0.11466491 0.098782152 0.136445
v 0.1147178 0.035820004 0.13581
v 0.1147178 0.098612003 0.13581
v 0.11473757 0.030910004 0.13557251
v 0.11473757 0.10281 0.13557251
v 0.1147477 0.029985368 0.13545078
v 0.1147477 0.031834636 0.13545078
v 0.1147477 0.10188537 0.13545078
v 0.1147477 0.10373464 0.13545078
v 0.11477743 0.02912375 0.13509388
v 0.11477743 0.032696258 0.13509388
v 0.11477743 0.10102375 0.13509388
v 0.11477743 0.10459626 0.13509388
v 0.11481825 0.011427481 0.13053845
v 0.11481971 0.011430003 0.0088900002
v 0.11481971 0.11589 0.0088900002
v 0.11481971 0.11589 0.067769997
v 0.11482355 0.035820004 0.13454001
v 0.11482355 0.048453338 0.13454001
v 0.11482355 0.050993338 0.13454001
v 0.11482355 0.076326668 0.13454001
v 0.11482355 0.078866668 0.13454001
v 0.11482355 0.098612003 0.13454001
v 0.11487643 0.035990149 0.13390499
v 0.11487643 0.04828319 0.13390499
v 0.11487643 0.051163483 0.13390499
v 0.11487643 0.076156519 0.13390499
v 0.11487643 0.079036817 0.13390499
v 0.11487643 0.098441854 0.13390499
v 0.11488633 0.027816121 0.13378626
v 0.11488633 0.034003887 0.13378626
v 0.11488633 0.099716119 0.13378626
v 0.11488633 0.10590389 0.13378626
v 0.11491515 0.036455005 0.13344015
v 0.11491515 0.047818337 0.13344015
v 0.11491515 0.051628336 0.13344015
v 0.11491515 0.07569167 0.13344015
v 0.11491515 0.079501674 0.13344015
v 0.11491515 0.097977005 0.13344015
v 0.11492571 0.036761303 0.13331327
v 0.11492571 0.04751204 0.13331327
v 0.11492571 0.051934637 0.13331327
v 0.11492571 0.075385369 0.13331327
v 0.11492571 0.079807967 0.13331327
v 0.11492571 0.097670704 0.13331327
v 0.11492932 0.037090003 0.13327
v 0.11492932 0.047183335 0.13327
v 0.11492932 0.052263334 0.13327
v 0.11492932 0.075056672 0.13327
v 0.11492932 0.080136672 0.13327
v 0.11492932 0.097341999 0.13327
v 0.11496706 0.011344928 0.0082550002
v 0.11496706 0.11597508 0.0082550002
v 0.11503509 0.027337492 0.132
v 0.11503509 0.034482513 0.132
v 0.11503509 0.099237494 0.132
v 0.11503509 0.10638251 0.132
v 0.11514085 0.037090003 0.13073
v 0.11514085 0.047183335 0.13073
v 0.11514085 0.052263334 0.13073
v 0.11514085 0.075056672 0.13073
v 0.11514085 0.080136672 0.13073
v 0.11514085 0.097341999 0.13073
v 0.11514445 0.036761303 0.13068673
v 0.11514445 0.04751204 0.13068673
v 0.11514445 0.051934637 0.13068673
v 0.11514445 0.075385369 0.13068673
v 0.11514445 0.079807967 0.13068673
v 0.11514445 0.097670704 0.13068673
v 0.11515501 0.036455005 0.13055985
v 0.11515501 0.051628336 0.13055985
v 0.11515501 0.079501674 0.13055985
v 0.11515502 0.04781837 0.13055983
v 0.11515502 0.0756917 0.13055983
v 0.11515502 0.097977035 0.13055983
v 0.11515999 0.012691256 0.13050018
v 0.11516 0.012700003 0.0088900002
v 0.11516 0.012700003 0.1305
v 0.11516 0.012960002 0.0088900002
v 0.11516 0.012960002 0.1305
v 0.11516 0.022612002 0.0088900002
v 0.11516 0.022612002 0.1305
v 0.11516 0.023120005 0.0088900002
v 0.11516 0.023120005 0.070079997
v 0.11516 0.023120005 0.075159997
v 0.11516 0.023120005 0.097309999
v 0.11516 0.023120005 0.11001
v 0.11516 0.023120005 0.12565
v 0.11516 0.02329015 0.070715003
v 0.11516 0.02329015 0.074524999
v 0.11516 0.02329015 0.097944997
v 0.11516 0.02329015 0.109375
v 0.11516 0.02329015 0.126285
v 0.11516 0.023755003 0.071179852
v 0.11516 0.023755003 0.074060149
v 0.11516 0.023755003 0.098409854
v 0.11516 0.023755003 0.10891015
v 0.11516 0.023755003 0.12674986
v 0.11516 0.024390005 0.071350001
v 0.11516 0.024390005 0.073890001
v 0.11516 0.024390005 0.098580003
v 0.11516 0.024390005 0.10874
v 0.11516 0.024390005 0.12692
v 0.11516 0.027337492 0.10366
v 0.11516 0.027667653 0.1305
v 0.11516 0.027816121 0.10187375
v 0.11516 0.027816121 0.10544626
v 0.11516 0.027816121 0.13021375
v 0.11516 0.02912375 0.10056612
v 0.11516 0.02912375 0.10675389
v 0.11516 0.02912375 0.12890612
v 0.11516 0.030910004 0.10008749
v 0.11516 0.030910004 0.10723251
v 0.11516 0.030910004 0.12842749
v 0.11516 0.032696258 0.10056612
v 0.11516 0.032696258 0.10675389
v 0.11516 0.032696258 0.12890612
v 0.11516 0.034003887 0.10187375
v 0.11516 0.034003887 0.10544626
v 0.11516 0.034003887 0.13021375
v 0.11516 0.034152351 0.1305
v 0.11516 0.034482513 0.10366
v 0.11516 0.034550004 0.098580003
v 0.11516 0.034550004 0.10874
v 0.11516 0.034550004 0.12692
v 0.11516 0.035185002 0.098750144
v 0.11516 0.035185002 0.10856985
v 0.11516 0.035185002 0.12709014
v 0.11516 0.035649855 0.099215001
v 0.11516 0.035649855 0.108105
v 0.11516 0.035649855 0.127555
v 0.11516 0.035820004 0.099849999
v 0.11516 0.035820004 0.10112
v 0.11516 0.035820004 0.1062
v 0.11516 0.035820004 0.10747
v 0.11516 0.035820004 0.12819
v 0.11516 0.035820004 0.12946001
v 0.11516 0.035990149 0.101755
v 0.11516 0.035990149 0.105565
v 0.11516 0.035990149 0.13009501
v 0.11516 0.036361098 0.1305
v 0.11516 0.036455005 0.10221985
v 0.11516 0.036455005 0.10510015
v 0.11516 0.037090003 0.10239
v 0.11516 0.037090003 0.10493
v 0.11516 0.047183335 0.073890001
v 0.11516 0.047183335 0.10239
v 0.11516 0.047183335 0.10493
v 0.11516 0.047818337 0.074060149
v 0.11516 0.047818337 0.10221985
v 0.11516 0.047818337 0.10510015
v 0.11516 0.04791224 0.1305
v 0.11516 0.04828319 0.074524999
v 0.11516 0.04828319 0.101755
v 0.11516 0.04828319 0.105565
v 0.11516 0.04828319 0.13009501
v 0.11516 0.048453338 0.075159997
v 0.11516 0.048453338 0.10112
v 0.11516 0.048453338 0.1062
v 0.11516 0.048453338 0.12946001
v 0.11516 0.049723335 0.1305
v 0.11516 0.050993338 0.075159997
v 0.11516 0.050993338 0.10112
v 0.11516 0.050993338 0.1062
v 0.11516 0.050993338 0.12946001
v 0.11516 0.051163483 0.074524999
v 0.11516 0.051163483 0.101755
v 0.11516 0.051163483 0.105565
v 0.11516 0.051163483 0.13009501
v 0.11516 0.051534433 0.1305
v 0.11516 0.051628336 0.074060149
v 0.11516 0.051628336 0.10221985
v 0.11516 0.051628336 0.10510015
v 0.11516 0.052263334 0.073890001
v 0.11516 0.052263334 0.10239
v 0.11516 0.052263334 0.10493
v 0.11516 0.075056672 0.073890001
v 0.11516 0.075056672 0.10239
v 0.11516 0.075056672 0.10493
v 0.11516 0.07569167 0.074060149
v 0.11516 0.07569167 0.10221985
v 0.11516 0.07569167 0.10510015
v 0.11516 0.075785577 0.1305
v 0.11516 0.076156519 0.074524999
v 0.11516 0.076156519 0.101755
v 0.11516 0.076156519 0.105565
v 0.11516 0.076156519 0.13009501
v 0.11516 0.076326668 0.075159997
v 0.11516 0.076326668 0.10112
v 0.11516 0.076326668 0.1062
v 0.11516 0.076326668 0.12946001
v 0.11516 0.078866668 0.075159997
v 0.11516 0.078866668 0.10112
v 0.11516 0.078866668 0.1062
v 0.11516 0.078866668 0.12946001
v 0.11516 0.079036817 0.074524999
v 0.11516 0.079036817 0.101755
v 0.11516 0.079036817 0.105565
v 0.11516 0.079036817 0.13009501
v 0.11516 0.079407766 0.1305
v 0.11516 0.079501674 0.074060149
v 0.11516 0.079501674 0.10221985
v 0.11516 0.079501674 0.10510015
v 0.11516 0.080136672 0.073890001
v 0.11516 0.080136672 0.10239
v 0.11516 0.080136672 0.10493
v 0.11516 0.097341999 0.10239
v 0.11516 0.097341999 0.10493
v 0.11516 0.097977005 0.10221985
v 0.11516 0.097977005 0.10510015
v 0.11516 0.098070905 0.1305
v 0.11516 0.098441854 0.101755
v 0.11516 0.098441854 0.105565
v 0.11516 0.098441854 0.13009501
v 0.11516 0.098612003 0.099849999
v 0.11516 0.098612003 0.10112
v 0.11516 0.098612003 0.1062
v 0.11516 0.098612003 0.10747
v 0.11516 0.098612003 0.12819
v 0.11516 0.098612003 0.12946001
v 0.11516 0.098782152 0.099215001
v 0.11516 0.098782152 0.108105
v 0.11516 0.098782152 0.127555
v 0.11516 0.099237494 0.10366
v 0.11516 0.099247009 0.098750144
v 0.11516 0.099247009 0.10856985
v 0.11516 0.099247009 0.12709014
v 0.11516 0.099567652 0.1305
v 0.11516 0.099716119 0.10187375
v 0.11516 0.099716119 0.10544626
v 0.11516 0.099716119 0.13021375
v 0.11516 0.099882007 0.098580003
v 0.11516 0.099882007 0.10874
v 0.11516 0.099882007 0.12692
v 0.11516 0.10102375 0.10056612
v 0.11516 0.10102375 0.10675389
v 0.11516 0.10102375 0.12890612
v 0.11516 0.10281 0.10008749
v 0.11516 0.10281 0.10723251
v 0.11516 0.10281 0.12842749
v 0.11516 0.10293 0.071350001
v 0.11516 0.10293 0.073890001
v 0.11516 0.10293 0.098580003
v 0.11516 0.10293 0.10874
v 0.11516 0.10293 0.12692
v 0.11516 0.10356501 0.071179852
v 0.11516 0.10356501 0.074060149
v 0.11516 0.10356501 0.098409854
v 0.11516 0.10356501 0.10891015
v 0.11516 0.10356501 0.12674986
v 0.11516 0.10402986 0.070715003
v 0.11516 0.10402986 0.074524999
v 0.11516 0.10402986 0.097944997
v 0.11516 0.10402986 0.109375
v 0.11516 0.10402986 0.126285
v 0.11516 0.10420001 0.0088900002
v 0.11516 0.10420001 0.070079997
v 0.11516 0.10420001 0.075159997
v 0.11516 0.10420001 0.097309999
v 0.11516 0.10420001 0.11001
v 0.11516 0.10420001 0.12565
v 0.11516 0.10459626 0.10056612
v 0.11516 0.10459626 0.10675389
v 0.11516 0.10459626 0.12890612
v 0.11516 0.104708 0.0088900002
v 0.11516 0.104708 0.10063338
v 0.11516 0.104708 0.10668662
v 0.11516 0.104708 0.12897338
v 0.11516 0.11436 0.0088900002
v 0.11516 0.11436 0.1305
v 0.11516 0.11461121 0.067769997
v 0.11516 0.11461121 0.1305
v 0.11516 0.11462 0.0088900002
v 0.11516 0.11462 0.067769997
v 0.1151609 0.013027325 0.0088904463
v 0.1151609 0.10477532 0.0088904463
v 0.11516136 0.013043109 0.13048367
v 0.11516136 0.022528898 0.13048367
v 0.11516136 0.1142769 0.13048367
v 0.11516544 0.013126127 0.13043469
v 0.11516544 0.02244588 0.13043469
v 0.11516544 0.11419388 0.13043469
v 0.11518173 0.013291541 0.13023907
v 0.11518173 0.022280466 0.13023907
v 0.11518173 0.11402847 0.13023907
v 0.11518385 0.10590389 0.13021375
v 0.1151844 0.023144405 0.0086422348
v 0.11520328 0.10415673 0.0085613001
v 0.11524385 0.10535526 0.1294931
v 0.11524655 0.013617404 0.12946074
v 0.11524655 0.021954603 0.12946074
v 0.11524655 0.1137026 0.12946074
v 0.11525275 0.10538813 0.10613308
v 0.11525345 0.10539064 0.10118955
v 0.11533014 0.012700003 0.0082550002
v 0.11533014 0.012960002 0.0082550002
v 0.11533014 0.022612002 0.0082550002
v 0.11533014 0.02329015 0.0082550002
v 0.11533014 0.10402986 0.0082550002
v 0.11533014 0.104708 0.0082550002
v 0.11533014 0.11436 0.0082550002
v 0.11533014 0.11462 0.0082550002
v 0.11533128 0.013039634 0.0082559269
v 0.11533128 0.10478763 0.0082559269
v 0.11534841 0.021651972 0.0089842081
v 0.11534841 0.11339998 0.0089842081
v 0.11536963 0.011112504 0.0077901478
v 0.11536963 0.1162075 0.0077901478
v 0.11537887 0.013991475 0.0089994334
v 0.11537887 0.10573947 0.0089994334
v 0.11545914 0.10590389 0.10187375
v 0.11545936 0.1059043 0.10544553
v 0.1155003 0.014230002 0.12641378
v 0.1155003 0.021342002 0.12641378
v 0.1155003 0.105978 0.10531124
v 0.1155003 0.105978 0.12641378
v 0.1155003 0.11309001 0.12641378
v 0.1155035 0.014235545 0.0090617519
v 0.1155035 0.10598354 0.0090617519
v 0.11550388 0.02133581 0.0090619409
v 0.11550388 0.11308381 0.0090619409
v 0.11550982 0.10599435 0.10204051
v 0.11554222 0.023502216 0.0079818517
v 0.11555676 0.021514874 0.0084400391
v 0.11555676 0.11326288 0.0084400391
v 0.11559146 0.014133058 0.0084682358
v 0.11559146 0.10588107 0.0084682358
v 0.11570302 0.1062776 0.10280059
v 0.11570311 0.10627772 0.10451894
v 0.11579013 0.10638251 0.10366
v 0.115795 0.012700003 0.0077901478
v 0.115795 0.012960002 0.0077901478
v 0.115795 0.022612002 0.0077901478
v 0.115795 0.023755003 0.0077901478
v 0.115795 0.10356501 0.0077901478
v 0.115795 0.104708 0.0077901478
v 0.115795 0.11436 0.0077901478
v 0.115795 0.11462 0.0077901478
v 0.11579593 0.013039634 0.0077912775
v 0.11579593 0.10478763 0.0077912775
v 0.11590395 0.014756054 0.12156676
v 0.11590395 0.020815954 0.12156676
v 0.11590395 0.10650405 0.12156676
v 0.11590395 0.11256395 0.12156676
v 0.11591956 0.010795005 0.0076199998
v 0.11591956 0.116525 0.0076199998
v 0.11598004 0.021514874 0.0080167633
v 0.11598004 0.11326288 0.0080167633
v 0.11600824 0.014133058 0.008051456
v 0.11600824 0.10588107 0.008051456
v 0.11609356 0.020644527 0.0093567818
v 0.11609356 0.11239253 0.0093567818
v 0.11617953 0.014994647 0.0093997661
v 0.11617953 0.10674265 0.0093997661
v 0.11631489 0.020541523 0.0090513574
v 0.11631489 0.11228952 0.0090513574
v 0.11639428 0.015088305 0.0091150235
v 0.11639428 0.1068363 0.0091150235
v 0.11643 0.012700003 0.0076199998
v 0.11643 0.012960002 0.0076199998
v 0.11643 0.015159708 0.11525
v 0.11643 0.0204123 0.11525
v 0.11643 0.022612002 0.0076199998
v 0.11643 0.024390005 0.0076199998
v 0.11643 0.10293 0.0076199998
v 0.11643 0.104708 0.0076199998
v 0.11643 0.10690771 0.11525
v 0.11643 0.1121603 0.11525
v 0.11643 0.11436 0.0076199998
v 0.11643 0.11462 0.0076199998
v 0.11643045 0.013027325 0.0076208925
v 0.11643045 0.10477532 0.0076208925
v 0.1164321 0.015160918 0.0095260488
v 0.1164321 0.10690892 0.0095260488
v 0.11643291 0.020410627 0.0095264511
v 0.11643291 0.11215863 0.0095264511
v 0.1165242 0.021651972 0.0078084171
v 0.1165242 0.11339998 0.0078084171
v 0.11653943 0.013991475 0.0078388657
v 0.11653943 0.10573947 0.0078388657
v 0.11659136 0.020541523 0.0087748831
v 0.11659136 0.11228952 0.0087748831
v 0.11660175 0.014235545 0.0079635037
v 0.11660175 0.10598354 0.0079635037
v 0.11660194 0.02133581 0.0079638818
v 0.11660194 0.11308381 0.0079638818
v 0.11665502 0.015088305 0.0088542858
v 0.11665502 0.1068363 0.0088542858
v 0.11684729 0.015352596 0.0097336471
v 0.11684729 0.020219412 0.0097336471
v 0.11684729 0.10710059 0.0097336471
v 0.11684729 0.11196741 0.0097336471
v 0.11689678 0.020644527 0.0085535627
v 0.11689678 0.11239253 0.0085535627
v 0.11693977 0.014994647 0.0086395312
v 0.11693977 0.10674265 0.0086395312
v 0.11698323 0.015383869 0.0095865661
v 0.11698323 0.020188138 0.0095865661
v 0.11698323 0.10713187 0.0095865661
v 0.11698323 0.11193614 0.0095865661
v 0.1170426 0.015413456 0.10789398
v 0.1170426 0.020158552 0.10789398
v 0.1170426 0.10716145 0.10789398
v 0.1170426 0.11190655 0.10789398
v 0.11706605 0.015160918 0.0088920966
v 0.11706605 0.10690892 0.0088920966
v 0.11706645 0.020410627 0.0088929022
v 0.11706645 0.11215863 0.0088929022
v 0.11712657 0.015383869 0.0094432309
v 0.11712657 0.020188138 0.0094432309
v 0.11712657 0.10713187 0.0094432309
v 0.11712657 0.11193614 0.0094432309
v 0.1171962 0.0056600049 0
v 0.1171962 0.0056600049 0.0076199998
v 0.1171962 0.063660003 0
v 0.1171962 0.063660003 0.0076199998
v 0.1171962 0.12166 0
v 0.1171962 0.12166 0.0076199998
v 0.11727364 0.015352596 0.0093072951
v 0.11727364 0.020219412 0.0093072951
v 0.11727364 0.10710059 0.0093072951
v 0.11727364 0.11196741 0.0093072951
v 0.11752629 0.0044281036 0
v 0.11752629 0.0044281036 0.0076199998
v 0.11752629 0.0068919025 0
v 0.11752629 0.0068919025 0.0076199998
v 0.11752629 0.062428102 0
v 0.11752629 0.062428102 0.0076199998
v 0.11752629 0.064891905 0
v 0.11752629 0.064891905 0.0076199998
v 0.11752629 0.1204281 0
v 0.11752629 0.1204281 0.0076199998
v 0.11752629 0.1228919 0
v 0.11752629 0.1228919 0.0076199998
v 0.1177 0.015500002 0.01016
v 0.1177 0.015500002 0.1
v 0.1177 0.020072002 0.01016
v 0.1177 0.020072002 0.1
v 0.1177 0.10724801 0.01016
v 0.1177 0.10724801 0.1
v 0.1177 0.11182 0.01016
v 0.1177 0.11182 0.1
v 0.1184281 0.003526289 0
v 0.1184281 0.003526289 0.0076199998
v 0.1184281 0.0077937171 0
v 0.1184281 0.0077937171 0.0076199998
v 0.1184281 0.061526291 0
v 0.1184281 0.061526291 0.0076199998
v 0.1184281 0.065793715 0
v 0.1184281 0.065793715 0.0076199998
v 0.1184281 0.11952629 0
v 0.1184281 0.11952629 0.0076199998
v 0.1184281 0.12379372 0
v 0.1184281 0.12379372 0.0076199998
v 0.11966 0.0031962022 0
v 0.11966 0.0031962022 0.0076199998
v 0.11966 0.0081238039 0
v 0.11966 0.0081238039 0.0076199998
v 0.11966 0.061196204 0
v 0.11966 0.061196204 0.0076199998
v 0.11966 0.066123806 0
v 0.11966 0.066123806 0.0076199998
v 0.11966 0.11919621 0
v 0.11966 0.11919621 0.0076199998
v 0.11966 0.1241238 0
v 0.11966 0.1241238 0.0076199998
v 0.1208919 0.003526289 0
v 0.1208919 0.003526289 0.0076199998
v 0.1208919 0.0077937171 0
v 0.1208919 0.0077937171 0.0076199998
v 0.1208919 0.061526291 0
v 0.1208919 0.061526291 0.0076199998
v 0.1208919 0.065793715 0
v 0.1208919 0.065793715 0.0076199998
v 0.1208919 0.11952629 0
v 0.1208919 0.11952629 0.0076199998
v 0.1208919 0.12379372 0
v 0.1208919 0.12379372 0.0076199998
v 0.12179372 0.0044281036 0
v 0.12179372 0.0044281036 0.0076199998
v 0.12179372 0.0068919025 0
v 0.12179372 0.0068919025 0.0076199998
v 0.12179372 0.062428102 0
v 0.12179372 0.062428102 0.0076199998
v 0.12179372 0.064891905 0
v 0.12179372 0.064891905 0.0076199998
v 0.12179372 0.1204281 0
v 0.12179372 0.1204281 0.0076199998
v 0.12179372 0.1228919 0
v 0.12179372 0.1228919 0.0076199998
v 0.1221238 0.0056600049 0
v 0.1221238 0.0056600049 0.0076199998
v 0.1221238 0.063660003 0
v 0.1221238 0.063660003 0.0076199998
v 0.1221238 0.12166 0
v 0.1221238 0.12166 0.0076199998
v 0.12278 0 0
v 0.12278 0 0.0076199998
v 0.12278 0.12732001 0
v 0.12278 0.12732001 0.0076199998
v 0.1237219 0.0015981048 0
v 0.1237219 0.010411903 0
v 0.1237219 0.054188769 0
v 0.1237219 0.073131233 0
v 0.1237219 0.080900669 0
v 0.1237219 0.1169081 0
v 0.12405001 0.00034029782 0
v 0.12405001 0.00034029782 0.0076199998
v 0.12405001 0.12697971 0
v 0.12405001 0.12697971 0.0076199998
v 0.1249797 0.0012700036 0
v 0.1249797 0.0012700036 0.0076199998
v 0.1249797 0.12605 0
v 0.1249797 0.12605 0.0076199998
v 0.12518176 0.015500002 0.01016
v 0.12518176 0.020072002 0.01016
v 0.12518176 0.10724801 0.01016
v 0.12518176 0.11182 0.01016
v 0.12528753 0.015159708 0.0088900002
v 0.12528753 0.0204123 0.0088900002
v 0.12528753 0.10690771 0.0088900002
v 0.12528753 0.1121603 0.0088900002
v 0.12532 0.0025400035 0
v 0.12532 0.0025400035 0.0076199998
v 0.12532 0.010411903 0
v 0.12532 0.012960002 0.0076199998
v 0.12532 0.014230002 0.0079602953
v 0.12532 0.014882501 0.0085000005
v 0.12532 0.020689506 0.0085000005
v 0.12532 0.021342002 0.0079602953
v 0.12532 0.022612002 0.0076199998
v 0.12532 0.054188769 0
v 0.12532 0.073131233 0
v 0.12532 0.080900669 0
v 0.12532 0.104708 0.0076199998
v 0.12532 0.105978 0.0079602953
v 0.12532 0.1066305 0.0085000005
v 0.12532 0.1124375 0.0085000005
v 0.12532 0.11309001 0.0079602953
v 0.12532 0.11436 0.0076199998
v 0.12532 0.1169081 0
v 0.12532 0.12478 0
v 0.12532 0.12478 0.0076199998
s 1
f 777// 795// 786//
f 786// 795// 796//
f 786// 796// 787//
f 751// 774// 745//
f 745// 774// 768//
f 745// 768// 731//
f 768// 696// 700//
f 518// 711// 672//
f 672// 711// 677//
f 731// 768// 708//
f 708// 768// 700//
f 708// 700// 704//
f 768// 736// 696//
f 696// 736// 726//
f 696// 726// 690//
f 690// 726// 722//
f 690// 722// 691//
f 707// 725// 730//
f 730// 725// 735//
f 730// 735// 744//
f 744// 735// 767//
f 723// 727// 693//
f 695// 689// 725//
f 762// 756// 767//
f 767// 756// 750//
f 767// 750// 744//
f 693// 692// 723//
f 723// 692// 685//
f 723// 685// 711//
f 711// 685// 681//
f 711// 681// 677//
f 769// 758// 737//
f 737// 758// 752//
f 777// 786// 775//
f 775// 786// 771//
f 775// 771// 769//
f 769// 771// 764//
f 769// 764// 758//
f 725// 689// 721//
f 705// 701// 727//
f 727// 701// 697//
f 727// 697// 693//
f 752// 746// 737//
f 737// 746// 732//
f 737// 732// 727//
f 727// 732// 709//
f 727// 709// 705//
f 751// 757// 774//
f 774// 757// 763//
f 774// 763// 762//
f 549// 551// 527//
f 660// 661// 771//
f 771// 661// 662//
f 733// 747// 771//
f 771// 747// 753//
f 707// 703// 725//
f 725// 703// 699//
f 725// 699// 695//
f 680// 710// 684//
f 684// 710// 721//
f 684// 721// 688//
f 688// 721// 689//
f 753// 759// 771//
f 771// 759// 765//
f 771// 765// 764//
f 680// 676// 710//
f 710// 676// 670//
f 710// 670// 347//
f 483// 507// 458//
f 711// 678// 722//
f 722// 678// 682//
f 722// 682// 691//
f 670// 516// 347//
f 347// 516// 510//
f 347// 510// 500//
f 25// 16// 15//
f 660// 771// 555//
f 555// 771// 458//
f 555// 458// 551//
f 551// 458// 507//
f 551// 507// 527//
f 541// 544// 526//
f 488// 489// 482//
f 482// 489// 495//
f 482// 495// 501//
f 512// 502// 501//
f 497// 503// 482//
f 458// 456// 483//
f 483// 456// 260//
f 483// 260// 257//
f 15// 24// 25//
f 25// 24// 28//
f 25// 28// 29//
f 501// 511// 512//
f 512// 511// 517//
f 512// 517// 518//
f 518// 517// 671//
f 518// 671// 711//
f 711// 671// 673//
f 711// 673// 678//
f 667// 668// 666//
f 666// 668// 674//
f 666// 674// 664//
f 664// 674// 733//
f 664// 733// 665//
f 665// 733// 771//
f 665// 771// 663//
f 663// 771// 662//
f 414// 397// 482//
f 482// 397// 467//
f 482// 467// 473//
f 231// 248// 251//
f 549// 527// 547//
f 547// 527// 531//
f 547// 531// 545//
f 545// 531// 533//
f 545// 533// 544//
f 544// 533// 530//
f 544// 530// 526//
f 473// 479// 482//
f 482// 479// 478//
f 482// 478// 488//
f 488// 478// 472//
f 482// 503// 506//
f 506// 503// 513//
f 506// 513// 526//
f 526// 513// 519//
f 526// 519// 535//
f 257// 254// 483//
f 483// 254// 247//
f 483// 247// 251//
f 251// 247// 222//
f 251// 222// 231//
f 502// 496// 501//
f 501// 496// 490//
f 501// 490// 482//
f 482// 490// 491//
f 482// 491// 497//
f 386// 369// 464//
f 464// 369// 466//
f 464// 466// 472//
f 356// 347// 463//
f 463// 347// 500//
f 463// 500// 470//
f 470// 500// 494//
f 470// 494// 476//
f 476// 494// 488//
f 476// 488// 477//
f 477// 488// 472//
f 477// 472// 471//
f 471// 472// 466//
f 535// 537// 526//
f 526// 537// 539//
f 526// 539// 541//
f 176// 183// 197//
f 197// 183// 196//
f 197// 196// 222//
f 222// 196// 213//
f 222// 213// 231//
f 29// 28// 103//
f 103// 28// 101//
f 103// 101// 137//
f 137// 101// 120//
f 137// 120// 176//
f 176// 120// 150//
f 176// 150// 183//
f 749// 772// 743//
f 743// 772// 766//
f 743// 766// 729//
f 729// 766// 706//
f 675// 724// 669//
f 669// 724// 720//
f 669// 720// 515//
f 754// 748// 770//
f 675// 679// 724//
f 724// 679// 683//
f 724// 683// 734//
f 734// 683// 687//
f 702// 706// 698//
f 698// 706// 766//
f 698// 766// 694//
f 694// 766// 734//
f 694// 734// 686//
f 686// 734// 687//
f 749// 755// 772//
f 772// 755// 761//
f 772// 761// 760//
f 748// 742// 770//
f 770// 742// 728//
f 770// 728// 461//
f 542// 524// 504//
f 720// 710// 515//
f 515// 710// 347//
f 515// 347// 509//
f 509// 347// 499//
f 728// 554// 461//
f 461// 554// 550//
f 461// 550// 548//
f 505// 508// 481//
f 481// 508// 498//
f 481// 498// 492//
f 538// 536// 534//
f 525// 543// 540//
f 327// 307// 462//
f 462// 307// 481//
f 525// 529// 543//
f 543// 529// 532//
f 543// 532// 542//
f 542// 532// 528//
f 542// 528// 524//
f 264// 461// 480//
f 480// 461// 548//
f 480// 548// 504//
f 504// 548// 546//
f 504// 546// 542//
f 499// 347// 493//
f 493// 347// 338//
f 493// 338// 465//
f 540// 538// 525//
f 525// 538// 534//
f 525// 534// 505//
f 505// 534// 514//
f 505// 514// 508//
f 480// 291// 268//
f 268// 258// 480//
f 480// 258// 266//
f 480// 266// 264//
f 475// 474// 481//
f 481// 474// 468//
f 481// 468// 462//
f 268// 259// 258//
f 258// 259// 256//
f 258// 256// 255//
f 255// 256// 253//
f 465// 469// 493//
f 493// 469// 475//
f 493// 475// 487//
f 487// 475// 481//
f 487// 481// 486//
f 486// 481// 492//
f 7// 6// 23//
f 23// 6// 22//
f 23// 22// 27//
f 27// 22// 26//
f 27// 26// 99//
f 99// 26// 97//
f 99// 97// 136//
f 136// 97// 135//
f 136// 135// 171//
f 171// 135// 170//
f 171// 170// 195//
f 195// 170// 194//
f 195// 194// 221//
f 221// 194// 220//
f 221// 220// 246//
f 246// 220// 245//
f 246// 245// 253//
f 253// 245// 252//
f 253// 252// 255//
f 770// 794// 795//
f 762// 767// 774//
f 774// 767// 773//
f 774// 773// 777//
f 777// 773// 776//
f 777// 776// 795//
f 795// 776// 772//
f 795// 772// 770//
f 770// 772// 760//
f 770// 760// 754//
f 5532// 5528// 5524//
f 5494// 5504// 5522//
f 5508// 5539// 5504//
f 5504// 5539// 5540//
f 5764// 5759// 5729//
f 5559// 5554// 5519//
f 5519// 5554// 5550//
f 5519// 5550// 5508//
f 5508// 5550// 5546//
f 5508// 5546// 5539//
f 5509// 5542// 5548//
f 5754// 5760// 5742//
f 5719// 5713// 5854//
f 5854// 5713// 5559//
f 5526// 5522// 5530//
f 5530// 5522// 5504//
f 5530// 5504// 5534//
f 5534// 5504// 5540//
f 5719// 5854// 5729//
f 5729// 5854// 5863//
f 5729// 5863// 5764//
f 5509// 5548// 5520//
f 5520// 5548// 5552//
f 5520// 5552// 5557//
f 5542// 5509// 5541//
f 5541// 5509// 5505//
f 5541// 5505// 5535//
f 5522// 5499// 5494//
f 5494// 5499// 5485//
f 5494// 5485// 5462//
f 5547// 5506// 5551//
f 5551// 5506// 5510//
f 5551// 5510// 5555//
f 5737// 5731// 5755//
f 5755// 5731// 5720//
f 5755// 5720// 5761//
f 5520// 5715// 5510//
f 5510// 5715// 5561//
f 5510// 5561// 5555//
f 5742// 5760// 5736//
f 5523// 5505// 5500//
f 5500// 5505// 5495//
f 5500// 5495// 5486//
f 5486// 5495// 5480//
f 5731// 5721// 5720//
f 5720// 5721// 5715//
f 5720// 5715// 5714//
f 5714// 5715// 5520//
f 5714// 5520// 5560//
f 5560// 5520// 5557//
f 5760// 5767// 5736//
f 5736// 5767// 5876//
f 5736// 5876// 5730//
f 5730// 5876// 5893//
f 5730// 5893// 5720//
f 5720// 5893// 5765//
f 5720// 5765// 5761//
f 5523// 5527// 5505//
f 5505// 5527// 5531//
f 5505// 5531// 5535//
f 5485// 5479// 5462//
f 5462// 5479// 5473//
f 5462// 5473// 5467//
f 5754// 5742// 5753//
f 5753// 5742// 5741//
f 5753// 5741// 5759//
f 5759// 5741// 5735//
f 5759// 5735// 5729//
f 5904// 5921// 5768//
f 5768// 5921// 5749//
f 5768// 5749// 5762//
f 5725// 5722// 5749//
f 5749// 5722// 5732//
f 5756// 5762// 5744//
f 5744// 5762// 5749//
f 5744// 5749// 5738//
f 5738// 5749// 5732//
f 5684// 5706// 5682//
f 5682// 5706// 5726//
f 5682// 5726// 5680//
f 5692// 5694// 5696//
f 5975// 5972// 5750//
f 6230// 6231// 6215//
f 5547// 5543// 5506//
f 5506// 5543// 5544//
f 5506// 5544// 5536//
f 5464// 5481// 5475//
f 5565// 5566// 5460//
f 5460// 5566// 5567//
f 5460// 5567// 5568//
f 5975// 5750// 5978//
f 5460// 5726// 5965//
f 5965// 5726// 5750//
f 5965// 5750// 5963//
f 5963// 5750// 5972//
f 5756// 5744// 5755//
f 5755// 5744// 5743//
f 5755// 5743// 5737//
f 5480// 5495// 5474//
f 5474// 5495// 5463//
f 5474// 5463// 5468//
f 5690// 5692// 5705//
f 5705// 5692// 5696//
f 5705// 5696// 5725//
f 5725// 5696// 5716//
f 5725// 5716// 5722//
f 5690// 5705// 5687//
f 5687// 5705// 5701//
f 5687// 5701// 5688//
f 5688// 5701// 5698//
f 5688// 5698// 5684//
f 5684// 5698// 5702//
f 5684// 5702// 5706//
f 5536// 5532// 5506//
f 5506// 5532// 5524//
f 5506// 5524// 5496//
f 5496// 5524// 5501//
f 5496// 5501// 5464//
f 5464// 5501// 5487//
f 5464// 5487// 5481//
f 5469// 5470// 5460//
f 5460// 5470// 5476//
f 5460// 5476// 5482//
f 5568// 5569// 5460//
f 5460// 5569// 5570//
f 5460// 5570// 5726//
f 5726// 5570// 5676//
f 5726// 5676// 5680//
f 5556// 5562// 5563//
f 5979// 6010// 5750//
f 5750// 6010// 5985//
f 5750// 5985// 5978//
f 5482// 5488// 5460//
f 5460// 5488// 5502//
f 5460// 5502// 5565//
f 5565// 5502// 5556//
f 5565// 5556// 5564//
f 5564// 5556// 5563//
f 5979// 5982// 6010//
f 6010// 5982// 6009//
f 6010// 6009// 6037//
f 6037// 6009// 6036//
f 6037// 6036// 6061//
f 6061// 6036// 6060//
f 6061// 6060// 6097//
f 6097// 6060// 6096//
f 6097// 6096// 6135//
f 6135// 6096// 6133//
f 6135// 6133// 6211//
f 6211// 6133// 6210//
f 6211// 6210// 6215//
f 6215// 6210// 6214//
f 6215// 6214// 6230//
f 5445// 5435// 5444//
f 5444// 5435// 5434//
f 5475// 5469// 5464//
f 5464// 5469// 5460//
f 5464// 5460// 5459//
f 5459// 5460// 5444//
f 5459// 5444// 5455//
f 5455// 5444// 5434//
f 5455// 5434// 5458//
f 5519// 5553// 5558//
f 5461// 5472// 5493//
f 5493// 5472// 5478//
f 5493// 5478// 5503//
f 5503// 5478// 5507//
f 5432// 5483// 5477//
f 5559// 5519// 5854//
f 5854// 5519// 5558//
f 5854// 5558// 5712//
f 5712// 5718// 5854//
f 5854// 5718// 5728//
f 5854// 5728// 5845//
f 5845// 5728// 5734//
f 5537// 5538// 5507//
f 5507// 5538// 5545//
f 5507// 5545// 5519//
f 5519// 5545// 5549//
f 5519// 5549// 5553//
f 5775// 5798// 5747//
f 5689// 5686// 5704//
f 5477// 5471// 5432//
f 5432// 5471// 5465//
f 5432// 5465// 5466//
f 5683// 5723// 5685//
f 5685// 5723// 5703//
f 5521// 5525// 5529//
f 5681// 5679// 5769//
f 5769// 5679// 5675//
f 5769// 5675// 5432//
f 5432// 5675// 5497//
f 5432// 5497// 5483//
f 5478// 5484// 5507//
f 5507// 5484// 5498//
f 5507// 5498// 5537//
f 5537// 5498// 5521//
f 5537// 5521// 5533//
f 5533// 5521// 5529//
f 5769// 5771// 5773//
f 5695// 5704// 5711//
f 5711// 5704// 5724//
f 5711// 5724// 5717//
f 5717// 5724// 5748//
f 5717// 5748// 5727//
f 5727// 5748// 5814//
f 5727// 5814// 5834//
f 5775// 5747// 5971//
f 5703// 5699// 5685//
f 5685// 5699// 5697//
f 5685// 5697// 5686//
f 5686// 5697// 5700//
f 5686// 5700// 5704//
f 6221// 6222// 6212//
f 6212// 6222// 6213//
f 6212// 6213// 6209//
f 5683// 5681// 5723//
f 5723// 5681// 5769//
f 5723// 5769// 5747//
f 5747// 5769// 5773//
f 5747// 5773// 5971//
f 5695// 5693// 5704//
f 5704// 5693// 5691//
f 5704// 5691// 5689//
f 5751// 5752// 5740//
f 5740// 5752// 5758//
f 5740// 5758// 5734//
f 5734// 5758// 5766//
f 5734// 5766// 5845//
f 5970// 5977// 5773//
f 5773// 5977// 5974//
f 5773// 5974// 5971//
f 5834// 5763// 5727//
f 5727// 5763// 5757//
f 5727// 5757// 5733//
f 5733// 5757// 5751//
f 5733// 5751// 5739//
f 5739// 5751// 5740//
f 6131// 6095// 5983//
f 5983// 6095// 6055//
f 5983// 6055// 5976//
f 5976// 6055// 6035//
f 5976// 6035// 5973//
f 5973// 6035// 6007//
f 5973// 6007// 5970//
f 5970// 6007// 5984//
f 5970// 5984// 5977//
f 5983// 6006// 6131//
f 6131// 6006// 6034//
f 6131// 6034// 6054//
f 6054// 6094// 6131//
f 6131// 6094// 6129//
f 6131// 6129// 6209//
f 6209// 6129// 6208//
f 6209// 6208// 6212//
f 5456// 5454// 5434//
f 5434// 5454// 5457//
f 5434// 5457// 5458//
f 5458// 5457// 5462//
f 5458// 5462// 5463//
f 5463// 5462// 5467//
f 5463// 5467// 5468//
f 5434// 5433// 5456//
f 5456// 5433// 5432//
f 5456// 5432// 5461//
f 5461// 5432// 5466//
f 5461// 5466// 5472//
f 2443// 2417// 2469//
f 3273// 3329// 3117//
f 2776// 2842// 2471//
f 3059// 3072// 3074//
f 2913// 2869// 2868//
f 3093// 2953// 3078//
f 3078// 2953// 2980//
f 3078// 2980// 3075//
f 3075// 2980// 3074//
f 3074// 2980// 2952//
f 3074// 2952// 3059//
f 2913// 2937// 2869//
f 2869// 2937// 2967//
f 2869// 2967// 2897//
f 2897// 2967// 2983//
f 2983// 3001// 2897//
f 2897// 3001// 3025//
f 2897// 3025// 2952//
f 2952// 3025// 3048//
f 2952// 3048// 3059//
f 3093// 3095// 2953//
f 2953// 3095// 3096//
f 2953// 3096// 3117//
f 2871// 2870// 2898//
f 2871// 2898// 3118//
f 2870// 2871// 2842//
f 2842// 2871// 2472//
f 2842// 2472// 2471//
f 2698// 2699// 2841//
f 2762// 2869// 2734//
f 2734// 2869// 2841//
f 2734// 2841// 2720//
f 2720// 2841// 2699//
f 2775// 2664// 2841//
f 2841// 2664// 2663//
f 2499// 2471// 2498//
f 2498// 2471// 2470//
f 2498// 2470// 2497//
f 2499// 2527// 2471//
f 2471// 2527// 2551//
f 2471// 2551// 2565//
f 2663// 2667// 2841//
f 2841// 2667// 2682//
f 2841// 2682// 2698//
f 2565// 2587// 2471//
f 2471// 2587// 2644//
f 2471// 2644// 2776//
f 2776// 2644// 2646//
f 2776// 2646// 2735//
f 2735// 2646// 2647//
f 2735// 2647// 2775//
f 2775// 2647// 2661//
f 2775// 2661// 2664//
f 1542// 1553// 2201//
f 2128// 1582// 1580//
f 2454// 2455// 2417//
f 2417// 2455// 2464//
f 2417// 2464// 2469//
f 2469// 2464// 2866//
f 2128// 2006// 1582//
f 1582// 2006// 1902//
f 1582// 1902// 1577//
f 1577// 1902// 2007//
f 1577// 2007// 1553//
f 1553// 2007// 2129//
f 2199// 2266// 2224//
f 2224// 2266// 2268//
f 2224// 2268// 2269//
f 2199// 2128// 2266//
f 2266// 2128// 1580//
f 2266// 1580// 2307//
f 2307// 1580// 1552//
f 2307// 1552// 2342//
f 2342// 1552// 1541//
f 1542// 2201// 1287//
f 2226// 2201// 2225//
f 2225// 2201// 1553//
f 2225// 1553// 2200//
f 2200// 1553// 2129//
f 2274// 2279// 2225//
f 2225// 2279// 2311//
f 2225// 2311// 2226//
f 2226// 2311// 2352//
f 2226// 2352// 2275//
f 2275// 2352// 2376//
f 2275// 2376// 2346//
f 2346// 2376// 2432//
f 2346// 2432// 2417//
f 2417// 2432// 2446//
f 2417// 2446// 2454//
f 818// 803// 793//
f 793// 803// 788//
f 825// 826// 1288//
f 1288// 826// 1223//
f 1288// 1223// 1236//
f 2201// 2130// 1287//
f 1287// 2130// 1288//
f 1287// 1288// 1254//
f 1254// 1288// 1236//
f 1290// 1238// 1289//
f 1289// 1238// 803//
f 1289// 803// 1288//
f 1288// 803// 818//
f 1288// 818// 825//
f 4700// 4676// 4015//
f 3369// 3368// 3387//
f 3453// 4700// 3387//
f 3387// 4700// 4015//
f 3387// 4015// 3369//
f 3539// 3554// 3556//
f 3509// 3522// 3386//
f 3386// 3522// 3524//
f 3402// 3367// 3366//
f 3658// 3670// 4700//
f 3557// 3560// 3453//
f 3453// 3560// 3574//
f 3722// 5001// 3723//
f 3723// 5001// 4700//
f 3723// 4700// 3694//
f 3694// 4700// 3670//
f 3524// 3539// 3386//
f 3386// 3539// 3556//
f 3386// 3556// 3452//
f 3452// 3556// 3557//
f 3452// 3557// 3494//
f 3494// 3557// 3453//
f 3402// 3426// 3367//
f 3367// 3426// 3467//
f 3367// 3467// 3386//
f 3386// 3467// 3497//
f 3386// 3497// 3509//
f 3574// 3576// 3453//
f 3453// 3576// 3577//
f 3453// 3577// 4700//
f 4700// 3577// 3634//
f 4700// 3634// 3658//
f 4097// 4216// 5001//
f 5001// 4216// 5426//
f 5426// 4216// 4322//
f 5426// 4322// 4215//
f 3496// 3466// 3365//
f 3466// 3425// 3365//
f 3365// 3425// 3400//
f 3365// 3400// 3366//
f 3366// 3400// 3401//
f 3366// 3401// 3402//
f 3669// 3806// 3693//
f 3693// 3806// 3782//
f 3693// 3782// 3721//
f 3721// 3782// 3807//
f 3721// 3807// 3722//
f 3722// 3807// 3878//
f 3878// 3951// 3722//
f 3722// 3951// 3989//
f 3722// 3989// 5001//
f 5001// 3989// 4030//
f 5001// 4030// 4097//
f 3669// 3657// 3806//
f 3806// 3657// 3633//
f 3806// 3633// 3365//
f 3365// 3633// 3508//
f 3365// 3508// 3496//
f 3770// 3771// 3806//
f 4321// 4661// 4666//
f 3950// 3877// 3854//
f 5016// 5407// 4215//
f 5407// 5408// 4215//
f 4215// 5408// 5416//
f 4215// 5416// 5426//
f 5426// 5416// 5431//
f 5426// 5431// 5443//
f 3950// 3854// 3988//
f 3771// 3772// 3806//
f 3806// 3772// 3780//
f 3806// 3780// 3877//
f 3877// 3780// 3795//
f 3877// 3795// 3854//
f 4321// 4213// 4661//
f 4661// 4213// 4094//
f 4661// 4094// 4659//
f 4659// 4094// 4027//
f 3988// 3987// 4028//
f 4029// 4701// 4096//
f 4096// 4701// 4986//
f 4096// 4986// 4215//
f 4215// 4986// 5003//
f 4215// 5003// 5016//
f 4029// 3988// 4701//
f 4701// 3988// 4028//
f 4701// 4028// 4689//
f 4689// 4028// 4095//
f 4689// 4095// 4666//
f 4666// 4095// 4214//
f 4666// 4214// 4321//
f 3958// 4002// 3960//
f 3960// 4002// 3957//
f 3854// 3874// 3988//
f 3988// 3874// 3919//
f 3988// 3919// 3987//
f 3987// 3919// 3947//
f 3987// 3947// 3952//
f 4027// 4002// 4659//
f 4659// 4002// 3958//
f 4659// 3958// 4688//
f 4688// 3958// 3915//
f 4688// 3915// 4699//
f 4699// 3915// 3884//
f 3272// 3160// 3164//
f 3204// 3328// 3187//
f 3187// 3328// 3272//
f 3187// 3272// 3177//
f 3177// 3272// 3164//
f 3160// 3272// 3161//
f 3161// 3272// 3246//
f 3161// 3246// 3158//
f 3096// 3116// 3117//
f 3117// 3116// 3140//
f 3117// 3140// 3273//
f 3273// 3140// 3142//
f 3273// 3142// 3246//
f 3246// 3142// 3143//
f 3246// 3143// 3158//
f 3259// 3367// 3245//
f 3245// 3367// 3328//
f 3245// 3328// 3227//
f 3227// 3328// 3204//
f 2982// 2964// 2867//
f 2964// 2934// 2867//
f 2867// 2934// 2909//
f 2867// 2909// 2868//
f 2868// 2909// 2912//
f 2868// 2912// 2913//
f 3365// 3286// 3256//
f 3259// 3289// 3367//
f 3367// 3289// 3315//
f 3367// 3315// 3366//
f 3366// 3315// 3314//
f 3366// 3314// 3365//
f 3365// 3314// 3311//
f 3365// 3311// 3286//
f 3256// 3244// 3365//
f 3365// 3244// 3224//
f 3365// 3224// 3114//
f 3114// 3224// 3115//
f 3114// 3115// 2867//
f 2867// 3115// 2998//
f 2867// 2998// 2982//
f 2469// 2526// 2497//
f 2762// 2803// 2869//
f 2869// 2803// 2828//
f 2869// 2828// 2868//
f 2868// 2828// 2827//
f 2868// 2827// 2867//
f 2867// 2827// 2826//
f 2867// 2826// 2802//
f 2586// 2564// 2469//
f 2469// 2564// 2550//
f 2469// 2550// 2526//
f 2802// 2761// 2867//
f 2867// 2761// 2733//
f 2867// 2733// 2719//
f 3770// 3806// 3747//
f 3747// 3806// 3365//
f 3747// 3365// 3351//
f 3351// 3365// 3114//
f 3351// 3114// 2866//
f 2866// 3114// 2867//
f 2866// 2867// 2469//
f 2469// 2867// 2719//
f 2469// 2719// 2586//
f 2130// 2008// 1288//
f 1288// 2008// 1903//
f 1288// 1903// 1289//
f 1289// 1903// 2009//
f 1289// 2009// 2131//
f 2497// 2470// 2469//
f 2469// 2470// 2418//
f 2469// 2418// 2443//
f 2202// 2227// 2470//
f 2227// 2276// 2470//
f 2470// 2276// 2347//
f 2470// 2347// 2418//
f 2131// 2202// 1289//
f 1289// 2202// 2470//
f 1289// 2470// 1290//
f 1290// 2470// 2471//
f 1290// 2471// 1540//
f 1540// 2471// 2472//
f 1540// 2472// 1564//
f 3368// 3369// 3329//
f 3329// 3369// 3118//
f 3329// 3118// 3117//
f 3117// 3118// 2898//
f 3117// 2898// 2953//
f 3361// 4606// 3359//
f 3359// 4606// 4605//
f 3242// 3359// 3240//
f 3240// 3359// 4605//
f 3240// 4605// 3213//
f 3213// 4605// 3211//
f 3359// 3242// 3243//
f 4995// 5491// 4977//
f 4977// 5491// 5451//
f 4977// 5451// 4968//
f 5965// 5425// 4320//
f 4320// 5425// 5015//
f 4320// 5015// 4996//
f 3201// 3210// 3194//
f 3194// 3210// 3243//
f 3194// 3243// 3193//
f 3193// 3243// 3242//
f 3193// 3242// 3200//
f 3200// 3242// 3209//
f 5964// 5492// 5965//
f 5965// 5492// 5453//
f 5965// 5453// 5425//
f 5451// 5423// 4968//
f 4968// 5423// 5013//
f 4968// 5013// 4994//
f 3359// 3243// 3360//
f 3360// 3243// 3757//
f 3360// 3757// 5964//
f 5964// 3757// 3966//
f 5964// 3966// 4136//
f 4996// 4978// 4320//
f 4320// 4978// 4968//
f 4320// 4968// 4319//
f 4319// 4968// 4994//
f 4319// 4994// 4136//
f 4136// 4994// 4976//
f 4136// 4976// 4967//
f 5012// 5964// 4993//
f 4993// 5964// 4136//
f 4993// 4136// 4975//
f 4975// 4136// 4967//
f 5012// 5422// 5964//
f 5964// 5422// 5450//
f 5964// 5450// 5491//
f 4995// 5014// 5491//
f 5491// 5014// 5424//
f 5491// 5424// 5964//
f 5964// 5424// 5452//
f 5964// 5452// 5492//
f 1568// 797// 1569//
f 1569// 797// 798//
f 1569// 798// 1579//
f 1579// 798// 1591//
f 2879// 2878// 798//
f 798// 2878// 1883//
f 798// 1883// 1591//
f 798// 563// 522//
f 2877// 2879// 457//
f 457// 2879// 798//
f 457// 798// 460//
f 460// 798// 522//
f 5967// 5966// 5709//
f 5967// 5709// 5710//
f 5710// 5709// 5669//
f 5710// 5669// 5670//
f 5670// 5669// 5436//
f 5670// 5436// 5437//
f 798// 797// 562//
f 798// 562// 563//
f 563// 562// 521//
f 563// 521// 522//
f 522// 521// 459//
f 522// 459// 460//
f 1078// 1073// 1033//
f 1080// 1074// 1035//
f 963// 950// 951//
f 961// 946// 947//
f 959// 941// 942//
f 1129// 1137// 1163//
f 1146// 1138// 1164//
f 1164// 1138// 1130//
f 1137// 1145// 1163//
f 1163// 1145// 1153//
f 1163// 1153// 1164//
f 1164// 1153// 1154//
f 1164// 1154// 1146//
f 1067// 1059// 1032//
f 1050// 1058// 1031//
f 1031// 1058// 1066//
f 1067// 1032// 1115//
f 1059// 1051// 1032//
f 1032// 1051// 1042//
f 1032// 1042// 1041//
f 1131// 1139// 1165//
f 1148// 1140// 1166//
f 1166// 1140// 1132//
f 1139// 1147// 1165//
f 1165// 1147// 1155//
f 1165// 1155// 1166//
f 1166// 1155// 1156//
f 1166// 1156// 1148//
f 1043// 1052// 1033//
f 1119// 1069// 1034//
f 1118// 1117// 1068//
f 1068// 1117// 1033//
f 1068// 1033// 1060//
f 1060// 1033// 1052//
f 1069// 1061// 1034//
f 1034// 1061// 1053//
f 1034// 1053// 1044//
f 828// 853// 845//
f 843// 842// 856//
f 856// 842// 840//
f 828// 845// 827//
f 845// 844// 827//
f 827// 844// 856//
f 827// 856// 838//
f 838// 856// 840//
f 942// 941// 829//
f 941// 886// 829//
f 829// 886// 877//
f 829// 877// 828//
f 828// 877// 864//
f 828// 864// 853//
f 959// 993// 968//
f 968// 993// 992//
f 968// 992// 976//
f 856// 869// 843//
f 843// 869// 885//
f 843// 885// 939//
f 939// 885// 940//
f 939// 940// 991//
f 991// 940// 958//
f 991// 958// 967//
f 967// 975// 991//
f 991// 975// 983//
f 991// 983// 992//
f 992// 983// 984//
f 992// 984// 976//
f 947// 946// 832//
f 946// 888// 832//
f 832// 888// 871//
f 832// 871// 858//
f 858// 847// 832//
f 832// 847// 846//
f 832// 846// 831//
f 831// 846// 857//
f 831// 857// 870//
f 919// 945// 925//
f 925// 945// 944//
f 986// 978// 996//
f 996// 978// 970//
f 960// 969// 995//
f 995// 969// 977//
f 995// 977// 985//
f 1105// 1100// 1113//
f 1113// 1100// 1094//
f 1113// 1094// 1114//
f 1114// 1094// 1088//
f 1114// 1088// 1066//
f 1066// 1088// 1082//
f 1066// 1082// 1031//
f 1105// 1113// 1099//
f 1099// 1113// 1112//
f 1099// 1112// 1093//
f 1093// 1112// 1111//
f 1093// 1111// 1087//
f 1029// 1030// 1081//
f 1082// 1076// 1031//
f 1031// 1076// 1072//
f 1031// 1072// 1030//
f 1030// 1072// 1075//
f 1030// 1075// 1081//
f 1195// 1159// 1177//
f 1160// 1171// 1159//
f 1159// 1171// 1173//
f 1159// 1173// 1177//
f 1190// 1186// 1197//
f 1197// 1186// 1182//
f 1177// 1181// 1195//
f 1195// 1181// 1185//
f 1195// 1185// 1207//
f 1207// 1185// 1189//
f 1207// 1189// 1197//
f 1197// 1189// 1193//
f 1197// 1193// 1190//
f 1182// 1178// 1160//
f 1160// 1178// 1174//
f 1160// 1174// 1171//
f 1196// 1208// 1210//
f 1210// 1206// 1196//
f 1196// 1206// 1169//
f 1196// 1169// 1170//
f 837// 868// 836//
f 836// 868// 875//
f 836// 875// 881//
f 893// 898// 955//
f 902// 901// 956//
f 902// 956// 900//
f 901// 899// 956//
f 956// 899// 894//
f 956// 894// 839//
f 839// 894// 882//
f 839// 882// 837//
f 837// 882// 876//
f 837// 876// 868//
f 943// 936// 944//
f 944// 936// 931//
f 944// 931// 925//
f 862// 866// 830//
f 830// 866// 879//
f 879// 906// 830//
f 830// 906// 912//
f 830// 912// 829//
f 829// 912// 918//
f 829// 918// 942//
f 942// 918// 924//
f 942// 924// 943//
f 943// 924// 930//
f 943// 930// 936//
f 879// 883// 906//
f 906// 883// 895//
f 906// 895// 903//
f 903// 895// 897//
f 903// 897// 907//
f 907// 897// 896//
f 907// 896// 884//
f 884// 880// 907//
f 907// 880// 831//
f 907// 831// 913//
f 913// 831// 870//
f 913// 870// 919//
f 919// 870// 887//
f 919// 887// 945//
f 880// 867// 831//
f 831// 867// 863//
f 831// 863// 830//
f 830// 863// 855//
f 830// 855// 862//
f 1133// 1141// 1167//
f 1141// 1149// 1167//
f 1167// 1149// 1157//
f 1167// 1157// 1168//
f 1168// 1157// 1158//
f 1168// 1158// 1150//
f 1122// 1121// 1070//
f 1070// 1121// 1035//
f 1070// 1035// 1062//
f 1062// 1035// 1054//
f 1150// 1142// 1168//
f 1168// 1142// 1134//
f 1168// 1134// 1124//
f 1124// 1134// 1123//
f 1124// 1123// 1036//
f 1123// 1071// 1036//
f 1036// 1071// 1063//
f 1036// 1063// 1055//
f 1055// 1047// 1036//
f 1036// 1047// 1046//
f 1036// 1046// 1045//
f 1135// 1143// 1159//
f 1159// 1143// 1160//
f 1160// 1143// 1151//
f 1160// 1151// 1152//
f 1048// 1056// 1027//
f 1027// 1056// 1064//
f 1027// 1064// 1108//
f 1108// 1064// 1109//
f 1108// 1109// 1159//
f 1159// 1109// 1127//
f 1159// 1127// 1135//
f 1048// 1027// 1039//
f 1039// 1027// 1028//
f 1039// 1028// 1040//
f 1128// 1110// 1111//
f 1111// 1110// 1029//
f 1111// 1029// 1087//
f 1087// 1029// 1081//
f 1110// 1065// 1029//
f 1029// 1065// 1057//
f 1029// 1057// 1028//
f 1028// 1057// 1049//
f 1028// 1049// 1040//
f 1128// 1161// 1136//
f 1136// 1161// 1160//
f 1136// 1160// 1144//
f 1144// 1160// 1152//
f 892// 874// 836//
f 881// 893// 836//
f 836// 893// 955//
f 836// 955// 892//
f 892// 955// 954//
f 878// 835// 865//
f 865// 835// 854//
f 874// 861// 836//
f 836// 861// 851//
f 836// 851// 835//
f 835// 851// 850//
f 835// 850// 854//
f 954// 955// 965//
f 965// 955// 1000//
f 965// 1000// 973//
f 964// 966// 999//
f 989// 990// 1000//
f 1000// 990// 981//
f 1000// 981// 973//
f 964// 999// 953//
f 966// 974// 999//
f 999// 974// 982//
f 999// 982// 989//
f 833// 859// 872//
f 951// 950// 834//
f 834// 950// 890//
f 834// 890// 873//
f 873// 860// 834//
f 834// 860// 849//
f 834// 849// 833//
f 833// 849// 848//
f 833// 848// 859//
f 962// 971// 997//
f 962// 997// 949//
f 988// 980// 998//
f 998// 980// 972//
f 971// 979// 997//
f 997// 979// 987//
f 997// 987// 988//
f 1002// 1001// 957//
f 957// 1001// 956//
f 957// 956// 852//
f 852// 956// 839//
f 852// 839// 841//
f 1170// 1169// 1126//
f 1126// 1169// 1125//
f 1126// 1125// 1038//
f 1038// 1125// 1037//
f 1038// 1037// 1002//
f 1001// 1012// 1008//
f 1007// 1011// 1000//
f 1007// 1000// 1004//
f 1015// 1019// 1036//
f 1036// 1019// 1023//
f 1008// 1004// 1001//
f 1001// 1004// 1000//
f 1001// 1000// 956//
f 956// 1000// 955//
f 956// 955// 900//
f 900// 955// 898//
f 1011// 1015// 1000//
f 1000// 1015// 1036//
f 1000// 1036// 1035//
f 1035// 1036// 1045//
f 1035// 1045// 1054//
f 1002// 1037// 1001//
f 1001// 1037// 1016//
f 1001// 1016// 1012//
f 1026// 1024// 1037//
f 1037// 1024// 1020//
f 1037// 1020// 1016//
f 1176// 1172// 1169//
f 1169// 1172// 1168//
f 1169// 1168// 1125//
f 1125// 1168// 1124//
f 1125// 1124// 1037//
f 1037// 1124// 1036//
f 1037// 1036// 1026//
f 1026// 1036// 1023//
f 1205// 1187// 1191//
f 1172// 1175// 1168//
f 1168// 1175// 1179//
f 1168// 1179// 1183//
f 1194// 1192// 1206//
f 1210// 1221// 1206//
f 1206// 1221// 1205//
f 1206// 1205// 1194//
f 1194// 1205// 1191//
f 1192// 1188// 1206//
f 1206// 1188// 1184//
f 1206// 1184// 1169//
f 1169// 1184// 1180//
f 1169// 1180// 1176//
f 923// 917// 835//
f 878// 891// 835//
f 835// 891// 952//
f 835// 952// 923//
f 917// 911// 835//
f 835// 911// 905//
f 835// 905// 834//
f 834// 905// 910//
f 910// 916// 834//
f 834// 916// 922//
f 834// 922// 951//
f 951// 922// 928//
f 951// 928// 934//
f 938// 935// 952//
f 952// 935// 929//
f 952// 929// 923//
f 972// 963// 998//
f 998// 963// 951//
f 998// 951// 952//
f 952// 951// 934//
f 952// 934// 938//
f 891// 953// 952//
f 952// 953// 999//
f 952// 999// 998//
f 998// 999// 1034//
f 998// 1034// 1033//
f 1033// 1034// 1044//
f 1033// 1044// 1043//
f 1079// 1085// 1034//
f 989// 1000// 999//
f 999// 1000// 1035//
f 999// 1035// 1034//
f 1034// 1035// 1074//
f 1034// 1074// 1079//
f 1104// 1098// 1121//
f 1121// 1098// 1092//
f 1121// 1092// 1035//
f 1035// 1092// 1086//
f 1035// 1086// 1080//
f 1132// 1119// 1120//
f 1120// 1119// 1034//
f 1120// 1034// 1091//
f 1091// 1034// 1085//
f 1091// 1097// 1120//
f 1120// 1097// 1103//
f 1120// 1103// 1121//
f 1121// 1103// 1107//
f 1121// 1107// 1104//
f 1132// 1120// 1166//
f 1166// 1120// 1121//
f 1166// 1121// 1167//
f 1167// 1121// 1122//
f 1167// 1122// 1133//
f 921// 915// 833//
f 872// 889// 833//
f 833// 889// 948//
f 833// 948// 921//
f 908// 832// 904//
f 904// 832// 833//
f 904// 833// 909//
f 909// 833// 915//
f 908// 914// 832//
f 832// 914// 920//
f 832// 920// 947//
f 947// 920// 926//
f 947// 926// 932//
f 937// 933// 948//
f 948// 933// 927//
f 948// 927// 921//
f 970// 961// 996//
f 996// 961// 947//
f 996// 947// 948//
f 948// 947// 932//
f 948// 932// 937//
f 889// 949// 948//
f 948// 949// 997//
f 948// 997// 996//
f 996// 997// 1032//
f 996// 1032// 1031//
f 1031// 1032// 1041//
f 1031// 1041// 1050//
f 1077// 1083// 1032//
f 988// 998// 997//
f 997// 998// 1033//
f 997// 1033// 1032//
f 1032// 1033// 1073//
f 1032// 1073// 1077//
f 1102// 1096// 1117//
f 1117// 1096// 1090//
f 1117// 1090// 1033//
f 1033// 1090// 1084//
f 1033// 1084// 1078//
f 1130// 1115// 1116//
f 1116// 1115// 1032//
f 1116// 1032// 1089//
f 1089// 1032// 1083//
f 1089// 1095// 1116//
f 1116// 1095// 1101//
f 1116// 1101// 1117//
f 1117// 1101// 1106//
f 1117// 1106// 1102//
f 1130// 1116// 1164//
f 1164// 1116// 1117//
f 1164// 1117// 1165//
f 1165// 1117// 1118//
f 1165// 1118// 1131//
f 1013// 1017// 1030//
f 995// 1014// 1010//
f 1010// 1006// 995//
f 995// 1006// 1003//
f 995// 1003// 994//
f 1003// 1005// 994//
f 994// 1005// 1009//
f 994// 1009// 1013//
f 1018// 1014// 1031//
f 1031// 1014// 995//
f 1031// 995// 996//
f 996// 995// 985//
f 996// 985// 986//
f 1017// 1021// 1030//
f 1030// 1021// 1025//
f 1030// 1025// 1031//
f 1031// 1025// 1022//
f 1031// 1022// 1018//
f 959// 942// 993//
f 993// 942// 943//
f 993// 943// 994//
f 994// 943// 944//
f 994// 944// 995//
f 995// 944// 945//
f 995// 945// 960//
f 1128// 1111// 1161//
f 1161// 1111// 1112//
f 1161// 1112// 1162//
f 1162// 1112// 1113//
f 1162// 1113// 1163//
f 1163// 1113// 1114//
f 1163// 1114// 1129//
f 1182// 1160// 1197//
f 1197// 1160// 1161//
f 1197// 1161// 1198//
f 1198// 1161// 1162//
f 1198// 1162// 1199//
f 1199// 1162// 1163//
f 1199// 1163// 1200//
f 1200// 1163// 1164//
f 1200// 1164// 1201//
f 1201// 1164// 1165//
f 1201// 1165// 1202//
f 1202// 1165// 1166//
f 1202// 1166// 1203//
f 1203// 1166// 1167//
f 1203// 1167// 1204//
f 1204// 1167// 1168//
f 1204// 1168// 1205//
f 1205// 1168// 1183//
f 1205// 1183// 1187//
f 1209// 1207// 1211//
f 1211// 1207// 1197//
f 1211// 1197// 1212//
f 1212// 1197// 1198//
f 1212// 1198// 1213//
f 1213// 1198// 1199//
f 1213// 1199// 1214//
f 1214// 1199// 1200//
f 1214// 1200// 1215//
f 1215// 1200// 1201//
f 1215// 1201// 1216//
f 1216// 1201// 1202//
f 1216// 1202// 1217//
f 1217// 1202// 1203//
f 1217// 1203// 1218//
f 1218// 1203// 1204//
f 1218// 1204// 1219//
f 1219// 1204// 1205//
f 1219// 1205// 1220//
f 1220// 1205// 1221//
f 1013// 1030// 994//
f 994// 1030// 1029//
f 994// 1029// 993//
f 993// 1029// 1028//
f 993// 1028// 992//
f 992// 1028// 1027//
f 992// 1027// 991//
f 439// 434// 452//
f 342// 338// 347//
f 452// 434// 448//
f 408// 412// 419//
f 284// 279// 268//
f 307// 327// 326//
f 268// 277// 272//
f 404// 422// 403//
f 403// 422// 416//
f 403// 416// 399//
f 399// 416// 410//
f 399// 410// 396//
f 420// 423// 431//
f 431// 423// 426//
f 431// 426// 436//
f 436// 426// 450//
f 436// 450// 454//
f 444// 443// 438//
f 438// 443// 437//
f 438// 437// 432//
f 317// 314// 311//
f 442// 443// 451//
f 451// 443// 444//
f 451// 444// 452//
f 452// 444// 445//
f 452// 445// 439//
f 404// 408// 422//
f 422// 408// 419//
f 422// 419// 425//
f 425// 419// 430//
f 425// 430// 449//
f 449// 430// 435//
f 449// 435// 453//
f 453// 435// 440//
f 440// 446// 453//
f 453// 446// 447//
f 453// 447// 454//
f 454// 447// 441//
f 454// 441// 436//
f 270// 271// 275//
f 275// 271// 276//
f 275// 276// 281//
f 284// 268// 289//
f 303// 306// 322//
f 411// 407// 401//
f 413// 409// 405//
f 334// 337// 333//
f 333// 337// 350//
f 333// 350// 336//
f 336// 350// 354//
f 336// 354// 340//
f 340// 354// 359//
f 307// 326// 306//
f 306// 326// 323//
f 306// 323// 322//
f 269// 267// 270//
f 270// 267// 268//
f 270// 268// 271//
f 271// 268// 272//
f 448// 434// 424//
f 424// 434// 429//
f 424// 429// 421//
f 421// 429// 418//
f 421// 418// 411//
f 362// 365// 364//
f 279// 274// 268//
f 268// 274// 273//
f 268// 273// 277//
f 277// 273// 278//
f 277// 278// 283//
f 420// 413// 423//
f 423// 413// 405//
f 423// 405// 417//
f 417// 405// 406//
f 417// 406// 414//
f 414// 406// 400//
f 414// 400// 397//
f 351// 342// 355//
f 355// 342// 347//
f 355// 347// 356//
f 364// 361// 362//
f 362// 361// 358//
f 362// 358// 359//
f 359// 358// 344//
f 359// 344// 340//
f 286// 285// 281//
f 281// 285// 280//
f 281// 280// 275//
f 411// 401// 421//
f 421// 401// 402//
f 421// 402// 415//
f 415// 402// 398//
f 415// 398// 410//
f 410// 398// 395//
f 410// 395// 396//
f 396// 395// 393//
f 396// 393// 394//
f 291// 294// 268//
f 268// 294// 297//
f 268// 297// 289//
f 289// 297// 300//
f 289// 300// 311//
f 311// 300// 303//
f 311// 303// 317//
f 317// 303// 322//
f 332// 357// 360//
f 313// 302// 310//
f 310// 302// 299//
f 310// 299// 288//
f 334// 333// 331//
f 331// 333// 330//
f 331// 330// 329//
f 328// 301// 304//
f 315// 312// 318//
f 318// 312// 309//
f 318// 309// 319//
f 319// 309// 324//
f 337// 341// 350//
f 350// 341// 345//
f 350// 345// 351//
f 351// 345// 346//
f 351// 346// 342//
f 358// 353// 344//
f 344// 353// 349//
f 344// 349// 343//
f 365// 368// 364//
f 364// 368// 380//
f 364// 380// 367//
f 367// 380// 384//
f 367// 384// 371//
f 371// 384// 389//
f 371// 389// 375//
f 381// 373// 385//
f 385// 373// 369//
f 385// 369// 386//
f 330// 328// 329//
f 329// 328// 304//
f 329// 304// 325//
f 325// 304// 308//
f 325// 308// 320//
f 320// 308// 305//
f 320// 305// 321//
f 321// 305// 302//
f 321// 302// 316//
f 316// 302// 313//
f 287// 298// 309//
f 309// 298// 301//
f 309// 301// 324//
f 324// 301// 328//
f 332// 335// 357//
f 357// 335// 339//
f 357// 339// 352//
f 352// 339// 343//
f 352// 343// 348//
f 348// 343// 349//
f 286// 332// 285//
f 285// 332// 360//
f 285// 360// 427//
f 427// 360// 363//
f 427// 363// 366//
f 299// 296// 288//
f 288// 296// 293//
f 288// 293// 283//
f 394// 393// 392//
f 392// 393// 391//
f 392// 391// 389//
f 389// 391// 388//
f 389// 388// 375//
f 283// 293// 277//
f 277// 293// 290//
f 277// 290// 282//
f 282// 290// 292//
f 282// 292// 287//
f 287// 292// 295//
f 287// 295// 298//
f 368// 372// 380//
f 380// 372// 376//
f 380// 376// 381//
f 381// 376// 377//
f 381// 377// 373//
f 388// 383// 375//
f 375// 383// 379//
f 375// 379// 374//
f 379// 378// 374//
f 374// 378// 382//
f 374// 382// 370//
f 370// 382// 387//
f 370// 387// 366//
f 366// 387// 390//
f 366// 390// 427//
f 427// 390// 428//
f 427// 428// 432//
f 432// 428// 433//
f 432// 433// 438//
f 1636// 1635// 1645//
f 1638// 1637// 1647//
f 1788// 1794// 1795//
f 1809// 1815// 1796//
f 1651// 1641// 1646//
f 1789// 1783// 1768//
f 1769// 1777// 1784//
f 1789// 1768// 1797//
f 1783// 1776// 1768//
f 1768// 1776// 1772//
f 1768// 1772// 1769//
f 1769// 1772// 1773//
f 1769// 1773// 1777//
f 1821// 1844// 1797//
f 1854// 1860// 1878//
f 1821// 1827// 1844//
f 1844// 1827// 1843//
f 1844// 1843// 1853//
f 1853// 1843// 1859//
f 1860// 1867// 1878//
f 1878// 1867// 1871//
f 1878// 1871// 1877//
f 1877// 1871// 1870//
f 1877// 1870// 1866//
f 1790// 1798// 1799//
f 1799// 1798// 1845//
f 1799// 1845// 1846//
f 1801// 1791// 1770//
f 1770// 1791// 1785//
f 1770// 1785// 1778//
f 1778// 1774// 1770//
f 1770// 1774// 1775//
f 1770// 1775// 1771//
f 1771// 1775// 1779//
f 1771// 1779// 1786//
f 1868// 1861// 1879//
f 1880// 1869// 1873//
f 1880// 1873// 1879//
f 1879// 1873// 1872//
f 1879// 1872// 1868//
f 1792// 1802// 1803//
f 1803// 1802// 1849//
f 1803// 1849// 1850//
f 1850// 1849// 1856//
f 1850// 1856// 1880//
f 1880// 1856// 1862//
f 1880// 1862// 1869//
f 1750// 1735// 1728//
f 1684// 1729// 1751//
f 1751// 1729// 1736//
f 1751// 1736// 1742//
f 1750// 1728// 1713//
f 1713// 1728// 1683//
f 1713// 1683// 1707//
f 1742// 1746// 1751//
f 1751// 1746// 1745//
f 1751// 1745// 1750//
f 1750// 1745// 1741//
f 1750// 1741// 1735//
f 1647// 1662// 1673//
f 1683// 1672// 1646//
f 1646// 1672// 1661//
f 1646// 1661// 1651//
f 1827// 1833// 1843//
f 1843// 1833// 1838//
f 1843// 1838// 1842//
f 1838// 1832// 1842//
f 1842// 1832// 1826//
f 1842// 1826// 1841//
f 1841// 1826// 1820//
f 1841// 1820// 1794//
f 1794// 1820// 1814//
f 1794// 1814// 1795//
f 1795// 1814// 1808//
f 1795// 1808// 1796//
f 1796// 1808// 1805//
f 1796// 1805// 1809//
f 1700// 1694// 1681//
f 1681// 1694// 1691//
f 1681// 1691// 1682//
f 1682// 1691// 1695//
f 1682// 1695// 1701//
f 1734// 1740// 1749//
f 1734// 1749// 1727//
f 1727// 1749// 1680//
f 1680// 1749// 1712//
f 1680// 1712// 1706//
f 1713// 1719// 1750//
f 1750// 1719// 1724//
f 1750// 1724// 1749//
f 1749// 1724// 1718//
f 1749// 1718// 1712//
f 1865// 1875// 1858//
f 1858// 1875// 1876//
f 1858// 1876// 1852//
f 1767// 1780// 1782//
f 1706// 1700// 1680//
f 1680// 1700// 1681//
f 1680// 1681// 1671//
f 1671// 1681// 1645//
f 1671// 1645// 1665//
f 1704// 1698// 1689//
f 1693// 1699// 1690//
f 1704// 1689// 1710//
f 1710// 1689// 1753//
f 1710// 1753// 1716//
f 1698// 1693// 1689//
f 1689// 1693// 1690//
f 1689// 1690// 1649//
f 1649// 1690// 1676//
f 1649// 1676// 1666//
f 1717// 1732// 1711//
f 1711// 1732// 1690//
f 1711// 1690// 1705//
f 1705// 1690// 1699//
f 1754// 1739// 1753//
f 1753// 1739// 1733//
f 1753// 1733// 1732//
f 1717// 1723// 1732//
f 1732// 1723// 1726//
f 1732// 1726// 1753//
f 1753// 1726// 1722//
f 1753// 1722// 1716//
f 1804// 1793// 1771//
f 1771// 1793// 1787//
f 1771// 1787// 1781//
f 1803// 1812// 1807//
f 1786// 1792// 1771//
f 1771// 1792// 1803//
f 1771// 1803// 1804//
f 1804// 1803// 1807//
f 1804// 1807// 1813//
f 1836// 1830// 1850//
f 1850// 1830// 1824//
f 1850// 1824// 1803//
f 1803// 1824// 1818//
f 1803// 1818// 1812//
f 1813// 1819// 1804//
f 1804// 1819// 1825//
f 1804// 1825// 1851//
f 1825// 1831// 1851//
f 1851// 1831// 1837//
f 1851// 1837// 1850//
f 1850// 1837// 1840//
f 1850// 1840// 1836//
f 1881// 1864// 1880//
f 1880// 1864// 1863//
f 1880// 1863// 1850//
f 1850// 1863// 1857//
f 1850// 1857// 1851//
f 1731// 1738// 1753//
f 1687// 1686// 1730//
f 1730// 1686// 1752//
f 1730// 1752// 1737//
f 1737// 1752// 1743//
f 1738// 1744// 1753//
f 1753// 1744// 1748//
f 1753// 1748// 1752//
f 1752// 1748// 1747//
f 1752// 1747// 1743//
f 1731// 1753// 1688//
f 1688// 1753// 1689//
f 1688// 1689// 1675//
f 1675// 1689// 1649//
f 1675// 1649// 1664//
f 1674// 1663// 1648//
f 1648// 1663// 1653//
f 1648// 1653// 1643//
f 1666// 1658// 1649//
f 1649// 1658// 1640//
f 1649// 1640// 1639//
f 1673// 1685// 1647//
f 1647// 1685// 1648//
f 1647// 1648// 1638//
f 1638// 1648// 1643//
f 1638// 1643// 1639//
f 1639// 1643// 1644//
f 1639// 1644// 1649//
f 1649// 1644// 1654//
f 1649// 1654// 1664//
f 1665// 1645// 1657//
f 1657// 1645// 1635//
f 1657// 1635// 1634//
f 1677// 1669// 1681//
f 1681// 1669// 1667//
f 1681// 1667// 1645//
f 1645// 1667// 1659//
f 1645// 1659// 1655//
f 1650// 1656// 1646//
f 1646// 1656// 1660//
f 1655// 1650// 1645//
f 1645// 1650// 1646//
f 1645// 1646// 1636//
f 1636// 1646// 1641//
f 1636// 1641// 1637//
f 1637// 1641// 1642//
f 1637// 1642// 1647//
f 1647// 1642// 1652//
f 1647// 1652// 1662//
f 1660// 1668// 1646//
f 1646// 1668// 1682//
f 1646// 1682// 1683//
f 1683// 1682// 1701//
f 1683// 1701// 1707//
f 1668// 1670// 1682//
f 1682// 1670// 1678//
f 1682// 1678// 1681//
f 1681// 1678// 1679//
f 1681// 1679// 1677//
f 1721// 1725// 1752//
f 1696// 1685// 1702//
f 1702// 1685// 1708//
f 1692// 1697// 1686//
f 1673// 1684// 1685//
f 1685// 1684// 1751//
f 1685// 1751// 1708//
f 1708// 1751// 1714//
f 1752// 1725// 1751//
f 1751// 1725// 1720//
f 1751// 1720// 1714//
f 1696// 1692// 1685//
f 1685// 1692// 1686//
f 1685// 1686// 1648//
f 1648// 1686// 1687//
f 1648// 1687// 1674//
f 1697// 1703// 1686//
f 1686// 1703// 1709//
f 1686// 1709// 1752//
f 1752// 1709// 1715//
f 1752// 1715// 1721//
f 1760// 1758// 1749//
f 1768// 1761// 1763//
f 1758// 1756// 1749//
f 1749// 1756// 1755//
f 1749// 1755// 1750//
f 1750// 1755// 1757//
f 1750// 1757// 1759//
f 1781// 1754// 1771//
f 1771// 1754// 1753//
f 1771// 1753// 1770//
f 1770// 1753// 1752//
f 1770// 1752// 1769//
f 1769// 1752// 1751//
f 1769// 1751// 1768//
f 1768// 1751// 1750//
f 1768// 1750// 1761//
f 1761// 1750// 1759//
f 1763// 1765// 1768//
f 1768// 1765// 1766//
f 1768// 1766// 1767//
f 1767// 1766// 1764//
f 1767// 1764// 1762//
f 1740// 1780// 1749//
f 1749// 1780// 1767//
f 1749// 1767// 1760//
f 1760// 1767// 1762//
f 1784// 1790// 1769//
f 1769// 1790// 1799//
f 1769// 1799// 1770//
f 1770// 1799// 1800//
f 1770// 1800// 1801//
f 1801// 1800// 1847//
f 1801// 1847// 1848//
f 1848// 1847// 1855//
f 1782// 1788// 1767//
f 1767// 1788// 1795//
f 1767// 1795// 1768//
f 1768// 1795// 1796//
f 1768// 1796// 1797//
f 1797// 1796// 1815//
f 1797// 1815// 1821//
f 1799// 1810// 1800//
f 1800// 1810// 1806//
f 1800// 1806// 1811//
f 1834// 1828// 1846//
f 1846// 1828// 1822//
f 1846// 1822// 1799//
f 1799// 1822// 1816//
f 1799// 1816// 1810//
f 1834// 1846// 1839//
f 1839// 1846// 1847//
f 1839// 1847// 1835//
f 1811// 1817// 1800//
f 1800// 1817// 1823//
f 1800// 1823// 1847//
f 1847// 1823// 1829//
f 1847// 1829// 1835//
f 1845// 1854// 1846//
f 1846// 1854// 1878//
f 1846// 1878// 1847//
f 1847// 1878// 1879//
f 1847// 1879// 1855//
f 1855// 1879// 1861//
f 1841// 1852// 1842//
f 1842// 1852// 1876//
f 1842// 1876// 1843//
f 1843// 1876// 1877//
f 1843// 1877// 1859//
f 1859// 1877// 1866//
f 2332// 2323// 2333//
f 2333// 2323// 2324//
f 2330// 2319// 2331//
f 2331// 2319// 2320//
f 2334// 2327// 2335//
f 2335// 2327// 2329//
f 3892// 3899// 3891//
f 3891// 3899// 3898//
f 3896// 3908// 3895//
f 3895// 3908// 3906//
f 5292// 5295// 5309//
f 5126// 5129// 5143//
f 5290// 5294// 5305//
f 5124// 5128// 5139//
f 5183// 5218// 5219//
f 5121// 5115// 5134//
f 5320// 5310// 5309//
f 5079// 5137// 5138//
f 5150// 5136// 5135//
f 5330// 5322// 5347//
f 5154// 5144// 5143//
f 5318// 5306// 5305//
f 5257// 5307// 5308//
f 5316// 5302// 5301//
f 5255// 5303// 5304//
f 5081// 5141// 5142//
f 5152// 5140// 5139//
f 5153// 5162// 5188//
f 5169// 5161// 5187//
f 5187// 5161// 5152//
f 5162// 5170// 5188//
f 5188// 5170// 5178//
f 5188// 5178// 5187//
f 5187// 5178// 5177//
f 5187// 5177// 5169//
f 5139// 5140// 5024//
f 5024// 5140// 5080//
f 5024// 5080// 5063//
f 5025// 5051// 5064//
f 5063// 5050// 5024//
f 5024// 5050// 5039//
f 5024// 5039// 5025//
f 5025// 5039// 5040//
f 5025// 5040// 5051//
f 5301// 5302// 5282//
f 5254// 5246// 5220//
f 5221// 5239// 5247//
f 5282// 5302// 5276//
f 5276// 5302// 5254//
f 5276// 5254// 5270//
f 5270// 5254// 5220//
f 5270// 5220// 5264//
f 5246// 5238// 5220//
f 5220// 5238// 5229//
f 5220// 5229// 5221//
f 5221// 5229// 5230//
f 5221// 5230// 5239//
f 5350// 5324// 5316//
f 5317// 5325// 5351//
f 5351// 5325// 5333//
f 5333// 5341// 5351//
f 5351// 5341// 5340//
f 5351// 5340// 5350//
f 5350// 5340// 5332//
f 5350// 5332// 5324//
f 5305// 5306// 5222//
f 5222// 5306// 5256//
f 5222// 5256// 5248//
f 5223// 5241// 5249//
f 5248// 5240// 5222//
f 5222// 5240// 5231//
f 5222// 5231// 5223//
f 5223// 5231// 5232//
f 5223// 5232// 5241//
f 5319// 5327// 5353//
f 5334// 5326// 5352//
f 5352// 5326// 5318//
f 5327// 5335// 5353//
f 5353// 5335// 5343//
f 5353// 5343// 5352//
f 5352// 5343// 5342//
f 5352// 5342// 5334//
f 5190// 5163// 5171//
f 5164// 5156// 5189//
f 5189// 5156// 5154//
f 5171// 5180// 5190//
f 5190// 5180// 5179//
f 5190// 5179// 5189//
f 5189// 5179// 5172//
f 5189// 5172// 5164//
f 5069// 5056// 5026//
f 5052// 5065// 5027//
f 5027// 5065// 5083//
f 5027// 5083// 5146//
f 5146// 5083// 5145//
f 5146// 5145// 5190//
f 5190// 5145// 5155//
f 5190// 5155// 5163//
f 5143// 5144// 5026//
f 5026// 5144// 5082//
f 5026// 5082// 5069//
f 5056// 5045// 5026//
f 5026// 5045// 5041//
f 5026// 5041// 5027//
f 5027// 5041// 5042//
f 5027// 5042// 5052//
f 5132// 5149// 5183//
f 5183// 5149// 5158//
f 5183// 5158// 5166//
f 5173// 5165// 5182//
f 5173// 5182// 5174//
f 5020// 5044// 5055//
f 5044// 5020// 5036//
f 5036// 5020// 5019//
f 5036// 5019// 5035//
f 5055// 5068// 5020//
f 5020// 5068// 5077//
f 5020// 5077// 5133//
f 5034// 5076// 5060//
f 5018// 5060// 5019//
f 5019// 5060// 5047//
f 5019// 5047// 5035//
f 5033// 5034// 5031//
f 5031// 5034// 5060//
f 5031// 5060// 5029//
f 5029// 5060// 5018//
f 5076// 5034// 5131//
f 5131// 5034// 5130//
f 5131// 5130// 5148//
f 5148// 5130// 5181//
f 5148// 5181// 5157//
f 5228// 5237// 5218//
f 5244// 5236// 5217//
f 5217// 5236// 5227//
f 5298// 5299// 5253//
f 5253// 5299// 5218//
f 5253// 5218// 5245//
f 5245// 5218// 5237//
f 5252// 5216// 5297//
f 5297// 5216// 5296//
f 5297// 5296// 5314//
f 5314// 5296// 5346//
f 5330// 5347// 5338//
f 5315// 5323// 5348//
f 5348// 5323// 5331//
f 5348// 5331// 5347//
f 5347// 5331// 5339//
f 5347// 5339// 5338//
f 5160// 5168// 5186//
f 5160// 5186// 5151//
f 5168// 5176// 5186//
f 5186// 5176// 5175//
f 5186// 5175// 5185//
f 5185// 5175// 5167//
f 5185// 5167// 5159//
f 5049// 5062// 5023//
f 5078// 5061// 5022//
f 5061// 5048// 5022//
f 5022// 5048// 5037//
f 5022// 5037// 5023//
f 5023// 5037// 5038//
f 5023// 5038// 5049//
f 5235// 5243// 5225//
f 5309// 5310// 5224//
f 5224// 5310// 5258//
f 5224// 5258// 5250//
f 5250// 5242// 5224//
f 5224// 5242// 5233//
f 5224// 5233// 5225//
f 5225// 5233// 5234//
f 5225// 5234// 5235//
f 5329// 5355// 5321//
f 5321// 5355// 5312//
f 5243// 5251// 5225//
f 5225// 5251// 5259//
f 5225// 5259// 5312//
f 5312// 5259// 5311//
f 5312// 5311// 5321//
f 5336// 5328// 5354//
f 5354// 5328// 5320//
f 5329// 5337// 5355//
f 5355// 5337// 5345//
f 5355// 5345// 5354//
f 5354// 5345// 5344//
f 5354// 5344// 5336//
f 5369// 5365// 5355//
f 5355// 5365// 5361//
f 5391// 5393// 5380//
f 5380// 5377// 5391//
f 5391// 5377// 5373//
f 5391// 5373// 5369//
f 5358// 5362// 5356//
f 5356// 5362// 5366//
f 5356// 5366// 5382//
f 5366// 5370// 5382//
f 5382// 5370// 5374//
f 5382// 5374// 5393//
f 5393// 5374// 5378//
f 5393// 5378// 5380//
f 5394// 5396// 5392//
f 5392// 5396// 5383//
f 5392// 5383// 5381//
f 5381// 5383// 5347//
f 5381// 5347// 5346//
f 5346// 5347// 5322//
f 5346// 5322// 5314//
f 5092// 5093// 5146//
f 5146// 5093// 5091//
f 5028// 5027// 5066//
f 5091// 5089// 5146//
f 5146// 5089// 5084//
f 5146// 5084// 5027//
f 5027// 5084// 5072//
f 5027// 5072// 5066//
f 5066// 5059// 5028//
f 5028// 5059// 5067//
f 5028// 5067// 5030//
f 5030// 5067// 5073//
f 5090// 5147// 5085//
f 5085// 5147// 5043//
f 5085// 5043// 5073//
f 5073// 5043// 5032//
f 5073// 5032// 5030//
f 5282// 5288// 5301//
f 5301// 5288// 5293//
f 5301// 5293// 5300//
f 5293// 5287// 5300//
f 5300// 5287// 5281//
f 5300// 5281// 5299//
f 5299// 5281// 5275//
f 5299// 5275// 5218//
f 5218// 5275// 5269//
f 5218// 5269// 5219//
f 5219// 5269// 5263//
f 5219// 5263// 5220//
f 5220// 5263// 5260//
f 5220// 5260// 5264//
f 5070// 5057// 5021//
f 5074// 5070// 5097//
f 5097// 5070// 5021//
f 5097// 5021// 5103//
f 5103// 5021// 5020//
f 5103// 5020// 5109//
f 5109// 5020// 5133//
f 5109// 5133// 5115//
f 5057// 5053// 5021//
f 5021// 5053// 5046//
f 5021// 5046// 5022//
f 5046// 5054// 5022//
f 5022// 5054// 5058//
f 5022// 5058// 5071//
f 5071// 5098// 5022//
f 5022// 5098// 5104//
f 5022// 5104// 5078//
f 5078// 5104// 5110//
f 5078// 5110// 5136//
f 5136// 5110// 5116//
f 5136// 5116// 5135//
f 5135// 5116// 5122//
f 5135// 5122// 5127//
f 5071// 5075// 5098//
f 5098// 5075// 5087//
f 5098// 5087// 5094//
f 5094// 5087// 5088//
f 5094// 5088// 5097//
f 5097// 5088// 5086//
f 5097// 5086// 5074//
f 5252// 5244// 5216//
f 5216// 5244// 5217//
f 5216// 5217// 5181//
f 5181// 5217// 5182//
f 5181// 5182// 5157//
f 5157// 5182// 5165//
f 5227// 5228// 5217//
f 5217// 5228// 5218//
f 5217// 5218// 5182//
f 5182// 5218// 5183//
f 5182// 5183// 5174//
f 5174// 5183// 5166//
f 5363// 5347// 5367//
f 5367// 5347// 5383//
f 5367// 5383// 5371//
f 5371// 5383// 5375//
f 5368// 5372// 5384//
f 5384// 5372// 5376//
f 5384// 5376// 5383//
f 5383// 5376// 5379//
f 5383// 5379// 5375//
f 5363// 5359// 5347//
f 5347// 5359// 5357//
f 5347// 5357// 5348//
f 5348// 5357// 5360//
f 5348// 5360// 5364//
f 5159// 5150// 5185//
f 5185// 5150// 5135//
f 5185// 5135// 5134//
f 5134// 5135// 5127//
f 5134// 5127// 5121//
f 5077// 5132// 5133//
f 5133// 5132// 5183//
f 5133// 5183// 5184//
f 5184// 5183// 5219//
f 5184// 5219// 5202//
f 5202// 5219// 5206//
f 5203// 5207// 5220//
f 5202// 5198// 5184//
f 5184// 5198// 5194//
f 5184// 5194// 5192//
f 5207// 5211// 5220//
f 5220// 5211// 5214//
f 5220// 5214// 5219//
f 5219// 5214// 5210//
f 5219// 5210// 5206//
f 5195// 5199// 5185//
f 5185// 5199// 5203//
f 5115// 5133// 5134//
f 5134// 5133// 5184//
f 5134// 5184// 5185//
f 5185// 5184// 5192//
f 5185// 5192// 5195//
f 5316// 5301// 5350//
f 5350// 5301// 5300//
f 5350// 5300// 5349//
f 5349// 5300// 5299//
f 5349// 5299// 5348//
f 5348// 5299// 5298//
f 5348// 5298// 5315//
f 5139// 5128// 5138//
f 5138// 5128// 5123//
f 5138// 5123// 5117//
f 5062// 5079// 5023//
f 5023// 5079// 5138//
f 5023// 5138// 5111//
f 5111// 5138// 5117//
f 5111// 5105// 5023//
f 5023// 5105// 5099//
f 5023// 5099// 5024//
f 5024// 5099// 5095//
f 5024// 5095// 5100//
f 5100// 5106// 5024//
f 5024// 5106// 5112//
f 5024// 5112// 5139//
f 5139// 5112// 5118//
f 5139// 5118// 5124//
f 5152// 5139// 5187//
f 5187// 5139// 5138//
f 5187// 5138// 5186//
f 5186// 5138// 5137//
f 5186// 5137// 5151//
f 5305// 5294// 5304//
f 5304// 5294// 5289//
f 5304// 5289// 5283//
f 5283// 5277// 5304//
f 5304// 5277// 5221//
f 5304// 5221// 5255//
f 5255// 5221// 5247//
f 5266// 5272// 5222//
f 5222// 5272// 5278//
f 5222// 5278// 5305//
f 5305// 5278// 5284//
f 5305// 5284// 5290//
f 5277// 5271// 5221//
f 5221// 5271// 5265//
f 5221// 5265// 5222//
f 5222// 5265// 5261//
f 5222// 5261// 5266//
f 5318// 5305// 5352//
f 5352// 5305// 5304//
f 5352// 5304// 5351//
f 5351// 5304// 5303//
f 5351// 5303// 5317//
f 5143// 5129// 5142//
f 5142// 5129// 5125//
f 5142// 5125// 5119//
f 5064// 5081// 5025//
f 5025// 5081// 5142//
f 5025// 5142// 5113//
f 5113// 5142// 5119//
f 5102// 5108// 5026//
f 5026// 5108// 5114//
f 5026// 5114// 5143//
f 5143// 5114// 5120//
f 5143// 5120// 5126//
f 5113// 5107// 5025//
f 5025// 5107// 5101//
f 5025// 5101// 5026//
f 5026// 5101// 5096//
f 5026// 5096// 5102//
f 5154// 5143// 5189//
f 5189// 5143// 5142//
f 5189// 5142// 5188//
f 5188// 5142// 5141//
f 5188// 5141// 5153//
f 5309// 5295// 5308//
f 5308// 5295// 5291//
f 5308// 5291// 5285//
f 5285// 5279// 5308//
f 5308// 5279// 5223//
f 5308// 5223// 5257//
f 5257// 5223// 5249//
f 5268// 5274// 5224//
f 5224// 5274// 5280//
f 5224// 5280// 5309//
f 5309// 5280// 5286//
f 5309// 5286// 5292//
f 5279// 5273// 5223//
f 5223// 5273// 5267//
f 5223// 5267// 5224//
f 5224// 5267// 5262//
f 5224// 5262// 5268//
f 5320// 5309// 5354//
f 5354// 5309// 5308//
f 5354// 5308// 5353//
f 5353// 5308// 5307//
f 5353// 5307// 5319//
f 5203// 5220// 5185//
f 5185// 5220// 5221//
f 5185// 5221// 5186//
f 5186// 5221// 5222//
f 5186// 5222// 5187//
f 5187// 5222// 5223//
f 5187// 5223// 5188//
f 5188// 5223// 5224//
f 5188// 5224// 5189//
f 5189// 5224// 5225//
f 5189// 5225// 5190//
f 5369// 5355// 5391//
f 5391// 5355// 5354//
f 5391// 5354// 5390//
f 5390// 5354// 5353//
f 5390// 5353// 5389//
f 5389// 5353// 5352//
f 5389// 5352// 5388//
f 5388// 5352// 5351//
f 5388// 5351// 5387//
f 5387// 5351// 5350//
f 5387// 5350// 5386//
f 5386// 5350// 5349//
f 5386// 5349// 5385//
f 5385// 5349// 5348//
f 5385// 5348// 5384//
f 5384// 5348// 5364//
f 5384// 5364// 5368//
f 5395// 5393// 5406//
f 5406// 5393// 5391//
f 5406// 5391// 5405//
f 5405// 5391// 5390//
f 5405// 5390// 5404//
f 5404// 5390// 5389//
f 5404// 5389// 5403//
f 5403// 5389// 5388//
f 5403// 5388// 5402//
f 5402// 5388// 5387//
f 5402// 5387// 5401//
f 5401// 5387// 5386//
f 5401// 5386// 5400//
f 5400// 5386// 5385//
f 5400// 5385// 5399//
f 5399// 5385// 5384//
f 5399// 5384// 5398//
f 5398// 5384// 5383//
f 5398// 5383// 5397//
f 5397// 5383// 5396//
f 5225// 5215// 5212//
f 5226// 5209// 5213//
f 5212// 5208// 5225//
f 5225// 5208// 5204//
f 5225// 5204// 5190//
f 5190// 5204// 5200//
f 5190// 5200// 5196//
f 5193// 5197// 5191//
f 5191// 5197// 5201//
f 5191// 5201// 5226//
f 5226// 5201// 5205//
f 5226// 5205// 5209//
f 5196// 5193// 5190//
f 5190// 5193// 5191//
f 5190// 5191// 5146//
f 5146// 5191// 5147//
f 5146// 5147// 5092//
f 5092// 5147// 5090//
f 5361// 5358// 5355//
f 5355// 5358// 5356//
f 5355// 5356// 5312//
f 5312// 5356// 5313//
f 5312// 5313// 5225//
f 5225// 5313// 5226//
f 5225// 5226// 5215//
f 5215// 5226// 5213//
f 6223// 6222// 6221//
f 6217// 6216// 6219//
f 6219// 6216// 6218//
f 6219// 6218// 6220//
f 6235// 6236// 6234//
f 6234// 6236// 6233//
f 6234// 6233// 6232//
f 6231// 6230// 6232//
f 6232// 6230// 6229//
f 6232// 6229// 6234//
f 6234// 6229// 6228//
f 6234// 6228// 6227//
f 6221// 6220// 6223//
f 6223// 6220// 6218//
f 6223// 6218// 6224//
f 6224// 6218// 6225//
f 6224// 6225// 6228//
f 6228// 6225// 6226//
f 6228// 6226// 6227//
f 2342// 1541// 1253//
f 6190// 6191// 5511//
f 5511// 6191// 5411//
f 5511// 5411// 4207//
f 4207// 5411// 4985//
f 4207// 4985// 4699//
f 39// 38// 813//
f 813// 38// 712//
f 813// 712// 1253//
f 1253// 712// 2014//
f 1253// 2014// 2342//
f 2609// 2456// 2014//
f 2014// 2456// 2372//
f 2014// 2372// 2342//
f 3146// 3762// 3080//
f 3080// 3762// 2456//
f 3080// 2456// 2701//
f 2701// 2456// 2609//
f 3146// 3602// 3762//
f 3762// 3602// 4207//
f 3762// 4207// 3850//
f 3850// 4207// 4699//
f 3850// 4699// 3884//
f 1// 2// 3//
f 3// 2// 4//
f 3// 4// 10//
f 13// 14// 19//
f 6// 7// 5//
f 5// 7// 8//
f 5// 8// 9//
f 21// 20// 18//
f 18// 20// 19//
f 18// 19// 17//
f 17// 19// 14//
f 17// 14// 16//
f 16// 14// 15//
f 4// 5// 10//
f 10// 5// 9//
f 10// 9// 11//
f 11// 9// 13//
f 11// 13// 12//
f 12// 13// 19//
f 6192// 5518// 6193//
f 6193// 5518// 4212//
f 4212// 3613// 6193//
f 6193// 3613// 3157//
f 6193// 3157// 41//
f 3157// 3091// 41//
f 41// 3091// 2708//
f 41// 2708// 2620//
f 2620// 2019// 41//
f 41// 2019// 719//
f 41// 719// 40//
f 2472// 2871// 2084//
f 2084// 2871// 3118//
f 2084// 2048// 2472//
f 2472// 2048// 1977//
f 2472// 1977// 1564//
f 1564// 1977// 1593//
f 1564// 1593// 1239//
f 1239// 1593// 1557//
f 1239// 1557// 1234//
f 1234// 1557// 1276//
f 1234// 1276// 821//
f 821// 1276// 794//
f 794// 1276// 1258//
f 794// 1258// 795//
f 795// 1258// 1278//
f 795// 1278// 1559//
f 3118// 3369// 2084//
f 2084// 3369// 4015//
f 2084// 4015// 2050//
f 2050// 4015// 4016//
f 2050// 4016// 1979//
f 1979// 4016// 795//
f 1979// 795// 1596//
f 1596// 795// 1559//
f 3855// 3736// 4016//
f 3855// 4016// 3883//
f 796// 795// 1260//
f 1260// 795// 1280//
f 1240// 1601// 1565//
f 1565// 1601// 1983//
f 1565// 1983// 4017//
f 4017// 1983// 2054//
f 3736// 3617// 4016//
f 4016// 3617// 3596//
f 4016// 3596// 3579//
f 2052// 2371// 2086//
f 2086// 2371// 2343//
f 2086// 2343// 2450//
f 795// 2643// 2626//
f 1260// 1282// 796//
f 796// 1282// 1563//
f 796// 1563// 822//
f 822// 1563// 1601//
f 822// 1601// 1235//
f 1235// 1601// 1240//
f 3579// 3174// 4016//
f 4016// 3174// 3124//
f 4016// 3124// 795//
f 795// 3124// 3062//
f 795// 3062// 2643//
f 2626// 2605// 795//
f 795// 2605// 2486//
f 795// 2486// 2371//
f 2052// 1981// 2371//
f 2371// 1981// 1598//
f 2371// 1598// 795//
f 795// 1598// 1561//
f 795// 1561// 1280//
f 2629// 2054// 2607//
f 2607// 2054// 2086//
f 2607// 2086// 2602//
f 2602// 2086// 2450//
f 3139// 3439// 4017//
f 4017// 3439// 3593//
f 3593// 3615// 4017//
f 4017// 3615// 3620//
f 4017// 3620// 3776//
f 2629// 2791// 2054//
f 2054// 2791// 3098//
f 2054// 3098// 4017//
f 4017// 3098// 3127//
f 4017// 3127// 3139//
f 4180// 4016// 4248//
f 4248// 4016// 4645//
f 5005// 4998// 4677//
f 3776// 3883// 4017//
f 4017// 3883// 4016//
f 4017// 4016// 4146//
f 4146// 4016// 4180//
f 4685// 4964// 5435//
f 5435// 4964// 4982//
f 5435// 4982// 5434//
f 5434// 4982// 4962//
f 5434// 4962// 4683//
f 4146// 4182// 4017//
f 4017// 4182// 4250//
f 4017// 4250// 4677//
f 4677// 4250// 4648//
f 4677// 4648// 5005//
f 4685// 5435// 4648//
f 4648// 5435// 5410//
f 4648// 5410// 5005//
f 4244// 4015// 4640//
f 4640// 4015// 4676//
f 4640// 4676// 4679//
f 4016// 4246// 4643//
f 4244// 4176// 4015//
f 4015// 4176// 4144//
f 4015// 4144// 4016//
f 4016// 4144// 4178//
f 4016// 4178// 4246//
f 4683// 4645// 5434//
f 5434// 4645// 4016//
f 5434// 4016// 5433//
f 5433// 4016// 4643//
f 4676// 4997// 4679//
f 4679// 4997// 5004//
f 4679// 5004// 4958//
f 4958// 5004// 5409//
f 4958// 5409// 4980//
f 4980// 5409// 5432//
f 4980// 5432// 4960//
f 4960// 5432// 5433//
f 4960// 5433// 4681//
f 4681// 5433// 4643//
f 3145// 3174// 3541//
f 3541// 3174// 3579//
f 3541// 3579// 3594//
f 3594// 3579// 3596//
f 3594// 3596// 3614//
f 3614// 3596// 3617//
f 3614// 3617// 3618//
f 3618// 3617// 3736//
f 3618// 3736// 3621//
f 3621// 3736// 3855//
f 3621// 3855// 3622//
f 3622// 3855// 3883//
f 3622// 3883// 3619//
f 3619// 3883// 3776//
f 3619// 3776// 3616//
f 3616// 3776// 3620//
f 3616// 3620// 3595//
f 3595// 3620// 3615//
f 3595// 3615// 3592//
f 3592// 3615// 3593//
f 3592// 3593// 3356//
f 3356// 3593// 3439//
f 3356// 3439// 3138//
f 3138// 3439// 3139//
f 3138// 3139// 3126//
f 3126// 3139// 3127//
f 3126// 3127// 3099//
f 3099// 3127// 3098//
f 3099// 3098// 2882//
f 2882// 3098// 2791//
f 2882// 2791// 2630//
f 2630// 2791// 2629//
f 2630// 2629// 2627//
f 2627// 2629// 2607//
f 2627// 2607// 2606//
f 2606// 2607// 2602//
f 2606// 2602// 2603//
f 2603// 2602// 2450//
f 2603// 2450// 2600//
f 2600// 2450// 2343//
f 2600// 2343// 2601//
f 2601// 2343// 2371//
f 2601// 2371// 2604//
f 2604// 2371// 2486//
f 2604// 2486// 2608//
f 2608// 2486// 2605//
f 2608// 2605// 2628//
f 2628// 2605// 2626//
f 2628// 2626// 2681//
f 2681// 2626// 2643//
f 2681// 2643// 3092//
f 3092// 2643// 3062//
f 3092// 3062// 3125//
f 3125// 3062// 3124//
f 3125// 3124// 3145//
f 3145// 3124// 3174//
f 3120// 3598// 3597//
f 4046// 3999// 4267//
f 4048// 4001// 4268//
f 4269// 4268// 3600//
f 3597// 3598// 3754//
f 2622// 2260// 2044//
f 2044// 2260// 2093//
f 2044// 2093// 1906//
f 3961// 3754// 4131//
f 4131// 3754// 3598//
f 4131// 3598// 4265//
f 4265// 3598// 4266//
f 4132// 4269// 3962//
f 3962// 4269// 3600//
f 3962// 3600// 3755//
f 3755// 3600// 3601//
f 4268// 4001// 3600//
f 3600// 4001// 3946//
f 3600// 3946// 3873//
f 3865// 3872// 3599//
f 3599// 3872// 3945//
f 3599// 3945// 4267//
f 4267// 3945// 4000//
f 4267// 4000// 4047//
f 4047// 4108// 4267//
f 4267// 4108// 4124//
f 4267// 4124// 4268//
f 4268// 4124// 4109//
f 4268// 4109// 4048//
f 4267// 3999// 3599//
f 3599// 3999// 3944//
f 3599// 3944// 3871//
f 3864// 3870// 3598//
f 3598// 3870// 3943//
f 3598// 3943// 4266//
f 4266// 3943// 3998//
f 4266// 3998// 4045//
f 4045// 4106// 4266//
f 4266// 4106// 4123//
f 4266// 4123// 4267//
f 4267// 4123// 4107//
f 4267// 4107// 4046//
f 3601// 3455// 3389//
f 3388// 3454// 3600//
f 3389// 3373// 3601//
f 3601// 3373// 3371//
f 3601// 3371// 3123//
f 3123// 3371// 3358//
f 3123// 3358// 3331//
f 3331// 3275// 3123//
f 3123// 3275// 3247//
f 3123// 3247// 3122//
f 3122// 3247// 3274//
f 3122// 3274// 3330//
f 3600// 3454// 3601//
f 3601// 3454// 3495//
f 3601// 3495// 3455//
f 3330// 3357// 3122//
f 3122// 3357// 3370//
f 3122// 3370// 3600//
f 3600// 3370// 3372//
f 3600// 3372// 3388//
f 3871// 3864// 3599//
f 3599// 3864// 3598//
f 3599// 3598// 3121//
f 3121// 3598// 3120//
f 3121// 3120// 2623//
f 2844// 2778// 2625//
f 2736// 2777// 2624//
f 3123// 2955// 2900//
f 2900// 2881// 3123//
f 3123// 2881// 2873//
f 3123// 2873// 2625//
f 2625// 2873// 2858//
f 2625// 2858// 2844//
f 2778// 2736// 2625//
f 2625// 2736// 2624//
f 2625// 2624// 2474//
f 2474// 2624// 2046//
f 2474// 2046// 2261//
f 2261// 2046// 2094//
f 2880// 2899// 3122//
f 3122// 2899// 2954//
f 3122// 2954// 3123//
f 3123// 2954// 2981//
f 3123// 2981// 2955//
f 2777// 2843// 2624//
f 2624// 2843// 2857//
f 2624// 2857// 3122//
f 3122// 2857// 2872//
f 3122// 2872// 2880//
f 3119// 2621// 2622//
f 2622// 2621// 2473//
f 2622// 2473// 2260//
f 2286// 2623// 2238//
f 2238// 2623// 2045//
f 2238// 2045// 2187//
f 2359// 2364// 2624//
f 2364// 2360// 2624//
f 2624// 2360// 2287//
f 2624// 2287// 2046//
f 2046// 2287// 2239//
f 2046// 2239// 2188//
f 2188// 2127// 2046//
f 2046// 2127// 2108//
f 2046// 2108// 2045//
f 2045// 2108// 2126//
f 2045// 2126// 2187//
f 2286// 2359// 2623//
f 2623// 2359// 2624//
f 2623// 2624// 3121//
f 3121// 2624// 3122//
f 3121// 3122// 3599//
f 3599// 3122// 3600//
f 3599// 3600// 3865//
f 3865// 3600// 3873//
f 2185// 2236// 2044//
f 2044// 2236// 2622//
f 2622// 2236// 2284//
f 2622// 2284// 2357//
f 3597// 3119// 3120//
f 3120// 3119// 2622//
f 3120// 2622// 2623//
f 2623// 2622// 2357//
f 2623// 2357// 2363//
f 2363// 2358// 2623//
f 2623// 2358// 2285//
f 2623// 2285// 2045//
f 2045// 2285// 2237//
f 2045// 2237// 2186//
f 2186// 2125// 2045//
f 2045// 2125// 2107//
f 2045// 2107// 2044//
f 2044// 2107// 2124//
f 2044// 2124// 2185//
f 1906// 1907// 2044//
f 2044// 1907// 1908//
f 2044// 1908// 2045//
f 2045// 1908// 1909//
f 2045// 1909// 2046//
f 2046// 1909// 1910//
f 2046// 1910// 2094//
f 3757// 3243// 3241//
f 3757// 3241// 3754//
f 3066// 3039// 2473//
f 2473// 3039// 3016//
f 2473// 3016// 2476//
f 2476// 3016// 2985//
f 2476// 2985// 2987//
f 3241// 3212// 3754//
f 3754// 3212// 3190//
f 3754// 3190// 3597//
f 3597// 3190// 3166//
f 3597// 3166// 3119//
f 3119// 3166// 3066//
f 3119// 3066// 2621//
f 2621// 3066// 2473//
f 1909// 1912// 1916//
f 1907// 1913// 1911//
f 1909// 1916// 1910//
f 1951// 1947// 1935//
f 1960// 1930// 1933//
f 1907// 1911// 1908//
f 1930// 1960// 1926//
f 1926// 1960// 1927//
f 1926// 1927// 1922//
f 1922// 1927// 1923//
f 1922// 1923// 1918//
f 1933// 1929// 1960//
f 1960// 1929// 1925//
f 1960// 1925// 1906//
f 1906// 1925// 1921//
f 1906// 1921// 1907//
f 1907// 1921// 1917//
f 1907// 1917// 1913//
f 1912// 1909// 1915//
f 1915// 1909// 1908//
f 1915// 1908// 1919//
f 1919// 1908// 1911//
f 1919// 1911// 1923//
f 1923// 1911// 1914//
f 1923// 1914// 1918//
f 1934// 1943// 1932//
f 1932// 1943// 1928//
f 1950// 1954// 1961//
f 1961// 1954// 1957//
f 1961// 1957// 1960//
f 1960// 1957// 1953//
f 1960// 1953// 1949//
f 1916// 1920// 1910//
f 1910// 1920// 1924//
f 1910// 1924// 1928//
f 1949// 1945// 1960//
f 1960// 1945// 1941//
f 1960// 1941// 1927//
f 1927// 1941// 1937//
f 1927// 1937// 1931//
f 1931// 1937// 1935//
f 1931// 1935// 1934//
f 1934// 1935// 1947//
f 1934// 1947// 1943//
f 1928// 1943// 1910//
f 1910// 1943// 1939//
f 1910// 1939// 1936//
f 1936// 1940// 1910//
f 1910// 1940// 1944//
f 1910// 1944// 1959//
f 1959// 1944// 1948//
f 1951// 1935// 1955//
f 1955// 1935// 1938//
f 1955// 1938// 1958//
f 1958// 1938// 1942//
f 1958// 1942// 1946//
f 1946// 1950// 1958//
f 1958// 1950// 1961//
f 1958// 1961// 1956//
f 1956// 1961// 1959//
f 1956// 1959// 1952//
f 1952// 1959// 1948//
f 3616// 3595// 3756//
f 3756// 3595// 3592//
f 3756// 3592// 3356//
f 3755// 3601// 3541//
f 2882// 2630// 2475//
f 2475// 2630// 2627//
f 2475// 2627// 2606//
f 2604// 2608// 2474//
f 2474// 2608// 2628//
f 2474// 2628// 2625//
f 3541// 3594// 3755//
f 3755// 3594// 3614//
f 3755// 3614// 3618//
f 2606// 2603// 2475//
f 2475// 2603// 2600//
f 2475// 2600// 2474//
f 2474// 2600// 2601//
f 2474// 2601// 2604//
f 3618// 3621// 3755//
f 3755// 3621// 3622//
f 3755// 3622// 3756//
f 3756// 3622// 3619//
f 3756// 3619// 3616//
f 3356// 3138// 3756//
f 3756// 3138// 3126//
f 3756// 3126// 2475//
f 2475// 3126// 3099//
f 2475// 3099// 2882//
f 2628// 2681// 2625//
f 2625// 2681// 3092//
f 2625// 3092// 3123//
f 3123// 3092// 3125//
f 3123// 3125// 3601//
f 3601// 3125// 3145//
f 3601// 3145// 3541//
f 4269// 4318// 4287//
f 4288// 4297// 4284//
f 4284// 4297// 4280//
f 4278// 4282// 4292//
f 4292// 4282// 4286//
f 4292// 4286// 4290//
f 4287// 4283// 4269//
f 4269// 4283// 4279//
f 4269// 4279// 4268//
f 4311// 4307// 4318//
f 4318// 4307// 4303//
f 4318// 4303// 4287//
f 4287// 4303// 4299//
f 4287// 4299// 4291//
f 4291// 4299// 4295//
f 4291// 4295// 4293//
f 4288// 4292// 4297//
f 4297// 4292// 4290//
f 4297// 4290// 4301//
f 4301// 4290// 4293//
f 4301// 4293// 4305//
f 4305// 4293// 4295//
f 4305// 4295// 4298//
f 4266// 4267// 4270//
f 4270// 4272// 4266//
f 4266// 4272// 4276//
f 4266// 4276// 4265//
f 4265// 4276// 4280//
f 4297// 4294// 4280//
f 4280// 4294// 4296//
f 4280// 4296// 4265//
f 4265// 4296// 4300//
f 4265// 4300// 4319//
f 4319// 4300// 4304//
f 4319// 4304// 4308//
f 4279// 4275// 4268//
f 4268// 4275// 4271//
f 4268// 4271// 4267//
f 4292// 4289// 4278//
f 4278// 4289// 4285//
f 4278// 4285// 4274//
f 4274// 4285// 4281//
f 4274// 4281// 4271//
f 4271// 4281// 4277//
f 4271// 4277// 4267//
f 4267// 4277// 4273//
f 4267// 4273// 4270//
f 4310// 4314// 4320//
f 4320// 4314// 4317//
f 4320// 4317// 4318//
f 4318// 4317// 4315//
f 4318// 4315// 4311//
f 4308// 4312// 4319//
f 4319// 4312// 4316//
f 4319// 4316// 4320//
f 4320// 4316// 4313//
f 4320// 4313// 4310//
f 4310// 4313// 4309//
f 4310// 4309// 4306//
f 4306// 4309// 4305//
f 4306// 4305// 4302//
f 4302// 4305// 4298//
f 3934// 3913// 3613//
f 3084// 3085// 3151//
f 2637// 2615// 2616//
f 3588// 3610// 3609//
f 6200// 6194// 6204//
f 38// 34// 30//
f 80// 92// 718//
f 20// 46// 19//
f 19// 46// 56//
f 19// 56// 68//
f 92// 112// 718//
f 718// 112// 125//
f 718// 125// 719//
f 125// 114// 719//
f 719// 114// 94//
f 719// 94// 40//
f 40// 94// 82//
f 40// 82// 70//
f 36// 40// 32//
f 32// 40// 70//
f 32// 70// 20//
f 20// 70// 58//
f 20// 58// 46//
f 1// 48// 30//
f 30// 48// 60//
f 72// 84// 713//
f 713// 84// 104//
f 713// 104// 121//
f 121// 106// 714//
f 714// 106// 86//
f 74// 62// 3//
f 3// 62// 50//
f 3// 50// 1//
f 1// 50// 42//
f 1// 42// 48//
f 38// 30// 712//
f 6202// 6206// 6235//
f 6156// 6168// 6199//
f 6126// 6110// 5517//
f 5517// 6110// 6124//
f 5517// 6124// 6144//
f 6168// 6180// 6199//
f 6199// 6180// 6188//
f 6199// 6188// 6202//
f 6202// 6188// 6182//
f 6202// 6182// 6192//
f 6182// 6170// 6192//
f 6192// 6170// 6158//
f 6192// 6158// 5518//
f 5518// 6158// 6146//
f 5518// 6146// 6126//
f 4211// 5517// 4618//
f 4171// 4616// 5516//
f 5516// 4616// 4635//
f 5516// 4635// 5517//
f 5517// 4635// 4637//
f 5517// 4637// 4618//
f 3609// 3610// 4210//
f 4210// 3610// 4061//
f 4210// 4061// 4171//
f 3572// 3156// 3590//
f 3590// 3156// 3612//
f 4618// 4173// 4211//
f 4211// 4173// 4063//
f 4211// 4063// 3612//
f 3612// 4063// 3611//
f 3612// 3611// 3590//
f 2649// 2669// 2703//
f 2703// 2669// 2684//
f 2703// 2684// 2686//
f 2651// 2633// 2635//
f 2016// 714// 1622//
f 715// 1606// 1626//
f 2635// 2633// 2614//
f 2614// 2633// 2613//
f 2614// 2613// 2169//
f 2169// 2613// 2167//
f 2169// 2167// 2059//
f 2059// 2167// 2057//
f 2059// 2057// 1626//
f 1626// 2057// 1624//
f 1626// 1624// 715//
f 715// 1624// 1604//
f 715// 1604// 714//
f 714// 1604// 1602//
f 714// 1602// 1622//
f 2061// 1628// 717//
f 717// 1628// 1610//
f 717// 1610// 716//
f 716// 1610// 1609//
f 716// 1609// 715//
f 715// 1609// 1608//
f 715// 1608// 1606//
f 2616// 2615// 2017//
f 2017// 2615// 2171//
f 2017// 2171// 2061//
f 2705// 2692// 2706//
f 2706// 2692// 2675//
f 2706// 2675// 2655//
f 2635// 2653// 2651//
f 2651// 2653// 2673//
f 2651// 2673// 2671//
f 2671// 2673// 2688//
f 2671// 2688// 2704//
f 2704// 2688// 2690//
f 2704// 2690// 2705//
f 2705// 2690// 2691//
f 2705// 2691// 2692//
f 5513// 4209// 4163//
f 4163// 4608// 5513//
f 5513// 4608// 4625//
f 5513// 4625// 5514//
f 5514// 4625// 4627//
f 5514// 4627// 4610//
f 3544// 3336// 3378//
f 3544// 3378// 3564//
f 3564// 3378// 3444//
f 3564// 3444// 3582//
f 3542// 3562// 3148//
f 3148// 3562// 3580//
f 3148// 3580// 3604//
f 3604// 3580// 3605//
f 3604// 3605// 4209//
f 4209// 3605// 4053//
f 4209// 4053// 4163//
f 3148// 3374// 3542//
f 3542// 3374// 3440//
f 3542// 3440// 3525//
f 3525// 3440// 3480//
f 3525// 3480// 3527//
f 3527// 3480// 3482//
f 3527// 3482// 3544//
f 3444// 3566// 3582//
f 3582// 3566// 3584//
f 3582// 3584// 3606//
f 3606// 3584// 3607//
f 3606// 3607// 4055//
f 4055// 3607// 4057//
f 4055// 4057// 4165//
f 4165// 4057// 4167//
f 4165// 4167// 4610//
f 4610// 4167// 4612//
f 4610// 4612// 5514//
f 3082// 3149// 3148//
f 3148// 3149// 3332//
f 3148// 3332// 3374//
f 2737// 2779// 2703//
f 2737// 2703// 2739//
f 2779// 2845// 2703//
f 2703// 2845// 2885//
f 2703// 2885// 3082//
f 3082// 2885// 3083//
f 3082// 3083// 3149//
f 3085// 3084// 2889//
f 2889// 3084// 2887//
f 2889// 2887// 2849//
f 2887// 2847// 2849//
f 2849// 2847// 2781//
f 2849// 2781// 2783//
f 2783// 2781// 2739//
f 2783// 2739// 2741//
f 2741// 2739// 2703//
f 2741// 2703// 2704//
f 2704// 2703// 2686//
f 2704// 2686// 2671//
f 3482// 3442// 3544//
f 3544// 3442// 3376//
f 3544// 3376// 3336//
f 3336// 3376// 3334//
f 3336// 3334// 3151//
f 3151// 3334// 3150//
f 3151// 3150// 3084//
f 1622// 2055// 2016//
f 2016// 2055// 2165//
f 2016// 2165// 2611//
f 2611// 2165// 2612//
f 2611// 2612// 2703//
f 2703// 2612// 2631//
f 2703// 2631// 2649//
f 2851// 2785// 2706//
f 2706// 2785// 2745//
f 2706// 2745// 2705//
f 2705// 2745// 2744//
f 2705// 2744// 2704//
f 2704// 2744// 2743//
f 2704// 2743// 2741//
f 2851// 2706// 2891//
f 2891// 2706// 3087//
f 2891// 3087// 3086//
f 3086// 3087// 3153//
f 3086// 3153// 3152//
f 3586// 3568// 3153//
f 3570// 3588// 3153//
f 3153// 3588// 3609//
f 3153// 3609// 3586//
f 3586// 3609// 3608//
f 3152// 3153// 3338//
f 3338// 3153// 3568//
f 3338// 3568// 3380//
f 3380// 3568// 3548//
f 3380// 3548// 3446//
f 3446// 3548// 3488//
f 3488// 3548// 3533//
f 3488// 3533// 3487//
f 3487// 3533// 3532//
f 3487// 3532// 3486//
f 3486// 3532// 3531//
f 3486// 3531// 3484//
f 3484// 3531// 3529//
f 3484// 3529// 3444//
f 3444// 3529// 3546//
f 3444// 3546// 3566//
f 3608// 3609// 4059//
f 4059// 3609// 4210//
f 4059// 4210// 4169//
f 4171// 5516// 4210//
f 4210// 5516// 4614//
f 4210// 4614// 4169//
f 4612// 4629// 5514//
f 5514// 4629// 4631//
f 5514// 4631// 5515//
f 5515// 4631// 4632//
f 5515// 4632// 5516//
f 5516// 4632// 4633//
f 5516// 4633// 4614//
f 2639// 2657// 2706//
f 2706// 2657// 2677//
f 2655// 2637// 2706//
f 2706// 2637// 2616//
f 2706// 2616// 2639//
f 2639// 2616// 2617//
f 2677// 2694// 2706//
f 2706// 2694// 2696//
f 2706// 2696// 2707//
f 2707// 2696// 2679//
f 2617// 2616// 2173//
f 2173// 2616// 2017//
f 2173// 2017// 2063//
f 2061// 717// 2017//
f 2017// 717// 1630//
f 2017// 1630// 2063//
f 2065// 1632// 718//
f 718// 1632// 1614//
f 718// 1614// 717//
f 717// 1614// 1612//
f 717// 1612// 1630//
f 2679// 2659// 2707//
f 2707// 2659// 2641//
f 2707// 2641// 2619//
f 2619// 2641// 2618//
f 2619// 2618// 2018//
f 2018// 2618// 2175//
f 3342// 3156// 3384//
f 3384// 3156// 3572//
f 3384// 3572// 3450//
f 3450// 3572// 3552//
f 3450// 3552// 3492//
f 3492// 3552// 3537//
f 3492// 3537// 3490//
f 3490// 3537// 3535//
f 3490// 3535// 3448//
f 3448// 3535// 3550//
f 3448// 3550// 3382//
f 3382// 3550// 3570//
f 3382// 3570// 3340//
f 3340// 3570// 3153//
f 3340// 3153// 3154//
f 3154// 3153// 3087//
f 2895// 2855// 2707//
f 2895// 2707// 3089//
f 2855// 2789// 2707//
f 2707// 2789// 2749//
f 2707// 2749// 2706//
f 2706// 2749// 2747//
f 2706// 2747// 2787//
f 2787// 2853// 2706//
f 2706// 2853// 2893//
f 2706// 2893// 3087//
f 3087// 2893// 3088//
f 3087// 3088// 3154//
f 3342// 3155// 3156//
f 3156// 3155// 3089//
f 3156// 3089// 3090//
f 3090// 3089// 2707//
f 719// 2019// 718//
f 718// 2019// 2018//
f 718// 2018// 2065//
f 2065// 2018// 2175//
f 2148// 2018// 2140//
f 2140// 2018// 2019//
f 2140// 2019// 2150//
f 2150// 2019// 2197//
f 2312// 2293// 2620//
f 2620// 2293// 2258//
f 2620// 2258// 2019//
f 2019// 2258// 2220//
f 2019// 2220// 2197//
f 2148// 2195// 2018//
f 2018// 2195// 2218//
f 2018// 2218// 2619//
f 2619// 2218// 2256//
f 2619// 2256// 2291//
f 3913// 3612// 3613//
f 3613// 3612// 3156//
f 3613// 3156// 3157//
f 3157// 3156// 3090//
f 3157// 3090// 3091//
f 3091// 3090// 2707//
f 3091// 2707// 2708//
f 2708// 2707// 2619//
f 2708// 2619// 2620//
f 2620// 2619// 2291//
f 2620// 2291// 2312//
f 4080// 4033// 4212//
f 4212// 4033// 4007//
f 4212// 4007// 3613//
f 3613// 4007// 3969//
f 3613// 3969// 3934//
f 3913// 3932// 3612//
f 3612// 3932// 3967//
f 3612// 3967// 4211//
f 4211// 3967// 4005//
f 4005// 4031// 4211//
f 4211// 4031// 4078//
f 4211// 4078// 4088//
f 6126// 5517// 5518//
f 5518// 5517// 4211//
f 5518// 4211// 4212//
f 4212// 4211// 4088//
f 4212// 4088// 4080//
f 6144// 6156// 5517//
f 5517// 6156// 6199//
f 5517// 6199// 5516//
f 5516// 6199// 6198//
f 5516// 6198// 5515//
f 5515// 6198// 6197//
f 90// 78// 11//
f 11// 78// 66//
f 68// 80// 19//
f 19// 80// 718//
f 19// 718// 12//
f 12// 718// 717//
f 12// 717// 11//
f 11// 717// 716//
f 11// 716// 90//
f 66// 54// 11//
f 11// 54// 44//
f 11// 44// 10//
f 10// 44// 52//
f 10// 52// 64//
f 76// 88// 715//
f 88// 108// 715//
f 715// 108// 123//
f 715// 123// 716//
f 716// 123// 110//
f 716// 110// 90//
f 6140// 6152// 6196//
f 6196// 6152// 6164//
f 6142// 5515// 6154//
f 6154// 5515// 6197//
f 6154// 6197// 6166//
f 6120// 5514// 6108//
f 6108// 5514// 5515//
f 6108// 5515// 6122//
f 6122// 5515// 6142//
f 6164// 6176// 6196//
f 6196// 6176// 6186//
f 6196// 6186// 6197//
f 6197// 6186// 6178//
f 6197// 6178// 6166//
f 64// 76// 10//
f 10// 76// 715//
f 10// 715// 3//
f 3// 715// 714//
f 3// 714// 74//
f 74// 714// 86//
f 6202// 6235// 6199//
f 6199// 6235// 6234//
f 6199// 6234// 6198//
f 6198// 6234// 6227//
f 6198// 6227// 6197//
f 6197// 6227// 6226//
f 6197// 6226// 6196//
f 6196// 6226// 6225//
f 6196// 6225// 6195//
f 6195// 6225// 6218//
f 6195// 6218// 6194//
f 6194// 6218// 6216//
f 6194// 6216// 6204//
f 3081// 3100// 3102//
f 3102// 3106// 3081//
f 3081// 3106// 3110//
f 3081// 3110// 3147//
f 3136// 3134// 3148//
f 121// 714// 713//
f 713// 714// 2016//
f 713// 2016// 2015//
f 2015// 2016// 2611//
f 2015// 2611// 2610//
f 2610// 2611// 2703//
f 2610// 2703// 2702//
f 2702// 2703// 3082//
f 2702// 3082// 3081//
f 3081// 3082// 3104//
f 3081// 3104// 3100//
f 3134// 3130// 3148//
f 3148// 3130// 3112//
f 3148// 3112// 3082//
f 3082// 3112// 3108//
f 3082// 3108// 3104//
f 3110// 3128// 3147//
f 3147// 3128// 3132//
f 3147// 3132// 3136//
f 6148// 6160// 6194//
f 6106// 6116// 5512//
f 5512// 6116// 6136//
f 6150// 6138// 5513//
f 5513// 6138// 6118//
f 6200// 6190// 6194//
f 6194// 6190// 5512//
f 6194// 5512// 6148//
f 6148// 5512// 6136//
f 6160// 6172// 6194//
f 6194// 6172// 6184//
f 6194// 6184// 6195//
f 6195// 6184// 6174//
f 6195// 6174// 6162//
f 6162// 6150// 6195//
f 6195// 6150// 5513//
f 6195// 5513// 6196//
f 6196// 5513// 5514//
f 6196// 5514// 6140//
f 6140// 5514// 6120//
f 3136// 3148// 3147//
f 3147// 3148// 3604//
f 3147// 3604// 3603//
f 3603// 3604// 4209//
f 3603// 4209// 4208//
f 4208// 4209// 5513//
f 4208// 5513// 5512//
f 5512// 5513// 6118//
f 5512// 6118// 6106//
f 6190// 5511// 5512//
f 5512// 5511// 4207//
f 5512// 4207// 4208//
f 4208// 4207// 3602//
f 4208// 3602// 3603//
f 3603// 3602// 3146//
f 3603// 3146// 3147//
f 3147// 3146// 3080//
f 3147// 3080// 3081//
f 3081// 3080// 2701//
f 3081// 2701// 2702//
f 2702// 2701// 2609//
f 2702// 2609// 2610//
f 2610// 2609// 2014//
f 2610// 2014// 2015//
f 2015// 2014// 712//
f 2015// 712// 713//
f 713// 712// 30//
f 713// 30// 72//
f 72// 30// 60//
f 1545// 1565// 4694//
f 4694// 1565// 4017//
f 4694// 4017// 4677//
f 6134// 6135// 6211//
f 5965// 5963// 5964//
f 5964// 5963// 5962//
f 5964// 5962// 5967//
f 5967// 5962// 5966//
f 103// 102// 29//
f 457// 460// 459//
f 459// 455// 457//
f 457// 455// 456//
f 457// 456// 458//
f 3361// 3362// 4606//
f 4606// 3362// 5437//
f 4606// 5437// 4651//
f 4651// 5437// 4664//
f 5436// 4674// 5437//
f 5437// 4674// 4675//
f 5437// 4675// 4664//
f 3960// 3959// 3958//
f 3348// 3744// 3745//
f 3740// 3763// 3764//
f 3687// 3663// 3743//
f 3664// 3688// 3744//
f 3744// 3688// 3716//
f 3744// 3716// 3743//
f 3743// 3716// 3715//
f 3743// 3715// 3687//
f 3663// 3627// 3743//
f 3743// 3627// 3502//
f 3743// 3502// 3347//
f 3347// 3502// 3460//
f 3347// 3460// 3419//
f 3420// 3461// 3348//
f 3348// 3461// 3503//
f 3348// 3503// 3744//
f 3744// 3503// 3628//
f 3744// 3628// 3664//
f 3348// 3353// 3420//
f 3420// 3353// 3355//
f 3420// 3355// 3395//
f 3395// 3355// 3364//
f 3395// 3364// 3394//
f 3394// 3364// 3363//
f 3394// 3363// 3419//
f 3419// 3363// 3354//
f 3419// 3354// 3347//
f 2993// 3219// 3349//
f 3349// 3219// 3277//
f 2875// 2884// 2863//
f 2875// 2863// 2874//
f 2874// 2863// 2862//
f 2874// 2862// 2883//
f 3251// 3281// 3347//
f 3347// 3281// 3306//
f 3347// 3306// 3346//
f 3346// 3306// 3305//
f 3346// 3305// 3280//
f 3280// 3250// 3346//
f 3346// 3250// 3216//
f 3346// 3216// 2861//
f 2861// 3216// 2990//
f 2861// 2990// 2958//
f 2958// 2928// 2861//
f 2861// 2928// 2903//
f 2861// 2903// 2862//
f 3354// 3352// 3347//
f 3347// 3352// 3302//
f 3347// 3302// 3251//
f 3251// 3302// 3276//
f 3251// 3276// 3217//
f 3217// 3276// 3218//
f 3217// 3218// 2991//
f 2991// 3218// 2992//
f 2991// 2992// 2959//
f 2992// 2950// 2959//
f 2959// 2950// 2883//
f 2959// 2883// 2929//
f 2929// 2883// 2862//
f 2929// 2862// 2904//
f 2904// 2862// 2903//
f 3740// 3741// 3344//
f 3344// 3741// 3345//
f 3344// 3345// 2859//
f 2859// 3345// 2860//
f 2859// 2860// 2457//
f 2457// 2860// 2458//
f 2752// 2793// 2861//
f 2793// 2817// 2861//
f 2861// 2817// 2816//
f 2861// 2816// 2860//
f 2860// 2816// 2792//
f 2792// 2751// 2860//
f 2860// 2751// 2709//
f 2860// 2709// 2458//
f 2458// 2709// 2576//
f 2458// 2576// 2540//
f 2540// 2516// 2458//
f 2458// 2516// 2487//
f 2458// 2487// 2459//
f 2459// 2487// 2488//
f 2459// 2488// 2517//
f 2517// 2541// 2459//
f 2459// 2541// 2577//
f 2459// 2577// 2861//
f 2861// 2577// 2710//
f 2861// 2710// 2752//
f 3249// 3279// 3346//
f 3279// 3304// 3346//
f 3346// 3304// 3303//
f 3346// 3303// 3345//
f 3345// 3303// 3278//
f 3278// 3248// 3345//
f 3345// 3248// 3214//
f 3345// 3214// 2860//
f 2860// 3214// 2988//
f 2860// 2988// 2956//
f 2927// 2957// 2861//
f 2861// 2957// 2989//
f 2861// 2989// 3346//
f 3346// 2989// 3215//
f 3346// 3215// 3249//
f 2956// 2926// 2860//
f 2860// 2926// 2901//
f 2860// 2901// 2861//
f 2861// 2901// 2902//
f 2861// 2902// 2927//
f 3660// 3684// 3742//
f 3684// 3712// 3742//
f 3742// 3712// 3711//
f 3742// 3711// 3741//
f 3741// 3711// 3683//
f 3683// 3659// 3741//
f 3741// 3659// 3623//
f 3741// 3623// 3345//
f 3345// 3623// 3498//
f 3345// 3498// 3456//
f 3416// 3457// 3346//
f 3346// 3457// 3499//
f 3346// 3499// 3742//
f 3742// 3499// 3624//
f 3742// 3624// 3660//
f 3456// 3415// 3345//
f 3345// 3415// 3390//
f 3345// 3390// 3346//
f 3346// 3390// 3391//
f 3346// 3391// 3416//
f 2818// 2794// 2861//
f 2818// 2861// 2819//
f 2819// 2861// 2862//
f 2819// 2862// 2795//
f 2794// 2753// 2861//
f 2861// 2753// 2711//
f 2861// 2711// 2459//
f 2459// 2711// 2578//
f 2459// 2578// 2542//
f 2460// 2519// 2543//
f 2542// 2518// 2459//
f 2459// 2518// 2489//
f 2459// 2489// 2460//
f 2460// 2489// 2490//
f 2460// 2490// 2519//
f 2579// 2712// 2862//
f 2862// 2712// 2754//
f 2862// 2754// 2795//
f 3662// 3686// 3743//
f 3743// 3686// 3714//
f 3743// 3714// 3742//
f 3742// 3714// 3713//
f 3742// 3713// 3685//
f 3418// 3459// 3347//
f 3347// 3459// 3501//
f 3347// 3501// 3743//
f 3743// 3501// 3626//
f 3743// 3626// 3662//
f 3685// 3661// 3742//
f 3742// 3661// 3625//
f 3742// 3625// 3346//
f 3346// 3625// 3500//
f 3346// 3500// 3458//
f 3458// 3417// 3346//
f 3346// 3417// 3392//
f 3346// 3392// 3347//
f 3347// 3392// 3393//
f 3347// 3393// 3418//
f 2580// 2544// 2460//
f 2756// 2797// 2863//
f 2863// 2797// 2821//
f 2863// 2821// 2862//
f 2862// 2821// 2820//
f 2820// 2796// 2862//
f 2862// 2796// 2755//
f 2862// 2755// 2713//
f 2543// 2579// 2460//
f 2460// 2579// 2862//
f 2460// 2862// 2580//
f 2580// 2862// 2713//
f 2544// 2520// 2460//
f 2460// 2520// 2491//
f 2460// 2491// 2461//
f 2461// 2491// 2492//
f 2461// 2492// 2521//
f 2521// 2545// 2461//
f 2461// 2545// 2581//
f 2461// 2581// 2863//
f 2863// 2581// 2714//
f 2863// 2714// 2756//
f 2884// 2951// 2863//
f 2863// 2951// 2864//
f 2863// 2864// 2461//
f 2461// 2864// 2462//
f 2798// 2757// 2864//
f 2758// 2799// 2865//
f 2865// 2799// 2823//
f 2865// 2823// 2864//
f 2864// 2823// 2822//
f 2864// 2822// 2798//
f 2757// 2715// 2864//
f 2864// 2715// 2582//
f 2864// 2582// 2462//
f 2462// 2582// 2546//
f 2546// 2522// 2462//
f 2462// 2522// 2493//
f 2462// 2493// 2463//
f 2463// 2493// 2494//
f 2463// 2494// 2523//
f 2523// 2547// 2463//
f 2463// 2547// 2583//
f 2463// 2583// 2865//
f 2865// 2583// 2716//
f 2865// 2716// 2758//
f 2994// 2960// 2864//
f 3282// 3252// 3349//
f 3349// 3252// 3220//
f 2951// 2993// 2864//
f 2864// 2993// 3349//
f 2864// 3349// 2994//
f 2994// 3349// 3220//
f 2960// 2930// 2864//
f 2864// 2930// 2905//
f 2864// 2905// 2865//
f 2865// 2905// 2906//
f 2865// 2906// 2931//
f 3253// 3283// 3350//
f 3350// 3283// 3308//
f 3350// 3308// 3349//
f 3349// 3308// 3307//
f 3349// 3307// 3282//
f 2931// 2961// 2865//
f 2865// 2961// 2995//
f 2865// 2995// 3350//
f 3350// 2995// 3221//
f 3350// 3221// 3253//
f 3504// 3462// 3349//
f 3689// 3665// 3745//
f 3745// 3665// 3629//
f 3666// 3690// 3746//
f 3746// 3690// 3718//
f 3746// 3718// 3745//
f 3745// 3718// 3717//
f 3745// 3717// 3689//
f 3629// 3504// 3745//
f 3745// 3504// 3349//
f 3745// 3349// 3348//
f 3348// 3349// 3277//
f 3348// 3277// 3353//
f 3422// 3463// 3350//
f 3350// 3463// 3505//
f 3350// 3505// 3746//
f 3746// 3505// 3630//
f 3746// 3630// 3666//
f 3462// 3421// 3349//
f 3349// 3421// 3396//
f 3349// 3396// 3350//
f 3350// 3396// 3397//
f 3350// 3397// 3422//
f 2760// 2801// 2866//
f 2866// 2801// 2825//
f 2866// 2825// 2865//
f 2865// 2825// 2824//
f 2865// 2824// 2800//
f 2800// 2759// 2865//
f 2865// 2759// 2717//
f 2865// 2717// 2463//
f 2463// 2717// 2584//
f 2463// 2584// 2548//
f 2548// 2524// 2463//
f 2463// 2524// 2495//
f 2463// 2495// 2464//
f 2464// 2495// 2496//
f 2464// 2496// 2525//
f 2525// 2549// 2464//
f 2464// 2549// 2585//
f 2464// 2585// 2866//
f 2866// 2585// 2718//
f 2866// 2718// 2760//
f 3284// 3254// 3350//
f 3350// 3254// 3222//
f 3350// 3222// 2865//
f 2865// 3222// 2996//
f 2865// 2996// 2962//
f 2962// 2932// 2865//
f 2865// 2932// 2907//
f 2865// 2907// 2866//
f 2866// 2907// 2908//
f 2866// 2908// 2933//
f 3255// 3285// 3351//
f 3351// 3285// 3310//
f 3351// 3310// 3350//
f 3350// 3310// 3309//
f 3350// 3309// 3284//
f 2933// 2963// 2866//
f 2866// 2963// 2997//
f 2866// 2997// 3351//
f 3351// 2997// 3223//
f 3351// 3223// 3255//
f 3668// 3692// 3747//
f 3747// 3692// 3720//
f 3747// 3720// 3746//
f 3746// 3720// 3719//
f 3746// 3719// 3691//
f 3691// 3667// 3746//
f 3746// 3667// 3631//
f 3746// 3631// 3350//
f 3350// 3631// 3506//
f 3350// 3506// 3464//
f 3424// 3465// 3351//
f 3351// 3465// 3507//
f 3351// 3507// 3747//
f 3747// 3507// 3632//
f 3747// 3632// 3668//
f 3464// 3423// 3350//
f 3350// 3423// 3398//
f 3350// 3398// 3351//
f 3351// 3398// 3399//
f 3351// 3399// 3424//
f 3740// 3764// 3741//
f 3741// 3764// 3765//
f 3741// 3765// 3742//
f 3742// 3765// 3766//
f 3742// 3766// 3743//
f 3743// 3766// 3767//
f 3743// 3767// 3744//
f 3744// 3767// 3768//
f 3744// 3768// 3745//
f 3745// 3768// 3769//
f 3745// 3769// 3746//
f 3746// 3769// 3770//
f 3746// 3770// 3747//
f 2267// 2268// 2266//
f 3137// 3133// 3762//
f 3133// 3129// 3762//
f 3762// 3129// 3111//
f 3762// 3111// 2456//
f 3111// 3107// 2456//
f 2456// 3107// 3103//
f 2456// 3103// 2457//
f 2457// 3103// 3101//
f 2457// 3101// 2859//
f 2859// 3101// 3105//
f 3105// 3109// 2859//
f 2859// 3109// 3113//
f 2859// 3113// 3344//
f 3762// 3763// 3137//
f 3137// 3763// 3740//
f 3137// 3740// 3135//
f 3135// 3740// 3344//
f 3135// 3344// 3131//
f 3131// 3344// 3113//
f 6129// 6128// 6208//
f 5772// 5773// 5770//
f 5770// 5773// 5771//
f 5430// 5431// 5415//
f 5415// 5431// 5416//
f 4660// 4661// 4659//
f 6139// 6151// 6053//
f 6053// 6151// 6219//
f 6151// 6163// 6219//
f 6219// 6163// 6175//
f 6219// 6175// 6217//
f 6175// 6185// 6217//
f 6217// 6185// 6173//
f 6217// 6173// 6205//
f 6205// 6173// 6161//
f 6205// 6161// 6201//
f 6201// 6161// 6191//
f 6191// 6161// 6149//
f 6191// 6149// 5411//
f 6053// 6052// 6139//
f 6139// 6052// 6038//
f 6139// 6038// 6119//
f 6149// 6137// 5411//
f 5411// 6137// 6117//
f 5411// 6117// 5412//
f 5412// 6117// 6107//
f 5412// 6107// 5427//
f 5427// 6107// 6119//
f 5427// 6119// 5677//
f 5677// 6119// 6038//
f 96// 97// 26//
f 1582// 1581// 1580//
f 817// 818// 792//
f 792// 818// 793//
f 263// 264// 265//
f 265// 264// 266//
f 107// 122// 814//
f 814// 122// 813//
f 4// 2// 43//
f 122// 105// 813//
f 813// 105// 85//
f 813// 85// 39//
f 39// 85// 73//
f 39// 73// 61//
f 35// 39// 31//
f 31// 39// 61//
f 31// 61// 2//
f 2// 61// 49//
f 2// 49// 43//
f 87// 168// 75//
f 75// 168// 169//
f 75// 169// 63//
f 63// 169// 4//
f 63// 4// 51//
f 51// 4// 43//
f 814// 789// 107//
f 107// 789// 552//
f 107// 552// 87//
f 87// 552// 192//
f 87// 192// 168//
f 99// 98// 27//
f 100// 101// 28//
f 53// 45// 173//
f 1159// 1195// 174//
f 67// 174// 55//
f 55// 174// 45//
f 1159// 174// 1108//
f 172// 173// 9//
f 9// 173// 45//
f 9// 45// 13//
f 13// 45// 174//
f 13// 174// 175//
f 173// 843// 939//
f 939// 77// 173//
f 173// 77// 65//
f 173// 65// 53//
f 67// 79// 174//
f 174// 79// 91//
f 174// 91// 1108//
f 1108// 91// 111//
f 1108// 111// 1027//
f 1027// 111// 124//
f 1027// 124// 991//
f 991// 124// 109//
f 991// 109// 939//
f 939// 109// 89//
f 939// 89// 77//
f 6133// 6132// 6210//
f 5862// 5863// 5854//
f 5842// 5839// 5859//
f 5916// 5920// 5927//
f 5956// 5960// 5942//
f 5912// 5930// 5913//
f 5913// 5930// 5924//
f 5913// 5924// 5907//
f 5907// 5924// 5921//
f 5907// 5921// 5904//
f 5842// 5859// 5846//
f 5846// 5859// 5855//
f 5846// 5855// 5850//
f 5853// 5862// 5849//
f 5849// 5862// 5854//
f 5849// 5854// 5845//
f 5912// 5916// 5930//
f 5930// 5916// 5927//
f 5930// 5927// 5933//
f 5933// 5927// 5938//
f 5933// 5938// 5957//
f 5957// 5938// 5943//
f 5957// 5943// 5961//
f 5942// 5960// 5947//
f 5831// 5835// 5811//
f 5914// 5918// 5925//
f 5945// 5940// 5950//
f 5871// 5874// 5917//
f 5917// 5923// 5906//
f 5908// 5928// 5909//
f 5909// 5928// 5922//
f 5909// 5922// 5905//
f 5905// 5922// 5917//
f 5905// 5917// 5902//
f 5836// 5809// 5812//
f 5871// 5917// 5868//
f 5850// 5855// 5851//
f 5851// 5855// 5856//
f 5851// 5856// 5847//
f 5908// 5914// 5928//
f 5928// 5914// 5925//
f 5928// 5925// 5931//
f 5931// 5925// 5936//
f 5931// 5936// 5955//
f 5955// 5936// 5941//
f 5955// 5941// 5959//
f 5959// 5941// 5946//
f 5956// 5942// 5932//
f 5932// 5942// 5937//
f 5932// 5937// 5929//
f 5929// 5937// 5926//
f 5929// 5926// 5919//
f 5943// 5948// 5961//
f 5961// 5948// 5954//
f 5961// 5954// 5960//
f 5960// 5954// 5953//
f 5960// 5953// 5947//
f 5945// 5950// 5951//
f 5934// 5939// 5940//
f 5940// 5939// 5944//
f 5940// 5944// 5950//
f 5833// 5834// 5814//
f 5811// 5835// 5815//
f 5815// 5835// 5837//
f 5815// 5837// 5840//
f 5906// 5923// 5910//
f 5910// 5923// 5929//
f 5910// 5929// 5911//
f 5911// 5929// 5919//
f 5911// 5919// 5915//
f 5946// 5952// 5959//
f 5959// 5952// 5951//
f 5959// 5951// 5958//
f 5958// 5951// 5950//
f 5958// 5950// 5949//
f 5801// 5798// 5775//
f 5906// 5903// 5917//
f 5917// 5903// 5901//
f 5917// 5901// 5899//
f 5808// 5825// 5811//
f 5811// 5825// 5826//
f 5811// 5826// 5831//
f 5779// 5784// 5775//
f 5884// 5892// 5880//
f 5880// 5892// 5893//
f 5880// 5893// 5876//
f 5822// 5825// 5819//
f 5819// 5825// 5808//
f 5819// 5808// 5816//
f 5816// 5808// 5805//
f 5816// 5805// 5794//
f 5794// 5805// 5802//
f 5794// 5802// 5789//
f 5940// 5935// 5934//
f 5934// 5935// 5897//
f 5934// 5897// 5792//
f 5792// 5897// 5894//
f 5885// 5886// 5882//
f 5882// 5886// 5890//
f 5882// 5890// 5878//
f 5878// 5890// 5895//
f 5878// 5895// 5874//
f 5874// 5895// 5898//
f 5874// 5898// 5917//
f 5917// 5898// 5900//
f 5917// 5900// 5902//
f 5818// 5821// 5813//
f 5833// 5814// 5830//
f 5830// 5814// 5813//
f 5830// 5813// 5829//
f 5829// 5813// 5821//
f 5829// 5821// 5824//
f 5775// 5774// 5777//
f 5777// 5774// 5776//
f 5823// 5820// 5817//
f 5788// 5783// 5787//
f 5787// 5783// 5778//
f 5787// 5778// 5782//
f 5872// 5869// 5815//
f 5856// 5860// 5847//
f 5847// 5860// 5865//
f 5847// 5865// 5843//
f 5843// 5865// 5868//
f 5843// 5868// 5840//
f 5840// 5868// 5917//
f 5840// 5917// 5815//
f 5815// 5917// 5899//
f 5815// 5899// 5872//
f 5872// 5899// 5896//
f 5872// 5896// 5875//
f 5875// 5896// 5891//
f 5875// 5891// 5879//
f 5836// 5812// 5838//
f 5838// 5812// 5815//
f 5838// 5815// 5841//
f 5841// 5815// 5869//
f 5841// 5869// 5844//
f 5844// 5869// 5866//
f 5844// 5866// 5848//
f 5848// 5866// 5861//
f 5848// 5861// 5852//
f 5852// 5861// 5857//
f 5852// 5857// 5853//
f 5853// 5857// 5858//
f 5853// 5858// 5862//
f 5779// 5775// 5778//
f 5778// 5775// 5777//
f 5778// 5777// 5782//
f 5879// 5891// 5883//
f 5883// 5891// 5887//
f 5883// 5887// 5884//
f 5884// 5887// 5888//
f 5884// 5888// 5892//
f 5882// 5881// 5885//
f 5885// 5881// 5877//
f 5885// 5877// 5889//
f 5889// 5877// 5873//
f 5889// 5873// 5894//
f 5894// 5873// 5870//
f 5894// 5870// 5792//
f 5792// 5870// 5867//
f 5792// 5867// 5864//
f 5802// 5799// 5789//
f 5789// 5799// 5797//
f 5789// 5797// 5784//
f 5784// 5797// 5790//
f 5790// 5797// 5800//
f 5790// 5800// 5795//
f 5836// 5832// 5809//
f 5809// 5832// 5827//
f 5809// 5827// 5828//
f 5788// 5787// 5793//
f 5793// 5787// 5792//
f 5793// 5792// 5839//
f 5839// 5792// 5864//
f 5839// 5864// 5859//
f 5781// 5775// 5780//
f 5780// 5775// 5784//
f 5780// 5784// 5785//
f 5785// 5784// 5790//
f 5828// 5823// 5809//
f 5809// 5823// 5817//
f 5809// 5817// 5806//
f 5806// 5817// 5795//
f 5806// 5795// 5803//
f 5803// 5795// 5800//
f 5813// 5810// 5818//
f 5818// 5810// 5807//
f 5818// 5807// 5796//
f 5807// 5804// 5796//
f 5796// 5804// 5801//
f 5796// 5801// 5791//
f 5791// 5801// 5775//
f 5791// 5775// 5786//
f 5786// 5775// 5781//
f 6130// 6131// 6209//
f 6057// 6056// 6224//
f 6179// 6187// 6228//
f 6058// 6109// 6123//
f 6123// 6143// 6058//
f 6058// 6143// 6155//
f 6058// 6155// 6059//
f 6059// 6155// 6228//
f 6228// 6155// 6167//
f 6228// 6167// 6179//
f 6177// 6057// 6187//
f 6187// 6057// 6224//
f 6187// 6224// 6228//
f 6177// 6165// 6057//
f 6057// 6165// 6153//
f 6057// 6153// 6141//
f 5034// 6057// 5130//
f 5130// 6057// 6141//
f 5130// 6141// 5181//
f 5181// 6141// 6121//
f 5181// 6121// 5216//
f 5216// 6121// 6109//
f 5216// 6109// 5296//
f 5296// 6109// 6058//
f 5296// 6058// 5346//
f 5346// 6058// 5381//
f 4360// 4361// 4403//
f 4346// 4347// 4359//
f 4552// 4546// 4562//
f 4577// 4569// 4570//
f 4384// 4396// 4395//
f 4573// 4560// 4561//
f 4585// 4604// 4584//
f 4584// 4604// 4603//
f 4584// 4603// 4578//
f 4572// 4571// 4522//
f 4488// 4510// 4522//
f 4522// 4510// 4523//
f 4522// 4523// 4572//
f 4446// 4447// 4469//
f 4446// 4469// 4404//
f 4404// 4403// 4388//
f 4388// 4403// 4361//
f 4388// 4361// 4378//
f 4378// 4361// 4370//
f 4392// 4383// 4355//
f 4355// 4383// 4377//
f 4355// 4377// 4369//
f 4454// 4448// 4463//
f 4463// 4448// 4441//
f 4392// 4420// 4426//
f 4511// 4505// 4482//
f 4482// 4505// 4499//
f 4482// 4499// 4497//
f 4597// 4596// 4586//
f 4573// 4561// 4579//
f 4449// 4455// 4465//
f 4395// 4396// 4465//
f 4465// 4396// 4442//
f 4465// 4442// 4449//
f 4455// 4459// 4465//
f 4465// 4459// 4460//
f 4465// 4460// 4466//
f 4466// 4460// 4456//
f 4373// 4357// 4363//
f 4363// 4357// 4351//
f 4345// 4346// 4352//
f 4352// 4346// 4358//
f 4352// 4358// 4364//
f 4364// 4358// 4374//
f 4456// 4450// 4466//
f 4466// 4450// 4443//
f 4466// 4443// 4398//
f 4398// 4443// 4397//
f 4398// 4397// 4358//
f 4358// 4397// 4385//
f 4358// 4385// 4374//
f 4486// 4502// 4508//
f 4486// 4508// 4518//
f 4521// 4520// 4487//
f 4487// 4520// 4509//
f 4509// 4503// 4487//
f 4487// 4503// 4496//
f 4487// 4496// 4492//
f 4492// 4491// 4486//
f 4486// 4491// 4495//
f 4486// 4495// 4502//
f 4576// 4582// 4601//
f 4590// 4583// 4602//
f 4582// 4589// 4601//
f 4601// 4589// 4593//
f 4601// 4593// 4602//
f 4602// 4593// 4594//
f 4602// 4594// 4590//
f 4508// 4519// 4518//
f 4518// 4519// 4568//
f 4518// 4568// 4567//
f 4444// 4451// 4467//
f 4444// 4467// 4400//
f 4401// 4402// 4445//
f 4445// 4402// 4468//
f 4445// 4468// 4452//
f 4452// 4468// 4458//
f 4451// 4457// 4467//
f 4467// 4457// 4461//
f 4467// 4461// 4462//
f 4359// 4375// 4386//
f 4359// 4386// 4399//
f 4348// 4354// 4347//
f 4347// 4354// 4353//
f 4347// 4353// 4359//
f 4359// 4353// 4365//
f 4359// 4365// 4375//
f 4387// 4376// 4360//
f 4360// 4376// 4366//
f 4507// 4501// 4485//
f 4484// 4493// 4500//
f 4507// 4485// 4516//
f 4501// 4494// 4485//
f 4485// 4494// 4490//
f 4485// 4490// 4484//
f 4484// 4490// 4489//
f 4484// 4489// 4493//
f 4575// 4565// 4566//
f 4566// 4565// 4516//
f 4566// 4516// 4517//
f 4517// 4516// 4485//
f 4574// 4580// 4599//
f 4588// 4581// 4600//
f 4580// 4587// 4599//
f 4599// 4587// 4591//
f 4599// 4591// 4600//
f 4600// 4591// 4592//
f 4600// 4592// 4588//
f 4506// 4515// 4514//
f 4514// 4515// 4564//
f 4514// 4564// 4563//
f 4513// 4524// 4512//
f 4512// 4524// 4527//
f 4512// 4527// 4533//
f 4562// 4546// 4563//
f 4563// 4546// 4540//
f 4563// 4540// 4514//
f 4514// 4540// 4534//
f 4514// 4534// 4513//
f 4513// 4534// 4528//
f 4513// 4528// 4524//
f 4511// 4539// 4560//
f 4560// 4539// 4545//
f 4560// 4545// 4561//
f 4561// 4545// 4551//
f 4561// 4551// 4562//
f 4562// 4551// 4557//
f 4562// 4557// 4552//
f 4394// 4405// 4393//
f 4393// 4405// 4408//
f 4393// 4408// 4414//
f 4438// 4433// 4464//
f 4464// 4433// 4427//
f 4464// 4427// 4465//
f 4465// 4427// 4421//
f 4465// 4421// 4395//
f 4395// 4421// 4415//
f 4395// 4415// 4394//
f 4394// 4415// 4409//
f 4394// 4409// 4405//
f 4438// 4464// 4432//
f 4432// 4464// 4463//
f 4432// 4463// 4426//
f 4426// 4463// 4441//
f 4426// 4441// 4392//
f 4352// 4351// 4345//
f 4345// 4351// 4357//
f 4345// 4357// 4344//
f 4344// 4357// 4356//
f 4344// 4356// 4343//
f 4343// 4356// 4355//
f 4343// 4355// 4342//
f 4342// 4355// 4369//
f 4350// 4370// 4349//
f 4349// 4370// 4361//
f 4349// 4361// 4348//
f 4348// 4361// 4360//
f 4348// 4360// 4354//
f 4354// 4360// 4366//
f 4356// 4380// 4372//
f 4372// 4368// 4356//
f 4356// 4368// 4362//
f 4356// 4362// 4355//
f 4355// 4362// 4367//
f 4355// 4367// 4371//
f 4379// 4381// 4393//
f 4371// 4379// 4355//
f 4355// 4379// 4393//
f 4355// 4393// 4392//
f 4392// 4393// 4414//
f 4392// 4414// 4420//
f 4381// 4389// 4393//
f 4393// 4389// 4391//
f 4393// 4391// 4394//
f 4394// 4391// 4390//
f 4394// 4390// 4382//
f 4373// 4384// 4357//
f 4357// 4384// 4395//
f 4357// 4395// 4356//
f 4356// 4395// 4394//
f 4356// 4394// 4380//
f 4380// 4394// 4382//
f 4434// 4439// 4467//
f 4467// 4439// 4435//
f 4467// 4435// 4429//
f 4386// 4400// 4399//
f 4399// 4400// 4467//
f 4399// 4467// 4423//
f 4423// 4467// 4429//
f 4423// 4417// 4399//
f 4399// 4417// 4411//
f 4399// 4411// 4406//
f 4346// 4359// 4358//
f 4358// 4359// 4399//
f 4358// 4399// 4398//
f 4398// 4399// 4406//
f 4398// 4406// 4410//
f 4410// 4416// 4398//
f 4398// 4416// 4422//
f 4398// 4422// 4466//
f 4466// 4422// 4428//
f 4466// 4428// 4434//
f 4436// 4440// 4468//
f 4419// 4413// 4403//
f 4404// 4469// 4403//
f 4403// 4469// 4425//
f 4403// 4425// 4419//
f 4407// 4412// 4402//
f 4440// 4437// 4469//
f 4469// 4437// 4431//
f 4469// 4431// 4425//
f 4413// 4407// 4403//
f 4403// 4407// 4402//
f 4403// 4402// 4360//
f 4360// 4402// 4401//
f 4360// 4401// 4387//
f 4412// 4418// 4402//
f 4402// 4418// 4424//
f 4402// 4424// 4468//
f 4468// 4424// 4430//
f 4468// 4430// 4436//
f 4476// 4474// 4464//
f 4482// 4475// 4477//
f 4474// 4472// 4464//
f 4464// 4472// 4470//
f 4464// 4470// 4463//
f 4463// 4470// 4471//
f 4463// 4471// 4473//
f 4497// 4454// 4482//
f 4482// 4454// 4463//
f 4482// 4463// 4475//
f 4475// 4463// 4473//
f 4477// 4479// 4482//
f 4482// 4479// 4481//
f 4482// 4481// 4483//
f 4483// 4481// 4480//
f 4483// 4480// 4478//
f 4466// 4485// 4465//
f 4465// 4485// 4484//
f 4465// 4484// 4464//
f 4464// 4484// 4483//
f 4464// 4483// 4476//
f 4476// 4483// 4478//
f 4492// 4486// 4487//
f 4487// 4486// 4467//
f 4487// 4467// 4468//
f 4468// 4467// 4462//
f 4468// 4462// 4458//
f 4447// 4453// 4469//
f 4469// 4453// 4498//
f 4469// 4498// 4488//
f 4488// 4498// 4504//
f 4488// 4504// 4510//
f 4500// 4506// 4484//
f 4484// 4506// 4514//
f 4484// 4514// 4483//
f 4483// 4514// 4513//
f 4483// 4513// 4482//
f 4482// 4513// 4512//
f 4482// 4512// 4511//
f 4511// 4512// 4533//
f 4511// 4533// 4539//
f 4530// 4525// 4518//
f 4554// 4548// 4567//
f 4567// 4548// 4542//
f 4567// 4542// 4518//
f 4518// 4542// 4536//
f 4518// 4536// 4530//
f 4434// 4467// 4466//
f 4466// 4467// 4486//
f 4466// 4486// 4485//
f 4485// 4486// 4518//
f 4485// 4518// 4517//
f 4517// 4518// 4525//
f 4517// 4525// 4529//
f 4566// 4553// 4567//
f 4567// 4553// 4558//
f 4567// 4558// 4554//
f 4529// 4535// 4517//
f 4517// 4535// 4541//
f 4517// 4541// 4566//
f 4566// 4541// 4547//
f 4566// 4547// 4553//
f 4531// 4537// 4521//
f 4538// 4532// 4522//
f 4531// 4521// 4526//
f 4543// 4549// 4570//
f 4538// 4522// 4544//
f 4544// 4522// 4571//
f 4544// 4571// 4550//
f 4440// 4469// 4468//
f 4468// 4469// 4488//
f 4468// 4488// 4487//
f 4487// 4488// 4522//
f 4487// 4522// 4521//
f 4521// 4522// 4532//
f 4521// 4532// 4526//
f 4569// 4520// 4570//
f 4570// 4520// 4521//
f 4570// 4521// 4543//
f 4543// 4521// 4537//
f 4549// 4555// 4570//
f 4570// 4555// 4559//
f 4570// 4559// 4571//
f 4571// 4559// 4556//
f 4571// 4556// 4550//
f 4564// 4574// 4563//
f 4563// 4574// 4599//
f 4563// 4599// 4562//
f 4562// 4599// 4598//
f 4562// 4598// 4561//
f 4561// 4598// 4597//
f 4561// 4597// 4579//
f 4579// 4597// 4586//
f 4568// 4576// 4567//
f 4567// 4576// 4601//
f 4567// 4601// 4566//
f 4566// 4601// 4600//
f 4566// 4600// 4575//
f 4575// 4600// 4581//
f 4572// 4578// 4571//
f 4571// 4578// 4603//
f 4571// 4603// 4570//
f 4570// 4603// 4602//
f 4570// 4602// 4577//
f 4577// 4602// 4583//
f 2157// 2020// 2318//
f 2318// 2020// 1634//
f 1634// 1635// 2318//
f 2318// 1635// 1636//
f 2318// 1636// 1637//
f 2330// 2365// 3856//
f 3891// 3897// 3856//
f 3856// 3897// 2318//
f 3856// 2318// 2330//
f 2330// 2318// 1637//
f 2330// 1637// 1638//
f 4066// 4199// 3898//
f 3898// 4199// 4350//
f 3898// 4350// 3891//
f 3891// 4350// 4349//
f 3891// 4349// 4348//
f 3752// 3796// 3647//
f 3647// 3796// 3856//
f 3647// 3856// 2570//
f 2570// 3856// 2365//
f 2570// 2365// 2477//
f 2477// 2365// 2429//
f 1640// 2021// 2158//
f 4348// 4347// 3891//
f 3891// 4347// 4346//
f 3891// 4346// 3897//
f 3897// 4346// 4345//
f 3897// 4345// 4344//
f 1638// 1639// 2330//
f 2330// 1639// 1640//
f 2330// 1640// 2319//
f 2319// 1640// 2158//
f 4198// 4065// 4342//
f 4342// 4065// 3897//
f 4342// 3897// 4343//
f 4343// 3897// 4344//
f 3894// 3903// 3893//
f 3893// 3903// 3902//
f 2575// 3652// 2574//
f 2574// 3652// 3651//
f 5311// 5259// 3650//
f 3647// 2570// 2571//
f 2573// 1071// 1123//
f 2571// 892// 2572//
f 2572// 892// 954//
f 2572// 954// 965//
f 3648// 3647// 2574//
f 3649// 5155// 5145//
f 2571// 2572// 3647//
f 3647// 2572// 2573//
f 3647// 2573// 2574//
f 2574// 2573// 1123//
f 2574// 1123// 1134//
f 5321// 5311// 3651//
f 3651// 5311// 3650//
f 3651// 3650// 2574//
f 2574// 3650// 3649//
f 2574// 3649// 3648//
f 3648// 3649// 5145//
f 3648// 5145// 5083//
f 1884// 1874// 4595//
f 6159// 6171// 6193//
f 6236// 6189// 6233//
f 6233// 6189// 6181//
f 6233// 6181// 6169//
f 69// 57// 18//
f 2141// 2151// 41//
f 6062// 6233// 6063//
f 6063// 6233// 6169//
f 6063// 6169// 6039//
f 6039// 6169// 6157//
f 6039// 6157// 5678//
f 5678// 6157// 5442//
f 2151// 2198// 41//
f 41// 2198// 2221//
f 41// 2221// 3935//
f 3935// 3970// 41//
f 41// 3970// 4008//
f 41// 4008// 6193//
f 6193// 4008// 4034//
f 2257// 3968// 3933//
f 18// 57// 21//
f 41// 71// 83//
f 6147// 6159// 4089//
f 4089// 6159// 6193//
f 4089// 6193// 4081//
f 4081// 6193// 4034//
f 6203// 6193// 6207//
f 6207// 6193// 6171//
f 6207// 6171// 6236//
f 6236// 6171// 6183//
f 6236// 6183// 6189//
f 6145// 126// 6157//
f 6157// 126// 4607//
f 6157// 4607// 5442//
f 4595// 4607// 1884//
f 1884// 4607// 126//
f 1884// 126// 802//
f 802// 126// 113//
f 802// 113// 553//
f 178// 193// 81//
f 2221// 2259// 3935//
f 3935// 2259// 2294//
f 3935// 2294// 3914//
f 3914// 2294// 2313//
f 3914// 2313// 3933//
f 3933// 2313// 2292//
f 3933// 2292// 2257//
f 2141// 41// 2149//
f 2149// 41// 83//
f 2149// 83// 2196//
f 2196// 83// 95//
f 2196// 95// 2219//
f 2219// 95// 115//
f 2219// 115// 126//
f 69// 18// 81//
f 81// 18// 177//
f 81// 177// 178//
f 2257// 2219// 3968//
f 3968// 2219// 126//
f 3968// 126// 4006//
f 4006// 126// 6145//
f 4006// 6145// 4032//
f 4032// 6145// 6125//
f 4032// 6125// 4079//
f 4079// 6125// 6111//
f 4079// 6111// 4089//
f 4089// 6111// 6127//
f 4089// 6127// 6147//
f 57// 47// 21//
f 21// 47// 59//
f 21// 59// 33//
f 33// 59// 71//
f 33// 71// 37//
f 37// 71// 41//
f 553// 113// 193//
f 193// 113// 93//
f 193// 93// 81//
f 3015// 3029// 3170//
f 3071// 3171// 3070//
f 3070// 3171// 3170//
f 4012// 3980// 3652//
f 4093// 4040// 4605//
f 2575// 1882// 3015//
f 3029// 3038// 3170//
f 3170// 3038// 3052//
f 3170// 3052// 3061//
f 4605// 4040// 3211//
f 3979// 4011// 3908//
f 3908// 4011// 4072//
f 2248// 2255// 2430//
f 3061// 3064// 3170//
f 3170// 3064// 3065//
f 3170// 3065// 3070//
f 3175// 3176// 2575//
f 2575// 3176// 3195//
f 2575// 3195// 3197//
f 3908// 3896// 3979//
f 3979// 3896// 3861//
f 3979// 3861// 3972//
f 3972// 3861// 3797//
f 3972// 3797// 3980//
f 3980// 3797// 3753//
f 3980// 3753// 3652//
f 2430// 2255// 2478//
f 2478// 2255// 2249//
f 2478// 2249// 2575//
f 2575// 2249// 2217//
f 2575// 2217// 1882//
f 3015// 3170// 2575//
f 2575// 3170// 3172//
f 2575// 3172// 3175//
f 3197// 3202// 2575//
f 2575// 3202// 3211//
f 2575// 3211// 3652//
f 3652// 3211// 4040//
f 3652// 4040// 4012//
f 1874// 3907// 4595//
f 4595// 3907// 4071//
f 4595// 4071// 4649//
f 4649// 4071// 4205//
f 4596// 4672// 4205//
f 4205// 4672// 4662//
f 4205// 4662// 4649//
f 2217// 2194// 1882//
f 1882// 2194// 2139//
f 1882// 2139// 1590//
f 1590// 2139// 2102//
f 1590// 2102// 1578//
f 4603// 4604// 4673//
f 4605// 4650// 4093//
f 4093// 4650// 4663//
f 4093// 4663// 4130//
f 4130// 4663// 4673//
f 4130// 4673// 4148//
f 4148// 4673// 4604//
f 4148// 4604// 4129//
f 4129// 4604// 4206//
f 4129// 4206// 4092//
f 4092// 4206// 4072//
f 4092// 4072// 4039//
f 4039// 4072// 4011//
f 1578// 2102// 1567//
f 1567// 2102// 2082//
f 1567// 2082// 2101//
f 1566// 2027// 1573//
f 1573// 2027// 2163//
f 2430// 2370// 2248//
f 2248// 2370// 2335//
f 2248// 2335// 2216//
f 2216// 2335// 2329//
f 2216// 2329// 2193//
f 2193// 2329// 2164//
f 2193// 2164// 2138//
f 2138// 2164// 2028//
f 2138// 2028// 2101//
f 2101// 2028// 1881//
f 2101// 1881// 1567//
f 1583// 1573// 1616//
f 1616// 1573// 2163//
f 1616// 2163// 1874//
f 1874// 2163// 2328//
f 1874// 2328// 3907//
f 4596// 4597// 4672//
f 4672// 4597// 4598//
f 4672// 4598// 4599//
f 1881// 1880// 1567//
f 1567// 1880// 1879//
f 1567// 1879// 1566//
f 1566// 1879// 1878//
f 1566// 1878// 1877//
f 1877// 1876// 1566//
f 1566// 1876// 1875//
f 1566// 1875// 2027//
f 4599// 4600// 4672//
f 4672// 4600// 4601//
f 4672// 4601// 4673//
f 4673// 4601// 4602//
f 4673// 4602// 4603//
f 4675// 4674// 4673//
f 4673// 4674// 4672//
f 3014// 3015// 1882//
f 1883// 2878// 1882//
f 1882// 2878// 2876//
f 2876// 2986// 1882//
f 1882// 2986// 2984//
f 1882// 2984// 3014//
f 1567// 1566// 1569//
f 1569// 1566// 1568//
f 3905// 3907// 2328//
f 3900// 5076// 3901//
f 3901// 5076// 5131//
f 3901// 5131// 5148//
f 1109// 1064// 2325//
f 3904// 5252// 5297//
f 2326// 3901// 2328//
f 2328// 3901// 3904//
f 2328// 3904// 3905//
f 3905// 3904// 5297//
f 3905// 5297// 5314//
f 3897// 3900// 2318//
f 2318// 3900// 3901//
f 2318// 3901// 2321//
f 2322// 958// 940//
f 1127// 1109// 2326//
f 2326// 1109// 2325//
f 2326// 2325// 3901//
f 3901// 2325// 2322//
f 3901// 2322// 2321//
f 2321// 2322// 940//
f 2321// 940// 885//
f 1883// 1882// 1591//
f 1591// 1882// 1590//
f 1591// 1590// 1579//
f 1579// 1590// 1578//
f 1579// 1578// 1569//
f 1569// 1578// 1567//
f 1568// 1566// 1570//
f 1570// 1566// 1573//
f 1570// 1573// 1574//
f 1574// 1573// 1583//
f 1574// 1583// 1584//
f 1584// 1583// 1616//
f 1584// 1616// 1617//
f 1617// 1616// 1874//
f 1617// 1874// 1884//
f 4675// 4673// 4664//
f 4664// 4673// 4663//
f 4664// 4663// 4651//
f 4651// 4663// 4650//
f 4651// 4650// 4606//
f 4606// 4650// 4605//
f 4649// 4652// 4595//
f 4595// 4652// 4624//
f 4595// 4624// 4607//
f 4662// 4672// 4674//
f 4674// 4671// 4662//
f 4662// 4671// 4665//
f 4662// 4665// 4649//
f 4649// 4665// 4658//
f 4649// 4658// 4652//
f 6236// 6235// 6206//
f 6236// 6206// 6207//
f 6207// 6206// 6202//
f 6207// 6202// 6203//
f 6203// 6202// 6192//
f 6203// 6192// 6193//
f 41// 40// 36//
f 41// 36// 37//
f 37// 36// 32//
f 37// 32// 33//
f 33// 32// 20//
f 33// 20// 21//
f 6191// 6190// 6200//
f 6191// 6200// 6201//
f 6201// 6200// 6204//
f 6201// 6204// 6205//
f 6205// 6204// 6216//
f 6205// 6216// 6217//
f 2// 1// 30//
f 2// 30// 31//
f 31// 30// 34//
f 31// 34// 35//
f 35// 34// 38//
f 35// 38// 39//
f 3763// 3762// 3794//
f 3794// 3762// 3850//
f 3794// 3850// 3851//
f 3851// 3850// 3884//
f 3851// 3884// 3916//
f 3884// 3915// 3916//
f 3916// 3915// 3958//
f 3916// 3958// 3959//
f 3960// 3957// 3917//
f 3851// 3916// 3917//
f 3917// 3916// 3959//
f 3917// 3959// 3960//
f 3767// 3852// 3768//
f 3768// 3852// 3804//
f 3767// 3766// 3852//
f 3852// 3766// 3851//
f 3852// 3851// 3875//
f 3875// 3851// 3917//
f 3766// 3765// 3851//
f 3851// 3765// 3764//
f 3851// 3764// 3794//
f 3794// 3764// 3763//
f 3804// 3785// 3768//
f 3768// 3785// 3781//
f 3768// 3781// 3769//
f 3769// 3781// 3786//
f 3854// 3795// 3769//
f 3771// 3770// 3772//
f 3772// 3770// 3769//
f 3772// 3769// 3780//
f 3780// 3769// 3795//
f 3786// 3805// 3769//
f 3769// 3805// 3853//
f 3769// 3853// 3854//
f 3854// 3853// 3876//
f 3952// 3947// 3918//
f 3918// 3947// 3919//
f 3918// 3919// 3876//
f 3876// 3919// 3874//
f 3876// 3874// 3854//
f 4660// 4659// 4669//
f 4669// 4659// 4688//
f 4669// 4688// 4686//
f 4686// 4688// 4697//
f 4697// 4688// 4699//
f 4697// 4699// 4983//
f 4983// 4699// 4985//
f 4983// 4985// 4999//
f 4999// 4985// 5411//
f 4999// 5411// 5412//
f 5000// 5415// 5416//
f 5416// 5408// 5000//
f 5000// 5408// 5407//
f 5000// 5407// 5016//
f 5016// 5003// 5000//
f 5000// 5003// 4986//
f 5000// 4986// 4984//
f 4984// 4986// 4701//
f 4984// 4701// 4698//
f 4698// 4701// 4689//
f 4698// 4689// 4687//
f 4687// 4689// 4666//
f 4687// 4666// 4670//
f 4670// 4666// 4661//
f 4670// 4661// 4660//
f 2373// 2308// 2307//
f 2307// 2308// 2267//
f 2307// 2267// 2266//
f 2307// 2342// 2373//
f 2373// 2342// 2372//
f 2373// 2372// 2431//
f 2431// 2372// 2456//
f 2431// 2456// 2457//
f 2345// 2375// 2376//
f 2268// 2267// 2308//
f 2464// 2455// 2463//
f 2463// 2455// 2454//
f 2463// 2454// 2446//
f 2375// 2416// 2376//
f 2376// 2416// 2463//
f 2376// 2463// 2432//
f 2432// 2463// 2446//
f 2440// 2462// 2442//
f 2442// 2462// 2463//
f 2442// 2463// 2441//
f 2441// 2463// 2416//
f 2431// 2457// 2458//
f 2431// 2458// 2373//
f 2373// 2458// 2459//
f 2373// 2459// 2460//
f 2440// 2415// 2462//
f 2462// 2415// 2374//
f 2462// 2374// 2461//
f 2269// 2268// 2309//
f 2309// 2268// 2308//
f 2309// 2308// 2344//
f 2344// 2308// 2373//
f 2344// 2373// 2374//
f 2374// 2373// 2460//
f 2374// 2460// 2461//
f 2376// 2352// 2345//
f 2345// 2352// 2311//
f 2345// 2311// 2310//
f 2310// 2311// 2279//
f 2310// 2279// 2274//
f 1580// 1581// 1571//
f 1580// 1571// 1552//
f 1552// 1571// 1554//
f 1552// 1554// 1541//
f 1541// 1554// 1543//
f 1541// 1543// 1253//
f 1543// 1255// 1253//
f 1253// 1255// 1241//
f 1253// 1241// 813//
f 813// 1241// 819//
f 813// 819// 814//
f 817// 820// 818//
f 818// 820// 1242//
f 1236// 1242// 1254//
f 1254// 1242// 1256//
f 825// 818// 826//
f 826// 818// 1242//
f 826// 1242// 1223//
f 1223// 1242// 1236//
f 1581// 1582// 1572//
f 1572// 1582// 1577//
f 1572// 1577// 1555//
f 1555// 1577// 1553//
f 1555// 1553// 1544//
f 1544// 1553// 1542//
f 1544// 1542// 1256//
f 1256// 1542// 1287//
f 1256// 1287// 1254//
f 96// 26// 116//
f 116// 26// 22//
f 116// 22// 131//
f 131// 22// 144//
f 144// 22// 6//
f 144// 6// 153//
f 153// 6// 5//
f 153// 5// 161//
f 161// 5// 4//
f 161// 4// 169//
f 232// 265// 266//
f 266// 258// 232//
f 232// 258// 255//
f 232// 255// 252//
f 252// 245// 232//
f 232// 245// 220//
f 232// 220// 217//
f 217// 220// 194//
f 217// 194// 186//
f 186// 194// 170//
f 186// 170// 163//
f 163// 170// 135//
f 163// 135// 146//
f 146// 135// 97//
f 146// 97// 96//
f 27// 98// 117//
f 27// 117// 23//
f 23// 117// 133//
f 23// 133// 7//
f 7// 133// 142//
f 7// 142// 8//
f 142// 155// 8//
f 8// 155// 159//
f 8// 159// 9//
f 9// 159// 166//
f 9// 166// 172//
f 256// 259// 268//
f 253// 256// 225//
f 225// 256// 268//
f 225// 268// 261//
f 261// 268// 267//
f 98// 99// 147//
f 147// 99// 136//
f 147// 136// 164//
f 164// 136// 171//
f 164// 171// 184//
f 184// 171// 195//
f 184// 195// 218//
f 218// 195// 221//
f 218// 221// 225//
f 225// 221// 246//
f 225// 246// 253//
f 100// 28// 118//
f 118// 28// 24//
f 118// 24// 132//
f 132// 24// 145//
f 145// 24// 15//
f 145// 15// 154//
f 154// 15// 14//
f 154// 14// 162//
f 162// 14// 13//
f 162// 13// 175//
f 101// 100// 148//
f 196// 183// 187//
f 187// 183// 150//
f 187// 150// 148//
f 148// 150// 120//
f 148// 120// 101//
f 229// 223// 187//
f 223// 209// 187//
f 187// 209// 208//
f 187// 208// 196//
f 196// 208// 210//
f 210// 224// 196//
f 196// 224// 230//
f 196// 230// 213//
f 454// 248// 231//
f 213// 230// 231//
f 231// 230// 453//
f 231// 453// 454//
f 187// 233// 229//
f 229// 233// 451//
f 229// 451// 452//
f 29// 102// 119//
f 29// 119// 25//
f 25// 119// 134//
f 25// 134// 16//
f 16// 134// 143//
f 16// 143// 17//
f 143// 156// 17//
f 17// 156// 160//
f 17// 160// 18//
f 18// 160// 167//
f 18// 167// 177//
f 257// 260// 456//
f 254// 257// 226//
f 226// 257// 456//
f 226// 456// 262//
f 262// 456// 455//
f 102// 103// 149//
f 149// 103// 137//
f 149// 137// 165//
f 165// 137// 176//
f 165// 176// 185//
f 185// 176// 197//
f 185// 197// 219//
f 219// 197// 222//
f 219// 222// 226//
f 226// 222// 247//
f 226// 247// 254//
f 6134// 6211// 6115//
f 6115// 6211// 6215//
f 6115// 6215// 6101//
f 6101// 6215// 6087//
f 6087// 6215// 6231//
f 6087// 6231// 6079//
f 6079// 6231// 6232//
f 6079// 6232// 6071//
f 6071// 6232// 6233//
f 6071// 6233// 6062//
f 5999// 5962// 5963//
f 5963// 5972// 5999//
f 5999// 5972// 5975//
f 5999// 5975// 5978//
f 5978// 5985// 5999//
f 5999// 5985// 6010//
f 5999// 6010// 6014//
f 6014// 6010// 6037//
f 6014// 6037// 6045//
f 6045// 6037// 6061//
f 6045// 6061// 6069//
f 6069// 6061// 6097//
f 6069// 6097// 6085//
f 6085// 6097// 6135//
f 6085// 6135// 6134//
f 6210// 6132// 6114//
f 6210// 6114// 6214//
f 6214// 6114// 6099//
f 6214// 6099// 6230//
f 6230// 6099// 6089//
f 6230// 6089// 6229//
f 6089// 6077// 6229//
f 6229// 6077// 6073//
f 6229// 6073// 6228//
f 6228// 6073// 6065//
f 6228// 6065// 6059//
f 6060// 6067// 6096//
f 6096// 6067// 6084//
f 6096// 6084// 6133//
f 6133// 6084// 6132//
f 6008// 6022// 6060//
f 6060// 6022// 6023//
f 6060// 6023// 6067//
f 6067// 6023// 6021//
f 6067// 6021// 6047//
f 6047// 6021// 6015//
f 6047// 6015// 6012//
f 6015// 6004// 6012//
f 6012// 6004// 5987//
f 6012// 5987// 6003//
f 6003// 5987// 5959//
f 6003// 5959// 5969//
f 5969// 5959// 5958//
f 5960// 5986// 5961//
f 5961// 5986// 6009//
f 5961// 6009// 5982//
f 6060// 6036// 6008//
f 6008// 6036// 6009//
f 6008// 6009// 6005//
f 6005// 6009// 5986//
f 6208// 6128// 6112//
f 6208// 6112// 6212//
f 6212// 6112// 6098//
f 6212// 6098// 6221//
f 6221// 6098// 6088//
f 6221// 6088// 6220//
f 6088// 6076// 6220//
f 6220// 6076// 6072//
f 6220// 6072// 6219//
f 6219// 6072// 6064//
f 6219// 6064// 6053//
f 5973// 5970// 5773//
f 5976// 5973// 6002//
f 6002// 5973// 5773//
f 6002// 5773// 5968//
f 5968// 5773// 5772//
f 6128// 6129// 6082//
f 6082// 6129// 6094//
f 6082// 6094// 6066//
f 6066// 6094// 6054//
f 6066// 6054// 6046//
f 6046// 6054// 6034//
f 6046// 6034// 6011//
f 6011// 6034// 6006//
f 6011// 6006// 6002//
f 6002// 6006// 5983//
f 6002// 5983// 5976//
f 6130// 6209// 6113//
f 6113// 6209// 6213//
f 6113// 6213// 6100//
f 6100// 6213// 6086//
f 6086// 6213// 6222//
f 6086// 6222// 6078//
f 6078// 6222// 6223//
f 6078// 6223// 6070//
f 6070// 6223// 6224//
f 6070// 6224// 6056//
f 5998// 5774// 5775//
f 5775// 5971// 5998//
f 5998// 5971// 5974//
f 5998// 5974// 5977//
f 5977// 5984// 5998//
f 5998// 5984// 6007//
f 5998// 6007// 6013//
f 6013// 6007// 6035//
f 6013// 6035// 6044//
f 6044// 6035// 6055//
f 6044// 6055// 6068//
f 6068// 6055// 6095//
f 6068// 6095// 6083//
f 6083// 6095// 6131//
f 6083// 6131// 6130//
f 3101// 3100// 3105//
f 3105// 3100// 3104//
f 3105// 3104// 3109//
f 3109// 3104// 3108//
f 3109// 3108// 3113//
f 3113// 3108// 3112//
f 3113// 3112// 3131//
f 3131// 3112// 3130//
f 3131// 3130// 3135//
f 3135// 3130// 3134//
f 3135// 3134// 3137//
f 3137// 3134// 3136//
f 3137// 3136// 3133//
f 3133// 3136// 3132//
f 3133// 3132// 3129//
f 3129// 3132// 3128//
f 3129// 3128// 3111//
f 3111// 3128// 3110//
f 3111// 3110// 3107//
f 3107// 3110// 3106//
f 3107// 3106// 3103//
f 3103// 3106// 3102//
f 3103// 3102// 3101//
f 3101// 3102// 3100//
f 43// 42// 51//
f 51// 42// 50//
f 51// 50// 63//
f 63// 50// 62//
f 63// 62// 75//
f 75// 62// 74//
f 75// 74// 87//
f 87// 74// 86//
f 87// 86// 107//
f 107// 86// 106//
f 107// 106// 122//
f 122// 106// 121//
f 122// 121// 105//
f 105// 121// 104//
f 105// 104// 85//
f 85// 104// 84//
f 85// 84// 73//
f 73// 84// 72//
f 73// 72// 61//
f 61// 72// 60//
f 61// 60// 49//
f 49// 60// 48//
f 49// 48// 43//
f 43// 48// 42//
f 45// 44// 55//
f 55// 44// 54//
f 55// 54// 67//
f 67// 54// 66//
f 67// 66// 79//
f 79// 66// 78//
f 79// 78// 91//
f 91// 78// 90//
f 91// 90// 111//
f 111// 90// 110//
f 111// 110// 124//
f 124// 110// 123//
f 124// 123// 109//
f 109// 123// 108//
f 109// 108// 89//
f 89// 108// 88//
f 89// 88// 77//
f 77// 88// 76//
f 77// 76// 65//
f 65// 76// 64//
f 65// 64// 53//
f 53// 64// 52//
f 53// 52// 45//
f 45// 52// 44//
f 47// 46// 59//
f 59// 46// 58//
f 59// 58// 71//
f 71// 58// 70//
f 71// 70// 83//
f 83// 70// 82//
f 83// 82// 95//
f 95// 82// 94//
f 95// 94// 115//
f 115// 94// 114//
f 115// 114// 126//
f 126// 114// 125//
f 126// 125// 113//
f 113// 125// 112//
f 113// 112// 93//
f 93// 112// 92//
f 93// 92// 81//
f 81// 92// 80//
f 81// 80// 69//
f 69// 80// 68//
f 69// 68// 57//
f 57// 68// 56//
f 57// 56// 47//
f 47// 56// 46//
f 6111// 6110// 6127//
f 6127// 6110// 6126//
f 6127// 6126// 6147//
f 6147// 6126// 6146//
f 6147// 6146// 6159//
f 6159// 6146// 6158//
f 6159// 6158// 6171//
f 6171// 6158// 6170//
f 6171// 6170// 6183//
f 6183// 6170// 6182//
f 6183// 6182// 6189//
f 6189// 6182// 6188//
f 6189// 6188// 6181//
f 6181// 6188// 6180//
f 6181// 6180// 6169//
f 6169// 6180// 6168//
f 6169// 6168// 6157//
f 6157// 6168// 6156//
f 6157// 6156// 6145//
f 6145// 6156// 6144//
f 6145// 6144// 6125//
f 6125// 6144// 6124//
f 6125// 6124// 6111//
f 6111// 6124// 6110//
f 6109// 6108// 6123//
f 6123// 6108// 6122//
f 6123// 6122// 6143//
f 6143// 6122// 6142//
f 6143// 6142// 6155//
f 6155// 6142// 6154//
f 6155// 6154// 6167//
f 6167// 6154// 6166//
f 6167// 6166// 6179//
f 6179// 6166// 6178//
f 6179// 6178// 6187//
f 6187// 6178// 6186//
f 6187// 6186// 6177//
f 6177// 6186// 6176//
f 6177// 6176// 6165//
f 6165// 6176// 6164//
f 6165// 6164// 6153//
f 6153// 6164// 6152//
f 6153// 6152// 6141//
f 6141// 6152// 6140//
f 6141// 6140// 6121//
f 6121// 6140// 6120//
f 6121// 6120// 6109//
f 6109// 6120// 6108//
f 6107// 6106// 6119//
f 6119// 6106// 6118//
f 6119// 6118// 6139//
f 6139// 6118// 6138//
f 6139// 6138// 6151//
f 6151// 6138// 6150//
f 6151// 6150// 6163//
f 6163// 6150// 6162//
f 6163// 6162// 6175//
f 6175// 6162// 6174//
f 6175// 6174// 6185//
f 6185// 6174// 6184//
f 6185// 6184// 6173//
f 6173// 6184// 6172//
f 6173// 6172// 6161//
f 6161// 6172// 6160//
f 6161// 6160// 6149//
f 6149// 6160// 6148//
f 6149// 6148// 6137//
f 6137// 6148// 6136//
f 6137// 6136// 6117//
f 6117// 6136// 6116//
f 6117// 6116// 6107//
f 6107// 6116// 6106//
f 2475// 2474// 2277//
f 2272// 2271// 2278//
f 2277// 2272// 2475//
f 2475// 2272// 2278//
f 2475// 2278// 2377//
f 2377// 2278// 2273//
f 2377// 2273// 2264//
f 2273// 2253// 2264//
f 2264// 2253// 2207//
f 2264// 2207// 2097//
f 2097// 2207// 2145//
f 2097// 2145// 2092//
f 2092// 2088// 1984//
f 1984// 2088// 2072//
f 1984// 2072// 2043//
f 2039// 2041// 2035//
f 2035// 2041// 1984//
f 2035// 1984// 2037//
f 2037// 1984// 2043//
f 2039// 2042// 2041//
f 2041// 2042// 2070//
f 2041// 2070// 2071//
f 2071// 2070// 2090//
f 2071// 2090// 2087//
f 2041// 2036// 1984//
f 1984// 2036// 2034//
f 1984// 2034// 1910//
f 1910// 2034// 2038//
f 1910// 2038// 2040//
f 2040// 2069// 1910//
f 1910// 2069// 2089//
f 1910// 2089// 2094//
f 1984// 1998// 2092//
f 2092// 1998// 2051//
f 2092// 2051// 2074//
f 2074// 2079// 2092//
f 2092// 2079// 2085//
f 2092// 2085// 2097//
f 2097// 2085// 2080//
f 2097// 2080// 2073//
f 1985// 1959// 1999//
f 1999// 1959// 2097//
f 1999// 2097// 2053//
f 2053// 2097// 2073//
f 1985// 1967// 1959//
f 1959// 1967// 1962//
f 1959// 1962// 1910//
f 1910// 1962// 1966//
f 1910// 1966// 1984//
f 2089// 2095// 2094//
f 2094// 2095// 2142//
f 2094// 2142// 2261//
f 2261// 2142// 2204//
f 2204// 2250// 2261//
f 2261// 2250// 2262//
f 2261// 2262// 2474//
f 2474// 2262// 2270//
f 2474// 2270// 2277//
f 2251// 2263// 2205//
f 2271// 2272// 2263//
f 2263// 2272// 2252//
f 2263// 2252// 2205//
f 2087// 2090// 2091//
f 2091// 2090// 2096//
f 2091// 2096// 2143//
f 2143// 2096// 2144//
f 2143// 2144// 2205//
f 2205// 2144// 2206//
f 2205// 2206// 2251//
f 1960// 1906// 2098//
f 2098// 1906// 2093//
f 2098// 2093// 2265//
f 2265// 2093// 2260//
f 2299// 2407// 2289//
f 2289// 2407// 2340//
f 2336// 2260// 2385//
f 2385// 2260// 2473//
f 2385// 2473// 2423//
f 2336// 2304// 2260//
f 2260// 2304// 2295//
f 2260// 2295// 2288//
f 2298// 2396// 2288//
f 2288// 2396// 2338//
f 2288// 2338// 2260//
f 2260// 2338// 2305//
f 2340// 2306// 2289//
f 2289// 2306// 2260//
f 2289// 2260// 2296//
f 2296// 2260// 2305//
f 2306// 2297// 2260//
f 2260// 2297// 2290//
f 2260// 2290// 2265//
f 2265// 2290// 2300//
f 2411// 2476// 2341//
f 2341// 2476// 2265//
f 2341// 2265// 2303//
f 2303// 2265// 2300//
f 2299// 2302// 2407//
f 2407// 2302// 2339//
f 2407// 2339// 2427//
f 2427// 2339// 2400//
f 2427// 2400// 2435//
f 2435// 2400// 2476//
f 2435// 2476// 2428//
f 2428// 2476// 2411//
f 2400// 2426// 2476//
f 2476// 2426// 2434//
f 2476// 2434// 2473//
f 2473// 2434// 2433//
f 2473// 2433// 2423//
f 2298// 2301// 2396//
f 2396// 2301// 2337//
f 2396// 2337// 2425//
f 2425// 2337// 2389//
f 2425// 2389// 2434//
f 2434// 2389// 2424//
f 2434// 2424// 2433//
f 3923// 3885// 3961//
f 3798// 3791// 3754//
f 3961// 3885// 3754//
f 3754// 3885// 3815//
f 3754// 3815// 3798//
f 3937// 3927// 3961//
f 3961// 3927// 3924//
f 3961// 3924// 3887//
f 3791// 3799// 3826//
f 3826// 3799// 3819//
f 3826// 3819// 3887//
f 3887// 3819// 3886//
f 3887// 3886// 3920//
f 3920// 3929// 3887//
f 3887// 3929// 3936//
f 3887// 3936// 3961//
f 3961// 3936// 3926//
f 3961// 3926// 3923//
f 3791// 3826// 3754//
f 3754// 3826// 3800//
f 3754// 3800// 3792//
f 3792// 3801// 3837//
f 3837// 3801// 3830//
f 3837// 3830// 3889//
f 3889// 3830// 3888//
f 3889// 3888// 3921//
f 3938// 3928// 3961//
f 3961// 3928// 3925//
f 3961// 3925// 3937//
f 3937// 3925// 3889//
f 3937// 3889// 3930//
f 3930// 3889// 3921//
f 3793// 3757// 3754//
f 3792// 3837// 3754//
f 3754// 3837// 3802//
f 3754// 3802// 3793//
f 3793// 3803// 3757//
f 3757// 3803// 3841//
f 3757// 3841// 3966//
f 3841// 3890// 3966//
f 3966// 3890// 3922//
f 3966// 3922// 3931//
f 3931// 3938// 3966//
f 3966// 3938// 3961//
f 3966// 3961// 4136//
f 4136// 3961// 4131//
f 4136// 4131// 4319//
f 4319// 4131// 4265//
f 4149// 4156// 4134//
f 4132// 4137// 4269//
f 4269// 4137// 4141//
f 4269// 4141// 4157//
f 4157// 4183// 4269//
f 4269// 4183// 4187//
f 4269// 4187// 4191//
f 4191// 4189// 4185//
f 4189// 4184// 4185//
f 4185// 4184// 4159//
f 4185// 4159// 4158//
f 4158// 4159// 4139//
f 4158// 4139// 4142//
f 4191// 4185// 4269//
f 4269// 4185// 4188//
f 4269// 4188// 4192//
f 4186// 4241// 4190//
f 4190// 4241// 4192//
f 4156// 4179// 4134//
f 4134// 4179// 4227//
f 4134// 4227// 4140//
f 4140// 4227// 4241//
f 4140// 4241// 4160//
f 4160// 4241// 4186//
f 4264// 4318// 4269//
f 4192// 4241// 4269//
f 4269// 4241// 4259//
f 4269// 4259// 4264//
f 4264// 4260// 4318//
f 4318// 4260// 4242//
f 4318// 4242// 4135//
f 4135// 4242// 4228//
f 4135// 4228// 4181//
f 4181// 4155// 4135//
f 4135// 4155// 4150//
f 4135// 4150// 4145//
f 4025// 3965// 4087//
f 4087// 3965// 4135//
f 4087// 4135// 4134//
f 4134// 4135// 4145//
f 4134// 4145// 4149//
f 3956// 3755// 3949//
f 3949// 3755// 3756//
f 3949// 3756// 3954//
f 3954// 3756// 3849//
f 3954// 3849// 3964//
f 3964// 3849// 3965//
f 3964// 3965// 3976//
f 3976// 3965// 4025//
f 3956// 3953// 3948//
f 3956// 3948// 3755//
f 3755// 3948// 3955//
f 3755// 3955// 3962//
f 3975// 3963// 4024//
f 3953// 3956// 3963//
f 3963// 3956// 3974//
f 3963// 3974// 4024//
f 4142// 4139// 4138//
f 4138// 4139// 4133//
f 4138// 4133// 4086//
f 4086// 4133// 4085//
f 4086// 4085// 4024//
f 4024// 4085// 4023//
f 4024// 4023// 3975//
f 3955// 3973// 3962//
f 3962// 3973// 4022//
f 3962// 4022// 4132//
f 4132// 4022// 4084//
f 4132// 4084// 4137//
f 5426// 5443// 5668//
f 5426// 5668// 5001//
f 4997// 4676// 4700//
f 4700// 5001// 4997//
f 4997// 5001// 5668//
f 4997// 5668// 5004//
f 5004// 5668// 5707//
f 5004// 5707// 5409//
f 5409// 5707// 5769//
f 5409// 5769// 5432//
f 5431// 5430// 5443//
f 5443// 5430// 5667//
f 5443// 5667// 5668//
f 5668// 5667// 5708//
f 5668// 5708// 5707//
f 5770// 5771// 5708//
f 5708// 5771// 5769//
f 5708// 5769// 5707//
f 264// 263// 461//
f 461// 263// 520//
f 461// 520// 523//
f 523// 520// 560//
f 523// 560// 561//
f 792// 793// 560//
f 560// 793// 788//
f 560// 788// 561//
f 1540// 1564// 1239//
f 770// 461// 523//
f 523// 561// 1239//
f 794// 770// 821//
f 821// 770// 523//
f 821// 523// 1234//
f 1234// 523// 1239//
f 788// 803// 561//
f 561// 803// 1238//
f 561// 1238// 1239//
f 1239// 1238// 1290//
f 1239// 1290// 1540//
f 5445// 5417// 5435//
f 5435// 5417// 5410//
f 5410// 5417// 5005//
f 5005// 5417// 5017//
f 5005// 5017// 4998//
f 5017// 5002// 4998//
f 4998// 5002// 4694//
f 4998// 4694// 4677//
f 1545// 1237// 1565//
f 1565// 1237// 1240//
f 1240// 1237// 1235//
f 1235// 1237// 1222//
f 1235// 1222// 822//
f 1222// 812// 822//
f 822// 812// 787//
f 822// 787// 796//
f 5356// 5382// 5934//
f 5792// 5043// 5147//
f 5147// 5191// 5792//
f 5792// 5191// 5226//
f 5792// 5226// 5934//
f 5934// 5226// 5313//
f 5934// 5313// 5356//
f 5406// 5405// 5950//
f 5950// 5405// 5404//
f 5404// 5403// 5950//
f 5950// 5403// 5402//
f 5950// 5402// 5949//
f 5402// 5401// 5949//
f 5949// 5401// 5400//
f 5949// 5400// 5399//
f 5399// 5398// 5949//
f 5949// 5398// 5397//
f 5949// 5397// 5396//
f 5776// 5018// 5019//
f 5019// 5020// 5776//
f 5776// 5020// 5021//
f 5776// 5021// 5022//
f 5025// 5777// 5024//
f 5024// 5777// 5776//
f 5024// 5776// 5023//
f 5023// 5776// 5022//
f 5025// 5026// 5777//
f 5777// 5026// 5027//
f 5777// 5027// 5028//
f 4082// 4232// 4110//
f 4110// 4232// 5344//
f 4110// 5344// 5345//
f 3848// 3860// 4004//
f 4004// 3860// 3895//
f 4004// 3895// 4014//
f 4014// 3895// 3906//
f 4014// 3906// 4036//
f 4036// 3906// 4070//
f 4036// 4070// 4082//
f 4082// 4070// 4203//
f 4082// 4203// 4232//
f 5320// 4578// 5310//
f 5310// 4578// 4572//
f 5310// 4572// 5258//
f 5258// 4572// 4523//
f 5258// 4523// 4510//
f 5234// 5233// 4231//
f 3894// 3859// 3903//
f 3903// 3859// 3847//
f 3903// 3847// 4069//
f 4069// 3847// 5234//
f 4069// 5234// 4202//
f 4202// 5234// 4231//
f 5136// 5150// 4442//
f 5136// 4442// 5078//
f 5078// 4442// 4396//
f 5078// 4396// 4384//
f 4351// 4352// 5037//
f 5037// 4352// 5038//
f 4443// 5151// 5137//
f 4443// 5137// 4397//
f 4397// 5137// 5079//
f 4397// 5079// 4385//
f 4460// 4459// 5176//
f 5176// 4459// 5175//
f 4573// 5315// 4560//
f 4560// 5315// 5298//
f 4560// 5298// 4511//
f 4511// 5298// 5253//
f 4511// 5253// 4505//
f 4224// 5338// 4236//
f 4236// 5338// 5339//
f 4235// 5228// 4223//
f 4223// 5228// 5227//
f 4221// 4233// 5035//
f 5035// 4233// 5036//
f 4441// 5149// 5132//
f 4441// 5132// 4392//
f 4392// 5132// 5077//
f 4392// 5077// 4383//
f 4234// 4222// 5174//
f 5174// 4222// 5173//
f 5144// 5154// 4446//
f 5144// 4446// 5082//
f 5082// 4446// 4404//
f 5082// 4404// 4388//
f 5042// 5041// 4229//
f 3892// 3857// 3899//
f 3899// 3857// 3845//
f 3899// 3845// 4067//
f 4067// 3845// 5042//
f 4067// 5042// 4200//
f 4200// 5042// 4229//
f 3858// 3893// 3846//
f 3846// 3893// 3902//
f 3846// 3902// 5180//
f 4230// 5179// 4201//
f 4201// 5179// 5180//
f 4201// 5180// 4068//
f 4068// 5180// 3902//
f 4577// 5319// 4569//
f 4569// 5319// 5307//
f 4569// 5307// 4520//
f 4520// 5307// 5257//
f 4520// 5257// 4509//
f 5342// 5343// 4593//
f 4593// 5343// 4594//
f 5318// 4576// 5306//
f 5306// 4576// 4568//
f 5306// 4568// 5256//
f 5256// 4568// 4519//
f 5256// 4519// 4508//
f 5232// 5231// 4492//
f 4492// 5231// 4491//
f 4575// 5317// 4565//
f 4565// 5317// 5303//
f 4565// 5303// 4516//
f 4516// 5303// 5255//
f 4516// 5255// 4507//
f 5340// 5341// 4591//
f 4591// 5341// 4592//
f 5316// 4574// 5302//
f 5302// 4574// 4564//
f 5302// 4564// 5254//
f 5254// 4564// 4515//
f 5254// 4515// 4506//
f 5230// 5229// 4490//
f 4490// 5229// 4489//
f 5140// 5152// 4444//
f 5140// 4444// 5080//
f 5080// 4444// 4400//
f 5080// 4400// 4386//
f 4353// 4354// 5039//
f 5039// 4354// 5040//
f 4445// 5153// 5141//
f 4445// 5141// 4401//
f 4401// 5141// 5081//
f 4401// 5081// 4387//
f 4462// 4461// 5178//
f 5178// 4461// 5177//
f 2584// 2717// 2596//
f 2596// 2717// 2729//
f 2838// 2837// 2825//
f 2825// 2837// 2824//
f 2718// 2585// 2730//
f 2730// 2585// 2597//
f 2496// 2495// 2509//
f 2509// 2495// 2508//
f 3504// 3629// 3516//
f 3516// 3629// 3641//
f 3731// 3730// 3718//
f 3718// 3730// 3717//
f 3630// 3505// 3642//
f 3642// 3505// 3517//
f 3397// 3396// 3410//
f 3410// 3396// 3409//
f 2725// 2726// 2592//
f 2592// 2726// 2593//
f 2809// 2768// 2834//
f 2834// 2768// 2726//
f 2834// 2726// 2833//
f 2833// 2726// 2725//
f 2833// 2725// 2808//
f 2808// 2725// 2767//
f 2532// 2556// 2504//
f 2504// 2556// 2592//
f 2504// 2592// 2505//
f 2505// 2592// 2593//
f 2505// 2593// 2533//
f 2533// 2593// 2557//
f 2580// 2713// 2592//
f 2592// 2713// 2725//
f 2834// 2833// 2821//
f 2821// 2833// 2820//
f 2714// 2581// 2726//
f 2726// 2581// 2593//
f 2492// 2491// 2505//
f 2505// 2491// 2504//
f 3232// 3233// 3006//
f 3006// 3233// 3007//
f 3295// 3265// 3321//
f 3321// 3265// 3233//
f 3321// 3233// 3320//
f 3320// 3233// 3232//
f 3320// 3232// 3294//
f 3294// 3232// 3264//
f 2942// 2972// 2918//
f 2918// 2972// 3006//
f 2918// 3006// 2919//
f 2919// 3006// 3007//
f 2919// 3007// 2943//
f 2943// 3007// 2973//
f 3225// 3232// 2999//
f 2999// 3232// 3006//
f 3313// 3321// 3312//
f 3312// 3321// 3320//
f 3000// 3007// 3226//
f 3226// 3007// 3233//
f 2910// 2918// 2911//
f 2911// 2918// 2919//
f 3515// 3514// 3640//
f 3640// 3514// 3639//
f 3431// 3472// 3407//
f 3407// 3472// 3514//
f 3407// 3514// 3408//
f 3408// 3514// 3515//
f 3408// 3515// 3432//
f 3432// 3515// 3473//
f 3700// 3676// 3729//
f 3729// 3676// 3640//
f 3729// 3640// 3728//
f 3728// 3640// 3639//
f 3728// 3639// 3699//
f 3699// 3639// 3675//
f 3502// 3627// 3514//
f 3514// 3627// 3639//
f 3729// 3728// 3716//
f 3716// 3728// 3715//
f 3628// 3503// 3640//
f 3640// 3503// 3515//
f 3395// 3394// 3408//
f 3408// 3394// 3407//
f 2994// 3220// 3008//
f 3008// 3220// 3234//
f 3323// 3322// 3308//
f 3308// 3322// 3307//
f 3221// 2995// 3235//
f 3235// 2995// 3009//
f 2906// 2905// 2921//
f 2921// 2905// 2920//
f 2582// 2715// 2594//
f 2594// 2715// 2727//
f 2836// 2835// 2823//
f 2823// 2835// 2822//
f 2716// 2583// 2728//
f 2728// 2583// 2595//
f 2494// 2493// 2507//
f 2507// 2493// 2506//
f 3506// 3631// 3518//
f 3518// 3631// 3643//
f 3733// 3732// 3720//
f 3720// 3732// 3719//
f 3632// 3507// 3644//
f 3644// 3507// 3519//
f 3399// 3398// 3412//
f 3412// 3398// 3411//
f 2996// 3222// 3010//
f 3010// 3222// 3236//
f 3325// 3324// 3310//
f 3310// 3324// 3309//
f 3223// 2997// 3237//
f 3237// 2997// 3011//
f 2908// 2907// 2923//
f 2923// 2907// 2922//
f 3427// 3468// 3403//
f 3403// 3468// 3510//
f 3635// 3671// 3695//
f 3469// 3428// 3511//
f 3511// 3428// 3404//
f 3511// 3404// 3636//
f 3636// 3404// 3725//
f 3636// 3725// 3672//
f 3672// 3725// 3696//
f 3695// 3724// 3635//
f 3635// 3724// 3725//
f 3635// 3725// 3510//
f 3510// 3725// 3404//
f 3510// 3404// 3403//
f 3498// 3623// 3510//
f 3510// 3623// 3635//
f 3725// 3724// 3712//
f 3712// 3724// 3711//
f 3624// 3499// 3636//
f 3636// 3499// 3511//
f 3391// 3390// 3404//
f 3404// 3390// 3403//
f 2938// 2968// 2914//
f 2914// 2968// 3002//
f 3228// 3260// 3290//
f 2969// 2939// 3003//
f 3003// 2939// 2915//
f 3003// 2915// 3229//
f 3229// 2915// 3317//
f 3229// 3317// 3261//
f 3261// 3317// 3291//
f 3290// 3316// 3228//
f 3228// 3316// 3317//
f 3228// 3317// 3002//
f 3002// 3317// 2915//
f 3002// 2915// 2914//
f 2988// 3214// 3002//
f 3002// 3214// 3228//
f 3317// 3316// 3304//
f 3304// 3316// 3303//
f 3215// 2989// 3229//
f 3229// 2989// 3003//
f 2902// 2901// 2915//
f 2915// 2901// 2914//
f 2590// 2723// 2724//
f 2807// 2766// 2832//
f 2832// 2766// 2724//
f 2832// 2724// 2831//
f 2831// 2724// 2723//
f 2831// 2723// 2806//
f 2806// 2723// 2765//
f 2555// 2531// 2591//
f 2591// 2531// 2503//
f 2530// 2554// 2502//
f 2502// 2554// 2590//
f 2502// 2590// 2503//
f 2503// 2590// 2724//
f 2503// 2724// 2591//
f 2578// 2711// 2590//
f 2590// 2711// 2723//
f 2832// 2831// 2819//
f 2819// 2831// 2818//
f 2712// 2579// 2724//
f 2724// 2579// 2591//
f 2490// 2489// 2503//
f 2503// 2489// 2502//
f 3230// 3231// 3004//
f 3004// 3231// 3005//
f 3293// 3263// 3319//
f 3319// 3263// 3231//
f 3319// 3231// 3318//
f 3318// 3231// 3230//
f 3318// 3230// 3292//
f 3292// 3230// 3262//
f 2940// 2970// 2916//
f 2916// 2970// 3004//
f 2916// 3004// 2917//
f 2917// 3004// 3005//
f 2917// 3005// 2941//
f 2941// 3005// 2971//
f 2990// 3216// 3004//
f 3004// 3216// 3230//
f 3319// 3318// 3306//
f 3306// 3318// 3305//
f 3217// 2991// 3231//
f 3231// 2991// 3005//
f 2904// 2903// 2917//
f 2917// 2903// 2916//
f 3429// 3470// 3405//
f 3405// 3470// 3512//
f 3637// 3673// 3697//
f 3471// 3430// 3513//
f 3513// 3430// 3406//
f 3513// 3406// 3638//
f 3638// 3406// 3727//
f 3638// 3727// 3674//
f 3674// 3727// 3698//
f 3697// 3726// 3637//
f 3637// 3726// 3727//
f 3637// 3727// 3512//
f 3512// 3727// 3406//
f 3512// 3406// 3405//
f 3500// 3625// 3512//
f 3512// 3625// 3637//
f 3727// 3726// 3714//
f 3714// 3726// 3713//
f 3626// 3501// 3638//
f 3638// 3501// 3513//
f 3393// 3392// 3406//
f 3406// 3392// 3405//
f 2553// 2529// 2589//
f 2589// 2529// 2501//
f 2500// 2528// 2552//
f 2805// 2764// 2830//
f 2830// 2764// 2722//
f 2830// 2722// 2829//
f 2829// 2722// 2721//
f 2829// 2721// 2804//
f 2804// 2721// 2763//
f 2552// 2588// 2500//
f 2500// 2588// 2721//
f 2500// 2721// 2501//
f 2501// 2721// 2722//
f 2501// 2722// 2589//
f 2576// 2709// 2588//
f 2588// 2709// 2721//
f 2830// 2829// 2817//
f 2817// 2829// 2816//
f 2710// 2577// 2722//
f 2722// 2577// 2589//
f 2488// 2487// 2501//
f 2501// 2487// 2500//
f 3578// 3646// 3577//
f 3577// 3646// 3634//
f 3558// 3559// 3556//
f 3556// 3559// 3557//
f 3522// 3509// 3523//
f 3523// 3509// 3521//
f 3400// 3413// 3401//
f 3401// 3413// 3414//
f 3401// 3414// 3402//
f 3508// 3633// 3520//
f 3520// 3633// 3645//
f 3723// 3735// 3722//
f 3722// 3735// 3734//
f 3722// 3734// 3721//
f 3227// 3204// 3239//
f 3239// 3204// 3205//
f 3160// 3161// 3162//
f 3162// 3161// 3163//
f 3141// 3140// 3097//
f 3097// 3140// 3116//
f 3097// 3116// 3096//
f 3076// 3077// 3074//
f 3074// 3077// 3075//
f 3013// 3026// 3001//
f 3001// 3026// 3025//
f 2909// 2924// 2912//
f 2912// 2924// 2925//
f 2912// 2925// 2913//
f 3224// 3238// 3115//
f 3115// 3238// 3012//
f 3115// 3012// 2998//
f 3326// 3311// 3327//
f 3327// 3311// 3314//
f 3327// 3314// 3315//
f 2586// 2719// 2598//
f 2598// 2719// 2731//
f 2839// 2826// 2840//
f 2840// 2826// 2827//
f 2840// 2827// 2828//
f 2720// 2699// 2732//
f 2732// 2699// 2700//
f 2663// 2664// 2665//
f 2665// 2664// 2666//
f 2599// 2645// 2587//
f 2587// 2645// 2644//
f 2511// 2499// 2510//
f 2510// 2499// 2498//
f 2510// 2498// 2497//
f 4757// 4770// 5751//
f 5751// 4770// 5752//
f 4743// 4744// 5829//
f 5829// 4744// 5830//
f 5852// 5853// 4787//
f 4787// 5853// 4788//
f 4728// 4723// 5817//
f 5817// 4723// 5795//
f 5781// 5780// 4705//
f 4705// 5780// 4704//
f 5818// 5796// 4729//
f 4729// 5796// 4724//
f 5838// 5841// 4756//
f 4756// 5841// 4769//
f 4741// 4742// 5827//
f 5827// 4742// 5828//
f 4732// 4733// 4729//
f 4788// 4743// 4787//
f 4787// 4743// 4737//
f 4787// 4737// 4781//
f 4781// 4737// 4733//
f 4781// 4733// 4775//
f 4733// 4732// 4775//
f 4775// 4732// 4736//
f 4775// 4736// 4742//
f 4757// 4753// 4749//
f 4782// 4776// 4788//
f 4788// 4776// 4770//
f 4788// 4770// 4743//
f 4743// 4770// 4757//
f 4743// 4757// 4744//
f 4744// 4757// 4749//
f 4724// 4723// 4729//
f 4729// 4723// 4728//
f 4729// 4728// 4732//
f 4748// 4752// 4741//
f 4741// 4752// 4756//
f 4741// 4756// 4742//
f 4742// 4756// 4769//
f 4742// 4769// 4775//
f 4711// 4717// 4704//
f 4704// 4717// 4723//
f 4704// 4723// 4705//
f 4705// 4723// 4724//
f 4705// 4724// 4712//
f 4712// 4724// 4718//
f 4755// 4768// 5837//
f 5837// 4768// 5840//
f 5850// 5851// 4785//
f 4785// 5851// 4786//
f 5793// 5839// 4721//
f 4721// 5839// 4767//
f 4702// 4703// 5778//
f 5778// 4703// 5779//
f 5816// 5794// 4727//
f 4727// 5794// 4722//
f 5826// 5825// 4740//
f 4740// 5825// 4739//
f 4785// 4786// 4739//
f 4739// 4735// 4785//
f 4785// 4735// 4731//
f 4785// 4731// 4779//
f 4779// 4731// 4727//
f 4779// 4727// 4773//
f 4722// 4721// 4727//
f 4727// 4721// 4767//
f 4727// 4767// 4773//
f 4755// 4751// 4747//
f 4780// 4774// 4786//
f 4786// 4774// 4768//
f 4786// 4768// 4739//
f 4739// 4768// 4755//
f 4739// 4755// 4740//
f 4740// 4755// 4747//
f 4709// 4715// 4702//
f 4702// 4715// 4721//
f 4702// 4721// 4703//
f 4703// 4721// 4722//
f 4703// 4722// 4710//
f 4710// 4722// 4716//
f 5871// 5868// 4832//
f 4832// 5868// 4810//
f 5881// 5882// 4850//
f 4850// 5882// 4851//
f 5867// 5870// 4809//
f 4809// 5870// 4831//
f 4791// 4792// 5855//
f 5855// 4792// 5856//
f 4831// 4832// 4809//
f 4809// 4832// 4810//
f 4845// 4839// 4851//
f 4851// 4839// 4832//
f 4851// 4832// 4850//
f 4850// 4832// 4831//
f 4850// 4831// 4844//
f 4844// 4831// 4838//
f 4797// 4803// 4791//
f 4791// 4803// 4809//
f 4791// 4809// 4792//
f 4792// 4809// 4810//
f 4792// 4810// 4798//
f 4798// 4810// 4804//
f 5756// 5755// 4897//
f 4897// 5755// 4877//
f 4858// 4859// 5887//
f 5887// 4859// 5888//
f 5912// 5913// 4912//
f 4912// 5913// 4913//
f 4896// 4876// 5901//
f 5901// 4876// 5899//
f 4926// 4931// 5927//
f 5927// 4931// 5938//
f 4950// 4949// 5954//
f 5954// 4949// 5953//
f 5926// 5937// 4925//
f 4925// 5937// 4930//
f 5910// 5911// 4910//
f 4910// 5911// 4911//
f 4858// 4911// 4859//
f 4859// 4911// 4917//
f 4859// 4917// 4922//
f 4896// 4901// 4905//
f 4864// 4870// 4858//
f 4858// 4870// 4876//
f 4858// 4876// 4911//
f 4911// 4876// 4896//
f 4911// 4896// 4910//
f 4910// 4896// 4905//
f 4917// 4921// 4922//
f 4922// 4921// 4925//
f 4922// 4925// 4926//
f 4926// 4925// 4930//
f 4922// 4918// 4859//
f 4859// 4918// 4912//
f 4859// 4912// 4913//
f 4871// 4865// 4877//
f 4877// 4865// 4859//
f 4877// 4859// 4897//
f 4897// 4859// 4913//
f 4897// 4913// 4902//
f 4902// 4913// 4906//
f 4950// 4944// 4938//
f 4937// 4943// 4930//
f 4930// 4943// 4949//
f 4930// 4949// 4926//
f 4926// 4949// 4950//
f 4926// 4950// 4931//
f 4931// 4950// 4938//
f 5897// 5935// 4874//
f 4874// 5935// 4928//
f 4856// 4857// 5885//
f 5885// 4857// 5886//
f 5900// 5898// 4895//
f 4895// 5898// 4875//
f 4909// 4908// 5909//
f 5909// 4908// 5908//
f 4924// 4929// 5925//
f 5925// 4929// 5936//
f 5951// 5952// 4947//
f 4947// 5952// 4948//
f 4920// 4874// 4924//
f 4924// 4874// 4928//
f 4948// 4942// 4936//
f 4868// 4874// 4862//
f 4862// 4874// 4920//
f 4862// 4920// 4856//
f 4856// 4920// 4916//
f 4856// 4916// 4857//
f 4857// 4916// 4908//
f 4857// 4908// 4909//
f 4935// 4941// 4928//
f 4928// 4941// 4947//
f 4928// 4947// 4924//
f 4924// 4947// 4948//
f 4924// 4948// 4929//
f 4929// 4948// 4936//
f 4869// 4863// 4875//
f 4875// 4863// 4857//
f 4875// 4857// 4895//
f 4895// 4857// 4909//
f 4895// 4909// 4900//
f 4900// 4909// 4904//
f 5754// 5753// 4834//
f 4834// 5753// 4812//
f 5883// 5884// 4852//
f 4852// 5884// 4853//
f 4793// 4794// 5857//
f 5857// 4794// 5858//
f 5869// 5872// 4811//
f 4811// 5872// 4833//
f 4833// 4834// 4811//
f 4811// 4834// 4812//
f 4847// 4841// 4853//
f 4853// 4841// 4834//
f 4853// 4834// 4852//
f 4852// 4834// 4833//
f 4852// 4833// 4846//
f 4846// 4833// 4840//
f 4799// 4805// 4793//
f 4793// 4805// 4811//
f 4793// 4811// 4794//
f 4794// 4811// 4812//
f 4794// 4812// 4800//
f 4800// 4812// 4806//
f 5743// 5744// 4878//
f 4878// 5744// 4898//
f 5561// 5715// 4861//
f 4861// 5715// 4860//
f 4879// 4880// 5543//
f 5543// 4880// 5544//
f 4883// 4884// 5524//
f 5524// 4884// 5501//
f 5470// 5469// 4888//
f 4888// 5469// 4887//
f 5556// 5502// 4891//
f 4891// 5502// 4892//
f 5566// 5565// 4933//
f 4933// 5565// 4899//
f 4952// 4951// 5570//
f 5570// 4951// 5676//
f 5687// 5688// 4927//
f 4927// 5688// 4932//
f 4915// 4914// 5696//
f 5696// 4914// 5716//
f 4860// 4866// 4872//
f 4878// 4898// 4915//
f 4927// 4899// 4923//
f 4923// 4899// 4894//
f 4923// 4894// 4919//
f 4919// 4894// 4881//
f 4881// 4894// 4893//
f 4881// 4893// 4882//
f 4903// 4907// 4898//
f 4898// 4907// 4914//
f 4898// 4914// 4915//
f 4881// 4880// 4919//
f 4919// 4880// 4879//
f 4919// 4879// 4873//
f 4952// 4945// 4939//
f 4872// 4878// 4860//
f 4860// 4878// 4915//
f 4860// 4915// 4861//
f 4861// 4915// 4919//
f 4861// 4919// 4867//
f 4867// 4919// 4873//
f 4934// 4940// 4932//
f 4932// 4940// 4946//
f 4932// 4946// 4951//
f 4939// 4933// 4952//
f 4952// 4933// 4899//
f 4952// 4899// 4951//
f 4951// 4899// 4927//
f 4951// 4927// 4932//
f 4882// 4893// 4883//
f 4883// 4893// 4891//
f 4883// 4891// 4892//
f 4887// 4886// 4885//
f 4885// 4884// 4887//
f 4887// 4884// 4883//
f 4887// 4883// 4888//
f 4888// 4883// 4892//
f 4888// 4892// 4889//
f 4889// 4892// 4890//
f 5741// 5742// 4813//
f 4813// 5742// 4835//
f 5559// 5713// 4796//
f 4796// 5713// 4795//
f 4814// 4815// 5539//
f 5539// 4815// 5540//
f 4818// 4819// 5522//
f 5522// 4819// 5499//
f 5468// 5467// 4823//
f 4823// 5467// 4822//
f 5523// 5500// 4826//
f 4826// 5500// 4827//
f 4830// 4836// 5541//
f 5541// 4836// 5542//
f 4855// 4854// 5560//
f 5560// 4854// 5714//
f 4818// 4817// 4826//
f 4816// 4815// 4813//
f 4813// 4815// 4814//
f 4816// 4813// 4817//
f 4817// 4813// 4828//
f 4817// 4828// 4826//
f 4842// 4848// 4835//
f 4835// 4848// 4854//
f 4854// 4836// 4835//
f 4835// 4836// 4830//
f 4835// 4830// 4813//
f 4813// 4830// 4829//
f 4813// 4829// 4828//
f 4843// 4837// 4849//
f 4849// 4837// 4836//
f 4849// 4836// 4855//
f 4855// 4836// 4854//
f 4801// 4807// 4795//
f 4795// 4807// 4813//
f 4795// 4813// 4796//
f 4796// 4813// 4814//
f 4796// 4814// 4802//
f 4802// 4814// 4808//
f 4825// 4824// 4827//
f 4827// 4824// 4823//
f 4822// 4821// 4820//
f 4820// 4819// 4822//
f 4822// 4819// 4818//
f 4822// 4818// 4823//
f 4823// 4818// 4826//
f 4823// 4826// 4827//
f 4726// 4759// 5465//
f 5465// 4759// 5466//
f 5521// 5498// 4762//
f 4762// 5498// 4763//
f 4766// 4772// 5537//
f 5537// 4772// 5538//
f 4790// 4789// 5558//
f 5558// 4789// 5712//
f 5739// 5740// 4758//
f 4758// 5740// 4771//
f 5695// 5711// 4746//
f 4746// 5711// 4745//
f 5685// 5686// 4725//
f 4725// 5686// 4730//
f 4706// 4707// 5675//
f 5675// 4707// 5497//
f 4772// 4766// 4771//
f 4725// 4730// 4764//
f 4764// 4730// 4734//
f 4764// 4734// 4765//
f 4719// 4713// 4726//
f 4726// 4713// 4707//
f 4726// 4707// 4759//
f 4734// 4738// 4765//
f 4765// 4738// 4746//
f 4765// 4746// 4745//
f 4761// 4760// 4763//
f 4763// 4760// 4759//
f 4763// 4759// 4762//
f 4762// 4759// 4707//
f 4762// 4707// 4764//
f 4764// 4707// 4706//
f 4764// 4706// 4725//
f 4725// 4706// 4708//
f 4725// 4708// 4720//
f 4720// 4708// 4714//
f 4771// 4766// 4758//
f 4758// 4766// 4765//
f 4758// 4765// 4754//
f 4754// 4765// 4745//
f 4754// 4745// 4750//
f 4784// 4778// 4790//
f 4790// 4778// 4772//
f 4790// 4772// 4789//
f 4789// 4772// 4771//
f 4789// 4771// 4783//
f 4783// 4771// 4777//
f 2815// 2774// 2840//
f 2840// 2774// 2732//
f 2510// 2668// 2511//
f 2511// 2668// 2665//
f 2511// 2665// 2666//
f 2773// 2814// 2731//
f 2731// 2814// 2839//
f 2510// 2538// 2668//
f 2668// 2538// 2562//
f 2668// 2562// 2683//
f 2683// 2562// 2598//
f 2683// 2598// 2700//
f 2700// 2598// 2731//
f 2700// 2731// 2732//
f 2732// 2731// 2839//
f 2732// 2839// 2840//
f 2563// 2539// 2599//
f 2599// 2539// 2511//
f 2599// 2511// 2645//
f 2645// 2511// 2666//
f 2645// 2666// 2648//
f 2648// 2666// 2662//
f 3238// 3205// 3012//
f 3012// 3205// 3178//
f 3012// 3178// 3165//
f 3060// 3026// 3012//
f 3012// 3026// 3013//
f 3327// 3301// 3271//
f 3060// 3012// 3073//
f 3073// 3012// 3165//
f 3073// 3165// 3162//
f 3270// 3300// 3238//
f 3238// 3300// 3326//
f 3238// 3326// 3205//
f 3205// 3326// 3327//
f 3205// 3327// 3239//
f 3239// 3327// 3271//
f 3141// 3097// 3076//
f 2948// 2978// 2924//
f 2924// 2978// 3012//
f 2924// 3012// 2925//
f 2925// 3012// 3013//
f 2925// 3013// 2949//
f 2949// 3013// 2979//
f 3094// 3079// 3097//
f 3097// 3079// 3077//
f 3097// 3077// 3076//
f 3159// 3144// 3163//
f 3163// 3144// 3141//
f 3163// 3141// 3162//
f 3162// 3141// 3076//
f 3162// 3076// 3073//
f 3555// 3734// 3558//
f 3558// 3734// 3735//
f 3578// 3575// 3561//
f 3705// 3734// 3681//
f 3681// 3734// 3555//
f 3681// 3555// 3645//
f 3645// 3555// 3540//
f 3645// 3540// 3520//
f 3520// 3540// 3523//
f 3520// 3523// 3521//
f 3706// 3682// 3735//
f 3735// 3682// 3646//
f 3735// 3646// 3558//
f 3558// 3646// 3578//
f 3558// 3578// 3559//
f 3559// 3578// 3561//
f 3437// 3478// 3413//
f 3413// 3478// 3520//
f 3413// 3520// 3414//
f 3414// 3520// 3521//
f 3414// 3521// 3438//
f 3438// 3521// 3479//
f 3325// 2923// 3324//
f 3324// 2923// 2922//
f 2977// 2947// 3011//
f 3011// 2947// 2923//
f 3011// 2923// 3237//
f 3237// 2923// 3325//
f 3237// 3325// 3269//
f 3269// 3325// 3299//
f 3268// 3298// 3236//
f 3236// 3298// 3324//
f 3236// 3324// 3010//
f 3010// 3324// 2922//
f 3010// 2922// 2976//
f 2976// 2922// 2946//
f 3519// 3518// 3644//
f 3644// 3518// 3643//
f 3435// 3476// 3411//
f 3411// 3476// 3518//
f 3411// 3518// 3412//
f 3412// 3518// 3519//
f 3412// 3519// 3436//
f 3436// 3519// 3477//
f 3704// 3680// 3733//
f 3733// 3680// 3644//
f 3733// 3644// 3732//
f 3732// 3644// 3643//
f 3732// 3643// 3703//
f 3703// 3643// 3679//
f 2727// 2728// 2594//
f 2594// 2728// 2595//
f 2811// 2770// 2836//
f 2836// 2770// 2728//
f 2836// 2728// 2835//
f 2835// 2728// 2727//
f 2835// 2727// 2810//
f 2810// 2727// 2769//
f 2534// 2558// 2506//
f 2506// 2558// 2594//
f 2506// 2594// 2507//
f 2507// 2594// 2595//
f 2507// 2595// 2535//
f 2535// 2595// 2559//
f 3323// 2921// 3322//
f 3322// 2921// 2920//
f 2975// 2945// 3009//
f 3009// 2945// 2921//
f 3009// 2921// 3235//
f 3235// 2921// 3323//
f 3235// 3323// 3267//
f 3267// 3323// 3297//
f 3266// 3296// 3234//
f 3234// 3296// 3322//
f 3234// 3322// 3008//
f 3008// 3322// 2920//
f 3008// 2920// 2974//
f 2974// 2920// 2944//
f 3517// 3516// 3642//
f 3642// 3516// 3641//
f 3433// 3474// 3409//
f 3409// 3474// 3516//
f 3409// 3516// 3410//
f 3410// 3516// 3517//
f 3410// 3517// 3434//
f 3434// 3517// 3475//
f 3702// 3678// 3731//
f 3731// 3678// 3642//
f 3731// 3642// 3730//
f 3730// 3642// 3641//
f 3730// 3641// 3701//
f 3701// 3641// 3677//
f 2729// 2730// 2596//
f 2596// 2730// 2597//
f 2813// 2772// 2838//
f 2838// 2772// 2730//
f 2838// 2730// 2837//
f 2837// 2730// 2729//
f 2837// 2729// 2812//
f 2812// 2729// 2771//
f 2536// 2560// 2508//
f 2508// 2560// 2596//
f 2508// 2596// 2509//
f 2509// 2596// 2597//
f 2509// 2597// 2537//
f 2537// 2597// 2561//
f 5559// 4796// 4802//
f 5559// 4802// 5554//
f 5554// 4802// 4808//
f 5554// 4808// 5550//
f 4814// 5539// 4808//
f 4808// 5539// 5546//
f 4808// 5546// 5550//
f 5521// 4762// 4764//
f 5521// 4764// 5525//
f 5525// 4764// 4765//
f 5525// 4765// 5529//
f 5529// 4765// 5533//
f 5533// 4765// 4766//
f 5533// 4766// 5537//
f 5538// 4772// 5545//
f 5545// 4772// 4778//
f 5545// 4778// 5549//
f 5549// 4778// 4784//
f 5549// 4784// 5553//
f 5553// 4784// 4790//
f 5553// 4790// 5558//
f 5540// 4815// 5534//
f 5534// 4815// 4816//
f 5534// 4816// 5530//
f 5530// 4816// 4817//
f 5530// 4817// 5526//
f 5526// 4817// 4818//
f 5526// 4818// 5522//
f 5523// 4826// 4828//
f 5523// 4828// 5527//
f 5527// 4828// 4829//
f 5527// 4829// 5531//
f 5531// 4829// 5535//
f 5535// 4829// 4830//
f 5535// 4830// 5541//
f 5542// 4836// 4837//
f 5542// 4837// 5548//
f 5548// 4837// 4843//
f 5548// 4843// 5552//
f 5552// 4843// 4849//
f 5552// 4849// 5557//
f 5557// 4849// 4855//
f 5557// 4855// 5560//
f 5561// 4861// 4867//
f 5561// 4867// 5555//
f 5555// 4867// 4873//
f 5555// 4873// 5551//
f 4879// 5543// 4873//
f 4873// 5543// 5547//
f 4873// 5547// 5551//
f 5544// 4880// 5536//
f 5536// 4880// 4881//
f 5536// 4881// 5532//
f 5532// 4881// 4882//
f 5532// 4882// 5528//
f 5528// 4882// 4883//
f 5528// 4883// 5524//
f 5566// 4933// 5567//
f 5567// 4933// 4939//
f 5567// 4939// 5568//
f 5568// 4939// 4945//
f 5568// 4945// 5569//
f 5569// 4945// 4952//
f 5569// 4952// 5570//
f 5556// 4891// 4893//
f 5556// 4893// 5562//
f 5562// 4893// 4894//
f 5562// 4894// 5563//
f 5563// 4894// 5564//
f 5564// 4894// 4899//
f 5564// 4899// 5565//
f 5900// 4895// 5902//
f 5902// 4895// 4900//
f 5902// 4900// 5905//
f 5905// 4900// 4904//
f 5905// 4904// 5909//
f 5909// 4904// 4909//
f 5826// 4740// 5831//
f 5831// 4740// 4747//
f 5831// 4747// 5835//
f 5835// 4747// 4751//
f 5835// 4751// 5837//
f 5837// 4751// 4755//
f 4924// 5925// 5918//
f 4924// 5918// 4920//
f 4920// 5918// 5914//
f 4920// 5914// 4916//
f 4916// 5914// 5908//
f 4916// 5908// 4908//
f 4739// 5825// 5822//
f 4739// 5822// 4735//
f 4735// 5822// 5819//
f 4735// 5819// 4731//
f 4731// 5819// 5816//
f 4731// 5816// 4727//
f 4743// 5829// 5824//
f 4743// 5824// 4737//
f 4737// 5824// 5821//
f 4737// 5821// 4733//
f 4733// 5821// 5818//
f 4733// 5818// 4729//
f 4926// 5927// 5920//
f 4926// 5920// 4922//
f 4922// 5920// 5916//
f 4922// 5916// 4918//
f 4918// 5916// 5912//
f 4918// 5912// 4912//
f 5743// 4878// 5737//
f 5737// 4878// 4872//
f 5737// 4872// 5731//
f 5731// 4872// 4866//
f 5731// 4866// 5721//
f 5721// 4866// 4860//
f 5721// 4860// 5715//
f 5687// 4927// 5690//
f 5690// 4927// 4923//
f 5690// 4923// 5692//
f 5692// 4923// 4919//
f 5692// 4919// 5694//
f 5694// 4919// 4915//
f 5694// 4915// 5696//
f 5676// 4951// 4946//
f 5676// 4946// 5680//
f 5680// 4946// 4940//
f 5680// 4940// 5682//
f 5682// 4940// 4934//
f 5682// 4934// 5684//
f 5684// 4934// 4932//
f 5684// 4932// 5688//
f 5716// 4914// 4907//
f 5716// 4907// 5722//
f 5722// 4907// 4903//
f 5722// 4903// 5732//
f 5732// 4903// 5738//
f 5738// 4903// 4898//
f 5738// 4898// 5744//
f 5741// 4813// 5735//
f 5735// 4813// 4807//
f 5735// 4807// 5729//
f 5729// 4807// 4801//
f 5729// 4801// 5719//
f 5719// 4801// 4795//
f 5719// 4795// 5713//
f 5714// 4854// 4848//
f 5714// 4848// 5720//
f 5720// 4848// 4842//
f 5720// 4842// 5730//
f 5730// 4842// 5736//
f 5736// 4842// 4835//
f 5736// 4835// 5742//
f 5685// 4725// 4720//
f 5685// 4720// 5683//
f 5683// 4720// 4714//
f 5683// 4714// 5681//
f 5681// 4714// 4708//
f 5681// 4708// 5679//
f 5679// 4708// 4706//
f 5679// 4706// 5675//
f 5695// 4746// 4738//
f 5695// 4738// 5693//
f 5693// 4738// 4734//
f 5693// 4734// 5691//
f 4730// 5686// 4734//
f 4734// 5686// 5689//
f 4734// 5689// 5691//
f 5739// 4758// 5733//
f 5733// 4758// 4754//
f 5733// 4754// 5727//
f 5727// 4754// 4750//
f 5727// 4750// 5717//
f 5717// 4750// 4745//
f 5717// 4745// 5711//
f 5497// 4707// 4713//
f 5497// 4713// 5483//
f 5483// 4713// 4719//
f 5483// 4719// 5477//
f 4726// 5465// 4719//
f 4719// 5465// 5471//
f 4719// 5471// 5477//
f 5712// 4789// 4783//
f 5712// 4783// 5718//
f 5718// 4783// 4777//
f 5718// 4777// 5728//
f 5728// 4777// 5734//
f 5734// 4777// 4771//
f 5734// 4771// 5740//
f 5838// 4756// 5836//
f 5836// 4756// 4752//
f 5836// 4752// 5832//
f 5832// 4752// 4748//
f 5832// 4748// 5827//
f 5827// 4748// 4741//
f 4728// 5817// 5820//
f 4728// 5820// 4732//
f 4732// 5820// 5823//
f 4732// 5823// 4736//
f 4736// 5823// 5828//
f 4736// 5828// 4742//
f 5910// 4910// 5906//
f 5906// 4910// 4905//
f 5906// 4905// 5903//
f 5903// 4905// 4901//
f 5903// 4901// 5901//
f 5901// 4901// 4896//
f 4911// 5911// 5915//
f 4911// 5915// 4917//
f 4917// 5915// 5919//
f 4917// 5919// 4921//
f 4921// 5919// 5926//
f 4921// 5926// 4925//
f 4757// 5751// 4753//
f 4753// 5751// 5757//
f 5830// 4744// 5833//
f 5833// 4744// 4749//
f 5833// 4749// 5834//
f 5834// 4749// 4753//
f 5834// 4753// 5763//
f 5763// 4753// 5757//
f 5756// 4897// 5762//
f 5762// 4897// 4902//
f 4906// 5904// 4902//
f 4902// 5904// 5768//
f 4902// 5768// 5762//
f 4913// 5913// 4906//
f 4906// 5913// 5907//
f 4906// 5907// 5904//
f 5777// 5028// 5782//
f 5782// 5028// 5030//
f 5782// 5030// 5787//
f 5787// 5030// 5032//
f 5787// 5032// 5792//
f 5792// 5032// 5043//
f 6057// 5034// 5033//
f 6057// 5033// 6027//
f 6027// 5033// 5031//
f 6027// 5031// 6016//
f 6016// 5031// 5029//
f 6016// 5029// 5991//
f 5018// 5776// 5029//
f 5029// 5776// 5980//
f 5029// 5980// 5991//
f 5949// 5396// 5981//
f 5981// 5396// 5394//
f 5981// 5394// 5992//
f 5992// 5394// 5392//
f 5992// 5392// 6028//
f 6028// 5392// 5381//
f 6028// 5381// 6058//
f 5934// 5382// 5939//
f 5939// 5382// 5393//
f 5939// 5393// 5944//
f 5944// 5393// 5395//
f 5944// 5395// 5950//
f 5950// 5395// 5406//
f 5899// 4876// 5896//
f 5896// 4876// 4870//
f 5896// 4870// 5891//
f 5891// 4870// 4864//
f 5891// 4864// 5887//
f 5887// 4864// 4858//
f 4877// 5755// 4871//
f 4871// 5755// 5761//
f 5888// 4859// 5892//
f 5892// 4859// 4865//
f 5892// 4865// 5893//
f 5893// 4865// 4871//
f 5893// 4871// 5765//
f 5765// 4871// 5761//
f 5793// 4721// 5788//
f 5788// 4721// 4715//
f 5788// 4715// 5783//
f 5783// 4715// 4709//
f 5783// 4709// 5778//
f 5778// 4709// 4702//
f 5850// 4785// 5846//
f 5846// 4785// 4779//
f 5846// 4779// 5842//
f 5842// 4779// 4773//
f 5842// 4773// 5839//
f 5839// 4773// 4767//
f 5840// 4768// 5843//
f 5843// 4768// 4774//
f 5843// 4774// 5847//
f 5847// 4774// 4780//
f 5847// 4780// 5851//
f 5851// 4780// 4786//
f 5897// 4874// 5894//
f 5894// 4874// 4868//
f 5894// 4868// 5889//
f 5889// 4868// 4862//
f 5889// 4862// 5885//
f 5885// 4862// 4856//
f 5886// 4857// 5890//
f 5890// 4857// 4863//
f 5890// 4863// 5895//
f 5895// 4863// 4869//
f 5895// 4869// 5898//
f 5898// 4869// 4875//
f 5869// 4811// 5866//
f 5866// 4811// 4805//
f 5866// 4805// 5861//
f 5861// 4805// 4799//
f 5861// 4799// 5857//
f 5857// 4799// 4793//
f 5883// 4852// 5879//
f 5879// 4852// 4846//
f 5879// 4846// 5875//
f 5875// 4846// 4840//
f 5875// 4840// 5872//
f 5872// 4840// 4833//
f 5754// 4834// 5760//
f 5760// 4834// 4841//
f 4847// 5876// 4841//
f 4841// 5876// 5767//
f 4841// 5767// 5760//
f 4853// 5884// 4847//
f 4847// 5884// 5880//
f 4847// 5880// 5876//
f 4812// 5753// 4806//
f 4806// 5753// 5759//
f 5858// 4794// 5862//
f 5862// 4794// 4800//
f 5862// 4800// 5863//
f 5863// 4800// 4806//
f 5863// 4806// 5764//
f 5764// 4806// 5759//
f 5867// 4809// 5864//
f 5864// 4809// 4803//
f 5864// 4803// 5859//
f 5859// 4803// 4797//
f 5859// 4797// 5855//
f 5855// 4797// 4791//
f 5881// 4850// 5877//
f 5877// 4850// 4844//
f 5877// 4844// 5873//
f 5873// 4844// 4838//
f 5873// 4838// 5870//
f 5870// 4838// 4831//
f 5871// 4832// 5874//
f 5874// 4832// 4839//
f 5874// 4839// 5878//
f 5878// 4839// 4845//
f 5878// 4845// 5882//
f 5882// 4845// 4851//
f 5856// 4792// 5860//
f 5860// 4792// 4798//
f 5860// 4798// 5865//
f 5865// 4798// 4804//
f 5865// 4804// 5868//
f 5868// 4804// 4810//
f 5852// 4787// 5848//
f 5848// 4787// 4781//
f 5848// 4781// 5844//
f 5844// 4781// 4775//
f 5844// 4775// 5841//
f 5841// 4775// 4769//
f 5752// 4770// 5758//
f 5758// 4770// 4776//
f 4782// 5845// 4776//
f 4776// 5845// 5766//
f 4776// 5766// 5758//
f 4788// 5853// 4782//
f 4782// 5853// 5849//
f 4782// 5849// 5845//
f 5951// 4947// 5945//
f 5945// 4947// 4941//
f 5945// 4941// 5940//
f 5940// 4941// 4935//
f 5940// 4935// 5935//
f 5935// 4935// 4928//
f 5938// 4931// 5943//
f 5943// 4931// 4938//
f 5943// 4938// 5948//
f 5948// 4938// 4944//
f 5948// 4944// 5954//
f 5954// 4944// 4950//
f 5781// 4705// 5786//
f 5786// 4705// 4712//
f 5786// 4712// 5791//
f 5791// 4712// 4718//
f 5791// 4718// 5796//
f 5796// 4718// 4724//
f 5953// 4949// 5947//
f 5947// 4949// 4943//
f 5947// 4943// 5942//
f 5942// 4943// 4937//
f 5942// 4937// 5937//
f 5937// 4937// 4930//
f 5795// 4723// 5790//
f 5790// 4723// 4717//
f 5790// 4717// 5785//
f 5785// 4717// 4711//
f 5785// 4711// 5780//
f 5780// 4711// 4704//
f 5779// 4703// 5784//
f 5784// 4703// 4710//
f 5784// 4710// 5789//
f 5789// 4710// 4716//
f 5789// 4716// 5794//
f 5794// 4716// 4722//
f 5936// 4929// 5941//
f 5941// 4929// 4936//
f 5941// 4936// 5946//
f 5946// 4936// 4942//
f 5946// 4942// 5952//
f 5952// 4942// 4948//
f 5470// 4888// 5476//
f 5476// 4888// 4889//
f 5476// 4889// 5482//
f 5482// 4889// 4890//
f 5482// 4890// 5488//
f 5488// 4890// 4892//
f 5488// 4892// 5502//
f 5501// 4884// 4885//
f 5501// 4885// 5487//
f 5487// 4885// 4886//
f 5487// 4886// 5481//
f 4887// 5469// 4886//
f 4886// 5469// 5475//
f 4886// 5475// 5481//
f 5468// 4823// 5474//
f 5474// 4823// 4824//
f 5474// 4824// 5480//
f 5480// 4824// 4825//
f 5480// 4825// 5486//
f 5486// 4825// 4827//
f 5486// 4827// 5500//
f 5499// 4819// 4820//
f 5499// 4820// 5485//
f 5485// 4820// 4821//
f 5485// 4821// 5479//
f 4822// 5467// 4821//
f 4821// 5467// 5473//
f 4821// 5473// 5479//
f 5466// 4759// 5472//
f 5472// 4759// 4760//
f 5472// 4760// 5478//
f 5478// 4760// 4761//
f 5478// 4761// 5484//
f 5484// 4761// 4763//
f 5484// 4763// 5498//
f 3522// 3523// 3524//
f 3524// 3523// 3540//
f 3524// 3540// 3539//
f 3539// 3540// 3555//
f 3539// 3555// 3554//
f 3554// 3555// 3558//
f 3554// 3558// 3556//
f 3402// 3414// 3438//
f 3402// 3438// 3426//
f 3426// 3438// 3479//
f 3426// 3479// 3467//
f 3521// 3509// 3479//
f 3479// 3509// 3497//
f 3479// 3497// 3467//
f 3227// 3239// 3245//
f 3245// 3239// 3271//
f 3245// 3271// 3259//
f 3259// 3271// 3301//
f 3259// 3301// 3289//
f 3289// 3301// 3327//
f 3289// 3327// 3315//
f 3160// 3162// 3165//
f 3160// 3165// 3164//
f 3164// 3165// 3178//
f 3164// 3178// 3177//
f 3177// 3178// 3187//
f 3187// 3178// 3205//
f 3187// 3205// 3204//
f 2913// 2925// 2949//
f 2913// 2949// 2937//
f 2937// 2949// 2979//
f 2937// 2979// 2967//
f 3013// 3001// 2979//
f 2979// 3001// 2983//
f 2979// 2983// 2967//
f 3025// 3026// 3048//
f 3048// 3026// 3060//
f 3048// 3060// 3059//
f 3059// 3060// 3073//
f 3059// 3073// 3072//
f 3072// 3073// 3076//
f 3072// 3076// 3074//
f 2720// 2732// 2734//
f 2734// 2732// 2774//
f 2734// 2774// 2762//
f 2762// 2774// 2815//
f 2762// 2815// 2803//
f 2803// 2815// 2840//
f 2803// 2840// 2828//
f 2663// 2665// 2668//
f 2663// 2668// 2667//
f 2667// 2668// 2683//
f 2667// 2683// 2682//
f 2682// 2683// 2698//
f 2698// 2683// 2700//
f 2698// 2700// 2699//
f 3557// 3559// 3561//
f 3557// 3561// 3560//
f 3560// 3561// 3575//
f 3560// 3575// 3574//
f 3578// 3577// 3575//
f 3575// 3577// 3576//
f 3575// 3576// 3574//
f 2586// 2598// 2564//
f 2564// 2598// 2562//
f 2564// 2562// 2550//
f 2550// 2562// 2538//
f 2550// 2538// 2526//
f 2526// 2538// 2510//
f 2526// 2510// 2497//
f 2826// 2839// 2814//
f 2826// 2814// 2802//
f 2802// 2814// 2773//
f 2802// 2773// 2761//
f 2761// 2773// 2733//
f 2733// 2773// 2731//
f 2733// 2731// 2719//
f 2499// 2511// 2539//
f 2499// 2539// 2527//
f 2527// 2539// 2563//
f 2527// 2563// 2551//
f 2599// 2587// 2563//
f 2563// 2587// 2565//
f 2563// 2565// 2551//
f 2998// 3012// 2982//
f 2982// 3012// 2978//
f 2982// 2978// 2964//
f 2964// 2978// 2948//
f 2964// 2948// 2934//
f 2934// 2948// 2924//
f 2934// 2924// 2909//
f 3311// 3326// 3300//
f 3311// 3300// 3286//
f 3286// 3300// 3270//
f 3286// 3270// 3256//
f 3256// 3270// 3244//
f 3244// 3270// 3238//
f 3244// 3238// 3224//
f 3634// 3646// 3658//
f 3658// 3646// 3682//
f 3658// 3682// 3670//
f 3670// 3682// 3706//
f 3670// 3706// 3694//
f 3694// 3706// 3735//
f 3694// 3735// 3723//
f 3508// 3520// 3496//
f 3496// 3520// 3478//
f 3496// 3478// 3466//
f 3466// 3478// 3437//
f 3466// 3437// 3425//
f 3425// 3437// 3413//
f 3425// 3413// 3400//
f 3721// 3734// 3705//
f 3721// 3705// 3693//
f 3693// 3705// 3681//
f 3693// 3681// 3669//
f 3669// 3681// 3657//
f 3657// 3681// 3645//
f 3657// 3645// 3633//
f 2718// 2730// 2760//
f 2760// 2730// 2772//
f 2760// 2772// 2801//
f 2801// 2772// 2813//
f 2801// 2813// 2825//
f 2825// 2813// 2838//
f 2496// 2509// 2525//
f 2525// 2509// 2537//
f 2525// 2537// 2549//
f 2549// 2537// 2561//
f 2549// 2561// 2585//
f 2585// 2561// 2597//
f 2584// 2596// 2548//
f 2548// 2596// 2560//
f 2548// 2560// 2524//
f 2524// 2560// 2536//
f 2524// 2536// 2495//
f 2495// 2536// 2508//
f 2824// 2837// 2800//
f 2800// 2837// 2812//
f 2800// 2812// 2759//
f 2759// 2812// 2771//
f 2759// 2771// 2717//
f 2717// 2771// 2729//
f 3630// 3642// 3666//
f 3666// 3642// 3678//
f 3666// 3678// 3690//
f 3690// 3678// 3702//
f 3690// 3702// 3718//
f 3718// 3702// 3731//
f 3397// 3410// 3422//
f 3422// 3410// 3434//
f 3422// 3434// 3463//
f 3463// 3434// 3475//
f 3463// 3475// 3505//
f 3505// 3475// 3517//
f 3504// 3516// 3462//
f 3462// 3516// 3474//
f 3462// 3474// 3421//
f 3421// 3474// 3433//
f 3421// 3433// 3396//
f 3396// 3433// 3409//
f 3717// 3730// 3689//
f 3689// 3730// 3701//
f 3689// 3701// 3665//
f 3665// 3701// 3677//
f 3665// 3677// 3629//
f 3629// 3677// 3641//
f 2714// 2726// 2756//
f 2756// 2726// 2768//
f 2756// 2768// 2797//
f 2797// 2768// 2809//
f 2797// 2809// 2821//
f 2821// 2809// 2834//
f 2492// 2505// 2521//
f 2521// 2505// 2533//
f 2521// 2533// 2545//
f 2545// 2533// 2557//
f 2545// 2557// 2581//
f 2581// 2557// 2593//
f 2580// 2592// 2544//
f 2544// 2592// 2556//
f 2544// 2556// 2520//
f 2520// 2556// 2532//
f 2520// 2532// 2491//
f 2491// 2532// 2504//
f 2820// 2833// 2796//
f 2796// 2833// 2808//
f 2796// 2808// 2755//
f 2755// 2808// 2767//
f 2755// 2767// 2713//
f 2713// 2767// 2725//
f 3226// 3233// 3258//
f 3258// 3233// 3265//
f 3258// 3265// 3288//
f 3288// 3265// 3295//
f 3288// 3295// 3313//
f 3313// 3295// 3321//
f 2911// 2919// 2936//
f 2936// 2919// 2943//
f 2936// 2943// 2966//
f 2966// 2943// 2973//
f 2966// 2973// 3000//
f 3000// 2973// 3007//
f 2999// 3006// 2965//
f 2965// 3006// 2972//
f 2965// 2972// 2935//
f 2935// 2972// 2942//
f 2935// 2942// 2910//
f 2910// 2942// 2918//
f 3312// 3320// 3287//
f 3287// 3320// 3294//
f 3287// 3294// 3257//
f 3257// 3294// 3264//
f 3257// 3264// 3225//
f 3225// 3264// 3232//
f 3628// 3640// 3664//
f 3664// 3640// 3676//
f 3664// 3676// 3688//
f 3688// 3676// 3700//
f 3688// 3700// 3716//
f 3716// 3700// 3729//
f 3395// 3408// 3420//
f 3420// 3408// 3432//
f 3420// 3432// 3461//
f 3461// 3432// 3473//
f 3461// 3473// 3503//
f 3503// 3473// 3515//
f 3502// 3514// 3460//
f 3460// 3514// 3472//
f 3460// 3472// 3419//
f 3419// 3472// 3431//
f 3419// 3431// 3394//
f 3394// 3431// 3407//
f 3715// 3728// 3687//
f 3687// 3728// 3699//
f 3687// 3699// 3663//
f 3663// 3699// 3675//
f 3663// 3675// 3627//
f 3627// 3675// 3639//
f 3221// 3235// 3253//
f 3253// 3235// 3267//
f 3253// 3267// 3283//
f 3283// 3267// 3297//
f 3283// 3297// 3308//
f 3308// 3297// 3323//
f 2906// 2921// 2931//
f 2931// 2921// 2945//
f 2931// 2945// 2961//
f 2961// 2945// 2975//
f 2961// 2975// 2995//
f 2995// 2975// 3009//
f 2994// 3008// 2960//
f 2960// 3008// 2974//
f 2960// 2974// 2930//
f 2930// 2974// 2944//
f 2930// 2944// 2905//
f 2905// 2944// 2920//
f 3307// 3322// 3282//
f 3282// 3322// 3296//
f 3282// 3296// 3252//
f 3252// 3296// 3266//
f 3252// 3266// 3220//
f 3220// 3266// 3234//
f 2716// 2728// 2758//
f 2758// 2728// 2770//
f 2758// 2770// 2799//
f 2799// 2770// 2811//
f 2799// 2811// 2823//
f 2823// 2811// 2836//
f 2494// 2507// 2523//
f 2523// 2507// 2535//
f 2523// 2535// 2547//
f 2547// 2535// 2559//
f 2547// 2559// 2583//
f 2583// 2559// 2595//
f 2582// 2594// 2546//
f 2546// 2594// 2558//
f 2546// 2558// 2522//
f 2522// 2558// 2534//
f 2522// 2534// 2493//
f 2493// 2534// 2506//
f 2822// 2835// 2798//
f 2798// 2835// 2810//
f 2798// 2810// 2757//
f 2757// 2810// 2769//
f 2757// 2769// 2715//
f 2715// 2769// 2727//
f 3632// 3644// 3668//
f 3668// 3644// 3680//
f 3668// 3680// 3692//
f 3692// 3680// 3704//
f 3692// 3704// 3720//
f 3720// 3704// 3733//
f 3399// 3412// 3424//
f 3424// 3412// 3436//
f 3424// 3436// 3465//
f 3465// 3436// 3477//
f 3465// 3477// 3507//
f 3507// 3477// 3519//
f 3506// 3518// 3464//
f 3464// 3518// 3476//
f 3464// 3476// 3423//
f 3423// 3476// 3435//
f 3423// 3435// 3398//
f 3398// 3435// 3411//
f 3719// 3732// 3691//
f 3691// 3732// 3703//
f 3691// 3703// 3667//
f 3667// 3703// 3679//
f 3667// 3679// 3631//
f 3631// 3679// 3643//
f 3223// 3237// 3255//
f 3255// 3237// 3269//
f 3255// 3269// 3285//
f 3285// 3269// 3299//
f 3285// 3299// 3310//
f 3310// 3299// 3325//
f 2908// 2923// 2933//
f 2933// 2923// 2947//
f 2933// 2947// 2963//
f 2963// 2947// 2977//
f 2963// 2977// 2997//
f 2997// 2977// 3011//
f 2996// 3010// 2962//
f 2962// 3010// 2976//
f 2962// 2976// 2932//
f 2932// 2976// 2946//
f 2932// 2946// 2907//
f 2907// 2946// 2922//
f 3309// 3324// 3284//
f 3284// 3324// 3298//
f 3284// 3298// 3254//
f 3254// 3298// 3268//
f 3254// 3268// 3222//
f 3222// 3268// 3236//
f 3624// 3636// 3660//
f 3660// 3636// 3672//
f 3660// 3672// 3684//
f 3684// 3672// 3696//
f 3684// 3696// 3712//
f 3712// 3696// 3725//
f 3391// 3404// 3416//
f 3416// 3404// 3428//
f 3416// 3428// 3457//
f 3457// 3428// 3469//
f 3457// 3469// 3499//
f 3499// 3469// 3511//
f 3498// 3510// 3456//
f 3456// 3510// 3468//
f 3456// 3468// 3415//
f 3415// 3468// 3427//
f 3415// 3427// 3390//
f 3390// 3427// 3403//
f 3215// 3229// 3249//
f 3249// 3229// 3261//
f 3249// 3261// 3279//
f 3279// 3261// 3291//
f 3279// 3291// 3304//
f 3304// 3291// 3317//
f 2902// 2915// 2927//
f 2927// 2915// 2939//
f 2927// 2939// 2957//
f 2957// 2939// 2969//
f 2957// 2969// 2989//
f 2989// 2969// 3003//
f 2988// 3002// 2956//
f 2956// 3002// 2968//
f 2956// 2968// 2926//
f 2926// 2968// 2938//
f 2926// 2938// 2901//
f 2901// 2938// 2914//
f 3303// 3316// 3278//
f 3278// 3316// 3290//
f 3278// 3290// 3248//
f 3248// 3290// 3260//
f 3248// 3260// 3214//
f 3214// 3260// 3228//
f 2712// 2724// 2754//
f 2754// 2724// 2766//
f 2754// 2766// 2795//
f 2795// 2766// 2807//
f 2795// 2807// 2819//
f 2819// 2807// 2832//
f 2490// 2503// 2519//
f 2519// 2503// 2531//
f 2519// 2531// 2543//
f 2543// 2531// 2555//
f 2543// 2555// 2579//
f 2579// 2555// 2591//
f 2578// 2590// 2542//
f 2542// 2590// 2554//
f 2542// 2554// 2518//
f 2518// 2554// 2530//
f 2518// 2530// 2489//
f 2489// 2530// 2502//
f 2818// 2831// 2794//
f 2794// 2831// 2806//
f 2794// 2806// 2753//
f 2753// 2806// 2765//
f 2753// 2765// 2711//
f 2711// 2765// 2723//
f 3217// 3231// 3251//
f 3251// 3231// 3263//
f 3251// 3263// 3281//
f 3281// 3263// 3293//
f 3281// 3293// 3306//
f 3306// 3293// 3319//
f 2904// 2917// 2929//
f 2929// 2917// 2941//
f 2929// 2941// 2959//
f 2959// 2941// 2971//
f 2959// 2971// 2991//
f 2991// 2971// 3005//
f 2990// 3004// 2958//
f 2958// 3004// 2970//
f 2958// 2970// 2928//
f 2928// 2970// 2940//
f 2928// 2940// 2903//
f 2903// 2940// 2916//
f 3305// 3318// 3280//
f 3280// 3318// 3292//
f 3280// 3292// 3250//
f 3250// 3292// 3262//
f 3250// 3262// 3216//
f 3216// 3262// 3230//
f 3626// 3638// 3662//
f 3662// 3638// 3674//
f 3662// 3674// 3686//
f 3686// 3674// 3698//
f 3686// 3698// 3714//
f 3714// 3698// 3727//
f 3393// 3406// 3418//
f 3418// 3406// 3430//
f 3418// 3430// 3459//
f 3459// 3430// 3471//
f 3459// 3471// 3501//
f 3501// 3471// 3513//
f 3500// 3512// 3458//
f 3458// 3512// 3470//
f 3458// 3470// 3417//
f 3417// 3470// 3429//
f 3417// 3429// 3392//
f 3392// 3429// 3405//
f 3713// 3726// 3685//
f 3685// 3726// 3697//
f 3685// 3697// 3661//
f 3661// 3697// 3673//
f 3661// 3673// 3625//
f 3625// 3673// 3637//
f 2710// 2722// 2752//
f 2752// 2722// 2764//
f 2752// 2764// 2793//
f 2793// 2764// 2805//
f 2793// 2805// 2817//
f 2817// 2805// 2830//
f 2488// 2501// 2517//
f 2517// 2501// 2529//
f 2517// 2529// 2541//
f 2541// 2529// 2553//
f 2541// 2553// 2577//
f 2577// 2553// 2589//
f 2576// 2588// 2540//
f 2540// 2588// 2552//
f 2540// 2552// 2516//
f 2516// 2552// 2528//
f 2516// 2528// 2487//
f 2487// 2528// 2500//
f 2816// 2829// 2792//
f 2792// 2829// 2804//
f 2792// 2804// 2751//
f 2751// 2804// 2763//
f 2751// 2763// 2709//
f 2709// 2763// 2721//
f 3711// 3724// 3683//
f 3683// 3724// 3695//
f 3683// 3695// 3659//
f 3659// 3695// 3671//
f 3659// 3671// 3623//
f 3623// 3671// 3635//
f 2644// 2645// 2646//
f 2646// 2645// 2648//
f 2646// 2648// 2647//
f 2647// 2648// 2662//
f 2647// 2662// 2661//
f 2661// 2662// 2666//
f 2661// 2666// 2664//
f 3140// 3141// 3142//
f 3142// 3141// 3144//
f 3142// 3144// 3143//
f 3143// 3144// 3159//
f 3143// 3159// 3158//
f 3158// 3159// 3163//
f 3158// 3163// 3161//
f 3075// 3077// 3079//
f 3075// 3079// 3078//
f 3078// 3079// 3094//
f 3078// 3094// 3093//
f 3097// 3096// 3094//
f 3094// 3096// 3095//
f 3094// 3095// 3093//
f 5232// 4492// 5241//
f 5241// 4492// 4496//
f 5241// 4496// 5249//
f 5249// 4496// 4503//
f 5249// 4503// 5257//
f 5257// 4503// 4509//
f 5230// 4490// 5239//
f 5239// 4490// 4494//
f 5239// 4494// 5247//
f 5247// 4494// 4501//
f 5247// 4501// 5255//
f 5255// 4501// 4507//
f 5245// 5237// 4337//
f 4337// 5237// 4261//
f 4261// 5237// 5228//
f 4261// 5228// 4235//
f 4337// 4497// 5245//
f 5245// 4497// 4499//
f 5245// 4499// 5253//
f 5253// 4499// 4505//
f 5153// 4445// 5162//
f 5162// 4445// 4452//
f 5162// 4452// 5170//
f 5170// 4452// 4458//
f 5170// 4458// 5178//
f 5178// 4458// 4462//
f 5151// 4443// 5160//
f 5160// 4443// 4450//
f 5160// 4450// 5168//
f 5168// 4450// 4456//
f 5168// 4456// 5176//
f 5176// 4456// 4460//
f 5158// 5149// 4441//
f 4441// 4448// 5158//
f 5158// 4448// 4454//
f 5158// 4454// 5166//
f 5166// 4454// 4336//
f 5166// 4336// 5174//
f 5174// 4336// 4262//
f 5174// 4262// 4234//
f 5250// 5258// 4510//
f 4510// 4504// 5250//
f 5250// 4504// 4498//
f 5250// 4498// 5242//
f 5242// 4498// 4334//
f 5242// 4334// 5233//
f 5233// 4334// 4254//
f 5233// 4254// 4231//
f 5256// 4508// 5248//
f 5248// 4508// 4502//
f 5248// 4502// 5240//
f 5240// 4502// 4495//
f 5240// 4495// 5231//
f 5231// 4495// 4491//
f 5254// 4506// 5246//
f 5246// 4506// 4500//
f 5246// 4500// 5238//
f 5238// 4500// 4493//
f 5238// 4493// 5229//
f 5229// 4493// 4489//
f 4223// 5227// 4196//
f 4196// 5227// 5236//
f 4196// 5236// 4153//
f 4153// 5236// 4119//
f 4119// 5236// 4076//
f 4076// 5236// 5244//
f 4076// 5244// 4051//
f 3904// 3911// 5252//
f 5252// 3911// 3983//
f 5252// 3983// 5244//
f 5244// 3983// 4020//
f 5244// 4020// 4051//
f 4152// 4118// 5165//
f 4050// 4019// 5157//
f 3910// 3901// 5148//
f 5157// 4019// 5148//
f 5148// 4019// 3982//
f 5148// 3982// 3910//
f 5165// 4118// 5157//
f 5157// 4118// 4075//
f 5157// 4075// 4050//
f 5173// 4222// 5165//
f 5165// 4222// 4195//
f 5165// 4195// 4152//
f 5175// 4459// 5167//
f 5167// 4459// 4455//
f 5167// 4455// 5159//
f 5159// 4455// 4449//
f 5159// 4449// 5150//
f 5150// 4449// 4442//
f 5177// 4461// 5169//
f 5169// 4461// 4457//
f 5169// 4457// 5161//
f 5161// 4457// 4451//
f 5161// 4451// 5152//
f 5152// 4451// 4444//
f 4446// 5154// 4447//
f 4447// 5154// 5156//
f 4447// 5156// 4453//
f 4453// 5156// 5164//
f 4453// 5164// 4341//
f 4341// 5164// 5172//
f 4341// 5172// 4328//
f 4328// 5172// 5179//
f 4328// 5179// 4230//
f 3846// 5180// 3788//
f 3788// 5180// 5171//
f 3788// 5171// 3774//
f 3774// 5171// 3759//
f 3759// 5171// 5163//
f 3759// 5163// 3749//
f 3649// 3654// 5155//
f 5155// 3654// 3708//
f 5155// 3708// 5163//
f 5163// 3708// 3738//
f 5163// 3738// 3749//
f 3760// 3750// 5251//
f 5251// 3750// 3709//
f 5251// 3709// 5259//
f 5259// 3709// 3655//
f 5259// 3655// 3650//
f 5251// 5243// 3760//
f 3760// 5243// 5235//
f 3760// 5235// 3789//
f 3789// 5235// 5234//
f 3789// 5234// 3847//
f 4221// 5035// 4194//
f 4194// 5035// 5047//
f 4194// 5047// 4151//
f 4151// 5047// 4117//
f 4117// 5047// 4074//
f 4074// 5047// 5060//
f 4074// 5060// 4049//
f 3900// 3909// 5076//
f 5076// 3909// 3981//
f 5076// 3981// 5060//
f 5060// 3981// 4018//
f 5060// 4018// 4049//
f 4154// 4120// 5330//
f 4052// 4021// 5322//
f 3912// 3905// 5314//
f 5322// 4021// 5314//
f 5314// 4021// 3984//
f 5314// 3984// 3912//
f 5330// 4120// 5322//
f 5322// 4120// 4077//
f 5322// 4077// 4052//
f 5338// 4224// 5330//
f 5330// 4224// 4197//
f 5330// 4197// 4154//
f 5323// 5315// 4573//
f 4573// 4579// 5323//
f 5323// 4579// 4586//
f 5323// 4586// 5331//
f 5331// 4586// 4338//
f 5331// 4338// 5339//
f 5339// 4338// 4263//
f 5339// 4263// 4236//
f 5340// 4591// 5332//
f 5332// 4591// 4587//
f 5332// 4587// 5324//
f 5324// 4587// 4580//
f 5324// 4580// 5316//
f 5316// 4580// 4574//
f 5317// 4575// 5325//
f 5325// 4575// 4581//
f 5325// 4581// 5333//
f 5333// 4581// 4588//
f 5333// 4588// 5341//
f 5341// 4588// 4592//
f 5328// 5336// 4335//
f 4335// 5336// 4253//
f 4253// 5336// 5344//
f 4253// 5344// 4232//
f 4335// 4585// 5328//
f 5328// 4585// 4584//
f 5328// 4584// 5320//
f 5320// 4584// 4578//
f 3848// 4004// 3986//
f 3848// 3986// 3790//
f 3790// 3986// 3985//
f 3790// 3985// 3775//
f 4073// 4083// 5337//
f 4073// 5337// 4035//
f 3985// 4003// 3775//
f 3775// 4003// 4013//
f 3775// 4013// 4026//
f 4083// 4111// 5337//
f 5337// 4111// 4114//
f 5337// 4114// 5345//
f 5345// 4114// 4112//
f 5345// 4112// 4110//
f 4026// 4035// 3775//
f 3775// 4035// 5337//
f 3775// 5337// 3761//
f 3761// 5337// 5329//
f 3761// 5329// 3751//
f 3651// 3656// 5321//
f 5321// 3656// 3710//
f 5321// 3710// 5329//
f 5329// 3710// 3739//
f 5329// 3739// 3751//
f 5342// 4593// 5334//
f 5334// 4593// 4589//
f 5334// 4589// 5326//
f 5326// 4589// 4582//
f 5326// 4582// 5318//
f 5318// 4582// 4576//
f 5319// 4577// 5327//
f 5327// 4577// 4583//
f 5327// 4583// 5335//
f 5335// 4583// 4590//
f 5335// 4590// 5343//
f 5343// 4590// 4594//
f 4369// 5044// 4329//
f 4329// 5044// 5036//
f 4329// 5036// 4233//
f 4383// 5077// 4377//
f 4377// 5077// 5068//
f 4377// 5068// 4369//
f 4369// 5068// 5055//
f 4369// 5055// 5044//
f 5078// 4384// 5061//
f 5061// 4384// 4373//
f 5061// 4373// 5048//
f 5048// 4373// 4363//
f 5048// 4363// 5037//
f 5037// 4363// 4351//
f 5038// 4352// 5049//
f 5049// 4352// 4364//
f 5049// 4364// 5062//
f 5062// 4364// 4374//
f 5062// 4374// 5079//
f 5079// 4374// 4385//
f 4229// 5041// 5045//
f 4229// 5045// 4327//
f 4327// 5045// 5056//
f 4327// 5056// 4340//
f 5082// 4388// 5069//
f 5069// 4388// 4378//
f 5069// 4378// 5056//
f 5056// 4378// 4370//
f 5056// 4370// 4340//
f 3748// 3737// 5065//
f 3653// 3648// 5083//
f 5065// 3737// 5083//
f 5083// 3737// 3707//
f 5083// 3707// 3653//
f 5052// 5042// 3845//
f 3845// 3787// 5052//
f 5052// 3787// 3773//
f 5052// 3773// 5065//
f 5065// 3773// 3758//
f 5065// 3758// 3748//
f 5080// 4386// 5063//
f 5063// 4386// 4375//
f 5063// 4375// 5050//
f 5050// 4375// 4365//
f 5050// 4365// 5039//
f 5039// 4365// 4353//
f 5040// 4354// 5051//
f 5051// 4354// 4366//
f 5051// 4366// 5064//
f 5064// 4366// 4376//
f 5064// 4376// 5081//
f 5081// 4376// 4387//
f 4543// 5279// 4549//
f 4549// 5279// 5285//
f 4549// 5285// 4555//
f 4555// 5285// 5291//
f 4555// 5291// 4559//
f 4559// 5291// 5295//
f 4559// 5295// 4556//
f 4556// 5295// 5292//
f 4556// 5292// 4550//
f 4550// 5292// 5286//
f 4550// 5286// 4544//
f 4544// 5286// 5280//
f 4544// 5280// 4538//
f 4538// 5280// 5274//
f 4538// 5274// 4532//
f 4532// 5274// 5268//
f 4532// 5268// 4526//
f 4526// 5268// 5262//
f 4526// 5262// 4531//
f 4531// 5262// 5267//
f 4531// 5267// 4537//
f 4537// 5267// 5273//
f 4537// 5273// 4543//
f 4543// 5273// 5279//
f 1091// 1824// 1097//
f 1097// 1824// 1830//
f 1097// 1830// 1103//
f 1103// 1830// 1836//
f 1103// 1836// 1107//
f 1107// 1836// 1840//
f 1107// 1840// 1104//
f 1104// 1840// 1837//
f 1104// 1837// 1098//
f 1098// 1837// 1831//
f 1098// 1831// 1092//
f 1092// 1831// 1825//
f 1092// 1825// 1086//
f 1086// 1825// 1819//
f 1086// 1819// 1080//
f 1080// 1819// 1813//
f 1080// 1813// 1074//
f 1074// 1813// 1807//
f 1074// 1807// 1079//
f 1079// 1807// 1812//
f 1079// 1812// 1085//
f 1085// 1812// 1818//
f 1085// 1818// 1091//
f 1091// 1818// 1824//
f 4541// 5277// 4547//
f 4547// 5277// 5283//
f 4547// 5283// 4553//
f 4553// 5283// 5289//
f 4553// 5289// 4558//
f 4558// 5289// 5294//
f 4558// 5294// 4554//
f 4554// 5294// 5290//
f 4554// 5290// 4548//
f 4548// 5290// 5284//
f 4548// 5284// 4542//
f 4542// 5284// 5278//
f 4542// 5278// 4536//
f 4536// 5278// 5272//
f 4536// 5272// 4530//
f 4530// 5272// 5266//
f 4530// 5266// 4525//
f 4525// 5266// 5261//
f 4525// 5261// 4529//
f 4529// 5261// 5265//
f 4529// 5265// 4535//
f 4535// 5265// 5271//
f 4535// 5271// 4541//
f 4541// 5271// 5277//
f 1089// 1822// 1095//
f 1095// 1822// 1828//
f 1095// 1828// 1101//
f 1101// 1828// 1834//
f 1101// 1834// 1106//
f 1106// 1834// 1839//
f 1106// 1839// 1102//
f 1102// 1839// 1835//
f 1102// 1835// 1096//
f 1096// 1835// 1829//
f 1096// 1829// 1090//
f 1090// 1829// 1823//
f 1090// 1823// 1084//
f 1084// 1823// 1817//
f 1084// 1817// 1078//
f 1078// 1817// 1811//
f 1078// 1811// 1073//
f 1073// 1811// 1806//
f 1073// 1806// 1077//
f 1077// 1806// 1810//
f 1077// 1810// 1083//
f 1083// 1810// 1816//
f 1083// 1816// 1089//
f 1089// 1816// 1822//
f 4539// 5275// 4545//
f 4545// 5275// 5281//
f 4545// 5281// 4551//
f 4551// 5281// 5287//
f 4551// 5287// 4557//
f 4557// 5287// 5293//
f 4557// 5293// 4552//
f 4552// 5293// 5288//
f 4552// 5288// 4546//
f 4546// 5288// 5282//
f 4546// 5282// 4540//
f 4540// 5282// 5276//
f 4540// 5276// 4534//
f 4534// 5276// 5270//
f 4534// 5270// 4528//
f 4528// 5270// 5264//
f 4528// 5264// 4524//
f 4524// 5264// 5260//
f 4524// 5260// 4527//
f 4527// 5260// 5263//
f 4527// 5263// 4533//
f 4533// 5263// 5269//
f 4533// 5269// 4539//
f 4539// 5269// 5275//
f 1087// 1820// 1093//
f 1093// 1820// 1826//
f 1093// 1826// 1099//
f 1099// 1826// 1832//
f 1099// 1832// 1105//
f 1105// 1832// 1838//
f 1105// 1838// 1100//
f 1100// 1838// 1833//
f 1100// 1833// 1094//
f 1094// 1833// 1827//
f 1094// 1827// 1088//
f 1088// 1827// 1821//
f 1088// 1821// 1082//
f 1082// 1821// 1815//
f 1082// 1815// 1076//
f 1076// 1815// 1809//
f 1076// 1809// 1072//
f 1072// 1809// 1805//
f 1072// 1805// 1075//
f 1075// 1805// 1808//
f 1075// 1808// 1081//
f 1081// 1808// 1814//
f 1081// 1814// 1087//
f 1087// 1814// 1820//
f 4420// 5109// 4426//
f 4426// 5109// 5115//
f 4426// 5115// 4432//
f 4432// 5115// 5121//
f 4432// 5121// 4438//
f 4438// 5121// 5127//
f 4438// 5127// 4433//
f 4433// 5127// 5122//
f 4433// 5122// 4427//
f 4427// 5122// 5116//
f 4427// 5116// 4421//
f 4421// 5116// 5110//
f 4421// 5110// 4415//
f 4415// 5110// 5104//
f 4415// 5104// 4409//
f 4409// 5104// 5098//
f 4409// 5098// 4405//
f 4405// 5098// 5094//
f 4405// 5094// 4408//
f 4408// 5094// 5097//
f 4408// 5097// 4414//
f 4414// 5097// 5103//
f 4414// 5103// 4420//
f 4420// 5103// 5109//
f 918// 1706// 924//
f 924// 1706// 1712//
f 924// 1712// 930//
f 930// 1712// 1718//
f 930// 1718// 936//
f 936// 1718// 1724//
f 936// 1724// 931//
f 931// 1724// 1719//
f 931// 1719// 925//
f 925// 1719// 1713//
f 925// 1713// 919//
f 919// 1713// 1707//
f 919// 1707// 913//
f 913// 1707// 1701//
f 913// 1701// 907//
f 907// 1701// 1695//
f 907// 1695// 903//
f 903// 1695// 1691//
f 903// 1691// 906//
f 906// 1691// 1694//
f 906// 1694// 912//
f 912// 1694// 1700//
f 912// 1700// 918//
f 918// 1700// 1706//
f 4422// 5111// 4428//
f 4428// 5111// 5117//
f 4428// 5117// 4434//
f 4434// 5117// 5123//
f 4434// 5123// 4439//
f 4439// 5123// 5128//
f 4439// 5128// 4435//
f 4435// 5128// 5124//
f 4435// 5124// 4429//
f 4429// 5124// 5118//
f 4429// 5118// 4423//
f 4423// 5118// 5112//
f 4423// 5112// 4417//
f 4417// 5112// 5106//
f 4417// 5106// 4411//
f 4411// 5106// 5100//
f 4411// 5100// 4406//
f 4406// 5100// 5095//
f 4406// 5095// 4410//
f 4410// 5095// 5099//
f 4410// 5099// 4416//
f 4416// 5099// 5105//
f 4416// 5105// 4422//
f 4422// 5105// 5111//
f 920// 1708// 926//
f 926// 1708// 1714//
f 926// 1714// 932//
f 932// 1714// 1720//
f 932// 1720// 937//
f 937// 1720// 1725//
f 937// 1725// 933//
f 933// 1725// 1721//
f 933// 1721// 927//
f 927// 1721// 1715//
f 927// 1715// 921//
f 921// 1715// 1709//
f 921// 1709// 915//
f 915// 1709// 1703//
f 915// 1703// 909//
f 909// 1703// 1697//
f 909// 1697// 904//
f 904// 1697// 1692//
f 904// 1692// 908//
f 908// 1692// 1696//
f 908// 1696// 914//
f 914// 1696// 1702//
f 914// 1702// 920//
f 920// 1702// 1708//
f 4424// 5113// 4430//
f 4430// 5113// 5119//
f 4430// 5119// 4436//
f 4436// 5119// 5125//
f 4436// 5125// 4440//
f 4440// 5125// 5129//
f 4440// 5129// 4437//
f 4437// 5129// 5126//
f 4437// 5126// 4431//
f 4431// 5126// 5120//
f 4431// 5120// 4425//
f 4425// 5120// 5114//
f 4425// 5114// 4419//
f 4419// 5114// 5108//
f 4419// 5108// 4413//
f 4413// 5108// 5102//
f 4413// 5102// 4407//
f 4407// 5102// 5096//
f 4407// 5096// 4412//
f 4412// 5096// 5101//
f 4412// 5101// 4418//
f 4418// 5101// 5107//
f 4418// 5107// 4424//
f 4424// 5107// 5113//
f 922// 1710// 928//
f 928// 1710// 1716//
f 928// 1716// 934//
f 934// 1716// 1722//
f 934// 1722// 938//
f 938// 1722// 1726//
f 938// 1726// 935//
f 935// 1726// 1723//
f 935// 1723// 929//
f 929// 1723// 1717//
f 929// 1717// 923//
f 923// 1717// 1711//
f 923// 1711// 917//
f 917// 1711// 1705//
f 917// 1705// 911//
f 911// 1705// 1699//
f 911// 1699// 905//
f 905// 1699// 1693//
f 905// 1693// 910//
f 910// 1693// 1698//
f 910// 1698// 916//
f 916// 1698// 1704//
f 916// 1704// 922//
f 922// 1704// 1710//
f 4475// 5202// 4477//
f 4477// 5202// 5206//
f 4477// 5206// 4479//
f 4479// 5206// 5210//
f 4479// 5210// 4481//
f 4481// 5210// 5214//
f 4481// 5214// 4480//
f 4480// 5214// 5211//
f 4480// 5211// 4478//
f 4478// 5211// 5207//
f 4478// 5207// 4476//
f 4476// 5207// 5203//
f 4476// 5203// 4474//
f 4474// 5203// 5199//
f 4474// 5199// 4472//
f 4472// 5199// 5195//
f 4472// 5195// 4470//
f 4470// 5195// 5192//
f 4470// 5192// 4471//
f 4471// 5192// 5194//
f 4471// 5194// 4473//
f 4473// 5194// 5198//
f 4473// 5198// 4475//
f 4475// 5198// 5202//
f 4379// 5070// 4381//
f 4381// 5070// 5074//
f 4381// 5074// 4389//
f 4389// 5074// 5086//
f 4389// 5086// 4391//
f 4391// 5086// 5088//
f 4391// 5088// 4390//
f 4390// 5088// 5087//
f 4390// 5087// 4382//
f 4382// 5087// 5075//
f 4382// 5075// 4380//
f 4380// 5075// 5071//
f 4380// 5071// 4372//
f 4372// 5071// 5058//
f 4372// 5058// 4368//
f 4368// 5058// 5054//
f 4368// 5054// 4362//
f 4362// 5054// 5046//
f 4362// 5046// 4367//
f 4367// 5046// 5053//
f 4367// 5053// 4371//
f 4371// 5053// 5057//
f 4371// 5057// 4379//
f 4379// 5057// 5070//
f 5360// 4251// 4326//
f 5360// 4326// 5364//
f 4251// 5360// 4240//
f 4240// 5360// 5357//
f 4240// 5357// 4225//
f 4225// 5357// 4204//
f 4204// 5357// 5359//
f 4204// 5359// 4161//
f 4161// 5359// 5363//
f 4161// 5363// 4125//
f 4125// 5363// 4115//
f 4115// 5363// 5367//
f 4115// 5367// 4113//
f 4113// 5367// 4116//
f 4116// 5367// 5371//
f 4116// 5371// 4126//
f 4126// 5371// 5375//
f 4126// 5375// 4162//
f 5379// 4226// 5375//
f 5375// 4226// 4193//
f 5375// 4193// 4162//
f 5376// 5372// 4331//
f 4331// 4325// 5376//
f 5376// 4325// 4252//
f 5376// 4252// 5379//
f 5379// 4252// 4239//
f 5379// 4239// 4226//
f 4326// 4330// 5364//
f 5364// 4330// 4333//
f 5364// 4333// 5368//
f 5368// 4333// 4339//
f 5368// 4339// 5372//
f 5372// 4339// 4332//
f 5372// 4332// 4331//
f 3888// 3830// 3832//
f 3930// 5209// 3937//
f 3937// 5209// 5205//
f 3937// 5205// 3927//
f 3927// 5205// 5201//
f 3927// 5201// 3924//
f 3924// 5201// 3887//
f 3887// 5201// 5197//
f 3887// 5197// 3826//
f 3930// 3921// 5209//
f 5209// 3921// 3888//
f 5209// 3888// 5213//
f 5213// 3888// 3832//
f 5213// 3832// 5215//
f 5215// 3832// 3833//
f 5215// 3833// 5212//
f 5212// 3833// 3831//
f 5212// 3831// 5208//
f 5208// 3831// 3829//
f 5208// 3829// 5204//
f 5204// 3829// 3828//
f 5204// 3828// 5200//
f 5200// 3828// 3827//
f 5200// 3827// 5196//
f 5196// 3827// 3824//
f 5196// 3824// 5193//
f 5193// 3824// 3823//
f 5193// 3823// 5197//
f 5197// 3823// 3825//
f 5197// 3825// 3826//
f 3778// 3829// 3831//
f 3828// 3829// 3778//
f 3778// 3833// 3832//
f 3778// 3824// 3827//
f 3823// 3824// 3778//
f 3825// 3823// 3778//
f 3827// 3828// 3778//
f 3800// 3778// 3792//
f 3826// 3825// 3778//
f 3800// 3826// 3778//
f 3830// 3801// 3832//
f 3832// 3801// 3778//
f 3792// 3778// 3801//
f 3831// 3833// 3778//
f 3886// 3819// 3821//
f 3929// 5090// 3936//
f 3936// 5090// 5085//
f 3936// 5085// 3926//
f 3926// 5085// 5073//
f 3926// 5073// 3923//
f 3923// 5073// 3885//
f 3885// 5073// 5067//
f 3885// 5067// 3815//
f 3929// 3920// 5090//
f 5090// 3920// 3886//
f 5090// 3886// 5092//
f 5092// 3886// 3821//
f 5092// 3821// 5093//
f 5093// 3821// 3822//
f 5093// 3822// 5091//
f 5091// 3822// 3820//
f 5091// 3820// 5089//
f 5089// 3820// 3818//
f 5089// 3818// 5084//
f 5084// 3818// 3817//
f 5084// 3817// 5072//
f 5072// 3817// 3816//
f 5072// 3816// 5066//
f 5066// 3816// 3813//
f 5066// 3813// 5059//
f 5059// 3813// 3812//
f 5059// 3812// 5067//
f 5067// 3812// 3814//
f 5067// 3814// 3815//
f 3777// 3818// 3820//
f 3817// 3818// 3777//
f 3777// 3822// 3821//
f 3777// 3813// 3816//
f 3812// 3813// 3777//
f 3814// 3812// 3777//
f 3816// 3817// 3777//
f 3798// 3777// 3791//
f 3815// 3814// 3777//
f 3798// 3815// 3777//
f 3819// 3799// 3821//
f 3821// 3799// 3777//
f 3791// 3777// 3799//
f 3820// 3822// 3777//
f 3779// 3840// 3842//
f 3839// 3840// 3779//
f 3779// 3844// 3843//
f 3779// 3835// 3838//
f 3834// 3835// 3779//
f 3836// 3834// 3779//
f 3838// 3839// 3779//
f 3802// 3779// 3793//
f 3837// 3836// 3779//
f 3802// 3837// 3779//
f 3841// 3803// 3843//
f 3843// 3803// 3779//
f 3793// 3779// 3803//
f 3842// 3844// 3779//
f 3890// 3841// 3843//
f 3931// 5374// 3938//
f 3938// 5374// 5370//
f 3938// 5370// 3928//
f 3928// 5370// 5366//
f 3928// 5366// 3925//
f 3925// 5366// 3889//
f 3889// 5366// 5362//
f 3889// 5362// 3837//
f 3931// 3922// 5374//
f 5374// 3922// 3890//
f 5374// 3890// 5378//
f 5378// 3890// 3843//
f 5378// 3843// 5380//
f 5380// 3843// 3844//
f 5380// 3844// 5377//
f 5377// 3844// 3842//
f 5377// 3842// 5373//
f 5373// 3842// 3840//
f 5373// 3840// 5369//
f 5369// 3840// 3839//
f 5369// 3839// 5365//
f 5365// 3839// 3838//
f 5365// 3838// 5361//
f 5361// 3838// 3835//
f 5361// 3835// 5358//
f 5358// 3835// 3834//
f 5358// 3834// 5362//
f 5362// 3834// 3836//
f 5362// 3836// 3837//
f 957// 852// 285//
f 427// 1196// 1170//
f 1170// 1126// 427//
f 427// 1126// 1038//
f 427// 1038// 285//
f 285// 1038// 1002//
f 285// 1002// 957//
f 837// 836// 270//
f 270// 836// 835//
f 835// 834// 270//
f 270// 834// 833//
f 270// 833// 269//
f 833// 832// 269//
f 269// 832// 831//
f 269// 831// 830//
f 830// 829// 269//
f 269// 829// 828//
f 269// 828// 827//
f 442// 1211// 1212//
f 1212// 1213// 442//
f 442// 1213// 1214//
f 442// 1214// 1215//
f 1218// 443// 1217//
f 1217// 443// 442//
f 1217// 442// 1216//
f 1216// 442// 1215//
f 1218// 1219// 443//
f 443// 1219// 1220//
f 443// 1220// 1221//
f 2368// 2333// 2380//
f 2380// 2333// 2324//
f 2380// 2324// 1046//
f 1996// 1045// 2024//
f 2024// 1045// 1046//
f 2024// 1046// 2161//
f 2161// 1046// 2324//
f 1857// 1133// 1851//
f 1851// 1133// 1122//
f 1851// 1122// 1804//
f 1804// 1122// 1070//
f 1804// 1070// 1793//
f 2369// 2381// 2222//
f 1158// 1157// 2119//
f 2119// 1157// 1997//
f 2119// 1997// 2147//
f 2147// 1997// 2025//
f 2147// 2025// 2190//
f 2190// 2025// 2162//
f 2190// 2162// 2212//
f 2212// 2162// 2327//
f 2212// 2327// 2222//
f 2222// 2327// 2334//
f 2222// 2334// 2369//
f 1728// 960// 945//
f 1728// 945// 1683//
f 1683// 945// 887//
f 1683// 887// 1672//
f 986// 985// 1746//
f 1746// 985// 1745//
f 946// 961// 1729//
f 946// 1729// 888//
f 888// 1729// 1684//
f 888// 1684// 1673//
f 846// 847// 1641//
f 1641// 847// 1642//
f 1128// 1852// 1110//
f 1110// 1852// 1841//
f 1110// 1841// 1065//
f 1065// 1841// 1794//
f 1065// 1794// 1788//
f 1992// 2004// 1040//
f 1040// 2004// 1039//
f 2005// 1993// 1151//
f 1151// 1993// 1152//
f 1991// 984// 2003//
f 2003// 984// 983//
f 941// 959// 1727//
f 941// 1727// 886//
f 886// 1727// 1680//
f 886// 1680// 1671//
f 2002// 844// 1990//
f 1990// 844// 845//
f 1732// 964// 953//
f 1732// 953// 1690//
f 1690// 953// 891//
f 1690// 891// 1676//
f 990// 989// 1995//
f 2332// 2367// 2323//
f 2323// 2367// 2379//
f 2323// 2379// 2160//
f 2160// 2379// 990//
f 2160// 990// 2023//
f 2023// 990// 1995//
f 2366// 2331// 2378//
f 2378// 2331// 2320//
f 2378// 2320// 851//
f 1994// 850// 2022//
f 2022// 850// 851//
f 2022// 851// 2159//
f 2159// 851// 2320//
f 1132// 1856// 1119//
f 1119// 1856// 1849//
f 1119// 1849// 1069//
f 1069// 1849// 1802//
f 1069// 1802// 1792//
f 1775// 1774// 1044//
f 1044// 1774// 1043//
f 1855// 1131// 1848//
f 1848// 1131// 1118//
f 1848// 1118// 1801//
f 1801// 1118// 1068//
f 1801// 1068// 1791//
f 1872// 1873// 1155//
f 1155// 1873// 1156//
f 1730// 962// 949//
f 1730// 949// 1687//
f 1687// 949// 889//
f 1687// 889// 1674//
f 988// 987// 1748//
f 1748// 987// 1747//
f 950// 963// 1731//
f 950// 1731// 890//
f 890// 1731// 1688//
f 890// 1688// 1675//
f 848// 849// 1643//
f 1643// 849// 1644//
f 1130// 1854// 1115//
f 1115// 1854// 1845//
f 1115// 1845// 1067//
f 1067// 1845// 1798//
f 1067// 1798// 1790//
f 1773// 1772// 1042//
f 1042// 1772// 1041//
f 1853// 1129// 1844//
f 1844// 1129// 1114//
f 1844// 1114// 1797//
f 1797// 1114// 1066//
f 1797// 1066// 1789//
f 1870// 1871// 1153//
f 1153// 1871// 1154//
f 1375// 1376// 345//
f 345// 1376// 346//
f 474// 475// 1345//
f 1345// 475// 1358//
f 322// 323// 1331//
f 1331// 323// 1332//
f 310// 288// 1316//
f 1316// 288// 1311//
f 320// 321// 1329//
f 1329// 321// 1330//
f 1344// 1357// 331//
f 331// 1357// 334//
f 1317// 1312// 311//
f 311// 1312// 289//
f 1294// 1293// 274//
f 274// 1293// 273//
f 1321// 1320// 1316//
f 1375// 1330// 1376//
f 1376// 1330// 1324//
f 1376// 1324// 1370//
f 1370// 1324// 1320//
f 1370// 1320// 1364//
f 1320// 1321// 1364//
f 1364// 1321// 1325//
f 1364// 1325// 1331//
f 1344// 1340// 1336//
f 1369// 1363// 1375//
f 1375// 1363// 1357//
f 1375// 1357// 1330//
f 1330// 1357// 1344//
f 1330// 1344// 1329//
f 1329// 1344// 1336//
f 1311// 1312// 1316//
f 1316// 1312// 1317//
f 1316// 1317// 1321//
f 1337// 1341// 1332//
f 1332// 1341// 1345//
f 1332// 1345// 1331//
f 1331// 1345// 1358//
f 1331// 1358// 1364//
f 1300// 1306// 1294//
f 1294// 1306// 1312//
f 1294// 1312// 1293//
f 1293// 1312// 1311//
f 1293// 1311// 1299//
f 1299// 1311// 1305//
f 1466// 1486// 490//
f 490// 1486// 491//
f 535// 519// 1503//
f 1503// 519// 1502//
f 1515// 1520// 544//
f 544// 1520// 545//
f 660// 555// 1539//
f 1539// 555// 1538//
f 1521// 1487// 665//
f 665// 1487// 664//
f 1479// 1480// 674//
f 674// 1480// 733//
f 1476// 1475// 765//
f 765// 1475// 764//
f 709// 732// 1471//
f 1471// 732// 1472//
f 692// 693// 1467//
f 1467// 693// 1468//
f 1449// 1448// 672//
f 672// 1448// 518//
f 1448// 1469// 1481//
f 1481// 1469// 1470//
f 1481// 1470// 1479//
f 1479// 1470// 1471//
f 1448// 1481// 1511//
f 1511// 1481// 1482//
f 1511// 1482// 1487//
f 1473// 1474// 1472//
f 1472// 1474// 1475//
f 1476// 1477// 1478//
f 1511// 1507// 1448//
f 1448// 1507// 1503//
f 1448// 1503// 1502//
f 1455// 1461// 1449//
f 1449// 1461// 1467//
f 1449// 1467// 1448//
f 1448// 1467// 1468//
f 1448// 1468// 1469//
f 1478// 1480// 1476//
f 1476// 1480// 1479//
f 1476// 1479// 1475//
f 1475// 1479// 1471//
f 1475// 1471// 1472//
f 1521// 1520// 1487//
f 1487// 1520// 1515//
f 1487// 1515// 1511//
f 1460// 1454// 1466//
f 1466// 1454// 1448//
f 1466// 1448// 1486//
f 1486// 1448// 1502//
f 1486// 1502// 1491//
f 1491// 1502// 1495//
f 1532// 1526// 1538//
f 1538// 1526// 1520//
f 1538// 1520// 1539//
f 1539// 1520// 1521//
f 1539// 1521// 1533//
f 1533// 1521// 1527//
f 1401// 1423// 488//
f 488// 1423// 489//
f 671// 517// 1443//
f 1443// 517// 1442//
f 690// 691// 1418//
f 1418// 691// 1424//
f 1414// 1415// 708//
f 708// 1415// 731//
f 1411// 1410// 763//
f 763// 1410// 762//
f 707// 730// 1406//
f 1406// 730// 1407//
f 688// 689// 1402//
f 1402// 689// 1403//
f 1384// 1383// 670//
f 670// 1383// 516//
f 1402// 1403// 1401//
f 1401// 1403// 1423//
f 1416// 1417// 1423//
f 1423// 1417// 1418//
f 1423// 1418// 1424//
f 1403// 1404// 1423//
f 1423// 1404// 1405//
f 1423// 1405// 1416//
f 1416// 1405// 1406//
f 1416// 1406// 1414//
f 1390// 1396// 1384//
f 1384// 1396// 1402//
f 1384// 1402// 1383//
f 1383// 1402// 1401//
f 1383// 1401// 1389//
f 1389// 1401// 1395//
f 1431// 1437// 1425//
f 1425// 1437// 1443//
f 1436// 1430// 1442//
f 1442// 1430// 1423//
f 1442// 1423// 1443//
f 1443// 1423// 1424//
f 1443// 1424// 1425//
f 1408// 1409// 1407//
f 1407// 1409// 1410//
f 1411// 1412// 1413//
f 1413// 1415// 1411//
f 1411// 1415// 1414//
f 1411// 1414// 1410//
f 1410// 1414// 1406//
f 1410// 1406// 1407//
f 1500// 1501// 405//
f 405// 1501// 406//
f 1485// 1465// 479//
f 479// 1465// 478//
f 380// 381// 1446//
f 1446// 381// 1447//
f 394// 392// 1484//
f 1484// 392// 1464//
f 1498// 1499// 403//
f 403// 1499// 404//
f 1513// 1518// 419//
f 419// 1518// 430//
f 447// 446// 1537//
f 1537// 446// 1536//
f 420// 431// 1514//
f 1514// 431// 1519//
f 1447// 1500// 1446//
f 1446// 1500// 1506//
f 1446// 1506// 1509//
f 1485// 1490// 1494//
f 1453// 1459// 1447//
f 1447// 1459// 1465//
f 1447// 1465// 1500//
f 1500// 1465// 1485//
f 1500// 1485// 1501//
f 1501// 1485// 1494//
f 1506// 1510// 1509//
f 1509// 1510// 1514//
f 1509// 1514// 1513//
f 1513// 1514// 1519//
f 1509// 1505// 1446//
f 1446// 1505// 1499//
f 1446// 1499// 1498//
f 1458// 1452// 1464//
f 1464// 1452// 1446//
f 1464// 1446// 1484//
f 1484// 1446// 1498//
f 1484// 1498// 1489//
f 1489// 1498// 1493//
f 1536// 1530// 1524//
f 1525// 1531// 1519//
f 1519// 1531// 1537//
f 1519// 1537// 1513//
f 1513// 1537// 1536//
f 1513// 1536// 1518//
f 1518// 1536// 1524//
f 760// 761// 1314//
f 1314// 761// 1347//
f 554// 728// 1295//
f 1295// 728// 1296//
f 1313// 1318// 542//
f 542// 1318// 543//
f 1334// 1333// 534//
f 534// 1333// 514//
f 1346// 1359// 486//
f 486// 1359// 487//
f 669// 515// 1378//
f 1378// 515// 1377//
f 686// 687// 1354//
f 1354// 687// 1360//
f 1350// 1351// 706//
f 706// 1351// 729//
f 1342// 1353// 1346//
f 1346// 1353// 1354//
f 1346// 1354// 1359//
f 1359// 1354// 1360//
f 1351// 1322// 1349//
f 1349// 1322// 1318//
f 1349// 1318// 1348//
f 1313// 1314// 1318//
f 1318// 1314// 1347//
f 1318// 1347// 1348//
f 1351// 1350// 1322//
f 1322// 1350// 1352//
f 1322// 1352// 1326//
f 1326// 1352// 1353//
f 1326// 1353// 1334//
f 1342// 1338// 1353//
f 1353// 1338// 1333//
f 1353// 1333// 1334//
f 1302// 1308// 1296//
f 1296// 1308// 1314//
f 1296// 1314// 1295//
f 1295// 1314// 1313//
f 1295// 1313// 1301//
f 1301// 1313// 1307//
f 1371// 1365// 1377//
f 1377// 1365// 1359//
f 1377// 1359// 1378//
f 1378// 1359// 1360//
f 1378// 1360// 1372//
f 1372// 1360// 1366//
f 1422// 1400// 477//
f 477// 1400// 476//
f 350// 351// 1381//
f 1381// 351// 1382//
f 1440// 1441// 376//
f 376// 1441// 377//
f 1399// 1421// 362//
f 362// 1421// 365//
f 1422// 1421// 1400//
f 1400// 1421// 1399//
f 1434// 1428// 1440//
f 1440// 1428// 1421//
f 1440// 1421// 1441//
f 1441// 1421// 1422//
f 1441// 1422// 1435//
f 1435// 1422// 1429//
f 1388// 1394// 1382//
f 1382// 1394// 1400//
f 1382// 1400// 1381//
f 1381// 1400// 1399//
f 1381// 1399// 1387//
f 1387// 1399// 1393//
f 330// 333// 1343//
f 1343// 333// 1356//
f 1328// 1327// 319//
f 319// 1327// 318//
f 1315// 1310// 309//
f 309// 1310// 287//
f 271// 272// 1291//
f 1291// 272// 1292//
f 1309// 1355// 286//
f 286// 1355// 332//
f 1373// 1374// 343//
f 343// 1374// 344//
f 1367// 1361// 1355//
f 1373// 1367// 1315//
f 1315// 1367// 1355//
f 1315// 1355// 1310//
f 1310// 1355// 1309//
f 1315// 1319// 1373//
f 1373// 1319// 1323//
f 1373// 1323// 1374//
f 1374// 1323// 1327//
f 1298// 1304// 1292//
f 1292// 1304// 1310//
f 1292// 1310// 1291//
f 1291// 1310// 1309//
f 1291// 1309// 1297//
f 1297// 1309// 1303//
f 1335// 1339// 1328//
f 1328// 1339// 1343//
f 1362// 1368// 1356//
f 1356// 1368// 1374//
f 1356// 1374// 1343//
f 1343// 1374// 1327//
f 1343// 1327// 1328//
f 1420// 1398// 364//
f 364// 1398// 361//
f 348// 349// 1379//
f 1379// 349// 1380//
f 1397// 1419// 360//
f 360// 1419// 363//
f 1438// 1439// 374//
f 374// 1439// 375//
f 1420// 1419// 1398//
f 1398// 1419// 1397//
f 1432// 1426// 1438//
f 1438// 1426// 1419//
f 1438// 1419// 1439//
f 1439// 1419// 1420//
f 1439// 1420// 1433//
f 1433// 1420// 1427//
f 1386// 1392// 1380//
f 1380// 1392// 1398//
f 1380// 1398// 1379//
f 1379// 1398// 1397//
f 1379// 1397// 1385//
f 1385// 1397// 1391//
f 1462// 1516// 390//
f 390// 1516// 428//
f 1534// 1535// 444//
f 444// 1535// 445//
f 418// 429// 1512//
f 1512// 429// 1517//
f 402// 401// 1497//
f 1497// 401// 1496//
f 1483// 1463// 393//
f 393// 1463// 391//
f 378// 379// 1444//
f 1444// 379// 1445//
f 1445// 1496// 1444//
f 1444// 1496// 1504//
f 1444// 1504// 1450//
f 1450// 1504// 1508//
f 1450// 1508// 1456//
f 1456// 1508// 1462//
f 1462// 1508// 1516//
f 1516// 1508// 1512//
f 1516// 1512// 1517//
f 1483// 1488// 1492//
f 1451// 1457// 1445//
f 1445// 1457// 1463//
f 1445// 1463// 1496//
f 1496// 1463// 1483//
f 1496// 1483// 1497//
f 1497// 1483// 1492//
f 1528// 1522// 1534//
f 1534// 1522// 1516//
f 1534// 1516// 1535//
f 1535// 1516// 1517//
f 1535// 1517// 1529//
f 1529// 1517// 1523//
f 688// 1402// 684//
f 684// 1402// 1396//
f 684// 1396// 680//
f 680// 1396// 1390//
f 680// 1390// 676//
f 676// 1390// 1384//
f 676// 1384// 670//
f 686// 1354// 694//
f 694// 1354// 1353//
f 694// 1353// 698//
f 698// 1353// 1352//
f 698// 1352// 702//
f 702// 1352// 1350//
f 702// 1350// 706//
f 669// 1378// 1372//
f 669// 1372// 675//
f 675// 1372// 1366//
f 675// 1366// 679//
f 1360// 687// 1366//
f 1366// 687// 683//
f 1366// 683// 679//
f 707// 1406// 1405//
f 707// 1405// 703//
f 703// 1405// 1404//
f 703// 1404// 699//
f 699// 1404// 695//
f 695// 1404// 1403//
f 695// 1403// 689//
f 690// 1418// 696//
f 696// 1418// 1417//
f 696// 1417// 700//
f 700// 1417// 1416//
f 700// 1416// 704//
f 704// 1416// 1414//
f 704// 1414// 708//
f 671// 1443// 1437//
f 671// 1437// 673//
f 673// 1437// 1431//
f 673// 1431// 678//
f 678// 1431// 1425//
f 678// 1425// 682//
f 682// 1425// 1424//
f 682// 1424// 691//
f 692// 1467// 685//
f 685// 1467// 1461//
f 685// 1461// 681//
f 681// 1461// 1455//
f 681// 1455// 677//
f 677// 1455// 1449//
f 677// 1449// 672//
f 709// 1471// 1470//
f 709// 1470// 705//
f 705// 1470// 1469//
f 705// 1469// 701//
f 701// 1469// 697//
f 697// 1469// 1468//
f 697// 1468// 693//
f 660// 1539// 1533//
f 660// 1533// 661//
f 661// 1533// 1527//
f 661// 1527// 662//
f 1521// 665// 1527//
f 1527// 665// 663//
f 1527// 663// 662//
f 664// 1487// 666//
f 666// 1487// 1482//
f 666// 1482// 667//
f 667// 1482// 1481//
f 667// 1481// 668//
f 668// 1481// 1479//
f 668// 1479// 674//
f 402// 1497// 398//
f 398// 1497// 1492//
f 398// 1492// 395//
f 395// 1492// 1488//
f 395// 1488// 393//
f 393// 1488// 1483//
f 330// 1343// 328//
f 328// 1343// 1339//
f 328// 1339// 324//
f 324// 1339// 1335//
f 324// 1335// 319//
f 319// 1335// 1328//
f 1496// 401// 407//
f 1496// 407// 1504//
f 1504// 407// 411//
f 1504// 411// 1508//
f 1508// 411// 418//
f 1508// 418// 1512//
f 1315// 309// 312//
f 1315// 312// 1319//
f 1319// 312// 315//
f 1319// 315// 1323//
f 1323// 315// 318//
f 1323// 318// 1327//
f 1317// 311// 314//
f 1317// 314// 1321//
f 1321// 314// 317//
f 1321// 317// 1325//
f 1325// 317// 322//
f 1325// 322// 1331//
f 1500// 405// 409//
f 1500// 409// 1506//
f 1506// 409// 413//
f 1506// 413// 1510//
f 1510// 413// 420//
f 1510// 420// 1514//
f 518// 1448// 1454//
f 518// 1454// 512//
f 512// 1454// 1460//
f 512// 1460// 502//
f 502// 1460// 496//
f 496// 1460// 1466//
f 496// 1466// 490//
f 535// 1503// 1507//
f 535// 1507// 537//
f 537// 1507// 1511//
f 537// 1511// 539//
f 1515// 544// 1511//
f 1511// 544// 541//
f 1511// 541// 539//
f 545// 1520// 547//
f 547// 1520// 1526//
f 547// 1526// 549//
f 549// 1526// 1532//
f 549// 1532// 551//
f 551// 1532// 1538//
f 551// 1538// 555//
f 491// 1486// 497//
f 497// 1486// 1491//
f 497// 1491// 503//
f 503// 1491// 1495//
f 503// 1495// 513//
f 513// 1495// 1502//
f 513// 1502// 519//
f 516// 1383// 1389//
f 516// 1389// 510//
f 510// 1389// 1395//
f 510// 1395// 500//
f 500// 1395// 494//
f 494// 1395// 1401//
f 494// 1401// 488//
f 489// 1423// 495//
f 495// 1423// 1430//
f 495// 1430// 501//
f 501// 1430// 1436//
f 501// 1436// 511//
f 511// 1436// 1442//
f 511// 1442// 517//
f 554// 1295// 1301//
f 554// 1301// 550//
f 550// 1301// 1307//
f 550// 1307// 548//
f 548// 1307// 546//
f 546// 1307// 1313//
f 546// 1313// 542//
f 543// 1318// 540//
f 540// 1318// 1322//
f 540// 1322// 538//
f 538// 1322// 1326//
f 538// 1326// 536//
f 536// 1326// 1334//
f 536// 1334// 534//
f 514// 1333// 1338//
f 514// 1338// 508//
f 508// 1338// 1342//
f 508// 1342// 498//
f 498// 1342// 492//
f 492// 1342// 1346//
f 492// 1346// 486//
f 760// 1314// 754//
f 754// 1314// 1308//
f 754// 1308// 748//
f 748// 1308// 1302//
f 748// 1302// 742//
f 742// 1302// 1296//
f 742// 1296// 728//
f 487// 1359// 493//
f 493// 1359// 1365//
f 493// 1365// 499//
f 499// 1365// 1371//
f 499// 1371// 509//
f 509// 1371// 1377//
f 509// 1377// 515//
f 320// 1329// 325//
f 325// 1329// 1336//
f 325// 1336// 329//
f 329// 1336// 1340//
f 329// 1340// 331//
f 331// 1340// 1344//
f 1330// 321// 316//
f 1330// 316// 1324//
f 1324// 316// 313//
f 1324// 313// 1320//
f 1320// 313// 310//
f 1320// 310// 1316//
f 394// 1484// 396//
f 396// 1484// 1489//
f 396// 1489// 399//
f 399// 1489// 1493//
f 399// 1493// 403//
f 403// 1493// 1498//
f 1513// 419// 412//
f 1513// 412// 1509//
f 1509// 412// 408//
f 1509// 408// 1505//
f 1505// 408// 404//
f 1505// 404// 1499//
f 474// 1345// 468//
f 468// 1345// 1341//
f 1337// 327// 1341//
f 1341// 327// 462//
f 1341// 462// 468//
f 1332// 323// 1337//
f 1337// 323// 326//
f 1337// 326// 327//
f 1485// 479// 1490//
f 1490// 479// 473//
f 406// 1501// 400//
f 400// 1501// 1494//
f 400// 1494// 397//
f 397// 1494// 1490//
f 397// 1490// 467//
f 467// 1490// 473//
f 285// 852// 280//
f 280// 852// 841//
f 280// 841// 275//
f 275// 841// 839//
f 275// 839// 270//
f 270// 839// 837//
f 269// 827// 250//
f 250// 827// 838//
f 250// 838// 244//
f 244// 838// 239//
f 239// 838// 840//
f 239// 840// 216//
f 216// 840// 842//
f 216// 842// 203//
f 203// 842// 843//
f 203// 843// 173//
f 174// 1195// 1207//
f 174// 1207// 204//
f 204// 1207// 1209//
f 204// 1209// 240//
f 1211// 442// 1209//
f 1209// 442// 249//
f 1209// 249// 240//
f 443// 1221// 437//
f 437// 1221// 1210//
f 437// 1210// 432//
f 432// 1210// 1208//
f 432// 1208// 427//
f 427// 1208// 1196//
f 380// 1446// 384//
f 384// 1446// 1452//
f 384// 1452// 389//
f 389// 1452// 1458//
f 389// 1458// 392//
f 392// 1458// 1464//
f 478// 1465// 472//
f 472// 1465// 1459//
f 1453// 386// 1459//
f 1459// 386// 464//
f 1459// 464// 472//
f 1447// 381// 1453//
f 1453// 381// 385//
f 1453// 385// 386//
f 271// 1291// 276//
f 276// 1291// 1297//
f 276// 1297// 281//
f 281// 1297// 1303//
f 281// 1303// 286//
f 286// 1303// 1309//
f 332// 1355// 335//
f 335// 1355// 1361//
f 335// 1361// 339//
f 339// 1361// 1367//
f 339// 1367// 343//
f 343// 1367// 1373//
f 344// 1374// 340//
f 340// 1374// 1368//
f 340// 1368// 336//
f 336// 1368// 1362//
f 336// 1362// 333//
f 333// 1362// 1356//
f 378// 1444// 382//
f 382// 1444// 1450//
f 382// 1450// 387//
f 387// 1450// 1456//
f 387// 1456// 390//
f 390// 1456// 1462//
f 391// 1463// 388//
f 388// 1463// 1457//
f 388// 1457// 383//
f 383// 1457// 1451//
f 383// 1451// 379//
f 379// 1451// 1445//
f 350// 1381// 354//
f 354// 1381// 1387//
f 354// 1387// 359//
f 359// 1387// 1393//
f 359// 1393// 362//
f 362// 1393// 1399//
f 365// 1421// 368//
f 368// 1421// 1428//
f 368// 1428// 372//
f 372// 1428// 1434//
f 372// 1434// 376//
f 376// 1434// 1440//
f 1422// 477// 1429//
f 1429// 477// 471//
f 377// 1441// 373//
f 373// 1441// 1435//
f 373// 1435// 369//
f 369// 1435// 1429//
f 369// 1429// 466//
f 466// 1429// 471//
f 476// 1400// 470//
f 470// 1400// 1394//
f 1388// 356// 1394//
f 1394// 356// 463//
f 1394// 463// 470//
f 1382// 351// 1388//
f 1388// 351// 355//
f 1388// 355// 356//
f 348// 1379// 352//
f 352// 1379// 1385//
f 352// 1385// 357//
f 357// 1385// 1391//
f 357// 1391// 360//
f 360// 1391// 1397//
f 363// 1419// 366//
f 366// 1419// 1426//
f 366// 1426// 370//
f 370// 1426// 1432//
f 370// 1432// 374//
f 374// 1432// 1438//
f 375// 1439// 371//
f 371// 1439// 1433//
f 371// 1433// 367//
f 367// 1433// 1427//
f 367// 1427// 364//
f 364// 1427// 1420//
f 361// 1398// 358//
f 358// 1398// 1392//
f 358// 1392// 353//
f 353// 1392// 1386//
f 353// 1386// 349//
f 349// 1386// 1380//
f 334// 1357// 337//
f 337// 1357// 1363//
f 337// 1363// 341//
f 341// 1363// 1369//
f 341// 1369// 345//
f 345// 1369// 1375//
f 1358// 475// 1364//
f 1364// 475// 469//
f 346// 1376// 342//
f 342// 1376// 1370//
f 342// 1370// 338//
f 338// 1370// 1364//
f 338// 1364// 465//
f 465// 1364// 469//
f 428// 1516// 433//
f 433// 1516// 1522//
f 433// 1522// 438//
f 438// 1522// 1528//
f 438// 1528// 444//
f 444// 1528// 1534//
f 447// 1537// 441//
f 441// 1537// 1531//
f 441// 1531// 436//
f 436// 1531// 1525//
f 436// 1525// 431//
f 431// 1525// 1519//
f 289// 1312// 284//
f 284// 1312// 1306//
f 284// 1306// 279//
f 279// 1306// 1300//
f 279// 1300// 274//
f 274// 1300// 1294//
f 430// 1518// 435//
f 435// 1518// 1524//
f 435// 1524// 440//
f 440// 1524// 1530//
f 440// 1530// 446//
f 446// 1530// 1536//
f 273// 1293// 278//
f 278// 1293// 1299//
f 278// 1299// 283//
f 283// 1299// 1305//
f 283// 1305// 288//
f 288// 1305// 1311//
f 287// 1310// 282//
f 282// 1310// 1304//
f 282// 1304// 277//
f 277// 1304// 1298//
f 277// 1298// 272//
f 272// 1298// 1292//
f 445// 1535// 439//
f 439// 1535// 1529//
f 439// 1529// 434//
f 434// 1529// 1523//
f 434// 1523// 429//
f 429// 1523// 1517//
f 733// 1480// 1478//
f 733// 1478// 747//
f 747// 1478// 1477//
f 747// 1477// 753//
f 1476// 765// 1477//
f 1477// 765// 759//
f 1477// 759// 753//
f 764// 1475// 758//
f 758// 1475// 1474//
f 758// 1474// 752//
f 752// 1474// 1473//
f 752// 1473// 746//
f 746// 1473// 1472//
f 746// 1472// 732//
f 731// 1415// 1413//
f 731// 1413// 745//
f 745// 1413// 1412//
f 745// 1412// 751//
f 1411// 763// 1412//
f 1412// 763// 757//
f 1412// 757// 751//
f 762// 1410// 756//
f 756// 1410// 1409//
f 756// 1409// 750//
f 750// 1409// 1408//
f 750// 1408// 744//
f 744// 1408// 1407//
f 744// 1407// 730//
f 729// 1351// 1349//
f 729// 1349// 743//
f 743// 1349// 1348//
f 743// 1348// 749//
f 1347// 761// 1348//
f 1348// 761// 755//
f 1348// 755// 749//
f 1069// 1792// 1061//
f 1061// 1792// 1786//
f 1061// 1786// 1053//
f 1053// 1786// 1779//
f 1053// 1779// 1044//
f 1044// 1779// 1775//
f 1067// 1790// 1059//
f 1059// 1790// 1784//
f 1059// 1784// 1051//
f 1051// 1784// 1777//
f 1051// 1777// 1042//
f 1042// 1777// 1773//
f 1057// 1065// 1788//
f 1788// 1782// 1057//
f 1057// 1782// 1780//
f 1057// 1780// 1049//
f 1049// 1780// 1889//
f 1049// 1889// 1040//
f 1040// 1889// 1963//
f 1040// 1963// 1992//
f 988// 1748// 980//
f 980// 1748// 1744//
f 980// 1744// 972//
f 972// 1744// 1738//
f 972// 1738// 963//
f 963// 1738// 1731//
f 986// 1746// 978//
f 978// 1746// 1742//
f 978// 1742// 970//
f 970// 1742// 1736//
f 970// 1736// 961//
f 961// 1736// 1729//
f 968// 976// 1888//
f 1888// 976// 1964//
f 1964// 976// 984//
f 1964// 984// 1991//
f 1888// 1740// 968//
f 968// 1740// 1734//
f 968// 1734// 959//
f 959// 1734// 1727//
f 1062// 1054// 1891//
f 1891// 1054// 1973//
f 1973// 1054// 1045//
f 1973// 1045// 1996//
f 1891// 1781// 1062//
f 1062// 1781// 1787//
f 1062// 1787// 1070//
f 1070// 1787// 1793//
f 1043// 1774// 1052//
f 1052// 1774// 1778//
f 1052// 1778// 1060//
f 1060// 1778// 1785//
f 1060// 1785// 1068//
f 1068// 1785// 1791//
f 1041// 1772// 1050//
f 1050// 1772// 1776//
f 1050// 1776// 1058//
f 1058// 1776// 1783//
f 1058// 1783// 1066//
f 1066// 1783// 1789//
f 2077// 2111// 1048//
f 2179// 2210// 1056//
f 2316// 2325// 1064//
f 1056// 2210// 1064//
f 1064// 2210// 2244//
f 1064// 2244// 2316//
f 1048// 2111// 1056//
f 1056// 2111// 2154//
f 1056// 2154// 2179//
f 1039// 2004// 1048//
f 1048// 2004// 2031//
f 1048// 2031// 2077//
f 2003// 983// 2030//
f 2030// 983// 975//
f 2030// 975// 2076//
f 2076// 975// 2110//
f 2110// 975// 2153//
f 2153// 975// 967//
f 2153// 967// 2178//
f 2322// 2315// 958//
f 958// 2315// 2243//
f 958// 2243// 967//
f 967// 2243// 2209//
f 967// 2209// 2178//
f 960// 1728// 969//
f 969// 1728// 1735//
f 969// 1735// 977//
f 977// 1735// 1741//
f 977// 1741// 985//
f 985// 1741// 1745//
f 962// 1730// 971//
f 971// 1730// 1737//
f 971// 1737// 979//
f 979// 1737// 1743//
f 979// 1743// 987//
f 987// 1743// 1747//
f 1995// 989// 982//
f 1995// 982// 1899//
f 1899// 982// 974//
f 1899// 974// 1886//
f 964// 1732// 966//
f 966// 1732// 1733//
f 966// 1733// 974//
f 974// 1733// 1739//
f 974// 1739// 1886//
f 2480// 2484// 973//
f 2567// 2572// 965//
f 973// 2484// 965//
f 965// 2484// 2513//
f 965// 2513// 2567//
f 981// 990// 2379//
f 2379// 2437// 981//
f 981// 2437// 2452//
f 981// 2452// 973//
f 973// 2452// 2466//
f 973// 2466// 2480//
f 2380// 1046// 1047//
f 2380// 1047// 2438//
f 2438// 1047// 1055//
f 2438// 1055// 2467//
f 2467// 1055// 2481//
f 2481// 1055// 1063//
f 2481// 1063// 2514//
f 1071// 2573// 1063//
f 1063// 2573// 2568//
f 1063// 2568// 2514//
f 2075// 2109// 856//
f 2177// 2208// 869//
f 2314// 2321// 885//
f 869// 2208// 885//
f 885// 2208// 2242//
f 885// 2242// 2314//
f 856// 2109// 869//
f 869// 2109// 2152//
f 869// 2152// 2177//
f 844// 2002// 856//
f 856// 2002// 2029//
f 856// 2029// 2075//
f 2005// 1151// 2032//
f 2032// 1151// 1143//
f 2032// 1143// 2078//
f 2078// 1143// 2112//
f 2112// 1143// 2155//
f 2155// 1143// 1135//
f 2155// 1135// 2180//
f 2326// 2317// 1127//
f 1127// 2317// 2245//
f 1127// 2245// 1135//
f 1135// 2245// 2211//
f 1135// 2211// 2180//
f 1136// 1144// 1890//
f 1890// 1144// 1965//
f 1965// 1144// 1152//
f 1965// 1152// 1993//
f 1890// 1865// 1136//
f 1136// 1865// 1858//
f 1136// 1858// 1128//
f 1128// 1858// 1852//
f 1129// 1853// 1137//
f 1137// 1853// 1859//
f 1137// 1859// 1145//
f 1145// 1859// 1866//
f 1145// 1866// 1153//
f 1153// 1866// 1870//
f 1154// 1871// 1146//
f 1146// 1871// 1867//
f 1146// 1867// 1138//
f 1138// 1867// 1860//
f 1138// 1860// 1130//
f 1130// 1860// 1854//
f 1141// 1133// 1857//
f 1857// 1863// 1141//
f 1141// 1863// 1864//
f 1141// 1864// 1149//
f 1149// 1864// 1892//
f 1149// 1892// 1157//
f 1157// 1892// 1972//
f 1157// 1972// 1997//
f 2482// 2485// 1142//
f 2569// 2574// 1134//
f 1142// 2485// 1134//
f 1134// 2485// 2515//
f 1134// 2515// 2569//
f 2115// 1150// 2117//
f 2117// 1150// 1158//
f 2117// 1158// 2119//
f 2115// 2118// 1150//
f 1150// 2118// 2146//
f 1150// 2146// 2156//
f 2189// 2203// 2453//
f 2156// 2189// 1150//
f 1150// 2189// 2453//
f 1150// 2453// 1142//
f 1142// 2453// 2468//
f 1142// 2468// 2482//
f 2203// 2213// 2453//
f 2453// 2213// 2223//
f 2453// 2223// 2439//
f 2439// 2223// 2241//
f 2439// 2241// 2381//
f 2381// 2241// 2240//
f 2381// 2240// 2222//
f 1131// 1855// 1139//
f 1139// 1855// 1861//
f 1139// 1861// 1147//
f 1147// 1861// 1868//
f 1147// 1868// 1155//
f 1155// 1868// 1872//
f 1156// 1873// 1148//
f 1148// 1873// 1869//
f 1148// 1869// 1140//
f 1140// 1869// 1862//
f 1140// 1862// 1132//
f 1132// 1862// 1856//
f 877// 886// 1671//
f 1671// 1665// 877//
f 877// 1665// 1657//
f 877// 1657// 864//
f 864// 1657// 1897//
f 864// 1897// 853//
f 853// 1897// 1990//
f 853// 1990// 845//
f 846// 1641// 857//
f 857// 1641// 1651//
f 857// 1651// 870//
f 870// 1651// 1661//
f 870// 1661// 887//
f 887// 1661// 1672//
f 888// 1673// 871//
f 871// 1673// 1662//
f 871// 1662// 858//
f 858// 1662// 1652//
f 858// 1652// 847//
f 847// 1652// 1642//
f 1676// 891// 1666//
f 1666// 891// 878//
f 1666// 878// 1658//
f 1658// 878// 865//
f 1658// 865// 1885//
f 1885// 865// 854//
f 1885// 854// 1898//
f 1898// 854// 850//
f 1898// 850// 1994//
f 2378// 851// 2436//
f 2436// 851// 861//
f 2436// 861// 2451//
f 2451// 861// 2465//
f 2465// 861// 874//
f 2465// 874// 2479//
f 2571// 2566// 892//
f 892// 2566// 2512//
f 892// 2512// 874//
f 874// 2512// 2483//
f 874// 2483// 2479//
f 848// 1643// 859//
f 859// 1643// 1653//
f 859// 1653// 872//
f 872// 1653// 1663//
f 872// 1663// 889//
f 889// 1663// 1674//
f 890// 1675// 873//
f 873// 1675// 1664//
f 873// 1664// 860//
f 860// 1664// 1654//
f 860// 1654// 849//
f 849// 1654// 1644//
f 1761// 1014// 1763//
f 1763// 1014// 1018//
f 1763// 1018// 1765//
f 1765// 1018// 1022//
f 1765// 1022// 1766//
f 1766// 1022// 1025//
f 1766// 1025// 1764//
f 1764// 1025// 1021//
f 1764// 1021// 1762//
f 1762// 1021// 1017//
f 1762// 1017// 1760//
f 1760// 1017// 1013//
f 1760// 1013// 1758//
f 1758// 1013// 1009//
f 1758// 1009// 1756//
f 1756// 1009// 1005//
f 1756// 1005// 1755//
f 1755// 1005// 1003//
f 1755// 1003// 1757//
f 1757// 1003// 1006//
f 1757// 1006// 1759//
f 1759// 1006// 1010//
f 1759// 1010// 1761//
f 1761// 1010// 1014//
f 1668// 880// 1670//
f 1670// 880// 884//
f 1670// 884// 1678//
f 1678// 884// 896//
f 1678// 896// 1679//
f 1679// 896// 897//
f 1679// 897// 1677//
f 1677// 897// 895//
f 1677// 895// 1669//
f 1669// 895// 883//
f 1669// 883// 1667//
f 1667// 883// 879//
f 1667// 879// 1659//
f 1659// 879// 866//
f 1659// 866// 1655//
f 1655// 866// 862//
f 1655// 862// 1650//
f 1650// 862// 855//
f 1650// 855// 1656//
f 1656// 855// 863//
f 1656// 863// 1660//
f 1660// 863// 867//
f 1660// 867// 1668//
f 1668// 867// 880//
f 2113// 1181// 1177//
f 2113// 1177// 2103//
f 2103// 1177// 1173//
f 2103// 1173// 2067//
f 1171// 2000// 1173//
f 1173// 2000// 2033//
f 1173// 2033// 2067//
f 1174// 1178// 1895//
f 1895// 1901// 1174//
f 1174// 1901// 1974//
f 1174// 1974// 1171//
f 1171// 1974// 1986//
f 1171// 1986// 2000//
f 1186// 1894// 1182//
f 1182// 1894// 1887//
f 1182// 1887// 1178//
f 1178// 1887// 1893//
f 1178// 1893// 1895//
f 1190// 1900// 1186//
f 1186// 1900// 1896//
f 1186// 1896// 1894//
f 1193// 1987// 1190//
f 1190// 1987// 1975//
f 1190// 1975// 1900//
f 1185// 2068// 1189//
f 1189// 2068// 2026//
f 1189// 2026// 1193//
f 1193// 2026// 2001//
f 1193// 2001// 1987//
f 2113// 2116// 1181//
f 1181// 2116// 2114//
f 1181// 2114// 1185//
f 1185// 2114// 2104//
f 1185// 2104// 2068//
f 2338// 2396// 2395//
f 2296// 1012// 2289//
f 2289// 1012// 1016//
f 2289// 1016// 2299//
f 2299// 1016// 1020//
f 2299// 1020// 2302//
f 2302// 1020// 2339//
f 2339// 1020// 1024//
f 2339// 1024// 2400//
f 2296// 2305// 1012//
f 1012// 2305// 2338//
f 1012// 2338// 1008//
f 1008// 2338// 2395//
f 1008// 2395// 1004//
f 1004// 2395// 2393//
f 1004// 2393// 1007//
f 1007// 2393// 2394//
f 1007// 2394// 1011//
f 1011// 2394// 2397//
f 1011// 2397// 1015//
f 1015// 2397// 2398//
f 1015// 2398// 1019//
f 1019// 2398// 2399//
f 1019// 2399// 1023//
f 1023// 2399// 2401//
f 1023// 2401// 1026//
f 1026// 2401// 2403//
f 1026// 2403// 1024//
f 1024// 2403// 2402//
f 1024// 2402// 2400//
f 2448// 2401// 2399//
f 2403// 2401// 2448//
f 2402// 2403// 2448//
f 2448// 2397// 2394//
f 2398// 2397// 2448//
f 2399// 2398// 2448//
f 2448// 2393// 2395//
f 2426// 2448// 2434//
f 2400// 2402// 2448//
f 2426// 2400// 2448//
f 2396// 2425// 2395//
f 2395// 2425// 2448//
f 2434// 2448// 2425//
f 2394// 2393// 2448//
f 2336// 2385// 2384//
f 2295// 882// 2288//
f 2288// 882// 894//
f 2288// 894// 2298//
f 2298// 894// 899//
f 2298// 899// 2301//
f 2301// 899// 2337//
f 2337// 899// 901//
f 2337// 901// 2389//
f 2295// 2304// 882//
f 882// 2304// 2336//
f 882// 2336// 876//
f 876// 2336// 2384//
f 876// 2384// 868//
f 868// 2384// 2382//
f 868// 2382// 875//
f 875// 2382// 2383//
f 875// 2383// 881//
f 881// 2383// 2386//
f 881// 2386// 893//
f 893// 2386// 2387//
f 893// 2387// 898//
f 898// 2387// 2388//
f 898// 2388// 900//
f 900// 2388// 2390//
f 900// 2390// 902//
f 902// 2390// 2392//
f 902// 2392// 901//
f 901// 2392// 2391//
f 901// 2391// 2389//
f 2447// 2390// 2388//
f 2392// 2390// 2447//
f 2391// 2392// 2447//
f 2447// 2386// 2383//
f 2387// 2386// 2447//
f 2388// 2387// 2447//
f 2447// 2382// 2384//
f 2424// 2447// 2433//
f 2389// 2391// 2447//
f 2424// 2389// 2447//
f 2385// 2423// 2384//
f 2384// 2423// 2447//
f 2433// 2447// 2423//
f 2383// 2382// 2447//
f 2340// 2407// 2406//
f 2297// 1180// 2290//
f 2290// 1180// 1184//
f 2290// 1184// 2300//
f 2300// 1184// 1188//
f 2300// 1188// 2303//
f 2303// 1188// 2341//
f 2341// 1188// 1192//
f 2341// 1192// 2411//
f 2297// 2306// 1180//
f 1180// 2306// 2340//
f 1180// 2340// 1176//
f 1176// 2340// 2406//
f 1176// 2406// 1172//
f 1172// 2406// 2404//
f 1172// 2404// 1175//
f 1175// 2404// 2405//
f 1175// 2405// 1179//
f 1179// 2405// 2408//
f 1179// 2408// 1183//
f 1183// 2408// 2409//
f 1183// 2409// 1187//
f 1187// 2409// 2410//
f 1187// 2410// 1191//
f 1191// 2410// 2412//
f 1191// 2412// 1194//
f 1194// 2412// 2414//
f 1194// 2414// 1192//
f 1192// 2414// 2413//
f 1192// 2413// 2411//
f 2449// 2412// 2410//
f 2414// 2412// 2449//
f 2413// 2414// 2449//
f 2449// 2408// 2405//
f 2409// 2408// 2449//
f 2410// 2409// 2449//
f 2449// 2404// 2406//
f 2428// 2449// 2435//
f 2411// 2413// 2449//
f 2428// 2411// 2449//
f 2407// 2427// 2406//
f 2406// 2427// 2449//
f 2435// 2449// 2427//
f 2405// 2404// 2449//
f 1922// 586// 1926//
f 1926// 586// 593//
f 1926// 593// 1930//
f 1930// 593// 597//
f 1930// 597// 1933//
f 1933// 597// 604//
f 1933// 604// 1929//
f 1929// 604// 596//
f 1929// 596// 1925//
f 1925// 596// 592//
f 1925// 592// 1921//
f 1921// 592// 585//
f 1921// 585// 1917//
f 1917// 585// 580//
f 1917// 580// 1913//
f 1913// 580// 576//
f 1913// 576// 1911//
f 1911// 576// 570//
f 1911// 570// 1914//
f 1914// 570// 577//
f 1914// 577// 1918//
f 1918// 577// 581//
f 1918// 581// 1922//
f 1922// 581// 586//
f 587// 299// 601//
f 601// 299// 302//
f 601// 302// 607//
f 607// 302// 305//
f 607// 305// 610//
f 610// 305// 308//
f 610// 308// 606//
f 606// 308// 304//
f 606// 304// 600//
f 600// 304// 301//
f 600// 301// 584//
f 584// 301// 298//
f 584// 298// 572//
f 572// 298// 295//
f 572// 295// 566//
f 566// 295// 292//
f 566// 292// 564//
f 564// 292// 290//
f 564// 290// 567//
f 567// 290// 293//
f 567// 293// 573//
f 573// 293// 296//
f 573// 296// 587//
f 587// 296// 299//
f 592// 600// 585//
f 585// 600// 584//
f 585// 584// 580//
f 580// 584// 572//
f 580// 572// 576//
f 576// 572// 566//
f 576// 566// 570//
f 570// 566// 564//
f 570// 564// 577//
f 577// 564// 567//
f 577// 567// 581//
f 581// 567// 573//
f 581// 573// 586//
f 586// 573// 587//
f 586// 587// 593//
f 593// 587// 601//
f 593// 601// 597//
f 597// 601// 607//
f 597// 607// 604//
f 604// 607// 610//
f 604// 610// 596//
f 596// 610// 606//
f 596// 606// 592//
f 592// 606// 600//
f 1924// 590// 1928//
f 1928// 590// 595//
f 1928// 595// 1932//
f 1932// 595// 599//
f 1932// 599// 1934//
f 1934// 599// 605//
f 1934// 605// 1931//
f 1931// 605// 598//
f 1931// 598// 1927//
f 1927// 598// 594//
f 1927// 594// 1923//
f 1923// 594// 589//
f 1923// 589// 1919//
f 1919// 589// 582//
f 1919// 582// 1915//
f 1915// 582// 578//
f 1915// 578// 1912//
f 1912// 578// 571//
f 1912// 571// 1916//
f 1916// 571// 579//
f 1916// 579// 1920//
f 1920// 579// 583//
f 1920// 583// 1924//
f 1924// 583// 590//
f 565// 504// 569//
f 569// 504// 524//
f 569// 524// 575//
f 575// 524// 528//
f 575// 528// 591//
f 591// 528// 532//
f 591// 532// 603//
f 603// 532// 529//
f 568// 291// 565//
f 565// 291// 480//
f 565// 480// 504//
f 529// 525// 603//
f 603// 525// 505//
f 603// 505// 609//
f 609// 505// 481//
f 609// 481// 611//
f 611// 481// 307//
f 611// 307// 608//
f 608// 307// 306//
f 608// 306// 602//
f 602// 306// 303//
f 602// 303// 588//
f 588// 303// 300//
f 588// 300// 574//
f 574// 300// 297//
f 574// 297// 568//
f 568// 297// 294//
f 568// 294// 291//
f 599// 609// 605//
f 605// 609// 611//
f 605// 611// 598//
f 598// 611// 608//
f 598// 608// 594//
f 594// 608// 602//
f 594// 602// 589//
f 589// 602// 588//
f 589// 588// 582//
f 582// 588// 574//
f 582// 574// 578//
f 578// 574// 568//
f 578// 568// 571//
f 571// 568// 565//
f 571// 565// 579//
f 579// 565// 569//
f 579// 569// 583//
f 583// 569// 575//
f 583// 575// 590//
f 590// 575// 591//
f 590// 591// 595//
f 595// 591// 603//
f 595// 603// 599//
f 599// 603// 609//
f 1946// 634// 1950//
f 1950// 634// 641//
f 1950// 641// 1954//
f 1954// 641// 645//
f 1954// 645// 1957//
f 1957// 645// 652//
f 1957// 652// 1953//
f 1953// 652// 644//
f 1953// 644// 1949//
f 1949// 644// 640//
f 1949// 640// 1945//
f 1945// 640// 633//
f 1945// 633// 1941//
f 1941// 633// 628//
f 1941// 628// 1937//
f 1937// 628// 624//
f 1937// 624// 1935//
f 1935// 624// 618//
f 1935// 618// 1938//
f 1938// 618// 625//
f 1938// 625// 1942//
f 1942// 625// 629//
f 1942// 629// 1946//
f 1946// 629// 634//
f 649// 453// 655//
f 655// 453// 230//
f 648// 448// 632//
f 632// 448// 424//
f 632// 424// 620//
f 620// 424// 421//
f 620// 421// 614//
f 614// 421// 415//
f 614// 415// 612//
f 612// 415// 410//
f 612// 410// 615//
f 615// 410// 416//
f 615// 416// 621//
f 621// 416// 422//
f 621// 422// 635//
f 635// 422// 425//
f 635// 425// 649//
f 649// 425// 449//
f 649// 449// 453//
f 654// 229// 648//
f 648// 229// 452//
f 648// 452// 448//
f 658// 209// 654//
f 654// 209// 223//
f 654// 223// 229//
f 230// 224// 655//
f 655// 224// 210//
f 655// 210// 658//
f 658// 210// 208//
f 658// 208// 209//
f 644// 654// 640//
f 640// 654// 648//
f 640// 648// 633//
f 633// 648// 632//
f 633// 632// 628//
f 628// 632// 620//
f 628// 620// 624//
f 624// 620// 614//
f 624// 614// 618//
f 618// 614// 612//
f 618// 612// 625//
f 625// 612// 615//
f 625// 615// 629//
f 629// 615// 621//
f 629// 621// 634//
f 634// 621// 635//
f 634// 635// 641//
f 641// 635// 649//
f 641// 649// 645//
f 645// 649// 655//
f 645// 655// 652//
f 652// 655// 658//
f 652// 658// 644//
f 644// 658// 654//
f 1948// 638// 1952//
f 1952// 638// 643//
f 1952// 643// 1956//
f 1956// 643// 647//
f 1956// 647// 1958//
f 1958// 647// 653//
f 1958// 653// 1955//
f 1955// 653// 646//
f 1955// 646// 1951//
f 1951// 646// 642//
f 1951// 642// 1947//
f 1947// 642// 637//
f 1947// 637// 1943//
f 1943// 637// 630//
f 1943// 630// 1939//
f 1939// 630// 626//
f 1939// 626// 1936//
f 1936// 626// 619//
f 1936// 619// 1940//
f 1940// 619// 627//
f 1940// 627// 1944//
f 1944// 627// 631//
f 1944// 631// 1948//
f 1948// 631// 638//
f 650// 656// 248//
f 248// 656// 251//
f 251// 656// 659//
f 251// 659// 483//
f 483// 659// 657//
f 483// 657// 507//
f 507// 657// 651//
f 507// 651// 527//
f 613// 506// 617//
f 617// 506// 526//
f 617// 526// 623//
f 623// 526// 530//
f 623// 530// 639//
f 639// 530// 533//
f 639// 533// 651//
f 651// 533// 531//
f 651// 531// 527//
f 616// 414// 613//
f 613// 414// 482//
f 613// 482// 506//
f 248// 454// 650//
f 650// 454// 450//
f 650// 450// 636//
f 636// 450// 426//
f 636// 426// 622//
f 622// 426// 423//
f 622// 423// 616//
f 616// 423// 417//
f 616// 417// 414//
f 647// 657// 653//
f 653// 657// 659//
f 653// 659// 646//
f 646// 659// 656//
f 646// 656// 642//
f 642// 656// 650//
f 642// 650// 637//
f 637// 650// 636//
f 637// 636// 630//
f 630// 636// 622//
f 630// 622// 626//
f 626// 622// 616//
f 626// 616// 619//
f 619// 616// 613//
f 619// 613// 627//
f 627// 613// 617//
f 627// 617// 631//
f 631// 617// 623//
f 631// 623// 638//
f 638// 623// 639//
f 638// 639// 643//
f 643// 639// 651//
f 643// 651// 647//
f 647// 651// 657//
f 6058// 6059// 6029//
f 6058// 6029// 6028//
f 6028// 6029// 5993//
f 6028// 5993// 5992//
f 5958// 5949// 5993//
f 5993// 5949// 5981//
f 5993// 5981// 5992//
f 6132// 6084// 6092//
f 6067// 6047// 6051//
f 6029// 6059// 6065//
f 5993// 6029// 6033//
f 5958// 5997// 5969//
f 5969// 5997// 6020//
f 5969// 6020// 6003//
f 6081// 6051// 6043//
f 6043// 6051// 6020//
f 6043// 6020// 6033//
f 6033// 6020// 5997//
f 6033// 5997// 5993//
f 5993// 5997// 5958//
f 6051// 6047// 6020//
f 6020// 6047// 6012//
f 6020// 6012// 6003//
f 6029// 6065// 6033//
f 6033// 6065// 6073//
f 6033// 6073// 6043//
f 6043// 6073// 6077//
f 6043// 6077// 6081//
f 6081// 6077// 6089//
f 6081// 6089// 6099//
f 6099// 6104// 6081//
f 6081// 6104// 6092//
f 6081// 6092// 6051//
f 6051// 6092// 6084//
f 6051// 6084// 6067//
f 6104// 6132// 6092//
f 6099// 6114// 6104//
f 6104// 6114// 6132//
f 5776// 5774// 5980//
f 5980// 5774// 5990//
f 5980// 5990// 5991//
f 5991// 5990// 6016//
f 6016// 5990// 6026//
f 6016// 6026// 6027//
f 6027// 6026// 6056//
f 6027// 6056// 6057//
f 6078// 6070// 6040//
f 6100// 6086// 6074//
f 6091// 6083// 6130//
f 6091// 6130// 6103//
f 6113// 6103// 6130//
f 6100// 6074// 6113//
f 6048// 6044// 6068//
f 6113// 6074// 6103//
f 6103// 6074// 6048//
f 6103// 6048// 6091//
f 6091// 6048// 6068//
f 6091// 6068// 6083//
f 6078// 6040// 6086//
f 6017// 5998// 6013//
f 6086// 6040// 6074//
f 6074// 6040// 6017//
f 6074// 6017// 6048//
f 6048// 6017// 6013//
f 6048// 6013// 6044//
f 5774// 5998// 5990//
f 5990// 5998// 6017//
f 5990// 6017// 6026//
f 6026// 6017// 6040//
f 6026// 6040// 6056//
f 6056// 6040// 6070//
f 442// 451// 249//
f 249// 451// 241//
f 249// 241// 240//
f 240// 241// 205//
f 240// 205// 204//
f 204// 205// 175//
f 204// 175// 174//
f 205// 241// 215//
f 132// 145// 158//
f 158// 145// 191//
f 145// 154// 191//
f 191// 154// 162//
f 191// 162// 175//
f 175// 205// 191//
f 191// 205// 215//
f 191// 215// 158//
f 158// 215// 182//
f 158// 182// 129//
f 129// 182// 140//
f 129// 140// 100//
f 100// 140// 148//
f 148// 140// 182//
f 148// 182// 187//
f 187// 182// 215//
f 187// 215// 233//
f 233// 215// 241//
f 233// 241// 451//
f 132// 158// 118//
f 118// 158// 129//
f 118// 129// 100//
f 172// 202// 173//
f 173// 202// 203//
f 267// 269// 238//
f 238// 269// 250//
f 250// 244// 238//
f 238// 244// 239//
f 238// 239// 202//
f 202// 239// 216//
f 202// 216// 203//
f 98// 147// 139//
f 164// 184// 179//
f 202// 172// 166//
f 238// 202// 198//
f 267// 234// 261//
f 261// 234// 211//
f 261// 211// 225//
f 151// 179// 188//
f 188// 179// 211//
f 188// 211// 198//
f 198// 211// 234//
f 198// 234// 238//
f 238// 234// 267//
f 179// 184// 211//
f 211// 184// 218//
f 211// 218// 225//
f 202// 166// 198//
f 198// 166// 159//
f 198// 159// 188//
f 188// 159// 155//
f 188// 155// 151//
f 151// 155// 142//
f 151// 142// 133//
f 133// 128// 151//
f 151// 128// 139//
f 151// 139// 179//
f 179// 139// 147//
f 179// 147// 164//
f 128// 98// 139//
f 133// 117// 128//
f 128// 117// 98//
f 153// 161// 190//
f 131// 144// 157//
f 138// 146// 96//
f 138// 96// 127//
f 116// 127// 96//
f 131// 157// 116//
f 181// 186// 163//
f 116// 157// 127//
f 127// 157// 181//
f 127// 181// 138//
f 138// 181// 163//
f 138// 163// 146//
f 153// 190// 144//
f 214// 232// 217//
f 144// 190// 157//
f 157// 190// 214//
f 157// 214// 181//
f 181// 214// 217//
f 181// 217// 186//
f 265// 232// 237//
f 237// 232// 214//
f 237// 214// 201//
f 201// 214// 190//
f 201// 190// 169//
f 169// 190// 161//
f 169// 168// 201//
f 201// 168// 200//
f 201// 200// 237//
f 237// 200// 236//
f 237// 236// 265//
f 265// 236// 263//
f 263// 236// 520//
f 520// 236// 484//
f 520// 484// 560//
f 560// 484// 558//
f 560// 558// 792//
f 792// 558// 791//
f 236// 200// 484//
f 484// 200// 227//
f 484// 227// 558//
f 558// 227// 556//
f 558// 556// 791//
f 791// 556// 790//
f 200// 168// 227//
f 227// 168// 192//
f 227// 192// 556//
f 556// 192// 552//
f 556// 552// 790//
f 790// 552// 789//
f 789// 814// 790//
f 790// 814// 815//
f 790// 815// 791//
f 791// 815// 816//
f 791// 816// 792//
f 792// 816// 817//
f 1581// 1572// 1576//
f 1555// 1544// 1551//
f 815// 814// 819//
f 816// 815// 823//
f 817// 824// 820//
f 820// 824// 1252//
f 820// 1252// 1242//
f 1550// 1551// 1251//
f 1251// 1551// 1252//
f 1251// 1252// 823//
f 823// 1252// 824//
f 823// 824// 816//
f 816// 824// 817//
f 1551// 1544// 1252//
f 1252// 1544// 1256//
f 1252// 1256// 1242//
f 815// 819// 823//
f 823// 819// 1241//
f 823// 1241// 1251//
f 1251// 1241// 1255//
f 1251// 1255// 1550//
f 1550// 1255// 1543//
f 1550// 1543// 1554//
f 1554// 1575// 1550//
f 1550// 1575// 1576//
f 1550// 1576// 1551//
f 1551// 1576// 1572//
f 1551// 1572// 1555//
f 1575// 1581// 1576//
f 1554// 1571// 1575//
f 1575// 1571// 1581//
f 1884// 802// 801//
f 1884// 801// 1617//
f 1617// 801// 800//
f 1617// 800// 1584//
f 1584// 800// 799//
f 1584// 799// 1574//
f 797// 1568// 799//
f 799// 1568// 1570//
f 799// 1570// 1574//
f 178// 207// 193//
f 193// 207// 228//
f 193// 228// 553//
f 553// 228// 557//
f 553// 557// 802//
f 799// 800// 557//
f 557// 800// 801//
f 557// 801// 802//
f 207// 243// 228//
f 228// 243// 485//
f 228// 485// 557//
f 557// 485// 559//
f 557// 559// 799//
f 243// 459// 485//
f 485// 459// 521//
f 485// 521// 559//
f 559// 521// 562//
f 559// 562// 799//
f 799// 562// 797//
f 455// 459// 242//
f 242// 459// 243//
f 242// 243// 206//
f 206// 243// 207//
f 206// 207// 177//
f 177// 207// 178//
f 102// 149// 141//
f 165// 185// 180//
f 206// 177// 167//
f 242// 206// 199//
f 455// 235// 262//
f 262// 235// 212//
f 262// 212// 226//
f 152// 180// 189//
f 189// 180// 212//
f 189// 212// 199//
f 199// 212// 235//
f 199// 235// 242//
f 242// 235// 455//
f 180// 185// 212//
f 212// 185// 219//
f 212// 219// 226//
f 206// 167// 199//
f 199// 167// 160//
f 199// 160// 189//
f 189// 160// 156//
f 189// 156// 152//
f 152// 156// 143//
f 152// 143// 134//
f 134// 130// 152//
f 152// 130// 141//
f 152// 141// 180//
f 180// 141// 149//
f 180// 149// 165//
f 130// 102// 141//
f 134// 119// 130//
f 130// 119// 102//
f 6079// 6071// 6041//
f 6101// 6087// 6075//
f 6093// 6085// 6134//
f 6093// 6134// 6105//
f 6115// 6105// 6134//
f 6101// 6075// 6115//
f 6049// 6045// 6069//
f 6115// 6075// 6105//
f 6105// 6075// 6049//
f 6105// 6049// 6093//
f 6093// 6049// 6069//
f 6093// 6069// 6085//
f 6079// 6041// 6087//
f 6018// 5999// 6014//
f 6087// 6041// 6075//
f 6075// 6041// 6018//
f 6075// 6018// 6049//
f 6049// 6018// 6014//
f 6049// 6014// 6045//
f 5962// 5999// 5994//
f 5994// 5999// 6018//
f 5994// 6018// 6030//
f 6030// 6018// 6041//
f 6030// 6041// 6062//
f 6062// 6041// 6071//
f 5966// 5962// 5995//
f 5995// 5962// 5994//
f 5995// 5994// 6031//
f 6031// 5994// 6030//
f 6031// 6030// 6063//
f 6063// 6030// 6062//
f 5439// 5438// 5672//
f 5441// 5440// 5674//
f 5442// 5441// 5678//
f 5678// 5441// 5674//
f 5678// 5674// 6039//
f 6039// 5674// 6001//
f 6039// 6001// 6063//
f 6063// 6001// 6031//
f 5440// 5439// 5674//
f 5674// 5439// 5672//
f 5674// 5672// 6001//
f 6001// 5672// 5746//
f 6001// 5746// 6031//
f 6031// 5746// 5995//
f 5438// 5436// 5672//
f 5672// 5436// 5669//
f 5672// 5669// 5746//
f 5746// 5669// 5709//
f 5746// 5709// 5995//
f 5995// 5709// 5966//
f 4674// 5436// 4671//
f 4671// 5436// 5438//
f 4671// 5438// 4665//
f 4665// 5438// 5439//
f 4665// 5439// 4658//
f 4658// 5439// 4652//
f 5439// 5440// 4652//
f 4652// 5440// 5441//
f 4652// 5441// 4624//
f 4624// 5441// 5442//
f 4624// 5442// 4607//
f 4983// 4999// 4987//
f 4686// 4697// 4695//
f 4668// 4670// 4660//
f 4668// 4660// 4667//
f 4669// 4667// 4660//
f 4686// 4695// 4669//
f 4696// 4698// 4687//
f 4669// 4695// 4667//
f 4667// 4695// 4696//
f 4667// 4696// 4668//
f 4668// 4696// 4687//
f 4668// 4687// 4670//
f 4983// 4987// 4697//
f 4988// 5000// 4984//
f 4697// 4987// 4695//
f 4695// 4987// 4988//
f 4695// 4988// 4696//
f 4696// 4988// 4984//
f 4696// 4984// 4698//
f 5415// 5000// 5414//
f 5414// 5000// 4988//
f 5414// 4988// 5413//
f 5413// 4988// 4987//
f 5413// 4987// 5412//
f 5412// 4987// 4999//
f 5430// 5415// 5429//
f 5429// 5415// 5414//
f 5429// 5414// 5428//
f 5428// 5414// 5413//
f 5428// 5413// 5427//
f 5427// 5413// 5412//
f 6052// 6024// 6038//
f 6038// 6024// 6000//
f 6038// 6000// 5677//
f 5677// 6000// 5673//
f 5677// 5673// 5427//
f 5427// 5673// 5428//
f 6024// 5988// 6000//
f 6000// 5988// 5745//
f 6000// 5745// 5673//
f 5673// 5745// 5671//
f 5673// 5671// 5428//
f 5428// 5671// 5429//
f 5988// 5770// 5745//
f 5745// 5770// 5708//
f 5745// 5708// 5671//
f 5671// 5708// 5667//
f 5671// 5667// 5429//
f 5429// 5667// 5430//
f 5772// 5770// 5989//
f 5989// 5770// 5988//
f 5989// 5988// 6025//
f 6025// 5988// 6024//
f 6025// 6024// 6053//
f 6053// 6024// 6052//
f 6128// 6082// 6090//
f 6066// 6046// 6050//
f 6025// 6053// 6064//
f 5989// 6025// 6032//
f 5772// 5996// 5968//
f 5968// 5996// 6019//
f 5968// 6019// 6002//
f 6080// 6050// 6042//
f 6042// 6050// 6019//
f 6042// 6019// 6032//
f 6032// 6019// 5996//
f 6032// 5996// 5989//
f 5989// 5996// 5772//
f 6050// 6046// 6019//
f 6019// 6046// 6011//
f 6019// 6011// 6002//
f 6025// 6064// 6032//
f 6032// 6064// 6072//
f 6032// 6072// 6042//
f 6042// 6072// 6076//
f 6042// 6076// 6080//
f 6080// 6076// 6088//
f 6080// 6088// 6098//
f 6098// 6102// 6080//
f 6080// 6102// 6090//
f 6080// 6090// 6050//
f 6050// 6090// 6082//
f 6050// 6082// 6066//
f 6102// 6128// 6090//
f 6098// 6112// 6102//
f 6102// 6112// 6128//
f 2986// 2876// 2877//
f 810// 1232// 1273//
f 3033// 3021// 3042//
f 3042// 3021// 2986//
f 3022// 3034// 2987//
f 2987// 3034// 3043//
f 810// 1273// 784//
f 784// 1273// 1266//
f 784// 1266// 741//
f 741// 1266// 1248//
f 741// 1248// 1231//
f 811// 458// 1233//
f 1233// 458// 1961//
f 1233// 1961// 1250//
f 1960// 2098// 1273//
f 1231// 809// 741//
f 741// 809// 458//
f 741// 458// 785//
f 785// 458// 811//
f 2098// 2265// 457//
f 457// 2265// 2476//
f 457// 2476// 2877//
f 2877// 2476// 2987//
f 2877// 2987// 2986//
f 2986// 2987// 3043//
f 2986// 3043// 3042//
f 809// 783// 458//
f 458// 783// 740//
f 458// 740// 457//
f 457// 740// 782//
f 457// 782// 808//
f 808// 1230// 457//
f 457// 1230// 1247//
f 457// 1247// 2098//
f 2098// 1247// 1265//
f 2098// 1265// 1273//
f 1232// 1249// 1273//
f 1273// 1249// 1267//
f 1273// 1267// 1960//
f 1960// 1267// 1274//
f 1960// 1274// 1961//
f 1961// 1274// 1268//
f 1961// 1268// 1250//
f 5437// 3362// 3360//
f 5710// 5670// 5967//
f 5967// 5670// 5437//
f 5967// 5437// 5964//
f 5964// 5437// 3360//
f 1588// 1548// 786//
f 786// 1548// 1285//
f 786// 1285// 771//
f 771// 1285// 1270//
f 771// 1270// 458//
f 1620// 2475// 1970//
f 1970// 2475// 2377//
f 1970// 2377// 2264//
f 1270// 1286// 458//
f 458// 1286// 1549//
f 458// 1549// 1961//
f 1961// 1549// 1589//
f 1961// 1589// 1959//
f 1959// 1589// 1621//
f 1959// 1621// 2097//
f 2097// 1621// 1971//
f 2097// 1971// 2264//
f 2264// 1971// 1989//
f 2264// 1989// 1970//
f 4257// 4238// 3965//
f 3965// 4238// 4135//
f 4135// 4238// 4258//
f 4135// 4258// 4318//
f 4657// 4693// 5965//
f 5965// 4693// 4956//
f 5965// 4956// 5460//
f 5460// 4956// 4970//
f 5460// 4970// 5444//
f 5444// 4970// 4955//
f 5444// 4955// 4692//
f 3965// 3849// 4257//
f 4257// 3849// 3756//
f 4257// 3756// 4622//
f 4622// 3756// 4656//
f 5965// 4320// 4657//
f 4657// 4320// 4318//
f 4657// 4318// 4623//
f 4623// 4318// 4258//
f 1620// 1588// 2475//
f 2475// 1588// 786//
f 2475// 786// 3756//
f 3756// 786// 5444//
f 3756// 5444// 4656//
f 4656// 5444// 4692//
f 5017// 5417// 5445//
f 5444// 786// 5445//
f 5445// 786// 787//
f 1222// 1237// 1545//
f 812// 1222// 787//
f 787// 1222// 1545//
f 787// 1545// 5445//
f 5445// 1545// 4694//
f 5445// 4694// 5017//
f 5017// 4694// 5002//
f 5007// 5421// 5449//
f 5011// 5421// 5007//
f 5007// 5448// 5420//
f 5490// 5448// 5007//
f 5449// 5490// 5007//
f 5007// 4991// 4973//
f 5010// 4991// 5007//
f 5420// 5010// 5007//
f 5007// 4974// 4992//
f 4966// 4974// 5007//
f 4973// 4966// 5007//
f 4992// 5011// 5007//
f 5011// 5015// 5421//
f 5421// 5015// 5425//
f 5421// 5425// 5449//
f 5449// 5425// 5453//
f 5449// 5453// 5490//
f 5490// 5453// 5492//
f 5490// 5492// 5448//
f 5448// 5492// 5452//
f 5448// 5452// 5420//
f 5420// 5452// 5424//
f 5420// 5424// 5010//
f 5010// 5424// 5014//
f 5010// 5014// 4991//
f 4991// 5014// 4995//
f 4991// 4995// 4973//
f 4973// 4995// 4977//
f 4973// 4977// 4966//
f 4966// 4977// 4968//
f 4966// 4968// 4974//
f 4974// 4968// 4978//
f 4974// 4978// 4992//
f 4992// 4978// 4996//
f 4992// 4996// 5011//
f 5011// 4996// 5015//
f 1225// 1246// 1264//
f 1229// 1246// 1225//
f 1225// 1263// 1245//
f 1272// 1263// 1225//
f 1264// 1272// 1225//
f 1225// 806// 780//
f 1228// 806// 1225//
f 1245// 1228// 1225//
f 1225// 781// 807//
f 739// 781// 1225//
f 780// 739// 1225//
f 807// 1229// 1225//
f 1229// 1233// 1246//
f 1246// 1233// 1250//
f 1246// 1250// 1264//
f 1264// 1250// 1268//
f 1264// 1268// 1272//
f 1272// 1268// 1274//
f 1272// 1274// 1263//
f 1263// 1274// 1267//
f 1263// 1267// 1245//
f 1245// 1267// 1249//
f 1245// 1249// 1228//
f 1228// 1249// 1232//
f 1228// 1232// 806//
f 806// 1232// 810//
f 806// 810// 780//
f 780// 810// 784//
f 780// 784// 739//
f 739// 784// 741//
f 739// 741// 781//
f 781// 741// 785//
f 781// 785// 807//
f 807// 785// 811//
f 807// 811// 1229//
f 1229// 811// 1233//
f 5006// 5419// 5447//
f 5009// 5419// 5006//
f 5006// 5446// 5418//
f 5489// 5446// 5006//
f 5447// 5489// 5006//
f 5006// 4989// 4971//
f 5008// 4989// 5006//
f 5418// 5008// 5006//
f 5006// 4972// 4990//
f 4965// 4972// 5006//
f 4971// 4965// 5006//
f 4990// 5009// 5006//
f 5009// 5013// 5419//
f 5419// 5013// 5423//
f 5419// 5423// 5447//
f 5447// 5423// 5451//
f 5447// 5451// 5489//
f 5489// 5451// 5491//
f 5489// 5491// 5446//
f 5446// 5491// 5450//
f 5446// 5450// 5418//
f 5418// 5450// 5422//
f 5418// 5422// 5008//
f 5008// 5422// 5012//
f 5008// 5012// 4989//
f 4989// 5012// 4993//
f 4989// 4993// 4971//
f 4971// 4993// 4975//
f 4971// 4975// 4965//
f 4965// 4975// 4967//
f 4965// 4967// 4972//
f 4972// 4967// 4976//
f 4972// 4976// 4990//
f 4990// 4976// 4994//
f 4990// 4994// 5009//
f 5009// 4994// 5013//
f 1224// 1244// 1262//
f 1227// 1244// 1224//
f 1224// 1261// 1243//
f 1271// 1261// 1224//
f 1262// 1271// 1224//
f 1224// 804// 778//
f 1226// 804// 1224//
f 1243// 1226// 1224//
f 1224// 779// 805//
f 738// 779// 1224//
f 778// 738// 1224//
f 805// 1227// 1224//
f 1227// 1231// 1244//
f 1244// 1231// 1248//
f 1244// 1248// 1262//
f 1262// 1248// 1266//
f 1262// 1266// 1271//
f 1271// 1266// 1273//
f 1271// 1273// 1261//
f 1261// 1273// 1265//
f 1261// 1265// 1243//
f 1243// 1265// 1247//
f 1243// 1247// 1226//
f 1226// 1247// 1230//
f 1226// 1230// 804//
f 804// 1230// 808//
f 804// 808// 778//
f 778// 808// 782//
f 778// 782// 738//
f 738// 782// 740//
f 738// 740// 779//
f 779// 740// 783//
f 779// 783// 805//
f 805// 783// 809//
f 805// 809// 1227//
f 1227// 809// 1231//
f 4653// 4690// 4953//
f 4654// 4690// 4653//
f 4653// 4954// 4691//
f 4969// 4954// 4653//
f 4953// 4969// 4653//
f 4653// 4621// 4256//
f 4655// 4621// 4653//
f 4691// 4655// 4653//
f 4653// 4255// 4620//
f 4237// 4255// 4653//
f 4256// 4237// 4653//
f 4620// 4654// 4653//
f 4654// 4656// 4690//
f 4690// 4656// 4692//
f 4690// 4692// 4953//
f 4953// 4692// 4955//
f 4953// 4955// 4969//
f 4969// 4955// 4970//
f 4969// 4970// 4954//
f 4954// 4970// 4956//
f 4954// 4956// 4691//
f 4691// 4956// 4693//
f 4691// 4693// 4655//
f 4655// 4693// 4657//
f 4655// 4657// 4621//
f 4621// 4657// 4623//
f 4621// 4623// 4256//
f 4256// 4623// 4258//
f 4256// 4258// 4237//
f 4237// 4258// 4238//
f 4237// 4238// 4255//
f 4255// 4238// 4257//
f 4255// 4257// 4620//
f 4620// 4257// 4622//
f 4620// 4622// 4654//
f 4654// 4622// 4656//
f 1585// 1618// 1968//
f 1586// 1618// 1585//
f 1585// 1969// 1619//
f 1988// 1969// 1585//
f 1968// 1988// 1585//
f 1585// 1547// 1284//
f 1587// 1547// 1585//
f 1619// 1587// 1585//
f 1585// 1283// 1546//
f 1269// 1283// 1585//
f 1284// 1269// 1585//
f 1546// 1586// 1585//
f 1586// 1588// 1618//
f 1618// 1588// 1620//
f 1618// 1620// 1968//
f 1968// 1620// 1970//
f 1968// 1970// 1988//
f 1988// 1970// 1989//
f 1988// 1989// 1969//
f 1969// 1989// 1971//
f 1969// 1971// 1619//
f 1619// 1971// 1621//
f 1619// 1621// 1587//
f 1587// 1621// 1589//
f 1587// 1589// 1547//
f 1547// 1589// 1549//
f 1547// 1549// 1284//
f 1284// 1549// 1286//
f 1284// 1286// 1269//
f 1269// 1286// 1270//
f 1269// 1270// 1283//
f 1283// 1270// 1285//
f 1283// 1285// 1546//
f 1546// 1285// 1548//
f 1546// 1548// 1586//
f 1586// 1548// 1588//
f 4127// 4090// 4082//
f 4082// 4090// 4036//
f 4036// 4090// 4037//
f 4036// 4037// 4014//
f 4014// 4037// 4009//
f 4014// 4009// 4004//
f 4004// 4009// 3977//
f 4004// 3977// 3986//
f 3986// 3977// 3985//
f 3985// 3977// 3971//
f 3985// 3971// 4003//
f 4003// 3971// 3978//
f 4003// 3978// 4013//
f 4013// 3978// 4010//
f 4013// 4010// 4026//
f 4026// 4010// 4038//
f 4026// 4038// 4035//
f 4035// 4038// 4091//
f 4035// 4091// 4073//
f 4073// 4091// 4128//
f 4073// 4128// 4083//
f 4083// 4128// 4147//
f 4083// 4147// 4111//
f 4082// 4110// 4127//
f 4127// 4110// 4112//
f 4127// 4112// 4147//
f 4147// 4112// 4114//
f 4147// 4114// 4111//
f 4038// 4040// 4091//
f 4091// 4040// 4093//
f 4091// 4093// 4128//
f 4128// 4093// 4130//
f 4128// 4130// 4147//
f 4147// 4130// 4148//
f 4147// 4148// 4127//
f 4127// 4148// 4129//
f 4127// 4129// 4090//
f 4090// 4129// 4092//
f 4090// 4092// 4037//
f 4037// 4092// 4039//
f 4037// 4039// 4009//
f 4009// 4039// 4011//
f 4009// 4011// 3977//
f 3977// 4011// 3979//
f 3977// 3979// 3971//
f 3971// 3979// 3972//
f 3971// 3972// 3978//
f 3978// 3972// 3980//
f 3978// 3980// 4010//
f 4010// 3980// 4012//
f 4010// 4012// 4038//
f 4038// 4012// 4040//
f 2099// 2081// 2115//
f 2115// 2081// 2118//
f 2118// 2081// 2100//
f 2118// 2100// 2146//
f 2146// 2100// 2137//
f 2146// 2137// 2156//
f 2156// 2137// 2192//
f 2156// 2192// 2189//
f 2189// 2192// 2215//
f 2189// 2215// 2203//
f 2203// 2215// 2247//
f 2203// 2247// 2213//
f 2213// 2247// 2254//
f 2213// 2254// 2223//
f 2246// 2240// 2254//
f 2254// 2240// 2241//
f 2254// 2241// 2223//
f 2115// 2117// 2099//
f 2099// 2117// 2119//
f 2099// 2119// 2136//
f 2136// 2119// 2147//
f 2136// 2147// 2191//
f 2191// 2147// 2190//
f 2191// 2190// 2214//
f 2214// 2190// 2212//
f 2214// 2212// 2246//
f 2246// 2212// 2222//
f 2246// 2222// 2240//
f 2192// 2194// 2215//
f 2215// 2194// 2217//
f 2215// 2217// 2247//
f 2247// 2217// 2249//
f 2247// 2249// 2254//
f 2254// 2249// 2255//
f 2254// 2255// 2246//
f 2246// 2255// 2248//
f 2246// 2248// 2214//
f 2214// 2248// 2216//
f 2214// 2216// 2191//
f 2191// 2216// 2193//
f 2191// 2193// 2136//
f 2136// 2193// 2138//
f 2136// 2138// 2099//
f 2099// 2138// 2101//
f 2099// 2101// 2081//
f 2081// 2101// 2082//
f 2081// 2082// 2100//
f 2100// 2082// 2102//
f 2100// 2102// 2137//
f 2137// 2102// 2139//
f 2137// 2139// 2192//
f 2192// 2139// 2194//
f 4636// 4638// 4635//
f 4635// 4638// 4637//
f 4063// 4064// 3611//
f 3611// 4064// 3591//
f 3611// 3591// 3590//
f 3535// 3537// 3536//
f 3536// 3537// 3538//
f 4062// 4061// 3589//
f 3589// 4061// 3610//
f 3589// 3610// 3588//
f 4638// 4636// 3589//
f 3589// 3571// 3551//
f 3553// 3573// 3538//
f 3538// 3573// 3591//
f 3538// 3591// 3536//
f 4617// 4172// 4636//
f 4636// 4172// 4062//
f 4636// 4062// 3589//
f 4174// 4619// 4064//
f 4064// 4619// 4638//
f 4064// 4638// 3591//
f 3591// 4638// 3589//
f 3591// 3589// 3536//
f 3536// 3589// 3551//
f 2693// 2692// 2691//
f 2693// 2691// 2689//
f 2689// 2691// 2690//
f 2689// 2690// 2688//
f 2172// 2171// 2638//
f 2638// 2171// 2615//
f 2638// 2615// 2637//
f 1607// 1606// 1608//
f 1607// 1608// 1611//
f 1611// 1608// 1609//
f 1611// 1609// 1610//
f 2169// 2170// 2614//
f 2614// 2170// 2636//
f 2614// 2636// 2635//
f 2689// 2674// 2654//
f 2060// 1627// 2170//
f 2170// 1627// 1607//
f 2170// 1607// 2636//
f 1611// 1629// 2062//
f 2656// 2676// 2638//
f 2638// 2676// 2693//
f 2638// 2693// 2689//
f 2654// 2636// 2689//
f 2689// 2636// 1607//
f 2689// 1607// 2638//
f 2638// 1607// 1611//
f 2638// 1611// 2172//
f 2172// 1611// 2062//
f 4626// 4628// 4625//
f 4625// 4628// 4627//
f 4055// 4056// 3606//
f 3606// 4056// 3583//
f 3606// 3583// 3582//
f 3525// 3527// 3526//
f 3526// 3527// 3528//
f 4054// 4053// 3581//
f 3581// 4053// 3605//
f 3581// 3605// 3580//
f 4626// 3526// 4628//
f 4628// 3526// 3528//
f 3563// 3543// 3581//
f 3581// 3543// 3526//
f 3581// 3526// 4054//
f 4054// 3526// 4626//
f 4054// 4626// 4164//
f 4164// 4626// 4609//
f 4166// 4611// 4056//
f 4056// 4611// 4628//
f 4056// 4628// 3583//
f 3583// 4628// 3528//
f 3583// 3528// 3565//
f 3565// 3528// 3545//
f 3481// 3483// 3480//
f 3480// 3483// 3482//
f 2888// 2887// 3084//
f 2888// 3084// 3335//
f 3335// 3084// 3150//
f 3335// 3150// 3334//
f 2737// 2739// 2738//
f 2738// 2739// 2740//
f 3333// 3332// 3149//
f 3333// 3149// 2886//
f 2886// 3149// 3083//
f 2886// 3083// 2885//
f 2740// 3483// 2738//
f 2738// 3483// 3481//
f 3377// 3443// 3335//
f 3335// 3443// 3483//
f 3335// 3483// 2888//
f 2888// 3483// 2740//
f 2888// 2740// 2848//
f 2848// 2740// 2782//
f 2846// 2780// 2886//
f 2886// 2780// 2738//
f 2886// 2738// 3333//
f 3333// 2738// 3481//
f 3333// 3481// 3375//
f 3375// 3481// 3441//
f 2685// 2687// 2684//
f 2684// 2687// 2686//
f 2168// 2167// 2634//
f 2634// 2167// 2613//
f 2634// 2613// 2633//
f 1602// 1604// 1603//
f 1603// 1604// 1605//
f 2165// 2166// 2612//
f 2612// 2166// 2632//
f 2612// 2632// 2631//
f 2670// 2650// 2685//
f 2685// 2650// 2632//
f 2685// 2632// 2687//
f 2687// 2632// 2634//
f 2687// 2634// 2672//
f 2672// 2634// 2652//
f 2056// 1623// 2166//
f 2166// 1623// 1603//
f 1605// 1625// 2058//
f 2058// 2168// 1605//
f 1605// 2168// 2634//
f 1605// 2634// 1603//
f 1603// 2634// 2632//
f 1603// 2632// 2166//
f 3489// 3488// 3487//
f 3489// 3487// 3485//
f 3485// 3487// 3486//
f 3485// 3486// 3484//
f 2892// 2891// 3086//
f 2892// 3086// 3339//
f 3339// 3086// 3152//
f 3339// 3152// 3338//
f 2742// 2741// 2743//
f 2742// 2743// 2746//
f 2746// 2743// 2744//
f 2746// 2744// 2745//
f 3337// 3336// 3151//
f 3337// 3151// 2890//
f 2890// 3151// 3085//
f 2890// 3085// 2889//
f 3339// 3337// 2892//
f 2892// 3337// 2890//
f 3445// 3379// 3485//
f 3485// 3379// 3337//
f 3485// 3337// 3489//
f 3489// 3337// 3339//
f 3489// 3339// 3447//
f 3447// 3339// 3381//
f 2786// 2852// 2746//
f 2746// 2852// 2892//
f 2746// 2892// 2742//
f 2742// 2892// 2890//
f 2742// 2890// 2784//
f 2784// 2890// 2850//
f 4634// 4633// 4632//
f 4634// 4632// 4630//
f 4630// 4632// 4631//
f 4630// 4631// 4629//
f 4059// 4060// 3608//
f 3608// 4060// 3587//
f 3608// 3587// 3586//
f 3530// 3529// 3531//
f 3530// 3531// 3534//
f 3534// 3531// 3532//
f 3534// 3532// 3533//
f 4058// 4057// 3585//
f 3585// 4057// 3607//
f 3585// 3607// 3584//
f 4060// 4058// 3587//
f 3587// 4058// 3585//
f 4613// 4168// 4630//
f 4630// 4168// 4058//
f 4630// 4058// 4634//
f 4634// 4058// 4060//
f 4634// 4060// 4615//
f 4615// 4060// 4170//
f 3549// 3569// 3534//
f 3534// 3569// 3587//
f 3534// 3587// 3530//
f 3530// 3587// 3585//
f 3530// 3585// 3547//
f 3547// 3585// 3567//
f 2695// 2697// 2694//
f 2694// 2697// 2696//
f 2176// 2175// 2642//
f 2642// 2175// 2618//
f 2642// 2618// 2641//
f 1612// 1614// 1613//
f 1613// 1614// 1615//
f 2173// 2174// 2617//
f 2617// 2174// 2640//
f 2617// 2640// 2639//
f 2064// 1631// 2174//
f 2174// 1631// 1613//
f 1615// 1633// 2066//
f 2678// 2658// 2695//
f 2695// 2658// 2640//
f 2695// 2640// 2697//
f 2697// 2640// 2642//
f 2697// 2642// 2680//
f 2680// 2642// 2660//
f 2066// 2176// 1615//
f 1615// 2176// 2642//
f 1615// 2642// 1613//
f 1613// 2642// 2640//
f 1613// 2640// 2174//
f 3491// 3493// 3490//
f 3490// 3493// 3492//
f 2896// 2895// 3089//
f 2896// 3089// 3343//
f 3343// 3089// 3155//
f 3343// 3155// 3342//
f 2747// 2749// 2748//
f 2748// 2749// 2750//
f 3341// 3340// 3154//
f 3341// 3154// 2894//
f 2894// 3154// 3088//
f 2894// 3088// 2893//
f 2854// 2788// 2894//
f 2894// 2788// 2748//
f 2894// 2748// 3341//
f 3341// 2748// 3491//
f 3341// 3491// 3383//
f 3383// 3491// 3449//
f 2790// 2856// 2750//
f 2750// 2856// 2896//
f 3343// 3385// 3451//
f 3451// 3493// 3343//
f 3343// 3493// 3491//
f 3343// 3491// 2896//
f 2896// 3491// 2748//
f 2896// 2748// 2750//
f 4061// 4062// 4171//
f 4171// 4062// 4172//
f 4171// 4172// 4616//
f 4616// 4172// 4617//
f 4616// 4617// 4635//
f 4635// 4617// 4636//
f 3535// 3536// 3550//
f 3550// 3536// 3551//
f 3550// 3551// 3570//
f 3570// 3551// 3571//
f 3570// 3571// 3588//
f 3588// 3571// 3589//
f 3590// 3591// 3572//
f 3572// 3591// 3573//
f 3572// 3573// 3552//
f 3552// 3573// 3553//
f 3552// 3553// 3537//
f 3537// 3553// 3538//
f 2635// 2636// 2653//
f 2653// 2636// 2654//
f 2653// 2654// 2673//
f 2673// 2654// 2674//
f 2673// 2674// 2688//
f 2688// 2674// 2689//
f 1606// 1607// 1626//
f 1626// 1607// 1627//
f 1626// 1627// 2059//
f 2059// 1627// 2060//
f 2059// 2060// 2169//
f 2169// 2060// 2170//
f 2171// 2172// 2061//
f 2061// 2172// 2062//
f 2061// 2062// 1628//
f 1628// 2062// 1629//
f 1628// 1629// 1610//
f 1610// 1629// 1611//
f 2692// 2693// 2675//
f 2675// 2693// 2676//
f 2675// 2676// 2655//
f 2655// 2676// 2656//
f 2655// 2656// 2637//
f 2637// 2656// 2638//
f 4053// 4054// 4163//
f 4163// 4054// 4164//
f 4163// 4164// 4608//
f 4608// 4164// 4609//
f 4608// 4609// 4625//
f 4625// 4609// 4626//
f 3525// 3526// 3542//
f 3542// 3526// 3543//
f 3542// 3543// 3562//
f 3562// 3543// 3563//
f 3562// 3563// 3580//
f 3580// 3563// 3581//
f 3582// 3583// 3564//
f 3564// 3583// 3565//
f 3564// 3565// 3544//
f 3544// 3565// 3545//
f 3544// 3545// 3527//
f 3527// 3545// 3528//
f 4627// 4628// 4610//
f 4610// 4628// 4611//
f 4610// 4611// 4165//
f 4165// 4611// 4166//
f 4165// 4166// 4055//
f 4055// 4166// 4056//
f 3332// 3333// 3374//
f 3374// 3333// 3375//
f 3374// 3375// 3440//
f 3440// 3375// 3441//
f 3440// 3441// 3480//
f 3480// 3441// 3481//
f 2737// 2738// 2779//
f 2779// 2738// 2780//
f 2779// 2780// 2845//
f 2845// 2780// 2846//
f 2845// 2846// 2885//
f 2885// 2846// 2886//
f 2887// 2888// 2847//
f 2847// 2888// 2848//
f 2847// 2848// 2781//
f 2781// 2848// 2782//
f 2781// 2782// 2739//
f 2739// 2782// 2740//
f 3482// 3483// 3442//
f 3442// 3483// 3443//
f 3442// 3443// 3376//
f 3376// 3443// 3377//
f 3376// 3377// 3334//
f 3334// 3377// 3335//
f 2631// 2632// 2649//
f 2649// 2632// 2650//
f 2649// 2650// 2669//
f 2669// 2650// 2670//
f 2669// 2670// 2684//
f 2684// 2670// 2685//
f 1602// 1603// 1622//
f 1622// 1603// 1623//
f 1622// 1623// 2055//
f 2055// 1623// 2056//
f 2055// 2056// 2165//
f 2165// 2056// 2166//
f 2167// 2168// 2057//
f 2057// 2168// 2058//
f 2057// 2058// 1624//
f 1624// 2058// 1625//
f 1624// 1625// 1604//
f 1604// 1625// 1605//
f 2686// 2687// 2671//
f 2671// 2687// 2672//
f 2671// 2672// 2651//
f 2651// 2672// 2652//
f 2651// 2652// 2633//
f 2633// 2652// 2634//
f 3336// 3337// 3378//
f 3378// 3337// 3379//
f 3378// 3379// 3444//
f 3444// 3379// 3445//
f 3444// 3445// 3484//
f 3484// 3445// 3485//
f 2741// 2742// 2783//
f 2783// 2742// 2784//
f 2783// 2784// 2849//
f 2849// 2784// 2850//
f 2849// 2850// 2889//
f 2889// 2850// 2890//
f 2891// 2892// 2851//
f 2851// 2892// 2852//
f 2851// 2852// 2785//
f 2785// 2852// 2786//
f 2785// 2786// 2745//
f 2745// 2786// 2746//
f 3488// 3489// 3446//
f 3446// 3489// 3447//
f 3446// 3447// 3380//
f 3380// 3447// 3381//
f 3380// 3381// 3338//
f 3338// 3381// 3339//
f 4057// 4058// 4167//
f 4167// 4058// 4168//
f 4167// 4168// 4612//
f 4612// 4168// 4613//
f 4612// 4613// 4629//
f 4629// 4613// 4630//
f 3529// 3530// 3546//
f 3546// 3530// 3547//
f 3546// 3547// 3566//
f 3566// 3547// 3567//
f 3566// 3567// 3584//
f 3584// 3567// 3585//
f 3586// 3587// 3568//
f 3568// 3587// 3569//
f 3568// 3569// 3548//
f 3548// 3569// 3549//
f 3548// 3549// 3533//
f 3533// 3549// 3534//
f 4633// 4634// 4614//
f 4614// 4634// 4615//
f 4614// 4615// 4169//
f 4169// 4615// 4170//
f 4169// 4170// 4059//
f 4059// 4170// 4060//
f 2639// 2640// 2657//
f 2657// 2640// 2658//
f 2657// 2658// 2677//
f 2677// 2658// 2678//
f 2677// 2678// 2694//
f 2694// 2678// 2695//
f 1612// 1613// 1630//
f 1630// 1613// 1631//
f 1630// 1631// 2063//
f 2063// 1631// 2064//
f 2063// 2064// 2173//
f 2173// 2064// 2174//
f 2175// 2176// 2065//
f 2065// 2176// 2066//
f 2065// 2066// 1632//
f 1632// 2066// 1633//
f 1632// 1633// 1614//
f 1614// 1633// 1615//
f 2696// 2697// 2679//
f 2679// 2697// 2680//
f 2679// 2680// 2659//
f 2659// 2680// 2660//
f 2659// 2660// 2641//
f 2641// 2660// 2642//
f 3340// 3341// 3382//
f 3382// 3341// 3383//
f 3382// 3383// 3448//
f 3448// 3383// 3449//
f 3448// 3449// 3490//
f 3490// 3449// 3491//
f 2747// 2748// 2787//
f 2787// 2748// 2788//
f 2787// 2788// 2853//
f 2853// 2788// 2854//
f 2853// 2854// 2893//
f 2893// 2854// 2894//
f 2895// 2896// 2855//
f 2855// 2896// 2856//
f 2855// 2856// 2789//
f 2789// 2856// 2790//
f 2789// 2790// 2749//
f 2749// 2790// 2750//
f 3492// 3493// 3450//
f 3450// 3493// 3451//
f 3450// 3451// 3384//
f 3384// 3451// 3385//
f 3384// 3385// 3342//
f 3342// 3385// 3343//
f 4637// 4638// 4618//
f 4618// 4638// 4619//
f 4618// 4619// 4173//
f 4173// 4619// 4174//
f 4173// 4174// 4063//
f 4063// 4174// 4064//
f 2369// 2370// 2381//
f 2381// 2370// 2430//
f 2381// 2430// 2439//
f 2439// 2430// 2453//
f 2453// 2430// 2478//
f 2453// 2478// 2468//
f 2575// 2574// 2569//
f 2569// 2515// 2575//
f 2575// 2515// 2485//
f 2575// 2485// 2478//
f 2478// 2485// 2482//
f 2478// 2482// 2468//
f 1892// 1864// 1881//
f 2028// 1997// 1881//
f 1881// 1997// 1972//
f 1881// 1972// 1892//
f 2329// 2327// 2164//
f 2164// 2327// 2162//
f 2164// 2162// 2028//
f 2028// 2162// 2025//
f 2028// 2025// 1997//
f 2367// 2368// 2379//
f 2379// 2368// 2380//
f 2379// 2380// 2437//
f 2437// 2380// 2438//
f 2437// 2438// 2452//
f 2452// 2438// 2467//
f 2567// 2513// 2514//
f 2514// 2513// 2484//
f 2514// 2484// 2481//
f 2481// 2484// 2480//
f 2481// 2480// 2467//
f 2467// 2480// 2466//
f 2467// 2466// 2452//
f 2567// 2514// 2572//
f 2572// 2514// 2568//
f 2572// 2568// 2573//
f 1781// 1899// 1754//
f 1754// 1899// 1886//
f 1754// 1886// 1739//
f 2324// 2323// 2161//
f 2161// 2323// 2160//
f 2161// 2160// 2024//
f 2024// 2160// 2023//
f 2024// 2023// 1996//
f 1996// 2023// 1995//
f 1996// 1995// 1973//
f 1973// 1995// 1899//
f 1973// 1899// 1891//
f 1891// 1899// 1781//
f 4585// 4335// 4604//
f 4604// 4335// 4253//
f 4604// 4253// 4206//
f 4253// 4232// 4206//
f 4206// 4232// 4203//
f 4206// 4203// 4072//
f 4072// 4203// 4070//
f 4072// 4070// 3908//
f 3908// 4070// 3906//
f 3739// 3652// 3751//
f 3751// 3652// 3753//
f 3751// 3753// 3761//
f 3739// 3710// 3652//
f 3652// 3710// 3656//
f 3652// 3656// 3651//
f 3797// 3861// 3860//
f 3860// 3848// 3797//
f 3797// 3848// 3790//
f 3797// 3790// 3753//
f 3753// 3790// 3775//
f 3753// 3775// 3761//
f 3759// 3749// 3760//
f 3760// 3749// 3750//
f 3859// 3858// 3847//
f 3847// 3858// 3846//
f 3847// 3846// 3789//
f 3789// 3846// 3788//
f 3789// 3788// 3760//
f 3760// 3788// 3774//
f 3760// 3774// 3759//
f 3750// 3749// 3709//
f 3709// 3749// 3738//
f 3709// 3738// 3708//
f 3650// 3655// 3649//
f 3649// 3655// 3709//
f 3649// 3709// 3654//
f 3654// 3709// 3708//
f 4328// 4498// 4341//
f 4341// 4498// 4453//
f 4230// 4254// 4328//
f 4328// 4254// 4334//
f 4328// 4334// 4498//
f 3902// 3903// 4068//
f 4068// 3903// 4069//
f 4068// 4069// 4201//
f 4201// 4069// 4202//
f 4201// 4202// 4230//
f 4230// 4202// 4231//
f 4230// 4231// 4254//
f 4336// 4454// 4337//
f 4337// 4454// 4497//
f 4051// 4050// 4075//
f 4336// 4337// 4262//
f 4262// 4337// 4261//
f 4262// 4261// 4234//
f 4234// 4261// 4235//
f 4234// 4235// 4222//
f 4222// 4235// 4223//
f 4222// 4223// 4195//
f 4195// 4223// 4196//
f 4195// 4196// 4152//
f 4152// 4196// 4153//
f 4152// 4153// 4119//
f 4075// 4118// 4051//
f 4051// 4118// 4152//
f 4051// 4152// 4076//
f 4076// 4152// 4119//
f 3910// 3982// 3983//
f 3983// 3982// 4019//
f 4050// 4051// 4019//
f 4019// 4051// 4020//
f 4019// 4020// 3983//
f 3910// 3983// 3901//
f 3901// 3983// 3911//
f 3901// 3911// 3904//
f 1889// 1780// 1888//
f 1888// 1780// 1740//
f 1889// 1888// 1963//
f 1963// 1888// 1964//
f 1963// 1964// 1992//
f 1992// 1964// 1991//
f 1992// 1991// 2004//
f 2004// 1991// 2003//
f 2004// 2003// 2031//
f 2031// 2003// 2030//
f 2031// 2030// 2077//
f 2077// 2030// 2076//
f 2077// 2076// 2111//
f 2110// 2179// 2076//
f 2076// 2179// 2154//
f 2076// 2154// 2111//
f 2244// 2322// 2316//
f 2316// 2322// 2325//
f 2110// 2153// 2179//
f 2179// 2153// 2178//
f 2179// 2178// 2210//
f 2178// 2209// 2210//
f 2210// 2209// 2243//
f 2210// 2243// 2244//
f 2244// 2243// 2315//
f 2244// 2315// 2322//
f 1897// 1657// 1634//
f 2020// 2002// 1634//
f 1634// 2002// 1990//
f 1634// 1990// 1897//
f 2152// 2109// 2157//
f 2157// 2109// 2075//
f 2157// 2075// 2020//
f 2020// 2075// 2029//
f 2020// 2029// 2002//
f 2318// 2321// 2314//
f 2314// 2242// 2318//
f 2318// 2242// 2208//
f 2318// 2208// 2157//
f 2157// 2208// 2177//
f 2157// 2177// 2152//
f 4369// 4329// 4342//
f 4342// 4329// 4233//
f 4342// 4233// 4198//
f 3900// 3897// 3909//
f 3909// 3897// 3981//
f 4233// 4221// 4198//
f 4198// 4221// 4194//
f 4198// 4194// 4065//
f 4065// 4194// 4151//
f 4065// 4151// 4117//
f 4117// 4074// 4065//
f 4065// 4074// 4049//
f 4065// 4049// 3897//
f 3897// 4049// 4018//
f 3897// 4018// 3981//
f 2163// 2027// 2026//
f 2026// 2068// 2163//
f 2163// 2068// 2104//
f 2163// 2104// 2114//
f 2116// 2113// 2180//
f 2113// 2103// 2180//
f 2180// 2103// 2067//
f 2180// 2067// 2155//
f 2155// 2067// 2112//
f 1875// 1865// 1890//
f 1896// 1900// 1875//
f 1965// 1993// 2000//
f 2000// 1993// 2005//
f 2000// 2005// 2033//
f 2033// 2005// 2032//
f 2033// 2032// 2067//
f 2067// 2032// 2078//
f 2067// 2078// 2112//
f 2000// 1986// 1965//
f 1965// 1986// 1974//
f 1965// 1974// 1890//
f 1890// 1974// 1901//
f 1890// 1901// 1895//
f 1895// 1893// 1890//
f 1890// 1893// 1887//
f 1890// 1887// 1875//
f 1875// 1887// 1894//
f 1875// 1894// 1896//
f 1900// 1975// 1875//
f 1875// 1975// 1987//
f 1875// 1987// 2027//
f 2027// 1987// 2001//
f 2027// 2001// 2026//
f 2114// 2116// 2163//
f 2163// 2116// 2180//
f 2163// 2180// 2328//
f 2328// 2180// 2211//
f 2211// 2245// 2328//
f 2328// 2245// 2317//
f 2328// 2317// 2326//
f 4338// 4586// 4596//
f 4325// 4331// 4596//
f 4325// 4596// 4252//
f 4205// 4226// 4596//
f 4596// 4226// 4239//
f 4596// 4239// 4252//
f 4331// 4332// 4596//
f 4596// 4332// 4339//
f 4596// 4339// 4338//
f 4338// 4339// 4333//
f 4338// 4333// 4330//
f 4330// 4326// 4338//
f 4338// 4326// 4251//
f 4338// 4251// 4263//
f 4263// 4251// 4240//
f 4263// 4240// 4236//
f 4236// 4240// 4225//
f 4077// 4120// 4161//
f 4161// 4120// 4154//
f 4161// 4154// 4204//
f 4204// 4154// 4197//
f 4204// 4197// 4225//
f 4225// 4197// 4224//
f 4225// 4224// 4236//
f 4077// 4161// 4052//
f 4052// 4161// 4125//
f 4052// 4125// 4115//
f 4071// 4113// 4116//
f 4116// 4126// 4071//
f 4071// 4126// 4162//
f 4071// 4162// 4205//
f 4205// 4162// 4193//
f 4205// 4193// 4226//
f 3907// 3905// 3912//
f 4115// 4113// 4052//
f 4052// 4113// 4071//
f 4052// 4071// 4021//
f 4021// 4071// 3907//
f 4021// 3907// 3984//
f 3984// 3907// 3912//
f 2483// 2570// 2479//
f 2479// 2570// 2477//
f 2479// 2477// 2465//
f 2483// 2512// 2570//
f 2570// 2512// 2566//
f 2570// 2566// 2571//
f 2429// 2365// 2366//
f 2366// 2378// 2429//
f 2429// 2378// 2436//
f 2429// 2436// 2477//
f 2477// 2436// 2451//
f 2477// 2451// 2465//
f 3857// 3856// 3845//
f 3845// 3856// 3796//
f 3845// 3796// 3787//
f 3787// 3796// 3773//
f 3773// 3796// 3752//
f 3773// 3752// 3758//
f 3647// 3648// 3653//
f 3653// 3707// 3647//
f 3647// 3707// 3737//
f 3647// 3737// 3752//
f 3752// 3737// 3748//
f 3752// 3748// 3758//
f 4370// 4350// 4340//
f 4340// 4350// 4327//
f 3898// 3899// 4066//
f 4066// 3899// 4067//
f 4066// 4067// 4199//
f 4199// 4067// 4200//
f 4199// 4200// 4350//
f 4350// 4200// 4229//
f 4350// 4229// 4327//
f 1640// 1658// 1885//
f 2320// 2319// 2159//
f 2159// 2319// 2158//
f 2159// 2158// 2022//
f 2022// 2158// 2021//
f 2022// 2021// 1994//
f 1994// 2021// 1640//
f 1994// 1640// 1898//
f 1898// 1640// 1885//
f 4088// 4089// 4080//
f 4080// 4089// 4081//
f 4080// 4081// 4033//
f 4033// 4081// 4034//
f 4033// 4034// 4007//
f 4007// 4034// 4008//
f 4007// 4008// 3969//
f 3969// 4008// 3970//
f 3969// 3970// 3934//
f 3934// 3970// 3935//
f 3934// 3935// 3913//
f 3913// 3935// 3914//
f 3913// 3914// 3932//
f 3932// 3914// 3933//
f 3932// 3933// 3967//
f 3967// 3933// 3968//
f 3967// 3968// 4005//
f 4005// 3968// 4006//
f 4005// 4006// 4031//
f 4031// 4006// 4032//
f 4031// 4032// 4078//
f 4078// 4032// 4079//
f 4078// 4079// 4088//
f 4088// 4079// 4089//
f 2312// 2313// 2293//
f 2293// 2313// 2294//
f 2293// 2294// 2258//
f 2258// 2294// 2259//
f 2258// 2259// 2220//
f 2220// 2259// 2221//
f 2220// 2221// 2197//
f 2197// 2221// 2198//
f 2197// 2198// 2150//
f 2150// 2198// 2151//
f 2150// 2151// 2140//
f 2140// 2151// 2141//
f 2140// 2141// 2148//
f 2148// 2141// 2149//
f 2148// 2149// 2195//
f 2195// 2149// 2196//
f 2195// 2196// 2218//
f 2218// 2196// 2219//
f 2218// 2219// 2256//
f 2256// 2219// 2257//
f 2256// 2257// 2291//
f 2291// 2257// 2292//
f 2291// 2292// 2312//
f 2312// 2292// 2313//
f 4280// 5592// 4284//
f 4284// 5592// 5599//
f 4284// 5599// 4288//
f 4288// 5599// 5603//
f 4288// 5603// 4292//
f 4292// 5603// 5611//
f 4292// 5611// 4289//
f 4289// 5611// 5604//
f 4289// 5604// 4285//
f 4285// 5604// 5600//
f 4285// 5600// 4281//
f 4281// 5600// 5593//
f 4281// 5593// 4277//
f 4277// 5593// 5588//
f 4277// 5588// 4273//
f 4273// 5588// 5584//
f 4273// 5584// 4270//
f 4270// 5584// 5577//
f 4270// 5577// 4272//
f 4272// 5577// 5583//
f 4272// 5583// 4276//
f 4276// 5583// 5587//
f 4276// 5587// 4280//
f 4280// 5587// 5592//
f 5591// 5805// 5607//
f 5607// 5805// 5808//
f 5607// 5808// 5613//
f 5613// 5808// 5811//
f 5613// 5811// 5617//
f 5617// 5811// 5815//
f 5617// 5815// 5614//
f 5614// 5815// 5812//
f 5614// 5812// 5608//
f 5608// 5812// 5809//
f 5608// 5809// 5594//
f 5594// 5809// 5806//
f 5594// 5806// 5580//
f 5580// 5806// 5803//
f 5580// 5803// 5574//
f 5574// 5803// 5800//
f 5574// 5800// 5571//
f 5571// 5800// 5797//
f 5571// 5797// 5573//
f 5573// 5797// 5799//
f 5573// 5799// 5579//
f 5579// 5799// 5802//
f 5579// 5802// 5591//
f 5591// 5802// 5805//
f 5600// 5608// 5593//
f 5593// 5608// 5594//
f 5593// 5594// 5588//
f 5588// 5594// 5580//
f 5588// 5580// 5584//
f 5584// 5580// 5574//
f 5584// 5574// 5577//
f 5577// 5574// 5571//
f 5577// 5571// 5583//
f 5583// 5571// 5573//
f 5583// 5573// 5587//
f 5587// 5573// 5579//
f 5587// 5579// 5592//
f 5592// 5579// 5591//
f 5592// 5591// 5599//
f 5599// 5591// 5607//
f 5599// 5607// 5603//
f 5603// 5607// 5613//
f 5603// 5613// 5611//
f 5611// 5613// 5617//
f 5611// 5617// 5604//
f 5604// 5617// 5614//
f 5604// 5614// 5600//
f 5600// 5614// 5608//
f 4282// 5596// 4286//
f 4286// 5596// 5601//
f 4286// 5601// 4290//
f 4290// 5601// 5605//
f 4290// 5605// 4293//
f 4293// 5605// 5612//
f 4293// 5612// 4291//
f 4291// 5612// 5606//
f 4291// 5606// 4287//
f 4287// 5606// 5602//
f 4287// 5602// 4283//
f 4283// 5602// 5597//
f 4283// 5597// 4279//
f 4279// 5597// 5590//
f 4279// 5590// 4275//
f 4275// 5590// 5586//
f 4275// 5586// 4271//
f 4271// 5586// 5578//
f 4271// 5578// 4274//
f 4274// 5578// 5585//
f 4274// 5585// 4278//
f 4278// 5585// 5589//
f 4278// 5589// 4282//
f 4282// 5589// 5596//
f 5618// 5724// 5616//
f 5616// 5724// 5704//
f 5616// 5704// 5610//
f 5610// 5704// 5700//
f 5610// 5700// 5598//
f 5598// 5700// 5697//
f 5598// 5697// 5582//
f 5582// 5697// 5699//
f 5615// 5814// 5618//
f 5618// 5814// 5748//
f 5618// 5748// 5724//
f 5699// 5703// 5582//
f 5582// 5703// 5723//
f 5582// 5723// 5576//
f 5576// 5723// 5747//
f 5576// 5747// 5572//
f 5572// 5747// 5798//
f 5572// 5798// 5575//
f 5575// 5798// 5801//
f 5575// 5801// 5581//
f 5581// 5801// 5804//
f 5581// 5804// 5595//
f 5595// 5804// 5807//
f 5595// 5807// 5609//
f 5609// 5807// 5810//
f 5609// 5810// 5615//
f 5615// 5810// 5813//
f 5615// 5813// 5814//
f 5605// 5615// 5612//
f 5612// 5615// 5618//
f 5612// 5618// 5606//
f 5606// 5618// 5616//
f 5606// 5616// 5602//
f 5602// 5616// 5610//
f 5602// 5610// 5597//
f 5597// 5610// 5598//
f 5597// 5598// 5590//
f 5590// 5598// 5582//
f 5590// 5582// 5586//
f 5586// 5582// 5576//
f 5586// 5576// 5578//
f 5578// 5576// 5572//
f 5578// 5572// 5585//
f 5585// 5572// 5575//
f 5585// 5575// 5589//
f 5589// 5575// 5581//
f 5589// 5581// 5596//
f 5596// 5581// 5595//
f 5596// 5595// 5601//
f 5601// 5595// 5609//
f 5601// 5609// 5605//
f 5605// 5609// 5615//
f 4304// 5640// 4308//
f 4308// 5640// 5647//
f 4308// 5647// 4312//
f 4312// 5647// 5651//
f 4312// 5651// 4316//
f 4316// 5651// 5659//
f 4316// 5659// 4313//
f 4313// 5659// 5652//
f 4313// 5652// 4309//
f 4309// 5652// 5648//
f 4309// 5648// 4305//
f 4305// 5648// 5641//
f 4305// 5641// 4301//
f 4301// 5641// 5636//
f 4301// 5636// 4297//
f 4297// 5636// 5632//
f 4297// 5632// 4294//
f 4294// 5632// 5625//
f 4294// 5625// 4296//
f 4296// 5625// 5631//
f 4296// 5631// 4300//
f 4300// 5631// 5635//
f 4300// 5635// 4304//
f 4304// 5635// 5640//
f 5655// 5959// 5661//
f 5661// 5959// 5987//
f 5661// 5987// 6004//
f 5662// 6005// 5986//
f 5662// 5986// 5656//
f 5986// 5960// 5656//
f 5656// 5960// 5956//
f 5656// 5956// 5642//
f 5642// 5956// 5932//
f 5642// 5932// 5628//
f 5628// 5932// 5929//
f 5628// 5929// 5622//
f 5622// 5929// 5923//
f 5622// 5923// 5619//
f 5619// 5923// 5917//
f 5619// 5917// 5621//
f 5621// 5917// 5922//
f 5621// 5922// 5627//
f 5627// 5922// 5928//
f 5627// 5928// 5639//
f 5639// 5928// 5931//
f 5639// 5931// 5655//
f 5655// 5931// 5955//
f 5655// 5955// 5959//
f 5665// 6022// 5662//
f 5662// 6022// 6008//
f 5662// 6008// 6005//
f 6004// 6015// 5661//
f 5661// 6015// 6021//
f 5661// 6021// 5665//
f 5665// 6021// 6023//
f 5665// 6023// 6022//
f 5652// 5662// 5648//
f 5648// 5662// 5656//
f 5648// 5656// 5641//
f 5641// 5656// 5642//
f 5641// 5642// 5636//
f 5636// 5642// 5628//
f 5636// 5628// 5632//
f 5632// 5628// 5622//
f 5632// 5622// 5625//
f 5625// 5622// 5619//
f 5625// 5619// 5631//
f 5631// 5619// 5621//
f 5631// 5621// 5635//
f 5635// 5621// 5627//
f 5635// 5627// 5640//
f 5640// 5627// 5639//
f 5640// 5639// 5647//
f 5647// 5639// 5655//
f 5647// 5655// 5651//
f 5651// 5655// 5661//
f 5651// 5661// 5659//
f 5659// 5661// 5665//
f 5659// 5665// 5652//
f 5652// 5665// 5662//
f 4306// 5644// 4310//
f 4310// 5644// 5649//
f 4310// 5649// 4314//
f 4314// 5649// 5653//
f 4314// 5653// 4317//
f 4317// 5653// 5660//
f 4317// 5660// 4315//
f 4315// 5660// 5654//
f 4315// 5654// 4311//
f 4311// 5654// 5650//
f 4311// 5650// 4307//
f 4307// 5650// 5645//
f 4307// 5645// 4303//
f 4303// 5645// 5638//
f 4303// 5638// 4299//
f 4299// 5638// 5634//
f 4299// 5634// 4295//
f 4295// 5634// 5626//
f 4295// 5626// 4298//
f 4298// 5626// 5633//
f 4298// 5633// 4302//
f 4302// 5633// 5637//
f 4302// 5637// 4306//
f 4306// 5637// 5644//
f 5701// 5630// 5698//
f 5698// 5630// 5646//
f 5698// 5646// 5702//
f 5702// 5646// 5658//
f 5702// 5658// 5706//
f 5706// 5658// 5664//
f 5706// 5664// 5726//
f 5726// 5664// 5666//
f 5726// 5666// 5750//
f 5750// 5666// 5663//
f 5750// 5663// 5979//
f 5979// 5663// 5982//
f 5982// 5663// 5657//
f 5982// 5657// 5961//
f 5701// 5705// 5630//
f 5630// 5705// 5725//
f 5630// 5725// 5624//
f 5624// 5725// 5749//
f 5624// 5749// 5620//
f 5620// 5749// 5921//
f 5620// 5921// 5623//
f 5623// 5921// 5924//
f 5623// 5924// 5629//
f 5629// 5924// 5930//
f 5629// 5930// 5643//
f 5643// 5930// 5933//
f 5643// 5933// 5657//
f 5657// 5933// 5957//
f 5657// 5957// 5961//
f 5653// 5663// 5660//
f 5660// 5663// 5666//
f 5660// 5666// 5654//
f 5654// 5666// 5664//
f 5654// 5664// 5650//
f 5650// 5664// 5658//
f 5650// 5658// 5645//
f 5645// 5658// 5646//
f 5645// 5646// 5638//
f 5638// 5646// 5630//
f 5638// 5630// 5634//
f 5634// 5630// 5624//
f 5634// 5624// 5626//
f 5626// 5624// 5620//
f 5626// 5620// 5633//
f 5633// 5620// 5623//
f 5633// 5623// 5637//
f 5637// 5623// 5629//
f 5637// 5629// 5644//
f 5644// 5629// 5643//
f 5644// 5643// 5649//
f 5649// 5643// 5657//
f 5649// 5657// 5653//
f 5653// 5657// 5663//
f 3987// 3952// 3993//
f 3993// 3952// 3918//
f 3993// 3918// 3880//
f 3987// 3993// 4028//
f 4028// 3993// 4099//
f 4028// 4099// 4095//
f 4095// 4099// 4218//
f 4095// 4218// 4214//
f 4214// 4218// 4323//
f 4214// 4323// 4321//
f 4321// 4323// 4217//
f 4321// 4217// 4213//
f 4213// 4217// 4098//
f 4213// 4098// 4094//
f 4094// 4098// 4027//
f 4027// 4098// 3990//
f 4027// 3990// 4002//
f 3879// 3808// 3804//
f 3957// 4002// 3917//
f 3917// 4002// 3990//
f 3917// 3990// 3875//
f 3875// 3990// 3879//
f 3875// 3879// 3852//
f 3852// 3879// 3804//
f 3809// 3786// 3783//
f 3783// 3786// 3781//
f 3783// 3781// 3808//
f 3808// 3781// 3785//
f 3808// 3785// 3804//
f 3918// 3876// 3880//
f 3880// 3876// 3853//
f 3880// 3853// 3809//
f 3809// 3853// 3805//
f 3809// 3805// 3786//
f 3998// 3991// 4045//
f 4045// 3991// 4041//
f 4045// 4041// 4106//
f 4106// 4041// 4102//
f 4106// 4102// 4123//
f 4123// 4102// 4121//
f 4123// 4121// 4107//
f 4107// 4121// 4103//
f 4107// 4103// 4046//
f 4046// 4103// 4042//
f 4046// 4042// 3999//
f 3999// 4042// 3992//
f 3999// 3992// 3944//
f 3944// 3992// 3940//
f 3944// 3940// 3871//
f 3871// 3940// 3867//
f 3871// 3867// 3864//
f 3864// 3867// 3862//
f 3864// 3862// 3870//
f 3870// 3862// 3866//
f 3870// 3866// 3943//
f 3943// 3866// 3939//
f 3943// 3939// 3998//
f 3998// 3939// 3991//
f 4041// 4098// 4102//
f 4102// 4098// 4217//
f 4102// 4217// 4121//
f 4121// 4217// 4323//
f 4121// 4323// 4103//
f 4103// 4323// 4218//
f 4103// 4218// 4042//
f 4042// 4218// 4099//
f 4042// 4099// 3992//
f 3992// 4099// 3993//
f 3992// 3993// 3940//
f 3940// 3993// 3880//
f 3940// 3880// 3867//
f 3867// 3880// 3809//
f 3867// 3809// 3862//
f 3862// 3809// 3783//
f 3862// 3783// 3866//
f 3866// 3783// 3808//
f 3866// 3808// 3939//
f 3939// 3808// 3879//
f 3939// 3879// 3991//
f 3991// 3879// 3990//
f 3991// 3990// 4041//
f 4041// 3990// 4098//
f 3877// 3950// 3994//
f 3994// 3881// 3877//
f 3877// 3881// 3810//
f 3877// 3810// 3806//
f 3806// 3810// 3784//
f 3806// 3784// 3782//
f 3782// 3784// 3811//
f 3782// 3811// 3807//
f 3807// 3811// 3882//
f 3807// 3882// 3878//
f 4100// 4215// 4219//
f 4219// 4215// 4322//
f 4219// 4322// 4324//
f 4324// 4322// 4216//
f 4324// 4216// 4220//
f 4220// 4216// 4097//
f 4220// 4097// 4101//
f 4101// 4097// 4030//
f 4101// 4030// 3997//
f 3997// 4030// 3989//
f 3997// 3989// 3882//
f 3882// 3989// 3951//
f 3882// 3951// 3878//
f 3950// 3988// 3994//
f 3994// 3988// 4029//
f 3994// 4029// 4100//
f 4100// 4029// 4096//
f 4100// 4096// 4215//
f 4000// 3995// 4047//
f 4047// 3995// 4043//
f 4047// 4043// 4108//
f 4108// 4043// 4104//
f 4108// 4104// 4124//
f 4124// 4104// 4122//
f 4124// 4122// 4109//
f 4109// 4122// 4105//
f 4109// 4105// 4048//
f 4048// 4105// 4044//
f 4048// 4044// 4001//
f 4001// 4044// 3996//
f 4001// 3996// 3946//
f 3946// 3996// 3942//
f 3946// 3942// 3873//
f 3873// 3942// 3869//
f 3873// 3869// 3865//
f 3865// 3869// 3863//
f 3865// 3863// 3872//
f 3872// 3863// 3868//
f 3872// 3868// 3945//
f 3945// 3868// 3941//
f 3945// 3941// 4000//
f 4000// 3941// 3995//
f 3868// 3810// 3941//
f 3941// 3810// 3881//
f 3941// 3881// 3995//
f 3995// 3881// 3994//
f 3995// 3994// 4043//
f 4043// 3994// 4100//
f 4043// 4100// 4104//
f 4104// 4100// 4219//
f 4104// 4219// 4122//
f 4122// 4219// 4324//
f 4122// 4324// 4105//
f 4105// 4324// 4220//
f 4105// 4220// 4044//
f 4044// 4220// 4101//
f 4044// 4101// 3996//
f 3996// 4101// 3997//
f 3996// 3997// 3942//
f 3942// 3997// 3882//
f 3942// 3882// 3869//
f 3869// 3882// 3811//
f 3869// 3811// 3863//
f 3863// 3811// 3784//
f 3863// 3784// 3868//
f 3868// 3784// 3810//
f 2310// 2274// 2225//
f 2231// 2349// 2345//
f 2420// 2416// 2349//
f 2349// 2416// 2375//
f 2349// 2375// 2345//
f 2419// 2440// 2444//
f 2444// 2440// 2442//
f 2444// 2442// 2420//
f 2420// 2442// 2441//
f 2420// 2441// 2416//
f 2348// 2374// 2419//
f 2419// 2374// 2415//
f 2419// 2415// 2440//
f 2224// 2269// 2228//
f 2228// 2269// 2309//
f 2228// 2309// 2348//
f 2348// 2309// 2344//
f 2348// 2344// 2374//
f 2224// 2228// 2199//
f 2199// 2228// 2132//
f 2199// 2132// 2128//
f 2128// 2132// 2010//
f 2128// 2010// 2006//
f 2006// 2010// 1904//
f 2006// 1904// 1902//
f 1902// 1904// 2011//
f 1902// 2011// 2007//
f 2007// 2011// 2133//
f 2007// 2133// 2129//
f 2345// 2310// 2231//
f 2231// 2310// 2225//
f 2231// 2225// 2133//
f 2133// 2225// 2200//
f 2133// 2200// 2129//
f 2236// 2229// 2284//
f 2284// 2229// 2280//
f 2284// 2280// 2357//
f 2357// 2280// 2353//
f 2357// 2353// 2363//
f 2363// 2353// 2361//
f 2363// 2361// 2358//
f 2358// 2361// 2354//
f 2358// 2354// 2285//
f 2285// 2354// 2281//
f 2285// 2281// 2237//
f 2237// 2281// 2230//
f 2237// 2230// 2186//
f 2186// 2230// 2182//
f 2186// 2182// 2125//
f 2125// 2182// 2121//
f 2125// 2121// 2107//
f 2107// 2121// 2105//
f 2107// 2105// 2124//
f 2124// 2105// 2120//
f 2124// 2120// 2185//
f 2185// 2120// 2181//
f 2185// 2181// 2236//
f 2236// 2181// 2229//
f 2280// 2348// 2353//
f 2353// 2348// 2419//
f 2353// 2419// 2361//
f 2361// 2419// 2444//
f 2361// 2444// 2354//
f 2354// 2444// 2420//
f 2354// 2420// 2281//
f 2281// 2420// 2349//
f 2281// 2349// 2230//
f 2230// 2349// 2231//
f 2230// 2231// 2182//
f 2182// 2231// 2133//
f 2182// 2133// 2121//
f 2121// 2133// 2011//
f 2121// 2011// 2105//
f 2105// 2011// 1904//
f 2105// 1904// 2120//
f 2120// 1904// 2010//
f 2120// 2010// 2181//
f 2181// 2010// 2132//
f 2181// 2132// 2229//
f 2229// 2132// 2228//
f 2229// 2228// 2280//
f 2280// 2228// 2348//
f 2130// 2201// 2232//
f 2232// 2134// 2130//
f 2130// 2134// 2012//
f 2130// 2012// 2008//
f 2008// 2012// 1905//
f 2008// 1905// 1903//
f 1903// 1905// 2013//
f 1903// 2013// 2009//
f 2009// 2013// 2135//
f 2009// 2135// 2131//
f 2350// 2417// 2421//
f 2421// 2417// 2443//
f 2421// 2443// 2445//
f 2445// 2443// 2418//
f 2445// 2418// 2422//
f 2422// 2418// 2347//
f 2422// 2347// 2351//
f 2351// 2347// 2276//
f 2351// 2276// 2235//
f 2235// 2276// 2227//
f 2235// 2227// 2135//
f 2135// 2227// 2202//
f 2135// 2202// 2131//
f 2201// 2226// 2232//
f 2232// 2226// 2275//
f 2232// 2275// 2350//
f 2350// 2275// 2346//
f 2350// 2346// 2417//
f 2238// 2233// 2286//
f 2286// 2233// 2282//
f 2286// 2282// 2359//
f 2359// 2282// 2355//
f 2359// 2355// 2364//
f 2364// 2355// 2362//
f 2364// 2362// 2360//
f 2360// 2362// 2356//
f 2360// 2356// 2287//
f 2287// 2356// 2283//
f 2287// 2283// 2239//
f 2239// 2283// 2234//
f 2239// 2234// 2188//
f 2188// 2234// 2184//
f 2188// 2184// 2127//
f 2127// 2184// 2123//
f 2127// 2123// 2108//
f 2108// 2123// 2106//
f 2108// 2106// 2126//
f 2126// 2106// 2122//
f 2126// 2122// 2187//
f 2187// 2122// 2183//
f 2187// 2183// 2238//
f 2238// 2183// 2233//
f 2122// 2012// 2183//
f 2183// 2012// 2134//
f 2183// 2134// 2233//
f 2233// 2134// 2232//
f 2233// 2232// 2282//
f 2282// 2232// 2350//
f 2282// 2350// 2355//
f 2355// 2350// 2421//
f 2355// 2421// 2362//
f 2362// 2421// 2445//
f 2362// 2445// 2356//
f 2356// 2445// 2422//
f 2356// 2422// 2283//
f 2283// 2422// 2351//
f 2283// 2351// 2234//
f 2234// 2351// 2235//
f 2234// 2235// 2184//
f 2184// 2235// 2135//
f 2184// 2135// 2123//
f 2123// 2135// 2013//
f 2123// 2013// 2106//
f 2106// 2013// 1905//
f 2106// 1905// 2122//
f 2122// 1905// 2012//
f 2335// 2370// 2334//
f 2334// 2370// 2369//
f 2333// 2368// 2332//
f 2332// 2368// 2367//
f 2331// 2366// 2330//
f 2330// 2366// 2365//
f 3861// 3896// 3860//
f 3860// 3896// 3895//
f 3859// 3894// 3858//
f 3858// 3894// 3893//
f 3857// 3892// 3856//
f 3856// 3892// 3891//
f 1594// 2049// 1978//
f 2083// 2049// 1594//
f 1594// 1558// 1277//
f 1595// 1558// 1594//
f 1978// 1595// 1594//
f 1594// 1275// 1556//
f 1257// 1275// 1594//
f 1277// 1257// 1594//
f 1594// 1976// 2047//
f 1592// 1976// 1594//
f 1556// 1592// 1594//
f 2047// 2083// 1594//
f 2083// 2084// 2049//
f 2049// 2084// 2050//
f 2049// 2050// 1978//
f 1978// 2050// 1979//
f 1978// 1979// 1595//
f 1595// 1979// 1596//
f 1595// 1596// 1558//
f 1558// 1596// 1559//
f 1558// 1559// 1277//
f 1277// 1559// 1278//
f 1277// 1278// 1257//
f 1257// 1278// 1258//
f 1257// 1258// 1275//
f 1275// 1258// 1276//
f 1275// 1276// 1556//
f 1556// 1276// 1557//
f 1556// 1557// 1592//
f 1592// 1557// 1593//
f 1592// 1593// 1976//
f 1976// 1593// 1977//
f 1976// 1977// 2047//
f 2047// 1977// 2048//
f 2047// 2048// 2083//
f 2083// 2048// 2084//
f 1998// 1984// 1980//
f 2079// 2074// 2052//
f 2052// 2074// 2051//
f 2052// 2051// 1981//
f 2079// 2052// 2085//
f 2085// 2052// 2086//
f 2085// 2086// 2080//
f 2080// 2086// 2054//
f 2080// 2054// 2073//
f 1983// 1999// 2054//
f 2054// 1999// 2053//
f 2054// 2053// 2073//
f 1985// 1999// 1982//
f 1982// 1999// 1983//
f 1982// 1983// 1600//
f 1600// 1983// 1601//
f 1600// 1601// 1562//
f 1562// 1601// 1563//
f 1562// 1563// 1281//
f 1281// 1563// 1282//
f 1281// 1282// 1259//
f 1259// 1282// 1260//
f 1259// 1260// 1279//
f 1279// 1260// 1280//
f 1279// 1280// 1560//
f 1560// 1280// 1561//
f 1560// 1561// 1597//
f 1597// 1561// 1598//
f 1597// 1598// 1980//
f 1980// 1598// 1981//
f 1980// 1981// 1998//
f 1998// 1981// 2051//
f 1599// 1562// 1281//
f 1600// 1562// 1599//
f 1982// 1600// 1599//
f 1599// 1279// 1560//
f 1259// 1279// 1599//
f 1281// 1259// 1599//
f 1599// 1597// 1980//
f 1967// 1599// 1962//
f 1985// 1982// 1599//
f 1967// 1985// 1599//
f 1984// 1966// 1980//
f 1980// 1966// 1599//
f 1962// 1599// 1966//
f 1560// 1597// 1599//
f 4228// 4242// 4249//
f 4150// 4155// 4182//
f 4182// 4155// 4181//
f 4182// 4181// 4250//
f 4150// 4182// 4145//
f 4145// 4182// 4146//
f 4145// 4146// 4149//
f 4149// 4146// 4180//
f 4149// 4180// 4156//
f 4248// 4227// 4180//
f 4180// 4227// 4179//
f 4180// 4179// 4156//
f 4241// 4227// 4247//
f 4247// 4227// 4248//
f 4247// 4248// 4644//
f 4644// 4248// 4645//
f 4644// 4645// 4682//
f 4682// 4645// 4683//
f 4682// 4683// 4961//
f 4961// 4683// 4962//
f 4961// 4962// 4981//
f 4981// 4962// 4982//
f 4981// 4982// 4963//
f 4963// 4982// 4964//
f 4963// 4964// 4684//
f 4684// 4964// 4685//
f 4684// 4685// 4647//
f 4647// 4685// 4648//
f 4647// 4648// 4249//
f 4249// 4648// 4250//
f 4249// 4250// 4228//
f 4228// 4250// 4181//
f 4646// 4963// 4684//
f 4981// 4963// 4646//
f 4646// 4647// 4249//
f 4646// 4682// 4961//
f 4644// 4682// 4646//
f 4247// 4644// 4646//
f 4961// 4981// 4646//
f 4259// 4646// 4264//
f 4241// 4247// 4646//
f 4259// 4241// 4646//
f 4242// 4260// 4249//
f 4249// 4260// 4646//
f 4264// 4646// 4260//
f 4684// 4647// 4646//
f 4641// 4959// 4680//
f 4979// 4959// 4641//
f 4641// 4245// 4177//
f 4642// 4245// 4641//
f 4680// 4642// 4641//
f 4641// 4175// 4243//
f 4143// 4175// 4641//
f 4177// 4143// 4641//
f 4641// 4678// 4957//
f 4639// 4678// 4641//
f 4243// 4639// 4641//
f 4957// 4979// 4641//
f 4979// 4980// 4959//
f 4959// 4980// 4960//
f 4959// 4960// 4680//
f 4680// 4960// 4681//
f 4680// 4681// 4642//
f 4642// 4681// 4643//
f 4642// 4643// 4245//
f 4245// 4643// 4246//
f 4245// 4246// 4177//
f 4177// 4246// 4178//
f 4177// 4178// 4143//
f 4143// 4178// 4144//
f 4143// 4144// 4175//
f 4175// 4144// 4176//
f 4175// 4176// 4243//
f 4243// 4176// 4244//
f 4243// 4244// 4639//
f 4639// 4244// 4640//
f 4639// 4640// 4678//
f 4678// 4640// 4679//
f 4678// 4679// 4957//
f 4957// 4679// 4958//
f 4957// 4958// 4979//
f 4979// 4958// 4980//
f 2877// 2876// 2879//
f 2879// 2876// 2878//
f 3362// 3361// 3360//
f 3360// 3361// 3359//
f 3191// 3192// 3193//
f 3193// 3192// 3194//
f 3041// 3040// 3043//
f 3043// 3040// 3042//
f 3070// 3063// 3071//
f 3071// 3063// 3058//
f 3063// 3057// 3058//
f 3058// 3057// 3054//
f 3058// 3054// 3050//
f 3040// 3041// 3046//
f 3046// 3041// 3050//
f 3046// 3050// 3049//
f 3049// 3050// 3054//
f 3170// 3171// 3173//
f 3173// 3171// 3180//
f 3173// 3180// 3179//
f 3179// 3180// 3182//
f 3182// 3180// 3186//
f 3182// 3186// 3185//
f 3185// 3186// 3188//
f 3188// 3186// 3192//
f 3188// 3192// 3191//
f 3191// 3193// 3200//
f 3191// 3200// 3198//
f 3198// 3200// 3209//
f 3198// 3209// 3207//
f 3207// 3209// 3242//
f 3207// 3242// 3240//
f 3176// 3184// 3195//
f 3170// 3173// 3172//
f 3172// 3173// 3175//
f 3184// 3196// 3195//
f 3195// 3196// 3206//
f 3195// 3206// 3197//
f 3197// 3206// 3202//
f 3202// 3206// 3213//
f 3202// 3213// 3211//
f 3240// 3213// 3207//
f 3207// 3213// 3206//
f 3207// 3206// 3198//
f 3198// 3206// 3196//
f 3198// 3196// 3191//
f 3191// 3196// 3188//
f 3175// 3173// 3176//
f 3176// 3173// 3179//
f 3176// 3179// 3184//
f 3184// 3179// 3182//
f 3184// 3182// 3196//
f 3196// 3182// 3185//
f 3196// 3185// 3188//
f 3040// 3036// 3042//
f 3042// 3036// 3033//
f 3036// 3031// 3033//
f 3033// 3031// 3027//
f 3033// 3027// 3021//
f 2984// 2986// 3017//
f 3017// 2986// 3021//
f 3017// 3021// 3019//
f 3019// 3021// 3027//
f 3061// 3052// 3047//
f 3047// 3052// 3038//
f 3029// 3015// 3023//
f 3023// 3015// 3014//
f 3023// 3014// 2984//
f 3029// 3023// 3038//
f 3038// 3023// 3030//
f 3038// 3030// 3047//
f 3053// 3064// 3061//
f 3070// 3065// 3063//
f 3063// 3065// 3064//
f 3063// 3064// 3057//
f 2984// 3017// 3023//
f 3023// 3017// 3019//
f 3023// 3019// 3030//
f 3030// 3019// 3027//
f 3030// 3027// 3031//
f 3061// 3047// 3053//
f 3053// 3047// 3030//
f 3053// 3030// 3044//
f 3044// 3030// 3031//
f 3044// 3031// 3036//
f 3057// 3064// 3054//
f 3054// 3064// 3053//
f 3054// 3053// 3049//
f 3049// 3053// 3044//
f 3049// 3044// 3046//
f 3046// 3044// 3036//
f 3046// 3036// 3040//
f 3241// 3243// 3210//
f 3241// 3210// 3208//
f 3208// 3210// 3201//
f 3208// 3201// 3199//
f 3199// 3201// 3194//
f 3199// 3194// 3192//
f 3166// 3190// 3167//
f 3167// 3190// 3183//
f 3180// 3171// 3181//
f 3181// 3171// 3169//
f 3181// 3169// 3183//
f 3183// 3169// 3168//
f 3183// 3168// 3167//
f 3190// 3212// 3183//
f 3183// 3212// 3203//
f 3183// 3203// 3181//
f 3181// 3203// 3189//
f 3181// 3189// 3180//
f 3180// 3189// 3186//
f 3212// 3241// 3203//
f 3203// 3241// 3208//
f 3203// 3208// 3189//
f 3189// 3208// 3199//
f 3189// 3199// 3186//
f 3186// 3199// 3192//
f 3066// 3166// 3167//
f 3066// 3167// 3067//
f 3067// 3167// 3168//
f 3067// 3168// 3068//
f 3068// 3168// 3169//
f 3068// 3169// 3069//
f 3069// 3169// 3171//
f 3069// 3171// 3071//
f 3041// 3043// 3037//
f 3037// 3043// 3034//
f 3037// 3034// 3032//
f 3032// 3034// 3028//
f 3028// 3034// 3022//
f 3028// 3022// 3020//
f 3020// 3022// 3018//
f 3018// 3022// 2987//
f 3018// 2987// 2985//
f 3024// 3035// 3028//
f 2985// 3016// 3018//
f 3018// 3016// 3024//
f 3018// 3024// 3020//
f 3020// 3024// 3028//
f 3050// 3041// 3045//
f 3045// 3041// 3037//
f 3045// 3037// 3035//
f 3035// 3037// 3032//
f 3035// 3032// 3028//
f 3016// 3039// 3024//
f 3024// 3039// 3051//
f 3024// 3051// 3035//
f 3035// 3051// 3055//
f 3035// 3055// 3045//
f 3045// 3055// 3056//
f 3045// 3056// 3050//
f 3050// 3056// 3058//
f 3039// 3066// 3051//
f 3051// 3066// 3067//
f 3051// 3067// 3055//
f 3055// 3067// 3068//
f 3055// 3068// 3056//
f 3056// 3068// 3069//
f 3056// 3069// 3058//
f 3058// 3069// 3071//
f 2869// 2872// 2857//
f 2869// 2857// 2841//
f 2872// 2869// 2880//
f 2880// 2869// 2897//
f 2880// 2897// 2899//
f 2899// 2897// 2952//
f 2899// 2952// 2954//
f 2954// 2952// 2980//
f 2954// 2980// 2981//
f 2981// 2980// 2953//
f 2981// 2953// 2955//
f 2955// 2953// 2898//
f 2955// 2898// 2900//
f 2857// 2843// 2841//
f 2841// 2843// 2777//
f 2841// 2777// 2775//
f 2775// 2777// 2736//
f 2775// 2736// 2735//
f 2735// 2736// 2778//
f 2735// 2778// 2776//
f 2776// 2778// 2844//
f 2776// 2844// 2842//
f 2842// 2844// 2858//
f 2842// 2858// 2870//
f 2870// 2858// 2873//
f 2870// 2873// 2898//
f 2898// 2873// 2881//
f 2898// 2881// 2900//
f 3367// 3370// 3357//
f 3367// 3357// 3328//
f 3370// 3367// 3372//
f 3372// 3367// 3386//
f 3372// 3386// 3388//
f 3388// 3386// 3452//
f 3388// 3452// 3454//
f 3454// 3452// 3494//
f 3454// 3494// 3495//
f 3495// 3494// 3453//
f 3495// 3453// 3455//
f 3455// 3453// 3387//
f 3455// 3387// 3389//
f 3357// 3330// 3328//
f 3328// 3330// 3274//
f 3328// 3274// 3272//
f 3272// 3274// 3247//
f 3272// 3247// 3246//
f 3246// 3247// 3275//
f 3246// 3275// 3273//
f 3273// 3275// 3331//
f 3273// 3331// 3329//
f 3329// 3331// 3358//
f 3329// 3358// 3368//
f 3368// 3358// 3371//
f 3368// 3371// 3387//
f 3387// 3371// 3373//
f 3387// 3373// 3389//
f 5510// 5506// 4160//
f 5459// 4025// 5464//
f 5464// 4025// 4087//
f 5464// 4087// 5496//
f 5496// 4087// 4134//
f 5496// 4134// 5506//
f 5506// 4134// 4140//
f 5506// 4140// 4160//
f 3949// 3954// 5455//
f 5455// 3954// 3964//
f 5455// 3964// 5459//
f 5459// 3964// 3976//
f 5459// 3976// 4025//
f 3949// 5455// 3956//
f 3956// 5455// 5458//
f 3956// 5458// 3974//
f 3974// 5458// 5463//
f 3974// 5463// 4024//
f 4024// 5463// 5495//
f 4024// 5495// 4086//
f 5505// 5509// 4185//
f 4185// 4158// 5505//
f 5505// 4158// 4142//
f 5505// 4142// 5495//
f 5495// 4142// 4138//
f 5495// 4138// 4086//
f 4160// 4186// 5510//
f 5510// 4186// 4190//
f 5510// 4190// 5520//
f 5520// 4190// 4192//
f 5520// 4192// 5509//
f 5509// 4192// 4188//
f 5509// 4188// 4185//
f 5508// 5504// 4159//
f 5457// 4023// 5462//
f 5462// 4023// 4085//
f 5462// 4085// 5494//
f 5494// 4085// 4133//
f 5494// 4133// 5504//
f 5504// 4133// 4139//
f 5504// 4139// 4159//
f 3948// 3953// 5454//
f 5454// 3953// 3963//
f 5454// 3963// 5457//
f 5457// 3963// 3975//
f 5457// 3975// 4023//
f 3948// 5454// 3955//
f 3955// 5454// 5456//
f 3955// 5456// 3973//
f 3973// 5456// 5461//
f 3973// 5461// 4022//
f 4022// 5461// 5493//
f 4022// 5493// 4084//
f 5503// 5507// 4183//
f 4183// 4157// 5503//
f 5503// 4157// 4141//
f 5503// 4141// 5493//
f 5493// 4141// 4137//
f 5493// 4137// 4084//
f 4159// 4184// 5508//
f 5508// 4184// 4189//
f 5508// 4189// 5519//
f 5519// 4189// 4191//
f 5519// 4191// 5507//
f 5507// 4191// 4187//
f 5507// 4187// 4183//
f 2277// 776// 2272//
f 2272// 776// 773//
f 2272// 773// 2252//
f 2252// 773// 767//
f 2252// 767// 2205//
f 2205// 767// 735//
f 2205// 735// 2143//
f 725// 721// 2041//
f 2041// 2071// 725//
f 725// 2071// 2087//
f 725// 2087// 735//
f 735// 2087// 2091//
f 735// 2091// 2143//
f 720// 2038// 710//
f 710// 2038// 2034//
f 710// 2034// 721//
f 721// 2034// 2036//
f 721// 2036// 2041//
f 724// 2069// 720//
f 720// 2069// 2040//
f 720// 2040// 2038//
f 772// 2204// 766//
f 766// 2204// 2142//
f 766// 2142// 734//
f 734// 2142// 2095//
f 734// 2095// 724//
f 724// 2095// 2089//
f 724// 2089// 2069//
f 2277// 2270// 776//
f 776// 2270// 2262//
f 776// 2262// 772//
f 772// 2262// 2250//
f 772// 2250// 2204//
f 2278// 777// 2273//
f 2273// 777// 775//
f 2273// 775// 2253//
f 2253// 775// 769//
f 2253// 769// 2207//
f 2207// 769// 737//
f 2207// 737// 2145//
f 727// 723// 2043//
f 2043// 2072// 727//
f 727// 2072// 2088//
f 727// 2088// 737//
f 737// 2088// 2092//
f 737// 2092// 2145//
f 722// 2039// 711//
f 711// 2039// 2035//
f 711// 2035// 723//
f 723// 2035// 2037//
f 723// 2037// 2043//
f 726// 2070// 722//
f 722// 2070// 2042//
f 722// 2042// 2039//
f 774// 2206// 768//
f 768// 2206// 2144//
f 768// 2144// 736//
f 736// 2144// 2096//
f 736// 2096// 726//
f 726// 2096// 2090//
f 726// 2090// 2070//
f 2278// 2271// 777//
f 777// 2271// 2263//
f 777// 2263// 774//
f 774// 2263// 2251//
f 774// 2251// 2206//
f 2993// 3000// 3219//
f 3219// 3000// 3226//
f 3000// 2993// 2966//
f 2966// 2993// 2951//
f 2966// 2951// 2936//
f 2936// 2951// 2884//
f 2936// 2884// 2911//
f 2911// 2884// 2875//
f 3288// 3313// 3364//
f 3219// 3226// 3277//
f 3277// 3226// 3258//
f 3277// 3258// 3353//
f 3353// 3258// 3288//
f 3353// 3288// 3355//
f 3355// 3288// 3364//
f 2874// 2910// 2875//
f 2875// 2910// 2911//
f 3312// 3363// 3313//
f 3313// 3363// 3364//
f 2910// 2874// 2935//
f 2935// 2874// 2883//
f 2935// 2883// 2965//
f 2965// 2883// 2950//
f 2965// 2950// 2999//
f 2999// 2950// 2992//
f 3257// 3225// 3218//
f 3287// 3354// 3312//
f 3312// 3354// 3363//
f 3218// 3276// 3257//
f 3257// 3276// 3302//
f 3257// 3302// 3287//
f 3287// 3302// 3352//
f 3287// 3352// 3354//
f 3218// 3225// 2992//
f 2992// 3225// 2999//
